YYYYMMDD,YYYY.DECM,N(m),E(m),U(m),sig_n(mm),sig_e(mm),sig_u(mm)
2010-09-13,2010.7,7.0,-416.2,-3.1,2.1,2.1,6.9
2010-09-14,2010.7027,7.3,-415.0,-4.3,2.1,2.1,7.0
2010-09-15,2010.7055,8.1,-414.2,-5.7,2.1,2.1,6.6
2010-09-16,2010.7082,6.2,-415.8,-6.5,2.5,2.4,8.2
2010-09-17,2010.711,7.3,-415.1,-5.2,2.0,2.0,6.6
2010-09-18,2010.7137,7.0,-413.4,3.0,2.2,2.2,7.3
2010-09-19,2010.7164,7.0,-414.9,-3.4,2.1,2.0,6.7
2010-09-20,2010.7192,6.8,-414.9,-10.5,2.0,2.0,6.5
2010-09-21,2010.7219,6.6,-414.5,-11.9,2.1,2.1,6.8
2010-09-22,2010.7247,7.7,-415.4,-6.0,2.0,1.9,6.5
2010-09-23,2010.7274,7.2,-415.3,-5.9,2.2,2.2,7.4
2010-09-24,2010.7301,7.5,-413.8,-6.1,2.0,2.0,6.7
2010-09-25,2010.7329,7.3,-413.8,-7.7,2.0,1.9,6.4
2010-09-26,2010.7356,6.5,-412.3,-5.1,2.2,2.2,7.1
2010-09-27,2010.7384,7.1,-413.9,-6.3,2.2,2.2,6.8
2010-09-28,2010.7411,7.6,-413.9,-8.35,2.0,2.0,6.65
2010-09-29,2010.7438,7.4,-414.1,-10.4,2.0,2.0,6.5
2010-09-30,2010.7466,7.6,-413.4,-9.85,2.1,2.0,6.5
2010-10-01,2010.7493,7.0,-413.6,-9.3,2.0,2.0,6.5
2010-10-02,2010.7521,6.4,-412.6,-10.4,1.9,2.0,6.1
2010-10-03,2010.7548,6.9,-413.1,-11.6,1.8,1.8,5.7
2010-10-04,2010.7575,7.0,-414.0,-7.7,1.8,1.8,5.7
2010-10-05,2010.7603,6.8,-413.2,-6.2,1.8,1.8,5.8
2010-10-06,2010.763,6.3,-412.6,-5.6,2.0,2.0,6.3
2010-10-07,2010.7658,6.7,-413.0,-6.8,1.9,1.9,6.0
2010-10-08,2010.7685,7.0,-412.8,-3.9,1.9,2.0,6.2
2010-10-09,2010.7712,6.9,-413.3,-9.7,2.1,2.0,6.7
2010-10-10,2010.774,7.1,-413.1,-8.7,2.0,1.9,6.3
2010-10-11,2010.7767,6.7,-412.2,-7.3,1.9,1.9,6.0
2010-10-12,2010.7795,7.6,-411.8,-9.5,1.9,1.8,6.0
2010-10-13,2010.7822,6.8,-411.7,-7.4,1.9,1.8,5.9
2010-10-14,2010.7849,7.7,-411.5,-11.1,2.0,2.0,6.5
2010-10-15,2010.7877,6.9,-410.6,-7.5,1.9,1.9,6.2
2010-10-16,2010.7904,7.5,-411.7,-9.9,1.9,1.9,6.2
2010-10-17,2010.7932,5.8,-412.5,-12.2,1.9,1.8,6.2
2010-10-18,2010.7959,6.6,-412.2,-9.6,1.9,1.9,6.3
2010-10-19,2010.7986,6.7,-412.3,-9.3,1.8,1.8,5.8
2010-10-20,2010.8014,6.2,-411.2,-8.2,1.9,1.8,5.9
2010-10-21,2010.8041,7.6,-411.5,-2.7,1.9,1.9,6.0
2010-10-22,2010.8068,8.1,-411.8,-8.4,2.0,1.9,6.4
2010-10-23,2010.8096,6.6,-411.2,-9.2,1.9,1.8,5.9
2010-10-24,2010.8123,7.0,-411.0,-13.1,2.0,2.0,6.5
2010-10-25,2010.8151,6.6,-411.1,-14.5,2.0,1.9,6.4
2010-10-26,2010.8178,7.3,-410.4,-13.45,2.0,2.0,6.0
2010-10-27,2010.8205,6.7,-410.4,-12.4,1.7,1.7,5.6
2010-10-28,2010.8233,7.0,-409.9,-12.9,1.8,1.7,5.9
2010-10-29,2010.826,6.0,-410.2,-15.4,1.8,1.7,5.9
2010-10-30,2010.8288,6.6,-410.6,-17.1,1.8,1.7,5.6
2010-10-31,2010.8315,6.8,-409.9,-13.6,1.9,1.8,6.1
2010-11-01,2010.8342,6.2,-410.4,-14.6,1.9,1.9,6.1
2010-11-02,2010.837,6.4,-411.9,-19.3,1.9,1.8,6.0
2010-11-03,2010.8397,7.0,-411.2,-13.7,1.9,1.9,6.2
2010-11-04,2010.8425,5.8,-411.7,-10.3,1.8,1.7,6.0
2010-11-05,2010.8452,6.0,-411.9,-14.1,1.9,1.9,6.3
2010-11-06,2010.8479,6.7,-411.5,-14.1,1.8,1.7,5.9
2010-11-07,2010.8507,6.0,-411.1,-17.3,2.1,2.0,6.7
2010-11-08,2010.8534,6.5,-412.3,-17.9,1.9,1.8,6.1
2010-11-09,2010.8562,6.2,-410.5,-12.7,1.9,1.8,6.2
2010-11-10,2010.8589,6.7,-410.8,-16.6,1.9,1.7,6.0
2010-11-11,2010.8616,7.0,-409.8,-11.2,1.9,1.8,6.1
2010-11-12,2010.8644,6.4,-410.0,-12.0,1.9,1.8,6.2
2010-11-13,2010.8671,5.9,-410.6,-14.5,1.8,1.8,5.9
2010-11-14,2010.8699,5.7,-409.8,-13.3,1.9,1.8,6.1
2010-11-15,2010.8726,6.2,-409.9,-10.7,1.8,1.8,6.0
2010-11-16,2010.8753,5.9,-410.2,-6.6,1.8,1.7,6.0
2010-11-17,2010.8781,7.6,-410.7,-8.6,1.9,1.8,6.3
2010-11-18,2010.8808,6.7,-409.8,-8.4,1.9,1.7,6.1
2010-11-19,2010.8836,7.3,-409.2,-7.05,1.8,1.7,6.15
2010-11-20,2010.8863,8.4,-409.7,-5.7,1.9,1.8,6.2
2010-11-21,2010.889,6.6,-409.6,-5.0,1.8,1.7,6.0
2010-11-22,2010.8918,7.5,-410.0,-7.6,1.9,1.7,6.1
2010-11-23,2010.8945,6.9,-409.0,-7.5,1.8,1.7,5.9
2010-11-24,2010.8973,7.0,-409.8,-11.7,1.8,1.7,5.9
2010-11-25,2010.9,6.7,-409.6,-11.2,1.8,1.8,5.9
2010-11-26,2010.9027,7.3,-409.2,-7.7,1.8,1.7,5.9
2010-11-27,2010.9055,8.4,-409.3,-11.2,1.8,1.7,5.8
2010-11-28,2010.9082,8.0,-409.9,-9.4,1.8,1.7,5.8
2010-11-29,2010.911,7.0,-409.3,-7.2,1.7,1.6,5.6
2010-11-30,2010.9137,7.0,-410.2,-5.5,1.7,1.6,5.7
2010-12-01,2010.9164,6.4,-408.1,-6.4,1.8,1.7,5.8
2010-12-02,2010.9192,6.2,-407.9,-2.8,1.8,1.7,5.8
2010-12-03,2010.9219,5.8,-409.4,-1.5,1.8,1.7,5.8
2010-12-04,2010.9247,6.6,-410.1,-6.9,1.8,1.7,5.9
2010-12-05,2010.9274,7.2,-408.2,-13.0,1.8,1.7,5.8
2010-12-06,2010.9301,6.0,-408.5,-11.1,1.8,1.7,5.8
2010-12-07,2010.9329,6.7,-408.3,-7.8,1.9,1.9,6.2
2010-12-08,2010.9356,6.1,-408.4,-6.7,1.7,1.6,5.6
2010-12-09,2010.9384,6.7,-407.4,-3.6,1.8,1.7,5.9
2010-12-10,2010.9411,6.3,-406.5,-5.1,1.9,1.9,6.3
2010-12-11,2010.9438,6.9,-406.4,-1.7,1.8,1.8,6.1
2010-12-12,2010.9466,7.6,-407.4,-12.4,1.9,1.8,6.2
2010-12-13,2010.9493,7.7,-406.5,-12.3,1.9,1.8,6.2
2010-12-14,2010.9521,7.0,-406.0,-16.5,1.9,1.8,6.0
2010-12-15,2010.9548,6.5,-406.5,-10.0,1.8,1.7,5.8
2010-12-16,2010.9575,5.7,-406.9,-3.1,1.9,1.8,6.0
2010-12-17,2010.9603,6.7,-407.5,-3.5,1.9,1.8,6.2
2010-12-18,2010.963,7.2,-406.6,-7.5,1.8,1.7,5.8
2010-12-19,2010.9658,5.8,-407.3,-7.9,1.8,1.8,6.0
2010-12-20,2010.9685,7.0,-407.3,-7.3,1.9,1.9,6.1
2010-12-21,2010.9712,6.5,-406.6,-7.4,1.8,1.7,5.8
2010-12-22,2010.974,6.9,-405.4,-7.2,1.8,1.7,5.8
2010-12-23,2010.9767,6.1,-405.8,-8.6,1.8,1.7,5.9
2010-12-24,2010.9795,6.6,-406.5,-12.9,1.8,1.7,5.8
2010-12-25,2010.9822,6.2,-406.2,-8.3,1.8,1.8,6.0
2010-12-26,2010.9849,7.0,-407.4,-10.1,1.8,1.7,5.9
2010-12-27,2010.9877,7.0,-406.9,-9.7,1.9,1.8,6.2
2010-12-28,2010.9904,7.3,-406.5,-10.7,1.9,1.9,6.2
2010-12-29,2010.9932,7.2,-405.2,-12.9,1.9,1.9,6.2
2010-12-30,2010.9959,6.5,-405.9,-10.6,1.8,1.7,5.9
2010-12-31,2010.9986,7.9,-405.5,-7.8,2.0,1.9,6.2
2011-01-01,2011.0014,6.2,-405.7,-9.1,1.9,1.7,6.0
2011-01-02,2011.0041,6.7,-406.0,-11.9,1.8,1.7,5.8
2011-01-03,2011.0068,6.9,-406.1,-14.9,1.8,1.7,5.8
2011-01-04,2011.0096,7.2,-405.3,-17.8,1.9,1.8,6.2
2011-01-05,2011.0123,6.8,-406.1,-16.9,1.8,1.7,5.7
2011-01-06,2011.0151,6.2,-407.3,-13.1,2.0,1.9,6.3
2011-01-07,2011.0178,6.6,-406.1,-17.8,2.2,2.0,7.6
2011-01-08,2011.0205,7.0,-405.1,-17.8,1.8,1.7,5.9
2011-01-09,2011.0233,5.4,-406.4,-14.2,1.8,1.7,5.8
2011-01-10,2011.026,5.9,-405.4,-10.5,1.9,1.8,6.0
2011-01-11,2011.0288,5.4,-405.0,-7.8,1.9,1.8,6.1
2011-01-12,2011.0315,5.3,-405.5,-7.7,1.7,1.6,5.5
2011-01-13,2011.0342,6.5,-405.6,-11.5,1.9,1.8,6.2
2011-01-14,2011.037,6.3,-405.1,-16.0,1.7,1.6,5.6
2011-01-15,2011.0397,5.6,-404.5,-14.4,1.7,1.6,5.6
2011-01-16,2011.0425,6.6,-404.1,-13.9,1.7,1.6,5.5
2011-01-17,2011.0452,5.8,-404.5,-11.3,1.8,1.7,5.7
2011-01-18,2011.0479,7.5,-404.4,-14.5,1.8,1.8,5.8
2011-01-19,2011.0507,8.0,-405.3,-11.9,1.9,1.8,5.9
2011-01-20,2011.0534,7.6,-402.9,-12.5,1.6,1.6,5.5
2011-01-21,2011.0562,7.6,-404.2,-12.7,1.7,1.7,5.7
2011-01-22,2011.0589,8.1,-405.1,-15.6,1.8,1.7,5.6
2011-01-23,2011.0616,6.8,-404.4,-11.7,1.8,1.8,5.9
2011-01-24,2011.0644,8.1,-403.9,-10.7,1.8,1.8,5.9
2011-01-25,2011.0671,7.6,-402.9,-12.1,1.7,1.8,5.7
2011-01-26,2011.0699,9.2,-402.5,-15.9,1.8,1.8,5.8
2011-01-27,2011.0726,7.7,-402.6,-14.1,1.8,1.8,5.8
2011-01-28,2011.0753,6.4,-402.2,-12.2,1.7,1.7,5.7
2011-01-29,2011.0781,6.7,-402.6,-11.0,1.8,1.7,5.8
2011-01-30,2011.0808,7.0,-401.8,-6.4,1.6,1.6,5.5
2011-01-31,2011.0836,6.8,-402.8,-5.16,1.8,1.8,5.72
2011-02-01,2011.0863,7.0,-401.6,-3.92,1.6,1.6,5.94
2011-02-02,2011.089,7.4,-401.2,-2.68,1.9,1.9,6.16
2011-02-03,2011.0918,7.2,-401.9,-1.44,1.9,1.9,6.38
2011-02-04,2011.0945,6.0,-401.7,-0.2,2.0,1.9,6.6
2011-02-05,2011.0973,7.3,-402.1,0.4,1.8,1.8,5.9
2011-02-06,2011.1,7.0,-400.7,2.8,1.9,1.9,6.1
2011-02-07,2011.1027,7.2,-402.5,5.9,1.8,1.9,6.0
2011-02-08,2011.1055,7.1,-401.5,2.6,1.7,1.7,5.8
2011-02-09,2011.1082,6.8,-401.4,0.7,1.7,1.8,5.8
2011-02-10,2011.111,6.9,-400.9,-6.2,1.8,1.8,5.9
2011-02-11,2011.1137,6.7,-400.0,-7.7,1.7,1.8,5.8
2011-02-12,2011.1164,6.3,-403.4,-3.6,1.8,1.9,6.0
2011-02-13,2011.1192,7.6,-400.6,0.2,1.7,1.8,5.8
2011-02-14,2011.1219,6.6,-402.7,-0.9,1.8,2.0,6.1
2011-02-15,2011.1247,7.1,-401.1,-2.4,1.8,1.7,5.8
2011-02-16,2011.1274,5.8,-400.0,-1.3,1.8,1.9,6.0
2011-02-17,2011.1301,6.5,-401.9,-3.1,1.8,1.9,6.1
2011-02-18,2011.1329,5.9,-400.8,-5.5,1.9,1.9,6.1
2011-02-19,2011.1356,5.6,-401.4,-3.5,1.8,1.9,5.9
2011-02-20,2011.1384,6.7,-401.1,-2.4,1.8,1.9,6.0
2011-02-21,2011.1411,5.9,-399.6,-2.8,1.7,1.7,5.6
2011-02-22,2011.1438,6.2,-400.4,-3.2,1.7,1.7,5.8
2011-02-23,2011.1466,6.9,-399.7,-1.1,1.7,1.8,5.8
2011-02-24,2011.1493,6.1,-400.0,0.6,1.8,1.7,5.8
2011-02-25,2011.1521,6.6,-399.0,-2.3,1.8,1.9,6.0
2011-02-26,2011.1548,7.1,-398.6,-6.3,1.8,1.8,5.9
2011-02-27,2011.1575,7.5,-399.9,-11.1,1.6,1.6,5.5
2011-02-28,2011.1603,6.6,-400.1,-8.6,1.8,1.8,5.9
2011-03-01,2011.163,6.7,-399.2,-6.0,2.0,1.9,6.9
2011-03-02,2011.1658,6.5,-398.9,-6.0,2.2,2.3,7.4
2011-03-03,2011.1685,6.2,-399.0,-2.8,1.6,1.7,5.5
2011-03-04,2011.1712,4.6,-397.7,-4.6,1.7,1.8,5.7
2011-03-05,2011.174,6.4,-399.2,-2.8,1.7,1.8,5.8
2011-03-06,2011.1767,5.8,-398.8,-8.2,1.8,1.8,5.8
2011-03-07,2011.1795,7.3,-399.1,-9.4,1.8,1.8,5.9
2011-03-08,2011.1822,7.5,-399.0,-10.5,1.8,1.8,5.9
2011-03-09,2011.1849,8.2,-397.5,-5.5,1.8,1.9,6.0
2011-03-10,2011.1877,6.3,-398.2,-3.9,1.7,1.8,5.6
2011-03-11,,,,,,,
2011-03-12,2011.1932,7.6,-396.9,-6.1,1.8,1.9,6.0
2011-03-13,2011.1959,8.2,-395.7,-6.93,1.9,2.0,5.93
2011-03-14,2011.1986,7.6,-396.7,-7.77,1.7,1.9,5.87
2011-03-15,2011.2014,8.4,-395.1,-8.6,1.8,1.8,5.8
2011-03-16,2011.2041,8.5,-395.8,-7.0,2.1,2.1,6.7
2011-03-17,2011.2068,9.2,-395.2,-6.9,1.9,1.9,6.4
2011-03-18,2011.2096,9.3,-396.4,-6.2,1.7,1.8,5.7
2011-03-19,2011.2123,8.8,-395.2,-5.5,1.9,2.0,6.2
2011-03-20,2011.2151,9.6,-394.9,-7.8,2.0,2.1,6.7
2011-03-21,2011.2178,8.8,-395.1,-13.2,1.7,1.8,5.5
2011-03-22,2011.2205,8.5,-395.1,-11.0,1.7,1.7,5.6
2011-03-23,2011.2233,7.6,-394.8,-10.8,1.6,1.7,5.4
2011-03-24,2011.226,7.6,-394.8,-10.1,1.7,1.8,5.5
2011-03-25,2011.2288,7.2,-393.3,-8.0,1.9,1.9,6.1
2011-03-26,2011.2315,7.8,-394.8,-6.9,2.0,2.2,6.6
2011-03-27,2011.2342,8.8,-394.2,-9.0,1.9,2.0,6.1
2011-03-28,2011.237,8.1,-395.3,-6.1,1.7,1.8,5.7
2011-03-29,2011.2397,6.3,-394.7,-4.7,1.8,1.9,5.8
2011-03-30,2011.2425,7.6,-394.3,-7.2,1.9,2.0,6.3
2011-03-31,2011.2452,7.8,-394.2,-9.2,1.8,1.9,5.8
2011-04-01,2011.2479,7.7,-395.2,-7.8,1.8,1.9,6.0
2011-04-02,2011.2507,7.9,-395.6,-7.9,1.9,1.9,6.0
2011-04-03,2011.2534,7.2,-395.8,-6.0,1.8,1.9,5.9
2011-04-04,2011.2562,7.8,-395.8,-9.5,1.8,1.8,5.9
2011-04-05,2011.2589,6.9,-395.4,-7.2,2.0,2.1,6.5
2011-04-06,2011.2616,7.7,-394.7,-11.1,1.8,1.9,6.0
2011-04-07,2011.2644,7.3,-395.6,-11.1,2.0,2.1,6.3
2011-04-08,2011.2671,8.5,-394.3,-9.6,1.8,1.9,5.8
2011-04-09,2011.2699,7.7,-395.6,-11.0,1.8,1.9,5.9
2011-04-10,2011.2726,7.3,-395.6,-8.3,1.7,1.8,5.6
2011-04-11,2011.2753,8.1,-395.3,-4.4,1.8,1.8,6.0
2011-04-12,2011.2781,8.5,-396.0,-5.8,1.9,1.9,6.1
2011-04-13,2011.2808,8.1,-395.5,-6.9,1.9,1.9,6.2
2011-04-14,2011.2836,7.5,-395.4,-6.3,1.9,1.9,6.1
2011-04-15,2011.2863,7.8,-395.1,-6.1,1.9,1.9,6.1
2011-04-16,2011.289,7.8,-396.1,-8.8,1.9,1.9,6.3
2011-04-17,2011.2918,7.5,-396.1,-7.6,2.0,2.1,6.8
2011-04-18,2011.2945,7.8,-395.0,-5.3,1.8,1.7,6.45
2011-04-19,2011.2973,7.6,-394.4,-3.0,1.9,1.9,6.1
2011-04-20,2011.3,7.9,-394.0,-4.5,1.9,2.0,6.4
2011-04-21,2011.3027,8.2,-393.3,-8.8,1.8,1.9,6.1
2011-04-22,2011.3055,8.4,-394.3,-8.3,1.8,1.9,5.9
2011-04-23,2011.3082,7.7,-394.6,-9.0,1.9,2.0,6.2
2011-04-24,2011.311,8.0,-394.4,-4.7,1.9,2.0,6.4
2011-04-25,2011.3137,8.2,-395.2,-6.9,2.0,2.0,6.6
2011-04-26,2011.3164,7.3,-394.6,-5.7,1.9,2.0,6.4
2011-04-27,2011.3192,6.5,-394.5,-2.1,2.0,2.1,6.5
2011-04-28,2011.3219,8.3,-395.5,-1.8,2.0,2.1,6.7
2011-04-29,2011.3247,8.2,-394.4,-4.9,2.1,2.1,6.7
2011-04-30,2011.3274,7.7,-394.5,-1.7,1.9,2.0,6.0
2011-05-01,2011.3301,8.3,-394.0,-5.5,2.0,2.1,6.4
2011-05-02,2011.3329,7.7,-394.2,-9.0,2.1,2.1,6.7
2011-05-03,2011.3356,7.7,-392.8,-6.6,2.0,2.1,6.5
2011-05-04,2011.3384,7.1,-393.1,-3.8,1.9,2.0,6.1
2011-05-05,2011.3411,8.8,-392.4,-3.3,2.1,2.1,6.7
2011-05-06,2011.3438,8.8,-393.3,0.6,2.0,2.1,6.6
2011-05-07,2011.3466,7.8,-393.9,-0.9,2.0,2.0,6.6
2011-05-08,2011.3493,9.3,-393.6,-1.9,2.2,2.3,7.1
2011-05-09,2011.3521,8.3,-393.4,-1.6,2.2,2.3,7.3
2011-05-10,2011.3548,6.6,-392.8,-6.6,2.1,2.1,7.0
2011-05-11,2011.3575,7.7,-392.3,-0.7,2.0,2.0,6.5
2011-05-12,2011.3603,8.1,-393.0,-4.5,1.8,1.8,5.9
2011-05-13,2011.363,7.4,-391.5,-5.7,2.0,1.9,6.6
2011-05-14,2011.3658,8.7,-393.0,-4.8,1.9,1.9,6.2
2011-05-15,2011.3685,8.1,-391.5,-9.8,1.9,1.9,6.4
2011-05-16,2011.3712,6.9,-393.1,-1.8,2.1,2.1,7.1
2011-05-17,2011.374,7.2,-391.5,-3.4,2.1,2.1,7.0
2011-05-18,2011.3767,7.5,-390.0,-9.2,2.2,2.3,7.3
2011-05-19,2011.3795,8.9,-391.2,-5.9,2.0,1.9,6.6
2011-05-20,2011.3822,9.1,-391.4,-6.4,1.9,1.9,6.3
2011-05-21,2011.3849,6.7,-390.8,-2.8,2.2,2.3,7.2
2011-05-22,2011.3877,7.2,-390.2,-4.6,2.3,2.4,7.5
2011-05-23,2011.3904,6.9,-390.5,-3.9,2.6,2.5,8.4
2011-05-24,2011.3932,9.1,-392.3,-7.5,2.0,1.9,6.6
2011-05-25,2011.3959,8.2,-390.3,-3.9,1.9,1.9,6.2
2011-05-26,2011.3986,8.4,-390.9,-4.7,2.1,2.1,6.9
2011-05-27,2011.4014,8.6,-391.0,-0.2,2.1,2.0,6.8
2011-05-28,2011.4041,10.3,-391.1,-5.2,2.1,2.1,6.8
2011-05-29,2011.4068,8.9,-391.1,-7.8,2.0,2.0,6.5
2011-05-30,2011.4096,8.4,-390.3,-6.1,2.1,2.1,6.8
2011-05-31,2011.4123,7.9,-389.3,0.3,2.2,2.3,7.0
2011-06-01,2011.4151,8.8,-392.1,-0.8,2.1,2.1,6.8
2011-06-02,2011.4178,8.6,-391.7,0.1,2.1,2.1,6.8
2011-06-03,2011.4205,7.9,-390.9,-0.9,2.1,2.1,7.0
2011-06-04,2011.4233,5.4,-391.3,-0.2,2.2,2.2,7.3
2011-06-05,2011.426,7.4,-390.2,0.9,2.2,2.2,7.3
2011-06-06,2011.4288,8.5,-392.1,-0.1,2.3,2.3,7.6
2011-06-07,2011.4315,7.1,-389.5,-2.7,2.3,2.3,7.4
2011-06-08,2011.4342,7.1,-391.4,1.6,2.1,2.1,6.8
2011-06-09,2011.437,7.3,-389.1,3.0,2.2,2.2,7.3
2011-06-10,2011.4397,4.4,-388.5,1.5,2.1,2.1,6.8
2011-06-11,2011.4425,8.2,-388.8,0.4,2.4,2.4,7.6
2011-06-12,2011.4452,8.0,-387.9,-0.2,2.4,2.4,7.9
2011-06-13,2011.4479,6.2,-389.1,-0.4,2.2,2.1,7.2
2011-06-14,2011.4507,6.0,-389.7,2.5,2.2,2.2,7.3
2011-06-15,2011.4534,6.1,-390.1,3.2,2.2,2.2,7.1
2011-06-16,2011.4562,6.9,-387.9,-0.7,2.3,2.3,7.3
2011-06-17,2011.4589,6.2,-391.4,-3.3,2.3,2.3,7.8
2011-06-18,2011.4616,5.6,-388.9,-7.4,2.2,2.2,7.6
2011-06-19,2011.4644,6.3,-389.7,2.0,2.1,2.1,7.0
2011-06-20,2011.4671,5.3,-388.1,-3.4,2.8,2.7,9.8
2011-06-21,2011.4699,5.2,-390.1,-7.3,2.6,2.6,8.5
2011-06-22,2011.4726,7.4,-389.1,-2.3,2.5,2.5,8.2
2011-06-23,2011.4753,8.4,-390.3,-4.3,2.1,2.1,7.2
2011-06-24,2011.4781,6.9,-389.0,-0.8,2.1,2.1,7.1
2011-06-25,2011.4808,6.3,-387.6,-5.3,2.6,2.7,8.7
2011-06-26,2011.4836,7.0,-387.1,-1.2,2.2,2.1,8.25
2011-06-27,,,,,,,
2011-06-28,2011.489,3.3,-390.4,2.9,2.4,2.2,7.8
2011-06-29,2011.4918,2.1,-388.8,2.6,2.4,2.2,8.1
2011-06-30,2011.4945,7.7,-389.8,0.8,2.3,2.2,7.7
2011-07-01,2011.4973,5.0,-389.2,-8.6,2.4,2.4,7.9
2011-07-02,2011.5,3.7,-388.1,-6.8,2.4,2.3,8.1
2011-07-03,2011.5027,3.3,-388.6,0.4,2.4,2.3,7.8
2011-07-04,2011.5055,5.8,-390.0,-3.7,2.4,2.3,8.0
2011-07-05,2011.5082,4.4,-390.0,-2.8,2.1,1.9,6.8
2011-07-06,2011.511,4.0,-388.6,-7.9,2.6,2.6,8.3
2011-07-07,2011.5137,6.8,-388.7,-4.4,2.3,2.3,7.5
2011-07-08,2011.5164,5.0,-388.9,-4.9,2.1,2.0,6.7
2011-07-09,2011.5192,3.2,-388.0,-6.0,2.2,2.1,7.3
2011-07-10,2011.5219,3.0,-388.2,-7.5,2.3,2.2,7.5
2011-07-11,2011.5247,3.1,-387.8,-5.5,2.0,1.9,6.5
2011-07-12,2011.5274,3.4,-387.5,-0.7,2.0,1.9,6.4
2011-07-13,2011.5301,2.0,-386.9,-6.0,2.3,2.2,7.6
2011-07-14,2011.5329,3.3,-386.4,0.1,2.8,2.4,9.0
2011-07-15,2011.5356,4.2,-388.6,-0.6,2.2,2.1,7.2
2011-07-16,2011.5384,4.9,-387.8,4.4,2.1,2.0,6.9
2011-07-17,2011.5411,4.2,-386.9,3.9,2.0,1.9,6.7
2011-07-18,2011.5438,4.5,-386.6,2.8,2.1,2.0,7.0
2011-07-19,2011.5466,4.6,-387.6,0.1,2.2,2.0,6.9
2011-07-20,2011.5493,5.1,-387.7,-6.5,2.2,2.2,7.3
2011-07-21,2011.5521,2.2,-385.7,3.0,3.3,3.7,12.4
2011-07-22,2011.5548,6.0,-386.6,-4.7,2.6,2.6,8.7
2011-07-23,2011.5575,3.3,-384.5,5.3,2.8,2.7,9.3
2011-07-24,2011.5603,4.1,-384.9,1.5,2.3,2.3,7.7
2011-07-25,2011.563,2.9,-385.4,5.5,2.6,2.6,8.4
2011-07-26,2011.5658,4.6,-386.2,-0.2,2.3,2.4,7.6
2011-07-27,2011.5685,6.9,-386.9,-5.9,2.4,2.4,8.0
2011-07-28,2011.5712,5.0,-385.1,-7.1,2.1,2.1,6.8
2011-07-29,2011.574,4.2,-386.0,-5.0,2.2,2.2,7.0
2011-07-30,2011.5767,6.1,-385.9,0.5,2.8,2.4,8.9
2011-07-31,2011.5795,4.1,-385.0,3.3,2.2,2.2,7.4
2011-08-01,2011.5822,5.5,-386.2,-7.7,2.3,2.4,7.5
2011-08-02,2011.5849,6.0,-387.4,-4.4,2.3,2.5,7.6
2011-08-03,2011.5877,5.5,-382.9,-1.7,2.5,2.6,8.2
2011-08-04,2011.5904,6.5,-385.9,-3.1,2.6,2.6,8.6
2011-08-05,2011.5932,5.5,-386.4,-4.1,2.6,2.8,8.5
2011-08-06,2011.5959,7.7,-385.8,-0.7,2.2,2.3,7.3
2011-08-07,2011.5986,5.7,-384.4,-8.5,2.8,3.0,9.6
2011-08-08,2011.6014,6.1,-385.1,-7.2,2.5,2.6,8.3
2011-08-09,2011.6041,5.1,-385.2,3.6,2.3,2.4,7.5
2011-08-10,2011.6068,4.8,-386.3,1.2,2.5,2.6,8.0
2011-08-11,2011.6096,6.2,-385.4,-1.4,2.5,2.6,8.4
2011-08-12,2011.6123,4.8,-383.7,1.6,2.7,2.8,9.0
2011-08-13,2011.6151,7.6,-385.0,-1.9,2.3,2.4,7.7
2011-08-14,2011.6178,4.8,-383.1,1.6,4.9,7.5,14.8
2011-08-15,2011.6205,7.3,-384.6,1.4,2.4,2.4,7.8
2011-08-16,2011.6233,6.1,-384.5,-3.2,2.5,2.5,8.2
2011-08-17,2011.626,6.4,-387.1,-4.5,2.4,2.5,7.9
2011-08-18,2011.6288,6.9,-385.2,-12.6,2.5,2.6,8.3
2011-08-19,2011.6315,7.2,-383.7,-5.9,2.4,2.5,7.9
2011-08-20,2011.6342,5.7,-382.9,-3.8,2.6,2.6,8.7
2011-08-21,2011.637,6.8,-384.2,-9.2,2.3,2.3,7.6
2011-08-22,2011.6397,8.6,-384.1,-0.8,2.6,2.6,8.8
2011-08-23,2011.6425,7.6,-383.1,-10.5,2.4,2.4,7.7
2011-08-24,2011.6452,6.6,-383.2,-11.2,2.3,2.4,7.5
2011-08-25,2011.6479,4.4,-382.9,-4.5,2.3,2.4,7.3
2011-08-26,2011.6507,6.7,-384.4,-9.3,2.2,2.1,7.1
2011-08-27,2011.6534,6.2,-383.3,-3.3,2.1,2.1,7.0
2011-08-28,2011.6562,6.7,-383.2,-5.6,2.3,2.4,7.6
2011-08-29,2011.6589,6.5,-384.7,-1.4,2.2,2.2,7.2
2011-08-30,2011.6616,7.4,-384.1,-5.2,2.1,2.1,6.8
2011-08-31,2011.6644,7.3,-383.6,1.1,2.6,2.7,8.7
2011-09-01,2011.6671,7.7,-383.0,-2.1,2.4,2.3,7.6
2011-09-02,2011.6699,7.7,-384.1,-3.9,2.2,2.2,7.4
2011-09-03,2011.6726,7.7,-382.1,-8.3,2.2,2.3,7.6
2011-09-04,2011.6753,5.3,-382.6,-9.2,2.1,2.2,7.2
2011-09-05,2011.6781,6.4,-384.0,-8.8,2.3,2.3,7.3
2011-09-06,2011.6808,8.9,-383.3,-9.8,2.6,2.6,8.5
2011-09-07,2011.6836,6.6,-382.4,-6.5,2.2,2.2,7.6
2011-09-08,2011.6863,6.7,-382.0,-4.9,2.3,2.3,7.8
2011-09-09,2011.689,7.3,-381.7,-11.8,2.2,2.3,7.2
2011-09-10,2011.6918,7.0,-382.8,-12.2,2.2,2.2,7.2
2011-09-11,2011.6945,8.1,-382.8,-9.0,2.1,2.2,6.8
2011-09-12,2011.6973,7.5,-383.1,-6.0,2.2,2.2,7.2
2011-09-13,2011.7,7.2,-382.4,-7.1,2.3,2.3,7.4
2011-09-14,2011.7027,6.8,-383.1,-8.0,2.2,2.2,7.0
2011-09-15,2011.7055,6.9,-381.9,-8.5,2.3,2.3,7.2
2011-09-16,2011.7082,7.7,-382.4,-6.2,2.0,2.1,6.5
2011-09-17,2011.711,8.3,-381.4,-5.4,2.1,2.2,6.9
2011-09-18,2011.7137,5.7,-381.2,-5.2,2.1,2.1,6.8
2011-09-19,2011.7164,7.2,-380.4,-8.8,2.0,2.1,6.4
2011-09-20,2011.7192,7.1,-381.2,-3.9,2.1,2.1,7.0
2011-09-21,2011.7219,6.6,-381.1,-5.5,2.1,2.2,6.8
2011-09-22,2011.7247,6.5,-380.3,-11.5,2.1,2.2,6.6
2011-09-23,2011.7274,5.7,-380.5,-5.9,2.1,2.1,6.6
2011-09-24,2011.7301,7.8,-381.0,-7.9,2.1,2.1,6.5
2011-09-25,2011.7329,6.8,-380.6,-10.0,2.1,2.1,6.6
2011-09-26,2011.7356,6.2,-378.9,-2.6,2.3,2.4,7.5
2011-09-27,2011.7384,6.6,-380.1,-10.4,2.0,1.9,6.4
2011-09-28,2011.7411,7.4,-379.1,-13.1,2.1,2.1,6.6
2011-09-29,2011.7438,9.0,-379.8,-13.5,2.1,2.0,6.5
2011-09-30,2011.7466,7.5,-379.9,-11.1,2.2,2.3,6.9
2011-10-01,2011.7493,7.2,-378.6,-7.9,2.2,2.3,6.9
2011-10-02,2011.7521,7.3,-379.0,-12.1,2.1,2.1,6.5
2011-10-03,2011.7548,5.5,-378.9,-7.5,2.1,2.1,6.6
2011-10-04,2011.7575,5.1,-380.3,-12.7,2.0,2.1,6.5
2011-10-05,2011.7603,5.7,-379.5,-7.0,1.9,1.9,6.1
2011-10-06,2011.763,5.8,-379.7,-6.3,1.9,1.9,6.0
2011-10-07,2011.7658,7.0,-379.1,-5.0,2.2,2.2,7.0
2011-10-08,2011.7685,6.5,-379.1,-6.1,2.0,2.0,6.4
2011-10-09,2011.7712,6.4,-380.3,-6.8,2.1,2.2,6.8
2011-10-10,2011.774,7.4,-378.9,-7.3,2.1,2.2,6.7
2011-10-11,,,,,,,
2011-10-12,2011.7795,6.7,-379.8,-10.2,2.1,2.2,6.8
2011-10-13,2011.7822,6.2,-378.8,-7.7,2.1,2.2,6.7
2011-10-14,2011.7849,7.0,-379.6,-10.5,1.9,1.9,6.3
2011-10-15,2011.7877,7.6,-379.9,-11.2,2.1,2.3,6.7
2011-10-16,2011.7904,7.2,-380.2,-7.3,1.9,2.0,6.2
2011-10-17,2011.7932,5.9,-378.6,-8.5,1.8,1.8,6.1
2011-10-18,2011.7959,6.1,-379.5,-9.7,1.9,1.9,6.1
2011-10-19,2011.7986,5.3,-379.7,-7.8,1.8,1.9,5.9
2011-10-20,2011.8014,5.3,-380.1,-7.3,1.8,1.8,6.0
2011-10-21,2011.8041,6.3,-379.2,-10.1,1.8,1.9,6.0
2011-10-22,2011.8068,4.5,-378.3,-8.8,2.0,2.1,6.6
2011-10-23,2011.8096,5.7,-378.9,-8.1,1.9,1.9,6.3
2011-10-24,2011.8123,5.8,-380.2,-10.0,1.8,1.8,6.0
2011-10-25,2011.8151,5.5,-378.5,-9.3,1.9,2.0,6.3
2011-10-26,2011.8178,6.0,-379.2,-8.0,1.9,2.0,6.3
2011-10-27,2011.8205,5.8,-378.8,-6.6,1.2,1.2,3.5
2011-10-28,2011.8233,5.2,-377.7,-6.1,1.5,1.5,4.7
2011-10-29,2011.826,6.3,-378.5,-3.6,2.3,2.6,7.5
2011-10-30,2011.8288,4.7,-379.0,-2.8,2.2,2.5,7.5
2011-10-31,2011.8315,6.5,-377.8,-11.8,2.8,3.4,9.1
2011-11-01,2011.8342,6.9,-378.4,-4.5,1.9,1.9,6.5
2011-11-02,2011.837,6.8,-375.4,-4.7,2.5,3.1,8.1
2011-11-03,2011.8397,6.3,-377.4,-8.6,2.6,3.1,9.1
2011-11-04,2011.8425,7.4,-377.9,-7.1,2.1,2.1,6.9
2011-11-05,2011.8452,6.2,-378.6,-8.5,2.0,2.1,6.5
2011-11-06,2011.8479,6.2,-377.7,-12.7,2.2,2.3,6.9
2011-11-07,2011.8507,5.9,-376.8,-10.7,1.9,1.9,6.1
2011-11-08,2011.8534,4.9,-377.9,-4.9,2.0,2.0,6.3
2011-11-09,,,,,,,
2011-11-10,,,,,,,
2011-11-11,,,,,,,
2011-11-12,,,,,,,
2011-11-13,2011.8671,6.0,-378.4,-5.0,1.9,2.0,6.2
2011-11-14,2011.8699,4.9,-376.6,-8.6,2.0,2.0,6.4
2011-11-15,2011.8726,5.3,-377.0,-7.1,1.9,2.0,6.2
2011-11-16,2011.8753,6.3,-377.5,-5.2,2.1,2.1,6.5
2011-11-17,,,,,,,
2011-11-18,2011.8808,6.6,-376.1,-11.4,2.2,2.2,7.1
2011-11-19,,,,,,,
2011-11-20,,,,,,,
2011-11-21,,,,,,,
2011-11-22,,,,,,,
2011-11-23,,,,,,,
2011-11-24,,,,,,,
2011-11-25,,,,,,,
2011-11-26,,,,,,,
2011-11-27,2011.9055,6.3,-374.6,-3.6,1.9,1.9,6.2
2011-11-28,2011.9082,5.7,-374.3,-6.5,1.9,1.9,6.2
2011-11-29,2011.911,6.9,-374.9,-6.9,2.0,2.0,6.2
2011-11-30,2011.9137,6.2,-374.4,-9.8,1.9,1.9,6.0
2011-12-01,2011.9164,5.8,-373.9,-3.0,1.9,1.9,6.2
2011-12-02,2011.9192,6.3,-374.7,-5.8,2.0,1.9,6.5
2011-12-03,,,,,,,
2011-12-04,,,,,,,
2011-12-05,,,,,,,
2011-12-06,2011.9301,7.8,-374.1,-11.6,2.1,2.1,6.7
2011-12-07,2011.9329,6.4,-374.2,-12.2,1.9,1.9,6.0
2011-12-08,2011.9356,5.6,-372.4,-14.3,1.9,1.8,5.9
2011-12-09,2011.9384,5.4,-374.8,-10.7,1.9,1.8,6.1
2011-12-10,2011.9411,5.1,-374.6,-11.1,1.9,1.9,6.2
2011-12-11,2011.9438,5.0,-373.8,-9.2,1.9,1.8,5.9
2011-12-12,2011.9466,4.7,-373.6,-11.5,1.9,1.9,6.1
2011-12-13,2011.9493,6.3,-374.1,-11.2,2.0,2.0,6.4
2011-12-14,2011.9521,5.0,-373.8,-14.9,1.8,1.7,5.7
2011-12-15,2011.9548,6.0,-375.2,-14.2,2.0,1.9,6.2
2011-12-16,2011.9575,4.5,-374.8,-16.1,2.0,2.0,6.2
2011-12-17,2011.9603,4.8,-374.9,-15.7,1.9,1.9,6.1
2011-12-18,2011.963,4.8,-374.5,-13.7,1.9,1.8,5.9
2011-12-19,2011.9658,5.1,-375.8,-13.3,2.0,1.9,6.3
2011-12-20,2011.9685,6.1,-375.2,-17.9,1.8,1.7,5.8
2011-12-21,2011.9712,5.0,-373.9,-14.8,1.9,1.9,5.9
2011-12-22,2011.974,4.3,-374.2,-16.5,2.0,1.9,6.2
2011-12-23,2011.9767,3.2,-373.6,-16.0,2.0,2.0,6.2
2011-12-24,2011.9795,3.4,-374.8,-14.2,1.8,1.8,5.8
2011-12-25,2011.9822,4.3,-374.7,-13.1,2.0,2.1,6.2
2011-12-26,2011.9849,5.1,-374.3,-11.3,1.9,1.9,6.1
2011-12-27,2011.9877,4.9,-373.0,-10.7,1.8,1.9,5.8
2011-12-28,2011.9904,4.2,-374.5,-10.2,1.9,1.9,6.0
2011-12-29,2011.9932,4.0,-374.1,-10.7,1.9,1.9,6.2
2011-12-30,2011.9959,5.2,-374.9,-15.2,1.8,1.8,5.8
2011-12-31,2011.9986,5.9,-373.3,-14.8,1.8,1.8,5.9
2012-01-01,2012.0014,5.4,-374.2,-15.6,1.7,1.7,5.5
2012-01-02,2012.0041,5.4,-372.2,-14.2,1.8,1.8,6.0
2012-01-03,2012.0068,4.8,-373.0,-13.5,1.8,1.8,5.7
2012-01-04,2012.0096,4.9,-371.7,-10.7,1.9,2.0,6.2
2012-01-05,2012.0123,5.6,-372.1,-14.1,1.9,1.9,6.1
2012-01-06,2012.015,7.5,-372.8,-14.3,1.8,1.8,5.8
2012-01-07,2012.0178,6.0,-371.8,-16.4,1.8,1.9,6.0
2012-01-08,2012.0205,6.0,-372.7,-16.6,1.8,1.9,5.9
2012-01-09,,,,,,,
2012-01-10,,,,,,,
2012-01-11,2012.0287,7.9,-371.1,-8.7,1.8,1.9,5.7
2012-01-12,2012.0314,8.0,-371.1,-7.7,1.9,1.9,5.9
2012-01-13,2012.0342,7.1,-370.9,-4.9,1.8,1.9,5.9
2012-01-14,2012.0369,7.1,-371.5,-5.7,1.8,1.8,5.7
2012-01-15,2012.0396,8.3,-371.0,-4.85,1.9,1.9,5.8
2012-01-16,2012.0423,9.2,-371.6,-4.0,1.8,1.9,5.9
2012-01-17,2012.0451,8.1,-370.7,-4.85,1.8,1.9,5.8
2012-01-18,2012.0478,9.4,-369.9,-5.7,1.8,1.8,5.7
2012-01-19,2012.0505,9.0,-369.4,-9.1,1.8,1.8,5.7
2012-01-20,2012.0533,8.6,-369.8,-7.1,1.8,1.9,5.9
2012-01-21,2012.056,10.0,-370.5,-11.3,1.8,1.9,5.9
2012-01-22,2012.0587,7.5,-368.8,-6.6,2.0,2.1,6.3
2012-01-23,2012.0615,7.3,-369.3,-13.0,1.9,2.0,6.0
2012-01-24,2012.0642,6.6,-369.6,-11.0,1.8,1.9,5.8
2012-01-25,2012.0669,6.8,-370.3,-8.5,1.8,1.9,5.8
2012-01-26,2012.0697,6.4,-368.0,-7.9,1.8,1.9,6.0
2012-01-27,2012.0724,7.4,-369.2,-12.4,1.8,1.9,5.9
2012-01-28,2012.0751,8.2,-368.7,-9.4,1.8,1.9,6.0
2012-01-29,2012.0779,7.3,-368.4,-8.8,1.9,1.9,6.1
2012-01-30,2012.0806,6.5,-370.6,-8.5,1.9,2.0,6.0
2012-01-31,2012.0833,6.9,-371.3,-9.2,1.9,1.9,6.1
2012-02-01,2012.0861,7.4,-369.9,-9.4,1.9,2.0,6.1
2012-02-02,2012.0888,6.0,-369.4,-6.3,1.8,1.9,5.9
2012-02-03,2012.0915,4.1,-369.9,-1.2,2.0,2.0,6.6
2012-02-04,2012.0943,6.0,-368.8,0.3,1.9,2.0,6.0
2012-02-05,2012.097,6.5,-368.7,-3.3,1.8,2.0,6.1
2012-02-06,2012.0997,6.1,-368.8,-9.3,2.0,2.1,6.3
2012-02-07,2012.1025,8.0,-369.6,-9.2,1.9,2.0,6.1
2012-02-08,2012.1052,7.6,-368.8,-6.1,1.7,1.7,5.6
2012-02-09,2012.1079,6.5,-368.3,-4.4,1.8,1.8,5.8
2012-02-10,2012.1107,6.1,-368.0,-7.1,1.9,2.0,6.2
2012-02-11,2012.1134,6.2,-368.9,-6.7,1.7,1.7,5.5
2012-02-12,2012.1161,6.0,-368.1,-7.5,1.8,1.8,5.8
2012-02-13,2012.1189,5.3,-367.3,-10.2,1.9,2.0,6.0
2012-02-14,2012.1216,6.1,-368.6,-11.9,2.0,2.0,6.5
2012-02-15,2012.1243,7.5,-368.2,-9.7,1.7,1.7,5.7
2012-02-16,2012.127,5.9,-367.9,-11.6,1.8,1.9,5.9
2012-02-17,2012.1298,5.9,-367.9,-8.1,1.6,1.6,5.5
2012-02-18,2012.1325,4.8,-366.4,-7.4,1.7,1.7,5.6
2012-02-19,2012.1352,4.9,-365.5,-7.9,1.8,1.9,5.9
2012-02-20,2012.138,4.7,-367.3,-2.8,1.9,2.0,6.2
2012-02-21,2012.1407,5.0,-366.6,-3.3,2.1,2.2,6.8
2012-02-22,2012.1434,5.4,-368.0,-5.9,1.9,2.1,6.5
2012-02-23,2012.1462,6.5,-366.2,-8.0,1.9,1.9,6.3
2012-02-24,2012.1489,6.6,-366.5,-5.1,1.8,1.9,5.9
2012-02-25,2012.1516,6.9,-367.4,-8.0,1.9,2.1,6.2
2012-02-26,2012.1544,6.9,-365.4,-5.1,1.7,1.8,5.7
2012-02-27,2012.1571,6.0,-367.3,-3.1,1.9,1.9,6.1
2012-02-28,2012.1598,7.4,-367.7,-3.7,1.6,1.6,5.5
2012-02-29,2012.1626,6.6,-368.0,-3.5,1.8,1.9,5.9
2012-03-01,2012.1653,8.0,-367.6,-5.5,2.1,2.4,6.8
2012-03-02,2012.168,7.2,-366.4,-5.1,1.8,1.8,5.8
2012-03-03,2012.1708,7.2,-366.7,-5.2,1.9,2.0,6.2
2012-03-04,2012.1735,6.8,-367.1,-1.3,1.7,1.7,5.7
2012-03-05,2012.1762,7.6,-367.6,-4.4,1.8,1.8,5.8
2012-03-06,2012.179,9.0,-366.2,-2.7,1.8,1.9,6.0
2012-03-07,2012.1817,7.8,-366.6,-3.5,1.9,2.1,6.2
2012-03-08,2012.1844,8.3,-367.4,-7.2,1.7,1.8,5.7
2012-03-09,2012.1872,9.3,-366.4,-6.9,1.9,2.1,6.1
2012-03-10,2012.1899,9.5,-367.5,-8.3,1.9,2.0,6.1
2012-03-11,2012.1926,7.2,-366.5,-9.7,1.7,1.8,5.8
2012-03-12,2012.1954,7.3,-366.1,-5.7,1.7,1.8,5.5
2012-03-13,2012.1981,7.1,-365.1,-4.6,1.7,1.8,5.6
2012-03-14,2012.2008,8.8,-365.1,-3.8,1.6,1.8,5.5
2012-03-15,2012.2036,7.3,-365.2,-5.0,1.9,2.1,6.2
2012-03-16,2012.2063,7.6,-366.6,-1.1,1.9,2.0,6.1
2012-03-17,2012.209,8.3,-366.2,-2.2,1.8,2.0,6.0
2012-03-18,2012.2117,8.7,-365.2,-3.7,1.8,1.9,5.8
2012-03-19,2012.2145,7.6,-366.3,-2.7,1.8,1.8,5.9
2012-03-20,2012.2172,8.9,-366.1,-2.0,1.8,1.9,5.7
2012-03-21,2012.2199,8.2,-366.5,-6.35,1.8,1.8,6.0
2012-03-22,2012.2227,8.6,-364.9,-10.7,1.9,2.1,6.3
2012-03-23,2012.2254,7.5,-365.6,-5.9,1.7,1.8,5.8
2012-03-24,2012.2281,6.9,-366.1,-10.8,1.8,1.9,6.0
2012-03-25,2012.2309,5.6,-365.6,-7.7,1.9,2.0,6.1
2012-03-26,2012.2336,6.3,-365.1,-8.3,2.0,2.2,6.6
2012-03-27,2012.2363,6.1,-364.3,-4.6,1.8,1.9,6.0
2012-03-28,2012.2391,7.1,-365.8,-9.9,2.0,2.1,6.5
2012-03-29,2012.2418,7.7,-366.5,-10.6,2.0,2.0,6.5
2012-03-30,2012.2445,6.8,-364.6,-10.5,1.9,2.1,6.2
2012-03-31,2012.2473,5.5,-365.6,-4.6,1.9,2.0,6.4
2012-04-01,2012.25,7.9,-365.3,-0.6,3.6,4.4,12.1
2012-04-02,,,,,,,
2012-04-03,,,,,,,
2012-04-04,,,,,,,
2012-04-05,,,,,,,
2012-04-06,,,,,,,
2012-04-07,,,,,,,
2012-04-08,,,,,,,
2012-04-09,,,,,,,
2012-04-10,,,,,,,
2012-04-11,,,,,,,
2012-04-12,,,,,,,
2012-04-13,,,,,,,
2012-04-14,,,,,,,
2012-04-15,,,,,,,
2012-04-16,,,,,,,
2012-04-17,2012.2937,4.8,-364.6,-2.8,2.3,2.3,7.5
2012-04-18,2012.2964,8.7,-364.2,-1.2,2.8,3.0,9.6
2012-04-19,2012.2992,8.3,-364.4,-5.6,2.5,2.8,8.9
2012-04-20,2012.3019,6.7,-362.4,-2.1,2.0,2.2,6.5
2012-04-21,2012.3046,5.5,-362.4,-2.5,2.1,2.3,7.0
2012-04-22,,,,,,,
2012-04-23,2012.3101,6.1,-362.3,-9.1,2.1,2.3,7.0
2012-04-24,2012.3128,7.8,-363.0,-5.3,1.8,1.9,6.0
2012-04-25,2012.3156,6.8,-362.7,-3.2,1.9,2.0,6.3
2012-04-26,2012.3183,6.7,-361.9,-5.8,2.0,2.0,6.4
2012-04-27,2012.321,6.5,-361.0,-3.3,1.8,1.9,6.0
2012-04-28,2012.3238,6.6,-361.1,-2.8,1.8,1.8,5.8
2012-04-29,2012.3265,6.2,-360.5,0.5,2.1,2.3,6.8
2012-04-30,2012.3292,5.6,-361.8,-7.7,1.9,2.1,6.4
2012-05-01,2012.332,7.1,-361.6,-1.4,1.9,1.9,6.2
2012-05-02,2012.3347,6.0,-361.2,-2.0,1.8,1.9,6.2
2012-05-03,2012.3374,7.1,-360.5,-5.0,2.0,2.2,6.9
2012-05-04,2012.3402,8.5,-362.4,0.1,2.2,2.5,7.4
2012-05-05,2012.3429,5.4,-360.7,-0.8,2.1,2.2,6.9
2012-05-06,2012.3456,7.5,-360.5,2.5,2.1,2.2,7.2
2012-05-07,2012.3484,6.5,-359.9,-3.7,2.1,2.1,6.7
2012-05-08,2012.3511,6.5,-360.3,-6.0,2.1,2.1,6.9
2012-05-09,2012.3538,6.7,-360.7,-5.6,2.1,2.1,7.0
2012-05-10,2012.3566,8.2,-361.7,-0.1,2.3,2.4,7.5
2012-05-11,2012.3593,6.5,-360.8,-8.9,1.9,1.9,6.3
2012-05-12,2012.362,5.5,-360.7,-2.2,2.0,2.2,6.5
2012-05-13,2012.3648,7.4,-360.6,-4.1,1.9,2.0,6.2
2012-05-14,2012.3675,5.6,-359.1,-2.9,2.1,2.2,6.7
2012-05-15,2012.3702,5.7,-360.2,0.1,1.9,2.0,6.2
2012-05-16,2012.373,6.7,-360.1,3.1,2.0,2.3,6.6
2012-05-17,2012.3757,5.4,-361.4,3.2,2.0,2.0,6.4
2012-05-18,2012.3784,6.2,-359.4,-0.3,2.1,2.3,7.0
2012-05-19,2012.3811,6.6,-360.2,-0.8,2.1,2.2,6.8
2012-05-20,2012.3839,7.5,-360.7,-7.7,2.2,2.4,7.2
2012-05-21,2012.3866,6.0,-360.2,-7.6,2.3,2.6,7.5
2012-05-22,2012.3893,5.9,-362.1,0.3,2.2,2.5,7.2
2012-05-23,2012.3921,6.7,-358.3,-1.9,2.0,2.1,6.6
2012-05-24,2012.3948,4.5,-358.9,1.7,1.9,2.1,6.3
2012-05-25,2012.3975,5.6,-360.5,0.6,2.1,2.4,7.0
2012-05-26,2012.4003,5.1,-358.3,0.7,1.9,2.2,6.6
2012-05-27,2012.403,7.0,-358.5,-2.7,2.2,2.4,7.3
2012-05-28,2012.4057,6.3,-358.2,-3.9,1.9,1.9,6.3
2012-05-29,2012.4085,5.8,-359.4,-5.5,1.9,1.9,6.2
2012-05-30,2012.4112,6.4,-358.8,-2.9,2.1,2.2,6.9
2012-05-31,2012.4139,5.3,-359.4,-5.0,2.0,2.1,6.6
2012-06-01,2012.4167,4.6,-359.4,-1.5,2.0,2.1,6.6
2012-06-02,2012.4194,4.5,-357.9,-1.0,2.1,2.3,7.2
2012-06-03,2012.4221,5.7,-359.5,-1.5,2.1,2.2,7.1
2012-06-04,2012.4249,5.2,-360.0,-2.2,2.2,2.2,7.2
2012-06-05,2012.4276,5.2,-359.8,0.1,2.1,2.2,7.1
2012-06-06,2012.4303,3.7,-359.6,-4.4,2.1,2.1,7.1
2012-06-07,2012.4331,4.3,-359.0,1.6,2.3,2.3,7.5
2012-06-08,2012.4358,2.9,-360.5,-3.4,2.4,2.6,7.8
2012-06-09,2012.4385,4.1,-358.2,3.6,2.4,2.5,8.0
2012-06-10,2012.4413,3.4,-359.7,1.6,2.1,2.1,6.9
2012-06-11,2012.444,3.3,-358.0,0.6,2.1,2.2,6.9
2012-06-12,2012.4467,2.9,-360.1,-0.2,2.0,2.1,6.7
2012-06-13,2012.4495,3.9,-358.0,-2.6,2.4,2.5,7.8
2012-06-14,2012.4522,1.3,-358.6,2.5,2.2,2.3,7.4
2012-06-15,2012.4549,3.7,-357.9,-0.5,2.2,2.2,7.5
2012-06-16,2012.4577,2.4,-359.3,-1.0,2.2,2.2,7.3
2012-06-17,2012.4604,2.3,-358.6,1.1,2.5,2.5,8.3
2012-06-18,2012.4631,3.0,-358.4,2.05,2.3,2.3,7.3
2012-06-19,2012.4658,2.5,-359.7,3.0,1.9,1.9,6.3
2012-06-20,2012.4686,2.8,-357.8,2.2,2.2,2.3,7.2
2012-06-21,2012.4713,4.3,-360.1,0.0,2.2,2.3,7.4
2012-06-22,2012.474,2.1,-358.5,1.4,2.6,2.5,8.7
2012-06-23,2012.4768,2.8,-357.7,3.9,2.1,2.0,6.8
2012-06-24,2012.4795,1.9,-358.2,3.7,2.5,2.5,8.6
2012-06-25,2012.4822,3.2,-359.0,1.5,2.1,2.2,7.1
2012-06-26,2012.485,3.5,-357.4,1.1,1.9,1.8,6.2
2012-06-27,2012.4877,1.3,-357.6,-0.4,2.2,2.2,7.4
2012-06-28,2012.4904,1.8,-356.5,-4.2,2.4,2.3,8.0
2012-06-29,2012.4932,1.8,-355.9,-1.8,3.0,2.9,10.2
2012-06-30,2012.4959,2.4,-357.8,1.8,2.4,2.3,8.1
2012-07-01,2012.4986,3.6,-356.5,5.9,2.4,2.5,7.9
2012-07-02,2012.5014,1.9,-356.7,-0.9,2.4,2.5,8.4
2012-07-03,2012.5041,2.7,-356.7,4.8,2.3,2.4,7.6
2012-07-04,2012.5068,4.9,-358.3,-1.0,2.4,2.5,8.0
2012-07-05,2012.5096,3.1,-355.5,-0.9,2.2,2.3,7.4
2012-07-06,2012.5123,2.9,-357.7,1.0,2.3,2.3,7.7
2012-07-07,2012.515,3.4,-356.5,1.6,2.3,2.3,7.5
2012-07-08,2012.5178,3.3,-356.0,-1.5,2.1,2.2,7.2
2012-07-09,2012.5205,3.2,-356.8,-0.1,2.0,2.1,6.6
2012-07-10,2012.5232,3.1,-354.6,-0.65,2.3,2.3,7.05
2012-07-11,2012.526,3.4,-355.3,-1.2,2.3,2.4,7.5
2012-07-12,2012.5287,3.2,-354.7,-2.0,1.4,1.4,4.1
2012-07-13,2012.5314,2.9,-356.4,0.1,2.3,2.4,7.5
2012-07-14,2012.5342,4.8,-356.8,1.4,2.0,2.0,6.7
2012-07-15,2012.5369,4.0,-357.7,2.9,2.3,2.4,7.8
2012-07-16,2012.5396,2.1,-355.7,-2.7,2.5,2.6,8.5
2012-07-17,2012.5423,4.8,-354.8,-0.6,2.1,2.3,7.0
2012-07-18,2012.5451,5.3,-356.0,-2.0,2.2,2.3,7.5
2012-07-19,2012.5478,3.6,-356.4,-4.2,2.6,2.6,8.7
2012-07-20,2012.5505,3.5,-356.0,-4.6,2.2,2.2,7.4
2012-07-21,2012.5533,5.8,-354.4,-3.7,2.8,3.1,7.45
2012-07-22,2012.556,4.0,-355.5,-2.8,2.3,2.5,7.5
2012-07-23,2012.5587,2.2,-354.5,-2.3,2.3,2.3,7.7
2012-07-24,,,,,,,
2012-07-25,,,,,,,
2012-07-26,,,,,,,
2012-07-27,,,,,,,
2012-07-28,2012.5724,4.8,-353.8,-4.9,2.8,2.9,9.6
2012-07-29,2012.5751,4.9,-353.2,1.8,2.5,2.5,8.5
2012-07-30,,,,,,,
2012-07-31,2012.5806,2.0,-353.1,0.5,2.7,2.8,9.2
2012-08-01,2012.5833,4.3,-352.7,-2.1,2.2,2.2,7.3
2012-08-02,2012.5861,2.8,-354.5,-1.0,2.1,2.2,7.2
2012-08-03,2012.5888,2.8,-353.4,3.3,2.5,2.5,8.5
2012-08-04,2012.5915,4.6,-352.9,0.6,2.1,2.3,7.0
2012-08-05,2012.5943,7.2,-352.6,-4.9,2.1,2.2,6.8
2012-08-06,2012.597,4.0,-352.2,-6.45,2.1,2.2,7.15
2012-08-07,2012.5997,3.7,-354.5,-8.0,2.2,2.3,7.5
2012-08-08,2012.6025,5.8,-354.4,-7.0,2.1,2.2,7.1
2012-08-09,2012.6052,5.3,-356.2,-2.3,2.8,2.8,9.5
2012-08-10,2012.6079,5.2,-354.2,-5.1,2.0,2.1,6.9
2012-08-11,2012.6107,4.4,-352.9,-7.2,2.7,2.9,9.0
2012-08-12,2012.6134,5.7,-354.1,-8.1,2.2,2.2,7.6
2012-08-13,2012.6161,6.9,-354.0,-7.6,2.4,2.5,8.0
2012-08-14,2012.6189,3.9,-352.2,-3.7,2.0,2.1,6.8
2012-08-15,2012.6216,4.6,-353.7,-9.2,2.5,2.7,8.3
2012-08-16,2012.6243,3.9,-354.0,-5.5,2.0,2.1,6.9
2012-08-17,2012.627,5.0,-353.4,-6.7,2.0,2.1,6.8
2012-08-18,2012.6298,5.5,-353.7,-6.2,2.3,2.4,7.9
2012-08-19,2012.6325,4.8,-354.2,-7.6,2.4,2.6,8.0
2012-08-20,2012.6352,5.3,-352.4,-13.8,2.3,2.3,7.6
2012-08-21,2012.638,4.0,-352.4,-6.9,2.0,2.1,6.6
2012-08-22,2012.6407,5.2,-352.5,-5.8,2.0,2.1,6.7
2012-08-23,2012.6434,5.0,-351.7,-5.7,1.9,2.1,6.4
2012-08-24,2012.6462,3.8,-350.6,-6.2,2.1,2.2,6.8
2012-08-25,2012.6489,4.9,-351.4,-2.5,2.1,2.2,7.0
2012-08-26,2012.6516,4.0,-352.9,-12.0,2.1,2.1,7.0
2012-08-27,2012.6544,5.8,-352.9,-12.6,2.4,2.5,8.1
2012-08-28,2012.6571,4.4,-349.9,-1.5,2.5,2.6,8.4
2012-08-29,2012.6598,1.8,-350.7,-4.5,2.1,2.2,7.0
2012-08-30,2012.6626,4.7,-353.6,-9.6,2.5,2.9,8.5
2012-08-31,2012.6653,4.6,-350.4,-10.75,2.4,2.5,7.55
2012-09-01,2012.668,5.3,-351.3,-11.9,2.1,2.1,6.6
2012-09-02,2012.6708,3.6,-350.0,-8.5,1.9,2.1,6.3
2012-09-03,2012.6735,5.0,-351.1,-6.1,1.8,1.8,5.8
2012-09-04,2012.6762,5.1,-351.1,-6.5,1.5,1.5,4.7
2012-09-05,2012.679,3.6,-350.7,-4.9,1.5,1.6,4.6
2012-09-06,2012.6817,4.9,-352.1,-10.9,1.7,1.8,5.3
2012-09-07,2012.6844,4.7,-350.3,-4.3,1.9,1.9,6.0
2012-09-08,2012.6872,4.9,-352.5,-10.6,2.1,2.3,7.1
2012-09-09,2012.6899,4.1,-351.6,-5.5,2.1,2.2,7.1
2012-09-10,2012.6926,5.6,-350.6,-10.4,2.2,2.2,7.3
2012-09-11,2012.6954,6.7,-349.9,-15.0,2.0,2.0,6.5
2012-09-12,2012.6981,4.6,-349.8,-12.4,2.0,2.1,6.5
2012-09-13,2012.7008,4.0,-349.1,-7.4,2.0,2.1,6.4
2012-09-14,2012.7036,5.0,-350.0,-9.1,2.0,2.1,6.5
2012-09-15,2012.7063,6.8,-350.5,-6.0,2.0,2.1,6.5
2012-09-16,2012.709,5.9,-349.7,-11.2,1.8,1.8,5.9
2012-09-17,2012.7117,6.2,-350.1,-12.3,2.0,2.1,6.3
2012-09-18,2012.7145,6.7,-348.5,-4.8,2.0,2.1,6.4
2012-09-19,2012.7172,6.3,-350.4,-3.5,2.2,2.3,7.0
2012-09-20,2012.7199,5.4,-350.4,-6.2,1.9,1.9,6.0
2012-09-21,2012.7227,6.6,-350.4,-6.7,1.9,2.1,6.4
2012-09-22,2012.7254,8.6,-348.9,-7.6,2.1,2.2,6.8
2012-09-23,2012.7281,5.3,-350.0,-9.4,2.0,2.1,6.5
2012-09-24,2012.7309,5.7,-350.4,-9.3,2.0,2.1,6.5
2012-09-25,2012.7336,5.8,-348.8,-15.2,2.0,2.1,6.4
2012-09-26,2012.7363,6.0,-349.7,-13.9,2.0,2.1,6.4
2012-09-27,2012.7391,3.1,-350.0,-15.8,2.0,2.1,6.3
2012-09-28,2012.7418,4.9,-348.7,-15.2,1.9,1.9,5.9
2012-09-29,2012.7445,6.8,-349.3,-11.4,1.9,2.0,6.0
2012-09-30,2012.7473,5.7,-349.3,-10.8,1.9,1.9,6.0
2012-10-01,2012.75,5.3,-349.6,-9.0,1.9,1.9,6.0
2012-10-02,2012.7527,6.0,-349.9,-12.7,1.8,1.9,6.0
2012-10-03,2012.7555,5.7,-350.1,-12.9,2.1,2.2,6.9
2012-10-04,2012.7582,6.2,-350.0,-12.6,1.8,1.8,5.8
2012-10-05,2012.7609,5.0,-348.2,-6.9,1.8,1.9,5.7
2012-10-06,2012.7637,4.8,-349.6,-7.9,1.8,1.8,5.8
2012-10-07,2012.7664,5.0,-349.9,-8.8,1.6,1.6,5.0
2012-10-08,2012.7691,5.5,-348.9,-13.2,2.1,2.1,6.6
2012-10-09,2012.7719,4.1,-348.7,-9.2,2.0,2.1,6.3
2012-10-10,2012.7746,5.8,-349.3,-8.8,1.8,1.8,5.8
2012-10-11,2012.7773,6.1,-350.7,-8.0,1.8,1.9,5.9
2012-10-12,2012.7801,5.7,-348.4,-11.5,1.8,1.8,5.7
2012-10-13,2012.7828,5.1,-347.6,-7.6,1.9,1.9,6.0
2012-10-14,2012.7855,6.9,-348.5,-9.0,1.9,2.0,6.2
2012-10-15,2012.7883,6.9,-348.7,-15.8,2.0,2.1,6.6
2012-10-16,2012.791,5.7,-348.9,-12.7,1.7,1.7,5.7
2012-10-17,2012.7937,7.1,-349.2,-7.6,1.9,1.9,6.0
2012-10-18,2012.7964,4.7,-348.8,-12.3,1.9,2.0,6.3
2012-10-19,2012.7992,5.6,-347.6,-10.0,1.9,2.0,6.2
2012-10-20,2012.8019,5.0,-347.4,-13.8,1.8,1.8,5.9
2012-10-21,2012.8046,4.3,-348.0,-13.7,1.9,1.9,6.0
2012-10-22,2012.8074,4.1,-348.1,-9.1,1.7,1.7,5.8
2012-10-23,2012.8101,6.1,-347.6,-6.8,1.9,2.0,6.2
2012-10-24,2012.8128,3.8,-347.7,-3.3,1.9,2.0,6.3
2012-10-25,2012.8156,5.7,-348.1,-5.1,1.8,1.9,5.9
2012-10-26,2012.8183,5.2,-347.4,-9.2,2.1,2.1,6.7
2012-10-27,2012.821,5.7,-348.1,-13.5,1.9,2.2,6.1
2012-10-28,2012.8238,6.4,-347.7,-12.5,1.7,1.7,5.5
2012-10-29,2012.8265,6.6,-348.4,-13.6,1.8,1.8,5.8
2012-10-30,2012.8292,5.2,-347.5,-9.4,1.8,1.9,5.8
2012-10-31,2012.832,4.8,-347.4,-9.2,1.7,1.7,5.7
2012-11-01,2012.8347,4.5,-348.6,-9.7,2.0,1.9,6.5
2012-11-02,2012.8374,5.8,-346.6,-14.5,1.9,2.0,6.2
2012-11-03,2012.8402,4.4,-346.3,-12.0,1.9,1.9,6.0
2012-11-04,2012.8429,5.9,-345.2,-9.9,1.8,1.8,5.7
2012-11-05,2012.8456,5.8,-347.2,-9.4,1.9,1.9,6.0
2012-11-06,2012.8484,6.0,-346.7,-10.7,2.0,2.0,6.6
2012-11-07,2012.8511,5.3,-346.4,-3.6,1.9,1.9,6.1
2012-11-08,2012.8538,7.0,-345.0,-6.4,2.0,2.0,6.4
2012-11-09,2012.8566,5.3,-345.8,-12.7,2.1,2.1,6.7
2012-11-10,2012.8593,4.0,-344.9,-10.4,1.9,1.9,6.0
2012-11-11,2012.862,4.5,-345.1,-10.0,1.8,1.8,5.9
2012-11-12,2012.8648,4.2,-345.2,-6.1,1.8,1.7,5.8
2012-11-13,2012.8675,4.5,-345.1,-6.6,1.7,1.7,5.6
2012-11-14,2012.8702,4.9,-344.5,-11.2,1.8,1.7,5.7
2012-11-15,2012.873,3.7,-344.6,-7.2,1.7,1.7,5.6
2012-11-16,2012.8757,4.0,-346.0,-6.3,1.8,1.7,5.7
2012-11-17,2012.8784,4.8,-343.8,-3.7,2.0,2.0,6.4
2012-11-18,2012.8811,5.2,-345.0,-7.0,1.8,1.8,5.8
2012-11-19,2012.8839,4.2,-344.8,-4.7,1.5,1.5,4.7
2012-11-20,2012.8866,6.1,-344.8,-10.4,1.9,1.9,6.1
2012-11-21,2012.8893,5.3,-345.7,-11.5,1.9,1.9,6.2
2012-11-22,2012.8921,4.4,-344.9,-11.5,1.9,1.9,6.1
2012-11-23,2012.8948,4.4,-345.5,-8.5,1.7,1.7,5.6
2012-11-24,2012.8975,4.8,-344.2,-11.0,1.7,1.7,5.7
2012-11-25,2012.9003,4.4,-343.7,-10.8,1.7,1.6,5.4
2012-11-26,2012.903,3.3,-343.2,-8.4,1.8,1.8,5.8
2012-11-27,2012.9057,3.6,-344.3,-8.8,1.7,1.6,5.5
2012-11-28,2012.9085,4.5,-345.5,-10.5,1.9,2.0,6.3
2012-11-29,2012.9112,4.1,-344.5,-6.6,1.8,1.8,6.1
2012-11-30,2012.9139,4.4,-344.5,-8.5,1.9,1.9,6.2
2012-12-01,2012.9167,3.6,-345.5,-9.5,1.9,1.9,6.2
2012-12-02,2012.9194,4.1,-344.2,-11.1,1.9,1.8,6.2
2012-12-03,2012.9221,3.6,-345.4,-12.6,1.9,1.9,6.2
2012-12-04,2012.9249,3.8,-344.9,-9.2,1.8,1.7,5.8
2012-12-05,2012.9276,3.2,-344.7,-12.4,1.8,1.8,5.9
2012-12-06,2012.9303,4.8,-343.7,-12.4,1.7,1.6,5.7
2012-12-07,2012.9331,4.2,-342.8,-10.1,1.7,1.6,5.5
2012-12-08,2012.9358,4.1,-344.4,-9.2,1.7,1.6,5.6
2012-12-09,2012.9385,3.5,-345.0,-12.3,1.8,1.8,5.8
2012-12-10,2012.9413,3.8,-345.1,-13.2,1.7,1.6,5.5
2012-12-11,2012.944,4.1,-344.2,-8.6,1.8,1.7,5.7
2012-12-12,2012.9467,3.5,-344.4,-7.2,1.9,1.8,6.1
2012-12-13,2012.9495,4.2,-343.9,-8.5,1.7,1.6,5.7
2012-12-14,2012.9522,4.2,-344.2,-6.8,1.8,1.7,5.8
2012-12-15,2012.9549,4.3,-344.2,-11.0,1.8,1.7,5.8
2012-12-16,2012.9577,4.6,-346.1,-14.9,1.8,1.8,6.0
2012-12-17,2012.9604,3.2,-343.8,-14.8,1.9,1.8,6.0
2012-12-18,2012.9631,4.3,-344.4,-7.8,1.9,1.9,6.1
2012-12-19,2012.9658,4.6,-344.0,-12.2,1.9,1.9,6.0
2012-12-20,2012.9686,5.5,-344.2,-15.6,1.8,1.8,5.9
2012-12-21,2012.9713,5.1,-341.7,-15.15,1.8,2.0,5.7
2012-12-22,2012.974,5.0,-341.2,-14.7,1.6,1.6,5.5
2012-12-23,2012.9768,4.0,-342.7,-9.1,1.8,1.7,5.7
2012-12-24,2012.9795,5.0,-342.2,-6.6,1.8,1.7,5.9
2012-12-25,2012.9822,4.8,-342.5,-7.1,1.8,1.8,5.8
2012-12-26,2012.985,4.9,-343.0,-8.8,2.0,2.1,6.4
2012-12-27,2012.9877,5.1,-343.3,-12.5,1.9,2.0,6.3
2012-12-28,2012.9904,6.3,-342.9,-17.9,1.9,1.9,6.0
2012-12-29,2012.9932,5.7,-340.6,-14.0,1.9,1.9,6.1
2012-12-30,2012.9959,5.9,-342.3,-7.4,1.9,1.9,6.1
2012-12-31,2012.9986,5.5,-341.1,-8.6,1.9,1.9,6.1
2013-01-01,2013.0014,5.4,-342.1,-6.5,1.8,1.8,5.9
2013-01-02,2013.0041,6.2,-340.3,-6.5,1.8,1.8,5.9
2013-01-03,2013.0068,6.5,-340.2,-8.3,1.8,1.9,5.9
2013-01-04,2013.0096,6.0,-340.3,-6.2,1.8,1.8,5.9
2013-01-05,2013.0123,5.4,-340.1,-3.8,1.9,1.9,6.1
2013-01-06,2013.0151,5.6,-339.9,-6.3,1.8,1.8,5.8
2013-01-07,2013.0178,6.5,-339.7,-6.1,1.8,1.8,5.8
2013-01-08,2013.0205,5.5,-338.3,-5.2,1.9,2.0,6.3
2013-01-09,2013.0233,5.1,-339.4,-5.0,1.4,1.5,4.6
2013-01-10,2013.026,5.8,-338.2,-5.3,1.9,2.0,6.4
2013-01-11,2013.0288,4.0,-339.6,-5.5,1.4,1.5,4.4
2013-01-12,2013.0315,4.5,-339.4,-2.1,1.8,1.9,6.0
2013-01-13,2013.0342,6.0,-340.9,-3.2,1.8,1.8,5.8
2013-01-14,2013.037,4.7,-339.3,-6.6,1.8,1.8,5.8
2013-01-15,2013.0397,5.2,-339.1,-9.2,1.4,1.5,4.5
2013-01-16,2013.0425,5.1,-339.1,-5.5,1.9,2.0,6.3
2013-01-17,2013.0452,5.4,-339.8,-4.2,1.4,1.5,4.4
2013-01-18,2013.0479,5.7,-338.3,-5.8,1.8,1.8,5.9
2013-01-19,2013.0507,5.0,-339.2,-6.0,1.4,1.4,4.3
2013-01-20,2013.0534,4.8,-338.8,-7.6,1.8,1.8,5.8
2013-01-21,2013.0562,3.9,-339.8,-7.1,1.4,1.4,4.5
2013-01-22,2013.0589,3.9,-338.8,-5.0,1.1,1.1,3.2
2013-01-23,2013.0616,3.0,-338.5,-4.5,1.4,1.4,4.3
2013-01-24,2013.0644,2.6,-339.2,-8.2,1.4,1.4,4.4
2013-01-25,2013.0671,3.2,-339.2,-9.6,1.7,1.7,5.7
2013-01-26,2013.0699,3.4,-338.7,-8.9,1.1,1.1,3.3
2013-01-27,2013.0726,3.0,-338.4,-6.4,1.8,1.8,6.0
2013-01-28,2013.0753,3.0,-339.3,-7.0,1.8,1.8,5.8
2013-01-29,2013.0781,3.5,-338.3,-5.2,1.9,1.9,6.2
2013-01-30,2013.0808,4.1,-337.8,-9.7,1.8,1.9,6.1
2013-01-31,2013.0836,4.2,-337.2,-8.4,1.7,1.7,5.5
2013-02-01,2013.0863,4.2,-336.4,-9.1,1.7,1.8,5.7
2013-02-02,2013.089,3.8,-337.1,-2.3,1.8,1.8,5.7
2013-02-03,2013.0918,4.3,-336.8,-3.6,1.8,1.8,5.9
2013-02-04,2013.0945,3.2,-337.4,-5.7,1.7,1.7,5.6
2013-02-05,2013.0973,4.0,-337.3,-7.2,1.7,1.8,5.8
2013-02-06,2013.1,5.4,-337.7,-7.2,1.9,2.0,6.3
2013-02-07,2013.1027,4.8,-335.7,-11.6,1.7,1.7,5.6
2013-02-08,2013.1055,4.7,-335.8,-10.9,1.9,1.9,6.2
2013-02-09,2013.1082,4.9,-337.0,-9.0,1.9,2.1,6.2
2013-02-10,2013.111,5.0,-336.8,-10.2,1.9,1.9,6.2
2013-02-11,2013.1137,4.6,-337.9,-12.5,1.7,1.6,5.5
2013-02-12,2013.1164,4.3,-337.4,-11.4,1.7,1.6,5.5
2013-02-13,2013.1192,5.3,-337.1,-10.4,2.1,2.2,6.7
2013-02-14,2013.1219,5.0,-337.3,-9.0,1.7,1.7,5.5
2013-02-15,2013.1247,5.0,-335.3,-7.8,1.8,1.9,6.0
2013-02-16,2013.1274,5.5,-336.3,-7.9,1.9,2.0,6.0
2013-02-17,2013.1301,6.3,-337.1,-7.0,1.8,1.9,5.7
2013-02-18,2013.1329,5.7,-336.5,-9.4,1.7,1.7,5.6
2013-02-19,2013.1356,5.1,-336.0,-7.9,1.8,1.9,5.9
2013-02-20,2013.1384,5.3,-334.5,-7.5,1.8,1.8,5.9
2013-02-21,2013.1411,6.3,-336.2,-7.2,1.8,1.9,6.0
2013-02-22,2013.1438,5.3,-335.5,-5.8,1.7,1.7,5.5
2013-02-23,2013.1466,5.4,-335.8,-5.2,1.9,2.1,5.7
2013-02-24,2013.1493,6.5,-335.9,-4.6,1.8,1.8,5.9
2013-02-25,2013.1521,6.2,-335.5,-3.5,1.9,1.9,6.1
2013-02-26,2013.1548,7.5,-334.6,-3.8,1.8,1.8,5.9
2013-02-27,2013.1575,6.6,-335.7,-2.5,1.8,1.9,6.1
2013-02-28,2013.1603,7.2,-336.6,-1.2,1.9,2.0,6.3
2013-03-01,2013.163,7.6,-334.8,-8.1,1.8,1.9,5.9
2013-03-02,2013.1658,6.9,-336.7,-5.9,1.8,1.8,5.7
2013-03-03,2013.1685,7.6,-335.5,-5.2,1.8,1.9,5.8
2013-03-04,2013.1712,5.8,-336.3,-3.1,1.9,1.9,6.2
2013-03-05,2013.174,6.4,-335.1,-5.2,1.8,1.8,5.7
2013-03-06,2013.1767,6.3,-335.3,-2.2,1.9,2.0,6.2
2013-03-07,2013.1795,5.0,-334.7,-1.1,1.9,1.8,6.0
2013-03-08,2013.1822,7.6,-336.8,0.1,1.9,2.1,6.2
2013-03-09,2013.1849,5.5,-336.7,-1.9,1.9,2.0,6.4
2013-03-10,2013.1877,6.9,-334.7,-0.5,1.8,1.9,5.9
2013-03-11,2013.1904,5.8,-335.2,-4.1,1.9,2.0,6.1
2013-03-12,2013.1932,6.9,-335.8,-2.2,1.8,1.9,5.9
2013-03-13,2013.1959,5.3,-335.1,-1.8,1.7,1.8,5.6
2013-03-14,2013.1986,6.0,-334.9,-5.3,1.9,2.0,6.1
2013-03-15,2013.2014,6.3,-334.9,-5.5,1.9,1.9,6.1
2013-03-16,2013.2041,6.9,-335.9,-6.9,1.8,1.8,6.0
2013-03-17,2013.2068,5.6,-335.9,-4.3,2.0,2.1,6.5
2013-03-18,2013.2096,5.8,-334.7,-3.6,1.9,2.0,6.1
2013-03-19,2013.2123,6.0,-334.7,-5.4,2.1,2.4,6.6
2013-03-20,2013.2151,6.2,-334.5,-1.2,1.9,1.9,6.0
2013-03-21,2013.2178,7.5,-334.5,-4.3,2.0,2.2,6.6
2013-03-22,2013.2205,7.2,-333.5,0.7,1.8,1.9,5.8
2013-03-23,2013.2233,6.4,-333.8,-0.9,1.9,2.0,6.1
2013-03-24,2013.226,6.2,-334.4,-2.5,1.9,2.0,6.3
2013-03-25,2013.2288,6.5,-332.8,-1.9,1.9,2.0,6.2
2013-03-26,2013.2315,6.9,-335.1,-2.6,1.9,1.9,6.0
2013-03-27,2013.2342,7.0,-334.5,-1.8,1.9,2.1,6.3
2013-03-28,2013.237,7.7,-333.1,-3.9,1.8,1.7,5.7
2013-03-29,2013.2397,8.4,-335.3,-1.1,1.8,1.8,5.8
2013-03-30,2013.2425,7.3,-333.3,-3.2,2.0,2.0,6.5
2013-03-31,2013.2452,8.7,-333.1,-4.1,2.0,2.0,6.3
2013-04-01,2013.2479,7.8,-334.6,-1.0,2.2,2.3,7.0
2013-04-02,2013.2507,7.2,-334.6,0.3,1.8,1.8,5.8
2013-04-03,2013.2534,7.3,-335.3,-2.2,1.9,2.0,6.2
2013-04-04,2013.2562,8.0,-332.7,-2.8,2.0,2.0,6.17
2013-04-05,2013.2589,6.1,-333.6,-3.4,1.8,1.8,6.13
2013-04-06,2013.2616,6.9,-332.9,-4.0,1.9,1.9,6.1
2013-04-07,2013.2644,7.3,-333.3,-5.0,2.0,2.2,6.6
2013-04-08,2013.2671,8.0,-332.0,-6.6,2.0,2.0,6.5
2013-04-09,2013.2699,7.0,-332.3,-8.2,1.9,1.9,6.4
2013-04-10,2013.2726,6.3,-332.0,-7.7,1.9,2.0,6.3
2013-04-11,2013.2753,7.2,-333.4,-8.5,2.0,2.1,6.6
2013-04-12,2013.2781,7.2,-332.7,-5.0,1.8,1.9,6.0
2013-04-13,2013.2808,7.4,-332.3,-2.9,1.9,1.9,6.2
2013-04-14,2013.2836,7.0,-332.8,-1.0,1.9,1.9,6.2
2013-04-15,2013.2863,8.4,-332.0,0.5,2.1,2.2,6.9
2013-04-16,2013.289,6.7,-331.5,1.5,1.9,1.9,6.2
2013-04-17,2013.2918,7.2,-332.4,2.9,1.9,1.9,6.2
2013-04-18,2013.2945,7.3,-332.6,-3.0,2.1,2.2,6.9
2013-04-19,2013.2973,5.9,-331.4,-4.0,1.9,1.9,6.2
2013-04-20,2013.3,6.8,-331.9,-8.1,1.9,1.9,6.2
2013-04-21,2013.3027,6.8,-331.7,-4.8,1.8,1.8,6.0
2013-04-22,2013.3055,7.7,-330.8,-0.9,1.9,1.9,6.0
2013-04-23,2013.3082,8.4,-330.4,-5.1,2.0,2.0,6.5
2013-04-24,2013.311,7.0,-330.9,-1.0,1.9,1.9,6.2
2013-04-25,2013.3137,5.9,-331.0,-0.9,2.1,2.1,6.7
2013-04-26,2013.3164,5.9,-331.4,3.1,1.9,2.0,6.3
2013-04-27,2013.3192,6.3,-331.8,-0.3,2.2,2.3,7.3
2013-04-28,2013.3219,7.6,-329.9,3.5,2.2,2.2,7.2
2013-04-29,2013.3247,5.3,-328.1,2.0,2.0,2.0,6.4
2013-04-30,2013.3274,7.0,-330.5,-3.8,2.0,2.3,6.6
2013-05-01,2013.3301,7.1,-328.6,0.4,2.2,2.3,7.0
2013-05-02,2013.3329,6.2,-331.4,-3.8,2.2,2.4,7.1
2013-05-03,2013.3356,6.4,-329.0,2.0,2.0,2.3,6.5
2013-05-04,2013.3384,6.5,-330.3,2.8,1.9,1.9,6.1
2013-05-05,2013.3411,6.5,-330.0,-0.3,2.0,2.0,6.4
2013-05-06,2013.3438,6.0,-330.4,0.1,2.1,2.1,7.1
2013-05-07,2013.3466,7.8,-330.2,-4.0,2.0,2.0,6.4
2013-05-08,2013.3493,5.9,-329.4,-2.2,2.1,2.2,6.7
2013-05-09,2013.3521,5.2,-328.8,-0.4,2.1,2.2,6.8
2013-05-10,2013.3548,5.4,-329.1,1.2,1.9,2.0,6.4
2013-05-11,2013.3575,5.0,-330.3,1.5,2.0,2.2,6.7
2013-05-12,2013.3603,6.5,-330.3,1.5,1.9,1.9,6.2
2013-05-13,2013.363,7.2,-330.7,1.6,2.0,2.0,6.6
2013-05-14,2013.3658,7.1,-328.6,-2.2,1.9,1.9,6.3
2013-05-15,2013.3685,6.0,-329.9,-5.5,2.1,2.0,6.9
2013-05-16,2013.3712,4.4,-329.5,-2.9,2.0,2.0,6.5
2013-05-17,2013.374,3.6,-330.0,-4.4,2.3,2.4,7.6
2013-05-18,2013.3767,3.1,-328.3,7.9,2.2,2.2,7.3
2013-05-19,2013.3795,4.9,-329.5,8.2,2.1,2.2,7.25
2013-05-20,2013.3822,3.8,-330.1,8.5,2.2,2.3,7.2
2013-05-21,2013.3849,5.4,-330.3,0.9,2.2,2.4,7.4
2013-05-22,2013.3877,5.1,-329.1,3.6,2.0,2.1,6.7
2013-05-23,2013.3904,3.3,-327.8,-2.3,2.4,2.7,8.2
2013-05-24,2013.3932,2.8,-328.0,2.5,2.1,2.2,7.1
2013-05-25,2013.3959,4.3,-328.4,5.6,2.0,2.0,6.6
2013-05-26,2013.3986,3.4,-329.1,-1.1,2.1,2.2,6.9
2013-05-27,2013.4014,5.3,-330.8,1.7,2.0,2.0,6.6
2013-05-28,2013.4041,3.7,-328.5,-0.2,2.0,2.0,6.7
2013-05-29,2013.4068,3.1,-330.8,-1.7,2.0,2.1,6.6
2013-05-30,2013.4096,3.4,-329.4,2.8,1.9,1.9,6.2
2013-05-31,2013.4123,3.5,-327.0,2.9,2.3,2.4,7.6
2013-06-01,2013.4151,4.0,-328.4,7.7,2.2,2.3,7.2
2013-06-02,2013.4178,4.9,-329.0,5.6,2.2,2.3,7.3
2013-06-03,2013.4205,3.0,-328.0,8.1,2.2,2.3,7.2
2013-06-04,2013.4233,2.3,-328.2,7.8,2.1,2.1,7.0
2013-06-05,2013.426,3.3,-328.8,1.2,2.2,2.2,7.2
2013-06-06,2013.4288,3.7,-328.2,3.6,2.1,2.1,7.1
2013-06-07,2013.4315,2.8,-329.1,0.1,2.1,2.0,6.9
2013-06-08,2013.4342,4.2,-328.2,-1.8,2.3,2.2,7.6
2013-06-09,2013.437,3.2,-328.3,-7.1,2.0,2.0,6.7
2013-06-10,2013.4397,2.3,-327.2,4.3,1.9,1.9,6.3
2013-06-11,2013.4425,2.2,-328.6,5.7,2.2,2.2,7.0
2013-06-12,2013.4452,3.0,-327.0,8.8,2.2,2.2,7.6
2013-06-13,2013.4479,3.4,-328.0,3.9,2.1,2.1,7.1
2013-06-14,2013.4507,3.3,-329.8,7.0,2.0,2.1,6.7
2013-06-15,2013.4534,3.4,-328.7,4.5,2.0,2.1,6.8
2013-06-16,2013.4562,3.4,-329.2,5.6,2.2,2.5,7.3
2013-06-17,2013.4589,2.9,-327.1,9.4,2.0,1.9,6.6
2013-06-18,2013.4616,2.3,-328.0,8.4,2.2,2.3,7.3
2013-06-19,2013.4644,2.6,-328.3,5.7,2.1,2.1,6.9
2013-06-20,2013.4671,3.4,-328.2,-4.3,2.4,2.4,8.3
2013-06-21,2013.4699,3.3,-326.7,0.8,2.2,2.3,7.5
2013-06-22,2013.4726,1.9,-326.2,-2.2,2.6,2.6,8.8
2013-06-23,2013.4753,2.4,-326.6,0.8,2.4,2.4,7.9
2013-06-24,2013.4781,4.3,-326.9,1.2,2.3,2.3,7.7
2013-06-25,2013.4808,3.4,-326.6,0.1,2.2,2.2,7.5
2013-06-26,2013.4836,3.1,-328.0,0.8,2.1,2.3,7.2
2013-06-27,2013.4863,2.3,-325.5,3.9,2.1,2.2,7.1
2013-06-28,2013.489,3.0,-326.2,5.0,2.3,2.5,7.5
2013-06-29,2013.4918,4.3,-326.5,9.2,2.1,2.1,6.8
2013-06-30,2013.4945,2.9,-325.8,8.7,2.3,2.5,7.6
2013-07-01,2013.4973,2.0,-326.9,2.3,2.2,2.3,7.7
2013-07-02,2013.5,3.6,-326.6,2.0,2.4,2.7,8.1
2013-07-03,2013.5027,2.3,-327.9,5.0,2.3,2.5,7.7
2013-07-04,2013.5055,3.8,-325.6,3.5,2.6,2.8,8.6
2013-07-05,2013.5082,2.5,-326.3,4.1,2.7,2.9,9.1
2013-07-06,2013.511,3.3,-326.4,1.3,2.4,2.8,8.2
2013-07-07,2013.5137,3.2,-328.0,-1.2,2.8,3.1,9.5
2013-07-08,2013.5164,3.6,-326.4,-1.3,2.3,2.5,7.7
2013-07-09,2013.5192,2.1,-327.7,3.7,2.2,2.4,7.4
2013-07-10,2013.5219,3.0,-326.8,-5.5,2.2,2.3,7.4
2013-07-11,2013.5247,4.6,-326.8,3.1,2.7,2.9,9.6
2013-07-12,2013.5274,3.4,-327.0,2.5,2.3,2.5,7.5
2013-07-13,2013.5301,3.3,-324.4,2.8,2.1,2.2,6.9
2013-07-14,2013.5329,2.6,-325.0,-1.2,2.6,2.8,8.7
2013-07-15,2013.5356,2.9,-327.1,1.4,2.7,2.8,8.45
2013-07-16,2013.5384,6.1,-323.9,4.0,2.5,2.6,8.2
2013-07-17,2013.5411,5.5,-324.7,-4.8,2.3,2.4,7.5
2013-07-18,2013.5438,6.1,-325.5,-3.05,2.5,2.6,7.25
2013-07-19,2013.5466,3.8,-324.6,-1.3,2.1,2.3,7.0
2013-07-20,2013.5493,3.9,-324.5,1.5,2.3,2.5,7.5
2013-07-21,2013.5521,4.5,-323.1,3.6,2.3,2.6,7.7
2013-07-22,2013.5548,3.6,-324.6,0.5,2.4,2.5,7.9
2013-07-23,2013.5575,4.9,-326.3,2.2,2.5,2.8,8.1
2013-07-24,2013.5603,3.7,-325.2,-7.1,2.5,2.6,8.3
2013-07-25,2013.563,3.8,-324.0,-5.0,2.2,2.4,7.2
2013-07-26,2013.5658,3.5,-324.8,-8.0,2.3,2.4,7.8
2013-07-27,2013.5685,2.3,-323.4,-6.2,2.4,2.5,8.2
2013-07-28,2013.5712,4.0,-324.5,-3.9,2.4,2.5,7.9
2013-07-29,2013.574,3.6,-323.8,0.3,2.6,2.7,9.0
2013-07-30,2013.5767,2.4,-323.5,-2.2,2.7,2.7,9.2
2013-07-31,2013.5795,5.0,-322.7,-3.9,2.5,2.6,8.3
2013-08-01,2013.5822,1.9,-321.6,-1.5,2.5,2.7,8.3
2013-08-02,2013.5849,5.3,-325.5,-8.6,2.2,2.3,7.4
2013-08-03,2013.5877,3.0,-323.4,-3.5,2.2,2.2,7.2
2013-08-04,2013.5904,3.6,-322.8,-3.5,2.2,2.3,7.2
2013-08-05,2013.5932,1.9,-323.6,-0.9,2.3,2.4,7.6
2013-08-06,2013.5959,4.2,-322.8,-6.5,2.2,2.3,7.6
2013-08-07,2013.5986,3.4,-323.3,-5.5,2.6,2.7,8.5
2013-08-08,2013.6014,0.7,-322.1,-0.0,2.2,2.4,7.4
2013-08-09,2013.6041,4.3,-323.0,-5.0,2.2,2.4,7.3
2013-08-10,2013.6068,5.5,-321.8,-4.8,2.6,2.8,8.9
2013-08-11,2013.6096,4.8,-323.4,-7.2,2.4,2.6,8.0
2013-08-12,2013.6123,3.8,-323.7,-6.8,2.4,2.6,8.0
2013-08-13,2013.6151,3.9,-322.2,3.4,2.1,2.1,6.9
2013-08-14,2013.6178,5.0,-322.6,0.5,2.1,2.2,6.8
2013-08-15,2013.6205,6.4,-322.7,0.2,2.2,2.3,7.6
2013-08-16,2013.6233,4.5,-320.2,-4.1,2.5,2.6,8.3
2013-08-17,2013.626,3.4,-322.4,-6.7,2.3,2.5,7.9
2013-08-18,2013.6288,4.7,-322.6,3.1,2.6,2.7,9.0
2013-08-19,2013.6315,5.3,-323.0,-7.3,2.3,2.5,7.8
2013-08-20,2013.6342,3.6,-323.1,-1.8,2.4,2.5,7.7
2013-08-21,2013.637,2.8,-322.9,3.7,2.6,2.7,8.8
2013-08-22,2013.6397,3.8,-321.9,-4.1,2.6,2.8,9.0
2013-08-23,2013.6425,3.9,-321.3,-3.9,2.1,2.2,7.0
2013-08-24,2013.6452,5.0,-321.7,3.6,2.2,2.4,7.4
2013-08-25,2013.6479,5.3,-323.2,1.8,2.4,2.6,7.6
2013-08-26,2013.6507,4.1,-320.8,2.6,2.3,2.4,7.7
2013-08-27,2013.6534,4.8,-320.2,-4.9,2.2,2.4,7.3
2013-08-28,2013.6562,4.8,-320.0,-4.6,2.2,2.3,7.2
2013-08-29,2013.6589,5.4,-322.1,-6.2,2.3,2.5,7.6
2013-08-30,2013.6616,3.8,-322.5,-4.3,2.3,2.5,7.3
2013-08-31,2013.6644,4.2,-319.9,-4.6,2.1,2.4,6.8
2013-09-01,2013.6671,3.6,-321.2,-4.4,2.1,2.2,6.8
2013-09-02,2013.6699,5.3,-319.5,-11.6,2.4,2.6,7.9
2013-09-03,2013.6726,4.2,-320.1,-9.8,2.3,2.4,7.6
2013-09-04,2013.6753,6.5,-318.8,-9.2,2.2,2.3,7.4
2013-09-05,2013.6781,5.2,-317.6,-9.6,2.1,2.1,6.7
2013-09-06,2013.6808,4.5,-318.5,-5.7,2.5,2.8,7.8
2013-09-07,2013.6836,5.8,-318.1,-10.0,2.2,2.4,7.0
2013-09-08,2013.6863,5.2,-318.5,-6.8,2.8,2.9,9.1
2013-09-09,2013.689,6.9,-317.9,-9.7,2.4,2.4,7.5
2013-09-10,2013.6918,3.8,-318.7,-10.4,2.2,2.2,7.1
2013-09-11,2013.6945,2.7,-317.5,-7.5,2.3,2.5,7.6
2013-09-12,2013.6973,3.9,-318.4,-7.1,2.3,2.5,7.5
2013-09-13,2013.7,5.6,-318.6,-12.0,2.2,2.3,7.2
2013-09-14,2013.7027,3.9,-319.2,-8.0,2.1,2.2,6.8
2013-09-15,2013.7055,4.6,-318.7,-6.6,1.9,2.0,6.1
2013-09-16,2013.7082,4.9,-318.9,-3.2,1.9,1.9,6.1
2013-09-17,2013.711,3.9,-318.5,-10.1,2.0,2.0,6.4
2013-09-18,2013.7137,5.6,-318.3,-5.1,2.3,2.4,7.7
2013-09-19,2013.7164,5.0,-319.0,-10.8,1.9,2.0,6.2
2013-09-20,2013.7192,4.2,-320.3,-8.8,2.4,2.6,7.5
2013-09-21,2013.7219,5.2,-319.5,-8.2,1.9,2.0,6.3
2013-09-22,2013.7247,5.8,-319.4,-11.1,2.1,2.1,6.7
2013-09-23,2013.7274,4.8,-318.2,-10.1,2.0,2.1,6.5
2013-09-24,2013.7301,4.2,-318.8,-10.8,2.1,2.3,6.6
2013-09-25,2013.7329,3.8,-318.7,-12.3,1.8,1.9,5.9
2013-09-26,2013.7356,3.1,-318.1,-4.0,2.0,2.1,6.6
2013-09-27,2013.7384,5.2,-318.4,-9.7,2.2,2.3,6.9
2013-09-28,2013.7411,4.0,-318.1,-11.5,2.0,2.1,6.3
2013-09-29,2013.7438,2.7,-318.3,-8.2,1.9,1.9,6.3
2013-09-30,2013.7466,4.5,-318.0,-9.3,1.9,2.0,6.3
2013-10-01,2013.7493,3.9,-319.4,-11.2,2.0,2.1,6.4
2013-10-02,2013.7521,4.5,-319.2,-10.4,1.9,2.0,6.3
2013-10-03,2013.7548,4.1,-318.1,-6.7,1.9,1.9,6.2
2013-10-04,2013.7575,4.1,-319.7,-6.7,1.9,1.9,6.3
2013-10-05,2013.7603,4.5,-318.1,-7.1,2.2,2.3,7.1
2013-10-06,2013.763,4.6,-317.1,-7.5,2.2,2.3,7.3
2013-10-07,2013.7658,4.3,-318.8,-6.7,1.9,2.0,6.3
2013-10-08,2013.7685,3.9,-319.0,-5.2,1.8,1.8,5.9
2013-10-09,2013.7712,4.5,-317.4,-5.2,2.0,2.1,6.5
2013-10-10,2013.774,6.2,-318.0,-7.8,2.0,2.1,6.5
2013-10-11,2013.7767,5.9,-317.8,-5.3,2.1,2.1,6.6
2013-10-12,2013.7795,6.2,-317.7,-9.1,2.1,2.2,6.8
2013-10-13,2013.7822,5.9,-317.6,-10.4,2.2,2.2,7.0
2013-10-14,2013.7849,4.1,-316.8,-10.8,1.9,1.9,6.1
2013-10-15,2013.7877,6.2,-316.1,-6.3,1.9,1.9,6.2
2013-10-16,2013.7904,6.7,-316.9,-8.3,1.9,2.0,6.2
2013-10-17,2013.7932,5.8,-317.4,-14.4,2.0,2.0,6.4
2013-10-18,2013.7959,5.1,-315.8,-12.7,1.8,1.8,5.8
2013-10-19,2013.7986,5.8,-316.7,-13.7,2.0,2.1,6.5
2013-10-20,2013.8014,5.6,-316.3,-13.4,1.8,1.8,5.7
2013-10-21,2013.8041,5.5,-314.6,-15.0,2.0,2.1,6.5
2013-10-22,2013.8068,4.7,-316.1,-12.2,1.8,1.9,6.0
2013-10-23,2013.8096,4.9,-316.0,-10.4,1.9,2.0,6.1
2013-10-24,2013.8123,6.8,-315.6,-9.6,1.9,2.0,6.1
2013-10-25,2013.8151,5.8,-314.8,-8.2,2.0,2.1,6.5
2013-10-26,2013.8178,5.2,-315.4,-7.1,1.8,1.9,5.9
2013-10-27,2013.8205,5.9,-315.7,-7.6,2.0,2.0,6.3
2013-10-28,2013.8233,4.0,-314.0,-9.2,1.9,2.0,6.2
2013-10-29,2013.826,5.4,-315.3,-10.7,1.9,1.9,6.2
2013-10-30,2013.8288,3.1,-314.8,-11.1,2.0,2.1,6.4
2013-10-31,2013.8315,4.6,-315.1,-8.6,2.0,2.0,6.3
2013-11-01,2013.8342,2.8,-313.6,-9.6,2.1,2.3,6.7
2013-11-02,2013.837,4.2,-314.4,-9.6,2.0,2.0,6.3
2013-11-03,2013.8397,4.0,-314.7,-11.4,1.9,1.9,6.2
2013-11-04,2013.8425,4.2,-314.6,-12.4,1.3,1.4,3.7
2013-11-05,2013.8452,2.8,-313.3,-12.9,2.0,2.0,6.2
2013-11-06,2013.8479,3.8,-313.1,-10.6,1.6,1.6,4.7
2013-11-07,2013.8507,4.4,-314.9,-8.4,1.9,1.8,6.0
2013-11-08,2013.8534,4.9,-314.5,-10.5,1.5,1.5,4.6
2013-11-09,2013.8562,4.9,-314.3,-11.6,1.9,1.9,6.0
2013-11-10,2013.8589,4.0,-314.5,-14.4,1.9,1.9,6.2
2013-11-11,2013.8616,4.4,-314.9,-11.1,2.1,2.1,6.6
2013-11-12,2013.8644,3.8,-315.0,-10.0,1.9,1.9,6.2
2013-11-13,2013.8671,3.6,-313.4,-12.6,1.7,1.7,5.6
2013-11-14,2013.8699,2.2,-314.7,-10.0,2.0,2.0,6.4
2013-11-15,2013.8726,3.5,-314.7,-11.4,2.0,2.1,6.2
2013-11-16,2013.8753,2.2,-313.5,-14.2,2.0,2.0,6.2
2013-11-17,2013.8781,3.2,-313.9,-11.6,1.8,1.8,5.8
2013-11-18,2013.8808,3.6,-314.2,-10.5,1.9,1.9,6.1
2013-11-19,2013.8836,3.8,-314.2,-14.4,2.1,2.0,6.5
2013-11-20,2013.8863,3.9,-314.5,-11.7,1.9,1.9,6.0
2013-11-21,2013.889,3.4,-315.0,-7.6,1.8,1.8,5.8
2013-11-22,2013.8918,2.7,-314.7,-12.2,1.8,1.8,5.9
2013-11-23,2013.8945,3.8,-314.4,-13.3,1.9,1.8,6.0
2013-11-24,2013.8973,2.7,-314.1,-11.6,2.0,2.0,6.4
2013-11-25,2013.9,2.6,-313.1,-8.5,1.9,1.9,6.0
2013-11-26,2013.9027,3.2,-314.1,-10.8,2.0,2.0,6.5
2013-11-27,2013.9055,2.4,-313.7,-14.5,2.0,1.9,6.3
2013-11-28,2013.9082,2.4,-313.6,-8.2,2.0,1.9,6.3
2013-11-29,2013.911,1.3,-314.6,-6.6,1.9,1.9,6.1
2013-11-30,2013.9137,1.1,-313.8,-8.1,1.8,1.8,5.8
2013-12-01,2013.9164,0.6,-313.7,-8.8,1.8,1.7,5.7
2013-12-02,2013.9192,2.7,-313.3,-4.6,1.9,1.8,6.0
2013-12-03,2013.9219,2.6,-314.8,-6.6,1.9,1.9,6.2
2013-12-04,2013.9247,2.5,-314.1,-8.1,1.7,1.7,5.6
2013-12-05,2013.9274,2.5,-313.5,-7.0,1.9,1.8,6.0
2013-12-06,2013.9301,3.4,-314.9,-6.3,1.8,1.8,6.0
2013-12-07,2013.9329,3.9,-312.6,-6.8,1.8,1.7,5.8
2013-12-08,2013.9356,2.7,-313.7,-8.6,1.8,1.7,5.8
2013-12-09,2013.9384,4.0,-312.8,-7.5,1.9,1.8,6.0
2013-12-10,2013.9411,3.6,-313.3,-7.1,1.9,1.9,6.2
2013-12-11,2013.9438,3.3,-311.4,-5.3,1.7,1.7,5.5
2013-12-12,2013.9466,3.5,-312.8,-4.4,1.8,1.8,5.8
2013-12-13,2013.9493,3.9,-311.8,-7.5,1.8,1.9,6.0
2013-12-14,2013.9521,4.9,-311.5,-9.1,1.7,1.8,5.6
2013-12-15,2013.9548,3.7,-311.3,-7.4,1.9,1.9,6.0
2013-12-16,2013.9575,3.8,-312.1,-6.0,1.9,2.0,6.0
2013-12-17,2013.9603,4.2,-311.6,-6.5,1.8,1.8,5.9
2013-12-18,2013.963,5.2,-311.8,-5.9,1.8,1.9,5.8
2013-12-19,2013.9658,5.6,-312.2,-5.8,1.8,1.9,5.8
2013-12-20,2013.9685,4.9,-311.6,-6.8,1.8,1.9,5.8
2013-12-21,2013.9712,5.2,-311.5,-4.7,1.7,1.8,5.7
2013-12-22,2013.974,4.5,-311.2,-6.7,1.8,1.9,5.9
2013-12-23,2013.9767,4.4,-312.7,-9.2,1.8,1.9,5.9
2013-12-24,2013.9795,5.5,-311.5,-6.5,1.7,1.8,5.7
2013-12-25,2013.9822,3.7,-311.8,-8.3,1.7,1.7,5.5
2013-12-26,2013.9849,4.0,-311.1,-7.6,1.8,1.9,6.0
2013-12-27,2013.9877,5.0,-311.9,-7.3,1.8,2.0,5.9
2013-12-28,2013.9904,3.8,-312.6,-4.3,1.8,1.9,6.0
2013-12-29,2013.9932,3.8,-312.3,-4.95,1.7,1.8,5.85
2013-12-30,2013.9959,5.5,-312.0,-5.6,1.8,1.8,5.7
2013-12-31,2013.9986,5.0,-312.6,-3.4,1.7,1.8,5.7
2014-01-01,2014.0014,3.6,-310.6,-3.93,1.8,1.9,5.77
2014-01-02,2014.0041,3.9,-311.5,-4.47,1.8,1.9,5.83
2014-01-03,2014.0068,4.7,-311.2,-5.0,1.8,1.8,5.9
2014-01-04,2014.0096,4.8,-310.7,-1.2,1.9,2.1,6.3
2014-01-05,2014.0123,4.7,-310.1,-0.9,1.8,1.9,5.8
2014-01-06,2014.0151,5.7,-309.3,-9.4,1.8,1.9,5.9
2014-01-07,2014.0178,5.0,-309.8,-11.2,1.8,1.9,6.0
2014-01-08,2014.0205,3.3,-308.5,-6.8,1.9,2.1,6.1
2014-01-09,2014.0233,4.6,-307.9,-3.6,1.9,2.0,6.2
2014-01-10,2014.026,4.7,-309.0,-8.3,1.8,1.9,5.9
2014-01-11,2014.0288,4.4,-309.0,-10.9,1.9,2.0,6.3
2014-01-12,2014.0315,3.3,-309.4,-9.9,1.8,1.9,5.9
2014-01-13,2014.0342,4.5,-309.2,-7.2,1.9,2.1,6.2
2014-01-14,2014.037,3.3,-308.1,-9.6,1.8,1.9,5.9
2014-01-15,2014.0397,4.0,-309.1,-8.7,1.9,2.1,6.1
2014-01-16,2014.0425,3.7,-307.2,-8.9,1.8,1.9,6.0
2014-01-17,2014.0452,4.6,-308.2,-10.7,1.9,1.9,6.1
2014-01-18,2014.0479,5.3,-308.0,-12.3,1.8,1.9,5.9
2014-01-19,2014.0507,5.2,-306.3,-10.4,1.9,2.0,6.2
2014-01-20,2014.0534,2.3,-306.0,-9.3,1.8,1.8,5.8
2014-01-21,2014.0562,3.1,-306.9,-2.6,1.9,2.0,6.3
2014-01-22,2014.0589,2.8,-307.1,-2.2,1.8,1.8,5.8
2014-01-23,2014.0616,4.5,-308.3,-5.3,1.8,1.9,6.0
2014-01-24,2014.0644,4.6,-307.7,-2.7,2.1,2.2,6.7
2014-01-25,2014.0671,3.6,-306.1,-0.9,1.9,1.9,6.1
2014-01-26,2014.0699,4.1,-306.7,-5.2,1.8,1.9,5.9
2014-01-27,2014.0726,5.1,-307.4,-1.7,1.8,1.8,5.8
2014-01-28,2014.0753,3.4,-307.1,-0.0,1.8,1.9,5.9
2014-01-29,2014.0781,4.9,-307.4,-2.4,1.9,1.9,6.1
2014-01-30,2014.0808,5.9,-307.2,0.7,2.0,2.1,6.4
2014-01-31,2014.0836,4.4,-306.9,-3.4,1.8,1.8,5.8
2014-02-01,2014.0863,6.9,-308.1,-0.9,1.9,1.9,6.0
2014-02-02,2014.089,7.1,-308.0,-4.7,1.9,2.1,6.2
2014-02-03,2014.0918,5.8,-306.4,-1.8,1.9,2.0,6.3
2014-02-04,2014.0945,5.9,-306.8,-0.1,1.9,2.0,6.1
2014-02-05,2014.0973,7.4,-306.3,-2.3,1.9,2.0,6.3
2014-02-06,2014.1,7.9,-306.6,-4.5,1.9,1.9,5.9
2014-02-07,2014.1027,6.3,-307.3,-1.4,1.8,1.9,5.9
2014-02-08,2014.1055,7.1,-307.8,-4.4,1.8,1.8,5.8
2014-02-09,2014.1082,6.7,-305.8,-4.6,1.8,1.9,5.9
2014-02-10,2014.111,6.9,-305.0,-5.9,1.9,2.0,6.1
2014-02-11,2014.1137,7.2,-305.7,-5.1,1.8,1.9,5.9
2014-02-12,2014.1164,6.2,-306.2,-7.1,1.7,1.9,5.7
2014-02-13,2014.1192,5.4,-305.6,-6.1,1.8,1.9,6.0
2014-02-14,2014.1219,7.7,-304.6,-3.4,1.9,2.0,6.1
2014-02-15,2014.1247,5.8,-304.3,-5.3,1.8,1.9,5.9
2014-02-16,2014.1274,7.6,-305.1,-5.7,1.9,2.1,6.07
2014-02-17,2014.1301,6.8,-304.6,-6.1,1.8,2.0,6.23
2014-02-18,2014.1329,4.4,-304.5,-6.5,2.0,2.1,6.4
2014-02-19,2014.1356,5.2,-305.9,-4.5,1.8,1.9,5.8
2014-02-20,2014.1384,5.4,-305.4,-2.8,1.8,1.9,5.7
2014-02-21,2014.1411,6.3,-305.5,-3.5,1.8,1.8,5.7
2014-02-22,2014.1438,6.3,-306.0,-5.9,1.8,1.9,5.8
2014-02-23,2014.1466,6.7,-305.6,-4.3,1.9,2.1,6.2
2014-02-24,2014.1493,5.9,-305.2,-5.4,1.9,2.0,6.0
2014-02-25,2014.1521,6.7,-305.6,-10.4,1.9,2.0,6.0
2014-02-26,2014.1548,5.9,-306.1,-9.8,1.9,2.1,6.2
2014-02-27,2014.1575,7.0,-306.0,-7.0,1.9,2.1,6.2
2014-02-28,2014.1603,6.5,-304.3,-10.7,1.9,2.1,6.0
2014-03-01,2014.163,5.3,-304.3,-11.3,1.9,2.0,6.0
2014-03-02,2014.1658,4.7,-303.8,-7.7,1.8,1.9,5.8
2014-03-03,2014.1685,6.3,-304.0,-10.15,2.0,2.2,6.0
2014-03-04,2014.1712,5.6,-303.5,-12.6,1.9,2.0,6.2
2014-03-05,2014.174,4.8,-304.8,-11.5,2.0,2.0,6.3
2014-03-06,2014.1767,5.9,-304.9,-10.8,2.1,2.5,7.0
2014-03-07,2014.1795,4.6,-304.7,-9.5,1.9,2.2,6.2
2014-03-08,2014.1822,3.9,-304.5,-7.3,1.8,1.9,5.8
2014-03-09,2014.1849,3.9,-303.5,-7.2,1.9,1.9,6.1
2014-03-10,2014.1877,4.7,-306.3,-7.0,1.9,2.1,6.3
2014-03-11,2014.1904,4.8,-304.6,-10.0,1.9,2.1,6.2
2014-03-12,2014.1932,4.0,-304.6,-8.3,1.9,2.1,6.3
2014-03-13,2014.1959,5.1,-305.6,-2.6,1.9,2.1,6.2
2014-03-14,2014.1986,4.1,-303.4,0.9,1.9,2.1,6.3
2014-03-15,2014.2014,4.6,-304.6,1.2,1.9,2.0,6.2
2014-03-16,2014.2041,4.8,-303.4,-4.4,1.9,2.0,6.0
2014-03-17,2014.2068,7.3,-303.8,-0.6,2.0,2.1,6.5
2014-03-18,2014.2096,7.0,-304.2,-2.7,2.1,2.3,6.6
2014-03-19,2014.2123,6.7,-302.7,-6.2,1.9,2.0,6.2
2014-03-20,2014.2151,6.7,-304.2,-7.2,1.9,2.0,6.2
2014-03-21,2014.2178,6.5,-303.7,-5.1,1.9,2.0,6.2
2014-03-22,2014.2205,6.2,-303.6,-4.3,1.9,2.1,6.2
2014-03-23,2014.2233,6.2,-304.2,-1.6,1.9,2.0,6.1
2014-03-24,2014.226,5.5,-302.9,0.0,1.9,2.0,6.2
2014-03-25,2014.2288,6.5,-303.4,1.0,2.1,2.2,6.7
2014-03-26,2014.2315,7.1,-303.0,-0.3,2.1,2.2,6.9
2014-03-27,2014.2342,7.5,-303.7,0.4,2.0,2.0,6.5
2014-03-28,2014.237,6.1,-301.3,-0.7,2.1,2.2,6.9
2014-03-29,2014.2397,6.2,-301.6,1.0,2.0,2.1,6.4
2014-03-30,2014.2425,5.2,-301.5,-1.7,1.8,1.9,5.9
2014-03-31,2014.2452,5.9,-301.5,-4.3,2.0,2.2,6.5
2014-04-01,2014.2479,5.2,-301.5,-4.2,2.1,2.2,6.9
2014-04-02,2014.2507,5.9,-302.1,-6.7,2.3,2.2,7.4
2014-04-03,2014.2534,5.7,-300.4,-5.5,1.9,2.0,6.3
2014-04-04,2014.2562,4.5,-300.3,-3.2,1.9,2.0,6.2
2014-04-05,2014.2589,5.6,-301.6,-2.9,2.0,2.2,6.6
2014-04-06,2014.2616,5.3,-301.9,-0.8,1.9,2.1,6.2
2014-04-07,2014.2644,5.4,-301.5,-1.7,2.1,2.2,6.7
2014-04-08,2014.2671,5.6,-302.2,-0.8,1.9,2.0,6.2
2014-04-09,2014.2699,6.3,-301.5,-2.5,2.0,2.1,6.5
2014-04-10,2014.2726,5.8,-301.5,-6.5,1.9,2.0,6.2
2014-04-11,2014.2753,5.6,-299.8,1.1,2.1,2.2,6.6
2014-04-12,2014.2781,5.4,-301.0,-3.9,2.0,2.1,6.4
2014-04-13,2014.2808,5.8,-301.1,3.0,2.1,2.2,6.9
2014-04-14,2014.2836,6.2,-301.6,-3.7,2.1,2.1,7.1
2014-04-15,2014.2863,6.8,-303.1,-4.0,2.3,2.4,7.2
2014-04-16,2014.289,8.6,-302.1,-3.6,2.1,2.2,7.0
2014-04-17,2014.2918,7.9,-303.4,-7.2,2.1,2.2,6.7
2014-04-18,2014.2945,7.0,-303.3,-7.8,2.0,2.2,6.4
2014-04-19,2014.2973,6.4,-300.5,-1.1,1.9,1.9,6.1
2014-04-20,2014.3,5.5,-301.4,-3.4,1.9,2.1,6.3
2014-04-21,2014.3027,5.3,-299.7,-4.6,2.1,2.3,6.8
2014-04-22,2014.3055,6.5,-299.3,-1.6,2.3,2.6,7.3
2014-04-23,2014.3082,5.9,-301.9,-2.0,2.1,2.3,6.9
2014-04-24,2014.311,7.3,-300.1,-8.4,2.1,2.1,6.6
2014-04-25,2014.3137,5.3,-300.2,-5.7,1.9,2.0,6.2
2014-04-26,2014.3164,6.5,-300.0,-5.2,2.0,2.1,6.5
2014-04-27,2014.3192,5.4,-299.2,-3.6,1.9,1.9,6.0
2014-04-28,2014.3219,3.8,-302.2,-6.5,2.0,2.1,6.5
2014-04-29,2014.3247,4.0,-301.6,1.1,2.1,2.3,6.9
2014-04-30,2014.3274,5.5,-301.2,-10.2,1.9,2.0,6.4
2014-05-01,2014.3301,4.5,-299.2,-4.7,2.0,2.1,6.4
2014-05-02,2014.3329,6.4,-300.2,-4.4,1.9,1.9,6.2
2014-05-03,2014.3356,5.2,-300.1,-4.2,1.9,2.0,6.2
2014-05-04,2014.3384,4.9,-299.5,-3.3,1.9,2.1,6.1
2014-05-05,2014.3411,3.4,-299.3,-4.5,2.0,2.1,6.4
2014-05-06,2014.3438,3.2,-301.4,-2.8,1.9,2.0,6.5
2014-05-07,2014.3466,5.3,-299.3,1.4,2.2,2.4,7.0
2014-05-08,2014.3493,4.0,-297.7,0.7,2.3,2.5,7.2
2014-05-09,2014.3521,5.1,-299.6,-4.5,2.1,2.3,7.0
2014-05-10,2014.3548,2.1,-299.4,-1.1,2.1,2.2,6.8
2014-05-11,2014.3575,2.9,-298.5,0.55,2.1,2.3,6.75
2014-05-12,2014.3603,4.4,-299.8,2.2,2.1,2.2,6.7
2014-05-13,2014.363,3.3,-297.9,-2.6,2.2,2.5,7.4
2014-05-14,2014.3658,3.9,-299.2,0.0,1.9,2.1,6.4
2014-05-15,2014.3685,3.5,-297.9,3.5,2.1,2.3,6.8
2014-05-16,2014.3712,3.4,-298.2,2.1,2.1,2.3,6.9
2014-05-17,2014.374,2.6,-299.9,-3.0,1.9,2.0,6.2
2014-05-18,2014.3767,3.5,-298.7,-3.8,2.3,2.4,7.6
2014-05-19,2014.3795,3.7,-299.2,1.5,2.1,2.3,6.8
2014-05-20,2014.3822,2.6,-299.0,1.4,2.2,2.3,7.2
2014-05-21,2014.3849,3.4,-298.1,4.5,2.1,2.2,6.7
2014-05-22,2014.3877,2.6,-298.7,2.7,2.2,2.4,7.2
2014-05-23,2014.3904,2.0,-299.0,-6.2,2.4,2.4,7.9
2014-05-24,2014.3932,1.2,-298.0,-3.3,2.1,2.1,6.6
2014-05-25,2014.3959,1.2,-299.1,-1.8,1.9,1.9,6.2
2014-05-26,2014.3986,0.8,-300.0,0.6,2.0,2.1,6.4
2014-05-27,2014.4014,0.1,-299.4,2.9,2.2,2.3,7.0
2014-05-28,2014.4041,1.0,-299.2,7.0,2.1,2.1,6.9
2014-05-29,2014.4068,2.6,-299.3,3.8,2.2,2.2,6.9
2014-05-30,2014.4096,0.7,-299.4,5.5,2.2,2.3,6.9
2014-05-31,2014.4123,2.7,-300.2,7.3,2.5,2.5,7.9
2014-06-01,2014.4151,1.9,-299.3,3.5,2.0,2.0,6.4
2014-06-02,2014.4178,3.2,-298.7,1.6,2.0,2.0,6.6
2014-06-03,2014.4205,2.5,-298.6,1.7,2.1,2.1,6.7
2014-06-04,2014.4233,2.1,-298.8,8.0,2.2,2.3,7.0
2014-06-05,2014.426,3.9,-297.9,1.5,2.2,2.3,7.1
2014-06-06,2014.4288,2.4,-297.9,5.6,2.4,2.6,7.9
2014-06-07,2014.4315,3.7,-297.1,5.6,2.2,2.3,7.2
2014-06-08,2014.4342,4.4,-297.8,3.0,2.1,2.2,7.1
2014-06-09,2014.437,2.8,-296.8,3.2,2.1,2.0,6.7
2014-06-10,2014.4397,2.2,-297.0,3.1,2.3,2.5,7.8
2014-06-11,2014.4425,3.1,-297.8,-2.5,2.1,2.4,6.9
2014-06-12,2014.4452,3.1,-295.6,1.8,2.1,2.2,6.7
2014-06-13,2014.4479,1.4,-294.4,-1.5,2.6,2.8,8.8
2014-06-14,2014.4507,3.2,-296.0,4.5,2.2,2.3,7.4
2014-06-15,2014.4534,2.4,-297.6,1.9,2.3,2.6,7.7
2014-06-16,2014.4562,2.9,-296.8,0.6,2.3,2.4,7.5
2014-06-17,2014.4589,4.9,-296.0,0.3,2.3,2.6,7.8
2014-06-18,2014.4616,5.4,-298.1,-4.8,2.2,2.2,7.4
2014-06-19,2014.4644,4.3,-296.0,-4.7,2.2,2.2,7.6
2014-06-20,2014.4671,1.3,-295.7,-5.0,2.4,2.6,8.1
2014-06-21,2014.4699,5.8,-295.4,-5.5,2.3,2.4,7.8
2014-06-22,2014.4726,4.3,-293.9,1.5,2.4,2.4,8.0
2014-06-23,2014.4753,4.1,-295.2,1.4,2.2,2.3,7.4
2014-06-24,2014.4781,3.5,-295.3,8.4,2.3,2.5,7.5
2014-06-25,2014.4808,5.8,-295.4,-3.1,2.3,2.5,7.6
2014-06-26,2014.4836,7.2,-293.6,-1.8,2.7,3.0,9.2
2014-06-27,2014.4863,4.4,-296.5,-5.6,2.4,2.5,7.9
2014-06-28,2014.489,5.5,-296.9,4.5,2.8,2.9,9.5
2014-06-29,2014.4918,4.3,-297.9,-6.1,2.8,2.9,9.2
2014-06-30,2014.4945,4.1,-298.0,2.4,2.4,2.7,7.8
2014-07-01,2014.4973,6.2,-295.5,-4.4,2.4,2.6,8.2
2014-07-02,2014.5,6.6,-295.4,-4.9,2.4,2.5,7.7
2014-07-03,2014.5027,5.0,-295.1,-1.5,2.1,2.2,6.7
2014-07-04,2014.5055,2.6,-294.8,4.7,2.3,2.4,7.7
2014-07-05,2014.5082,4.2,-296.3,3.9,2.1,2.4,6.9
2014-07-06,2014.511,4.4,-294.3,-1.4,2.3,2.6,7.5
2014-07-07,2014.5137,4.6,-293.6,-1.6,2.8,3.2,8.6
2014-07-08,2014.5164,4.6,-294.2,-4.9,2.2,2.4,7.1
2014-07-09,2014.5192,4.1,-293.6,-6.2,2.4,2.5,7.9
2014-07-10,2014.5219,3.4,-292.6,-4.7,2.6,2.9,8.7
2014-07-11,2014.5247,6.0,-294.1,-10.4,2.4,2.6,7.9
2014-07-12,2014.5274,3.4,-295.0,-3.3,2.7,2.8,9.1
2014-07-13,2014.5301,3.1,-295.4,-2.2,2.4,2.4,8.1
2014-07-14,2014.5329,3.8,-294.4,-1.8,2.3,2.4,7.5
2014-07-15,2014.5356,3.7,-293.4,-1.6,2.4,2.6,7.7
2014-07-16,2014.5384,5.0,-295.4,2.2,2.4,2.5,7.8
2014-07-17,2014.5411,2.6,-293.5,-0.1,2.3,2.5,7.6
2014-07-18,2014.5438,3.4,-295.6,-0.0,2.1,2.2,6.9
2014-07-19,2014.5466,3.0,-295.2,-6.5,2.2,2.2,7.3
2014-07-20,2014.5493,2.4,-294.3,-0.6,2.9,3.0,10.2
2014-07-21,2014.5521,3.0,-294.0,-2.4,2.2,2.3,7.4
2014-07-22,2014.5548,0.1,-293.2,-5.3,2.6,2.7,8.7
2014-07-23,2014.5575,1.4,-295.2,-3.5,2.5,2.6,8.5
2014-07-24,2014.5603,1.7,-294.9,-4.6,2.4,2.6,8.1
2014-07-25,2014.563,0.7,-292.8,-7.4,2.4,2.5,7.8
2014-07-26,2014.5658,5.4,-295.2,-9.6,2.7,2.8,9.2
2014-07-27,2014.5685,1.4,-296.5,-5.6,2.6,2.7,8.8
2014-07-28,2014.5712,3.0,-293.5,-3.5,2.0,2.2,6.8
2014-07-29,2014.574,2.3,-293.8,-4.7,2.1,2.2,7.0
2014-07-30,2014.5767,4.8,-294.6,-4.9,2.1,2.3,6.9
2014-07-31,2014.5795,2.0,-292.3,-1.9,2.3,2.4,7.7
2014-08-01,2014.5822,3.4,-293.2,-7.0,2.3,2.4,7.6
2014-08-02,2014.5849,3.5,-293.7,-5.8,2.3,2.6,7.7
2014-08-03,2014.5877,4.1,-292.6,-5.7,2.2,2.3,7.3
2014-08-04,2014.5904,0.8,-294.7,-4.1,2.5,2.7,8.6
2014-08-05,2014.5932,2.9,-292.3,0.3,2.2,2.4,7.7
2014-08-06,2014.5959,0.3,-293.9,-5.1,2.5,2.7,8.4
2014-08-07,2014.5986,2.3,-293.1,-3.5,2.2,2.3,7.3
2014-08-08,2014.6014,3.6,-294.4,0.5,2.3,2.4,7.5
2014-08-09,2014.6041,2.1,-291.9,-1.4,2.2,2.4,7.0
2014-08-10,2014.6068,3.2,-293.8,-1.0,2.4,2.5,7.8
2014-08-11,2014.6096,-0.1,-291.4,-2.4,2.7,2.9,9.2
2014-08-12,2014.6123,4.0,-291.3,-9.7,2.5,2.6,8.2
2014-08-13,2014.6151,2.7,-289.8,-3.3,2.5,2.8,8.2
2014-08-14,2014.6178,4.0,-293.2,1.3,2.2,2.3,7.2
2014-08-15,2014.6205,3.9,-290.3,-1.8,2.5,2.6,8.3
2014-08-16,2014.6233,4.6,-291.0,-4.4,2.2,2.3,7.1
2014-08-17,2014.626,4.1,-291.4,-4.0,2.1,2.2,7.1
2014-08-18,2014.6288,3.1,-292.9,0.2,2.1,2.2,7.0
2014-08-19,2014.6315,3.3,-290.4,-5.6,2.2,2.3,7.3
2014-08-20,2014.6342,4.0,-289.9,-9.0,2.6,2.8,8.8
2014-08-21,2014.637,2.9,-290.8,-7.1,2.6,2.7,8.7
2014-08-22,2014.6397,3.1,-288.6,-11.2,2.5,2.6,8.0
2014-08-23,2014.6425,3.4,-292.0,-8.5,2.7,2.8,9.0
2014-08-24,2014.6452,4.6,-289.5,-6.1,2.3,2.4,7.6
2014-08-25,2014.6479,4.6,-290.0,-5.7,2.4,2.4,7.8
2014-08-26,2014.6507,4.0,-289.8,-6.4,2.3,2.3,7.5
2014-08-27,2014.6534,4.7,-288.6,1.3,2.3,2.5,7.3
2014-08-28,2014.6562,3.0,-288.7,-2.7,2.2,2.3,7.2
2014-08-29,2014.6589,3.5,-288.2,-1.6,2.3,2.4,7.7
2014-08-30,2014.6616,0.7,-289.2,-7.1,2.2,2.3,7.2
2014-08-31,2014.6644,5.1,-288.5,-6.5,2.2,2.3,7.3
2014-09-01,2014.6671,0.2,-291.7,-6.3,2.3,2.4,7.5
2014-09-02,2014.6699,2.5,-289.3,-1.2,2.4,2.7,7.9
2014-09-03,2014.6726,3.0,-290.2,-6.6,2.2,2.5,7.2
2014-09-04,2014.6753,2.6,-289.0,-1.7,2.6,2.8,8.9
2014-09-05,,,,,,,
2014-09-06,,,,,,,
2014-09-07,,,,,,,
2014-09-08,,,,,,,
2014-09-09,,,,,,,
2014-09-10,,,,,,,
2014-09-11,2014.6945,3.6,-288.1,-10.0,2.6,2.4,8.3
2014-09-12,2014.6973,2.2,-288.6,-7.1,2.1,2.2,6.8
2014-09-13,2014.7,3.1,-288.2,-5.8,2.1,2.2,7.0
2014-09-14,2014.7027,4.0,-287.9,-1.8,2.1,2.1,6.8
2014-09-15,2014.7055,2.8,-287.4,-3.4,2.2,2.3,7.0
2014-09-16,2014.7082,3.6,-287.6,-8.1,2.0,2.1,6.6
2014-09-17,2014.711,1.1,-286.7,-7.0,2.0,2.1,6.4
2014-09-18,2014.7137,2.1,-289.5,-4.7,2.0,2.1,6.5
2014-09-19,2014.7164,2.4,-287.2,-5.4,2.1,2.2,6.7
2014-09-20,2014.7192,2.1,-287.2,-8.8,2.0,2.1,6.4
2014-09-21,2014.7219,3.0,-287.4,-11.5,2.1,2.1,6.7
2014-09-22,2014.7247,3.9,-287.7,-10.7,2.0,2.0,6.3
2014-09-23,2014.7274,2.2,-287.4,-7.0,1.9,1.9,6.0
2014-09-24,2014.7301,1.0,-286.8,-4.8,2.0,2.0,6.3
2014-09-25,2014.7329,3.4,-287.4,-6.8,2.0,2.1,6.5
2014-09-26,2014.7356,2.0,-285.8,-10.3,2.0,2.0,6.3
2014-09-27,2014.7384,3.9,-285.9,-4.5,2.1,2.2,6.9
2014-09-28,2014.7411,3.0,-287.6,-8.8,2.2,2.3,7.1
2014-09-29,2014.7438,3.7,-287.4,-7.7,2.0,2.0,6.2
2014-09-30,2014.7466,4.0,-286.3,-11.5,2.3,2.2,7.5
2014-10-01,2014.7493,3.5,-286.6,-3.6,2.0,2.2,6.3
2014-10-02,2014.7521,4.2,-286.1,-5.8,2.2,2.4,7.1
2014-10-03,2014.7548,2.7,-285.8,-7.3,2.1,2.2,6.8
2014-10-04,2014.7575,2.9,-285.8,-12.6,2.0,2.0,6.3
2014-10-05,2014.7603,3.8,-285.9,-5.6,1.9,1.9,6.2
2014-10-06,2014.763,4.4,-286.9,-5.7,2.1,2.2,6.6
2014-10-07,2014.7658,5.1,-283.6,-6.3,2.1,2.3,6.6
2014-10-08,2014.7685,4.8,-286.6,-3.4,1.9,2.0,6.0
2014-10-09,2014.7712,4.3,-286.2,-6.5,2.0,2.0,6.3
2014-10-10,2014.774,5.2,-286.4,-8.53,2.1,2.1,6.17
2014-10-11,2014.7767,5.5,-284.6,-10.57,2.0,2.0,6.03
2014-10-12,2014.7795,4.4,-284.3,-12.6,1.8,1.8,5.9
2014-10-13,2014.7822,4.4,-284.4,-9.5,2.0,2.1,6.3
2014-10-14,2014.7849,4.6,-285.2,-8.4,2.0,1.9,6.2
2014-10-15,2014.7877,4.1,-284.9,-9.0,1.9,1.8,5.8
2014-10-16,2014.7904,3.8,-283.4,-8.6,1.9,1.9,6.0
2014-10-17,2014.7932,3.6,-284.6,-5.5,1.9,1.9,6.1
2014-10-18,2014.7959,2.9,-283.8,-5.2,2.0,1.9,6.4
2014-10-19,2014.7986,2.7,-284.5,-8.1,1.9,1.8,6.0
2014-10-20,2014.8014,3.6,-284.5,-8.9,2.0,2.0,6.2
2014-10-21,2014.8041,2.0,-284.3,-9.0,2.0,2.0,6.4
2014-10-22,2014.8068,2.2,-283.2,-7.6,2.0,2.0,6.5
2014-10-23,2014.8096,3.3,-284.4,-3.7,2.0,1.9,6.1
2014-10-24,2014.8123,3.0,-283.4,-3.2,2.0,2.3,6.4
2014-10-25,2014.8151,3.0,-283.7,-5.8,1.9,1.9,6.0
2014-10-26,2014.8178,5.0,-283.6,-9.7,2.1,2.3,6.6
2014-10-27,2014.8205,3.5,-284.7,-7.3,2.0,2.1,6.4
2014-10-28,2014.8233,4.4,-285.8,-5.4,2.1,2.1,6.4
2014-10-29,2014.826,4.6,-286.1,-10.6,1.9,2.0,6.0
2014-10-30,2014.8288,5.1,-285.9,-14.1,2.1,2.0,6.5
2014-10-31,2014.8315,4.1,-285.7,-13.1,1.9,1.8,6.1
2014-11-01,2014.8342,3.6,-284.1,-13.2,1.9,1.8,5.9
2014-11-02,2014.837,3.6,-283.5,-12.2,2.0,2.1,6.3
2014-11-03,2014.8397,2.0,-284.5,-6.2,2.1,2.0,6.4
2014-11-04,2014.8425,0.9,-284.4,-10.5,2.0,2.0,6.3
2014-11-05,2014.8452,3.6,-284.7,-6.0,2.1,2.1,6.7
2014-11-06,2014.8479,3.6,-284.2,-11.1,2.0,2.0,6.2
2014-11-07,2014.8507,2.6,-283.4,-3.3,2.0,2.0,6.2
2014-11-08,2014.8534,4.2,-283.8,-7.6,1.9,1.8,6.0
2014-11-09,2014.8562,3.2,-283.7,-11.1,1.8,1.8,5.9
2014-11-10,2014.8589,3.6,-283.7,-14.8,1.9,1.9,6.1
2014-11-11,2014.8616,2.6,-282.9,-12.9,2.0,1.9,6.2
2014-11-12,2014.8644,3.1,-284.2,-12.3,2.1,2.1,6.6
2014-11-13,2014.8671,2.6,-283.7,-13.1,2.0,2.1,6.3
2014-11-14,2014.8699,2.1,-284.5,-14.0,1.8,1.8,5.9
2014-11-15,2014.8726,2.1,-283.1,-12.9,1.8,1.7,5.7
2014-11-16,2014.8753,2.6,-283.4,-13.9,1.8,1.8,5.8
2014-11-17,2014.8781,1.6,-284.5,-12.1,1.9,1.9,6.0
2014-11-18,2014.8808,0.8,-282.7,-8.1,2.0,2.0,6.4
2014-11-19,2014.8836,1.8,-283.2,-9.6,2.0,1.9,6.3
2014-11-20,2014.8863,1.9,-283.3,-10.3,1.9,1.9,6.1
2014-11-21,2014.889,0.9,-283.8,-11.0,2.0,2.0,6.5
2014-11-22,2014.8918,1.4,-283.8,-9.9,2.0,2.0,6.3
2014-11-23,2014.8945,1.5,-283.3,-11.3,1.8,1.8,5.8
2014-11-24,2014.8973,-0.1,-284.4,-7.0,2.1,2.3,6.6
2014-11-25,2014.9,1.9,-283.4,-9.8,2.1,2.1,6.6
2014-11-26,2014.9027,3.5,-283.9,-8.1,2.0,2.0,6.4
2014-11-27,2014.9055,2.8,-283.4,-6.4,1.9,1.9,6.0
2014-11-28,2014.9082,3.5,-284.5,-9.3,1.9,2.0,6.1
2014-11-29,2014.911,3.6,-284.1,-15.3,1.9,2.0,6.1
2014-11-30,2014.9137,2.2,-282.2,-11.1,1.9,1.9,6.0
2014-12-01,2014.9164,2.9,-281.5,-10.1,1.8,1.8,5.8
2014-12-02,2014.9192,4.9,-283.0,-11.3,2.0,2.3,6.5
2014-12-03,2014.9219,4.4,-282.7,-9.1,1.8,1.9,5.8
2014-12-04,2014.9247,2.7,-281.8,-6.8,2.0,2.0,6.4
2014-12-05,2014.9274,3.1,-283.0,-8.0,2.0,2.1,6.3
2014-12-06,2014.9301,3.4,-283.0,-7.5,1.9,2.0,6.1
2014-12-07,2014.9329,2.9,-282.7,-2.0,1.9,1.9,6.2
2014-12-08,2014.9356,4.4,-281.7,-9.4,1.8,1.8,5.9
2014-12-09,2014.9384,3.6,-282.3,-12.1,1.9,1.9,6.2
2014-12-10,2014.9411,3.4,-281.0,-14.4,2.0,2.1,6.3
2014-12-11,2014.9438,2.7,-281.8,-14.8,2.0,2.1,6.4
2014-12-12,2014.9466,3.2,-281.3,-10.8,2.0,2.1,6.3
2014-12-13,2014.9493,3.3,-281.4,-12.0,1.8,1.9,5.8
2014-12-14,2014.9521,3.7,-281.3,-14.4,1.8,2.0,5.9
2014-12-15,2014.9548,3.7,-281.2,-12.8,2.0,2.1,6.4
2014-12-16,2014.9575,2.7,-279.4,-11.0,1.9,2.1,6.2
2014-12-17,2014.9603,2.1,-280.5,-4.3,1.8,1.9,5.9
2014-12-18,2014.963,3.1,-280.0,-8.5,1.9,2.0,6.0
2014-12-19,2014.9658,3.0,-280.2,-4.3,1.9,2.0,6.3
2014-12-20,2014.9685,2.3,-279.8,-7.5,2.0,2.1,6.2
2014-12-21,2014.9712,2.6,-280.0,-4.1,1.7,1.7,5.5
2014-12-22,2014.974,2.6,-279.3,-4.5,1.9,2.1,6.0
2014-12-23,2014.9767,3.4,-280.2,-6.9,1.9,2.0,6.1
2014-12-24,2014.9795,3.4,-278.7,-1.2,1.8,1.9,5.9
2014-12-25,2014.9822,4.7,-279.3,-3.9,2.0,2.2,6.4
2014-12-26,2014.9849,1.2,-278.0,-7.1,1.9,1.9,5.9
2014-12-27,2014.9877,4.1,-279.9,-5.1,2.0,2.1,6.2
2014-12-28,2014.9904,2.9,-279.2,-3.6,1.8,1.9,5.9
2014-12-29,2014.9932,4.0,-278.9,-2.2,1.9,2.1,6.1
2014-12-30,2014.9959,3.0,-278.2,-7.4,1.9,1.9,5.9
2014-12-31,2014.9986,3.2,-278.1,-3.6,1.9,1.9,6.2
2015-01-01,2015.0014,2.3,-278.4,-3.1,1.9,2.0,6.2
2015-01-02,2015.0041,2.0,-278.2,1.7,1.9,1.9,6.1
2015-01-03,2015.0068,2.1,-279.1,1.9,1.9,1.9,5.9
2015-01-04,2015.0096,2.9,-278.1,0.7,1.8,1.8,5.8
2015-01-05,2015.0123,3.9,-277.7,-3.7,1.9,1.9,5.9
2015-01-06,2015.0151,3.1,-278.7,-8.4,2.0,2.0,6.2
2015-01-07,2015.0178,2.9,-277.9,-8.4,1.9,1.9,6.1
2015-01-08,2015.0205,2.9,-277.0,-7.6,1.9,1.9,6.0
2015-01-09,2015.0233,2.1,-277.2,-4.6,2.0,2.1,6.5
2015-01-10,2015.026,3.3,-275.8,-8.1,2.0,2.0,6.3
2015-01-11,2015.0288,2.6,-276.4,-6.4,1.9,2.1,6.2
2015-01-12,2015.0315,4.0,-276.6,-7.9,1.8,1.9,6.1
2015-01-13,2015.0342,3.5,-275.0,-9.3,1.9,2.0,6.2
2015-01-14,2015.037,3.4,-276.3,-8.8,2.1,2.2,6.6
2015-01-15,2015.0397,3.9,-276.7,-8.6,1.9,2.0,6.1
2015-01-16,2015.0425,2.8,-276.9,-12.6,1.9,2.0,6.1
2015-01-17,2015.0452,3.8,-276.8,-11.9,2.0,2.1,6.3
2015-01-18,2015.0479,2.8,-277.3,-11.2,2.0,2.1,6.5
2015-01-19,,,,,,,
2015-01-20,,,,,,,
2015-01-21,,,,,,,
2015-01-22,,,,,,,
2015-01-23,2015.0616,5.1,-277.3,-6.0,2.1,2.1,6.8
2015-01-24,2015.0644,5.2,-278.0,-8.7,2.1,2.2,6.7
2015-01-25,2015.0671,6.0,-276.9,-10.4,1.9,2.0,6.2
2015-01-26,2015.0699,6.6,-276.4,-10.5,2.0,2.1,6.5
2015-01-27,2015.0726,6.7,-276.0,-7.4,2.1,2.2,6.5
2015-01-28,2015.0753,6.7,-274.9,-8.4,1.9,1.9,5.9
2015-01-29,2015.0781,5.3,-274.9,-7.4,1.8,2.0,5.8
2015-01-30,2015.0808,5.7,-276.4,-8.4,1.8,1.9,5.7
2015-01-31,2015.0836,6.0,-275.8,-5.1,2.0,2.2,6.5
2015-02-01,2015.0863,5.6,-275.9,-6.9,1.8,1.9,5.9
2015-02-02,2015.089,6.1,-275.8,-9.2,2.0,2.2,6.5
2015-02-03,2015.0918,6.9,-275.1,-10.35,1.9,2.1,6.42
2015-02-04,2015.0945,6.5,-274.6,-11.5,2.0,2.1,6.35
2015-02-05,2015.0973,7.0,-275.0,-12.65,1.9,2.0,6.28
2015-02-06,2015.1,6.4,-273.5,-13.8,2.0,2.1,6.2
2015-02-07,2015.1027,7.4,-273.1,-10.6,2.0,2.1,6.4
2015-02-08,2015.1055,6.1,-273.7,-8.7,1.9,2.0,5.9
2015-02-09,2015.1082,6.0,-275.7,-6.9,1.9,2.0,6.1
2015-02-10,2015.111,5.9,-276.6,-7.3,2.0,2.1,6.3
2015-02-11,2015.1137,5.8,-274.1,-7.4,2.0,2.0,6.4
2015-02-12,2015.1164,5.7,-276.0,-2.8,2.0,2.1,6.5
2015-02-13,2015.1192,5.3,-275.0,-3.75,2.1,2.2,6.45
2015-02-14,2015.1219,5.5,-275.5,-4.7,2.0,2.1,6.4
2015-02-15,2015.1247,4.8,-274.3,-6.8,1.9,1.9,6.0
2015-02-16,2015.1274,5.8,-275.0,-3.4,2.0,2.0,6.3
2015-02-17,2015.1301,6.5,-276.5,-3.5,2.1,2.1,6.3
2015-02-18,2015.1329,5.3,-275.5,-3.6,1.9,2.0,6.3
2015-02-19,2015.1356,6.6,-276.1,-8.8,2.0,2.1,6.5
2015-02-20,2015.1384,6.9,-275.9,-8.6,2.1,2.1,6.6
2015-02-21,2015.1411,5.7,-273.8,-7.8,2.0,2.0,6.4
2015-02-22,2015.1438,6.1,-275.2,-6.8,2.0,2.0,6.3
2015-02-23,2015.1466,4.5,-275.2,-7.7,1.9,2.0,6.3
2015-02-24,2015.1493,8.5,-275.1,-5.9,1.9,2.1,6.3
2015-02-25,2015.1521,6.3,-274.1,-4.7,1.9,2.0,6.2
2015-02-26,2015.1548,6.8,-274.6,-1.9,2.0,2.1,6.5
2015-02-27,2015.1575,7.2,-275.6,-9.9,1.9,2.0,6.2
2015-02-28,2015.1603,5.9,-275.3,-6.4,1.9,2.0,6.2
2015-03-01,2015.163,5.9,-274.1,-5.3,1.9,2.0,6.1
2015-03-02,2015.1658,10.0,-274.4,-1.4,2.1,2.2,6.6
2015-03-03,2015.1685,6.5,-273.5,-1.7,1.9,2.0,6.1
2015-03-04,2015.1712,7.4,-273.5,-2.8,1.9,1.9,6.2
2015-03-05,2015.174,7.3,-275.2,-3.0,2.1,2.3,6.8
2015-03-06,2015.1767,7.8,-273.6,-3.4,2.0,2.1,6.5
2015-03-07,2015.1795,7.9,-273.6,-3.2,1.8,1.8,5.9
2015-03-08,2015.1822,7.3,-273.0,-6.5,1.9,1.9,6.1
2015-03-09,2015.1849,7.1,-271.3,-2.1,2.0,2.2,6.4
2015-03-10,2015.1877,7.7,-272.7,-4.7,1.9,1.9,6.1
2015-03-11,2015.1904,6.2,-272.5,-2.7,2.0,1.9,6.3
2015-03-12,2015.1932,7.7,-274.6,-4.1,1.9,2.0,6.3
2015-03-13,2015.1959,7.3,-273.2,-6.5,2.0,2.0,6.4
2015-03-14,2015.1986,5.8,-272.7,-3.4,1.9,2.0,6.3
2015-03-15,2015.2014,7.2,-272.6,0.5,1.8,1.8,5.8
2015-03-16,2015.2041,7.1,-273.3,-2.7,1.9,2.0,6.2
2015-03-17,2015.2068,8.6,-274.0,-3.2,1.9,2.0,6.1
2015-03-18,2015.2096,7.2,-273.5,-5.0,1.9,1.9,6.1
2015-03-19,2015.2123,5.6,-272.1,-7.2,2.0,2.1,6.5
2015-03-20,2015.2151,6.0,-271.5,-2.2,2.1,2.3,6.5
2015-03-21,2015.2178,5.9,-272.0,-3.3,2.0,2.1,6.4
2015-03-22,2015.2205,7.3,-272.2,-5.2,2.1,2.1,6.6
2015-03-23,2015.2233,5.8,-270.8,-2.0,2.2,2.4,7.2
2015-03-24,2015.226,6.7,-271.0,1.5,2.1,2.1,6.6
2015-03-25,2015.2288,5.7,-269.7,0.9,2.0,2.1,6.3
2015-03-26,2015.2315,5.5,-270.2,-3.2,2.1,2.2,6.7
2015-03-27,2015.2342,6.6,-271.5,1.2,2.2,2.4,6.8
2015-03-28,2015.237,6.8,-273.0,1.9,2.1,2.2,6.7
2015-03-29,2015.2397,6.0,-271.0,0.6,2.2,2.4,6.9
2015-03-30,2015.2425,6.6,-272.7,2.0,2.1,2.1,6.5
2015-03-31,2015.2452,4.5,-270.0,4.5,2.2,2.1,7.1
2015-04-01,2015.2479,4.9,-270.2,5.3,2.0,2.0,6.2
2015-04-02,2015.2507,7.6,-271.1,2.1,2.3,2.6,7.4
2015-04-03,2015.2534,7.9,-270.8,0.4,2.3,2.4,7.4
2015-04-04,2015.2562,7.9,-269.8,-3.7,2.0,2.1,6.5
2015-04-05,2015.2589,7.3,-269.4,-7.3,1.9,2.0,6.2
2015-04-06,2015.2616,8.8,-269.1,-6.5,2.0,2.0,6.4
2015-04-07,2015.2644,5.9,-270.0,-6.1,1.9,2.0,6.3
2015-04-08,2015.2671,7.2,-269.6,-4.8,2.0,2.2,6.6
2015-04-09,2015.2699,6.2,-268.0,-5.7,2.1,2.2,6.7
2015-04-10,2015.2726,7.0,-269.4,-8.1,2.0,2.0,6.5
2015-04-11,2015.2753,6.2,-268.3,-7.9,2.0,2.1,6.45
2015-04-12,2015.2781,5.5,-268.9,-7.7,2.0,2.1,6.4
2015-04-13,2015.2808,5.5,-269.6,-3.8,2.0,2.0,6.3
2015-04-14,2015.2836,7.0,-270.2,2.6,2.1,2.3,6.8
2015-04-15,2015.2863,6.4,-268.7,-0.6,2.3,2.4,7.3
2015-04-16,2015.289,7.8,-269.6,0.1,2.1,2.2,6.7
2015-04-17,2015.2918,6.7,-270.2,-2.2,2.2,2.2,7.2
2015-04-18,,,,,,,
2015-04-19,,,,,,,
2015-04-20,,,,,,,
2015-04-21,,,,,,,
2015-04-22,,,,,,,
2015-04-23,,,,,,,
2015-04-24,,,,,,,
2015-04-25,,,,,,,
2015-04-26,,,,,,,
2015-04-27,,,,,,,
2015-04-28,,,,,,,
2015-04-29,,,,,,,
2015-04-30,,,,,,,
2015-05-01,,,,,,,
2015-05-02,,,,,,,
2015-05-03,,,,,,,
2015-05-04,,,,,,,
2015-05-05,,,,,,,
2015-05-06,,,,,,,
2015-05-07,,,,,,,
2015-05-08,,,,,,,
2015-05-09,,,,,,,
2015-05-10,,,,,,,
2015-05-11,,,,,,,
2015-05-12,,,,,,,
2015-05-13,,,,,,,
2015-05-14,,,,,,,
2015-05-15,,,,,,,
2015-05-16,,,,,,,
2015-05-17,,,,,,,
2015-05-18,,,,,,,
2015-05-19,,,,,,,
2015-05-20,,,,,,,
2015-05-21,,,,,,,
2015-05-22,,,,,,,
2015-05-23,,,,,,,
2015-05-24,,,,,,,
2015-05-25,,,,,,,
2015-05-26,,,,,,,
2015-05-27,,,,,,,
2015-05-28,,,,,,,
2015-05-29,,,,,,,
2015-05-30,,,,,,,
2015-05-31,,,,,,,
2015-06-01,2015.4151,2.5,-266.1,3.3,2.4,2.4,7.9
2015-06-02,2015.4178,2.5,-267.1,-2.7,2.2,2.5,7.3
2015-06-03,2015.4205,2.5,-267.2,-3.5,2.3,2.3,7.5
2015-06-04,2015.4233,2.4,-267.5,0.1,2.1,2.2,6.8
2015-06-05,2015.426,2.6,-266.8,1.3,2.4,2.5,7.7
2015-06-06,2015.4288,2.7,-267.6,-5.2,2.4,2.6,7.8
2015-06-07,2015.4315,1.5,-265.7,-2.5,2.2,2.3,7.2
2015-06-08,2015.4342,2.7,-268.7,-1.6,2.6,2.8,8.4
2015-06-09,2015.437,3.2,-267.6,-1.8,2.5,2.7,8.4
2015-06-10,2015.4397,3.7,-266.9,-4.6,2.2,2.4,7.2
2015-06-11,2015.4425,2.5,-267.4,-4.3,2.2,2.4,7.3
2015-06-12,2015.4452,3.0,-264.2,4.9,2.3,2.4,7.5
2015-06-13,2015.4479,1.8,-264.8,1.6,2.1,2.2,6.9
2015-06-14,2015.4507,1.4,-267.1,2.4,2.4,2.6,7.7
2015-06-15,2015.4534,-0.4,-265.2,-0.7,2.6,2.7,8.5
2015-06-16,2015.4562,1.8,-266.9,3.9,2.3,2.4,7.5
2015-06-17,2015.4589,3.9,-267.8,-2.4,2.2,2.4,7.3
2015-06-18,2015.4616,4.3,-267.6,-10.0,2.4,2.5,7.8
2015-06-19,2015.4644,3.8,-263.9,-11.0,2.4,2.4,8.1
2015-06-20,2015.4671,2.7,-265.8,-4.4,2.4,2.4,7.7
2015-06-21,2015.4699,3.5,-265.6,-0.2,2.2,2.8,7.3
2015-06-22,2015.4726,2.7,-265.9,-0.2,2.4,2.5,7.7
2015-06-23,2015.4753,4.0,-265.0,-1.6,2.0,2.0,6.4
2015-06-24,2015.4781,2.6,-265.2,0.8,2.4,2.4,7.6
2015-06-25,2015.4808,3.2,-266.0,-0.6,2.3,2.4,7.8
2015-06-26,2015.4836,2.1,-265.8,0.7,2.3,2.3,7.6
2015-06-27,2015.4863,1.8,-265.3,2.9,2.4,2.5,8.0
2015-06-28,2015.489,3.6,-266.6,-2.9,2.2,2.3,7.5
2015-06-29,2015.4918,1.7,-265.3,-5.7,2.9,2.8,9.8
2015-06-30,2015.4945,2.9,-264.0,-1.9,2.4,2.3,7.8
2015-07-01,2015.4973,1.6,-266.1,-3.7,2.7,2.6,9.4
2015-07-02,2015.5,2.9,-265.8,-5.9,2.4,2.4,7.5
2015-07-03,2015.5027,3.6,-263.8,-6.6,2.2,2.2,7.2
2015-07-04,2015.5055,0.9,-262.3,-9.8,2.9,3.0,9.9
2015-07-05,2015.5082,2.9,-265.0,0.2,2.5,2.6,8.2
2015-07-06,2015.511,2.0,-264.2,-8.2,2.3,2.3,7.5
2015-07-07,2015.5137,2.6,-265.5,-7.9,2.2,2.3,7.3
2015-07-08,2015.5164,2.1,-264.5,-12.4,2.2,2.3,7.6
2015-07-09,2015.5192,2.4,-265.1,-5.8,2.3,2.4,7.4
2015-07-10,2015.5219,2.8,-264.4,-2.4,2.1,2.1,6.8
2015-07-11,2015.5247,2.6,-265.5,0.6,2.5,2.6,8.1
2015-07-12,2015.5274,0.7,-263.4,-5.6,2.3,2.4,7.5
2015-07-13,2015.5301,3.8,-264.9,-6.2,2.4,2.4,7.8
2015-07-14,2015.5329,1.7,-264.5,-2.5,2.3,2.4,7.7
2015-07-15,2015.5356,1.7,-264.8,-9.7,2.4,2.4,8.0
2015-07-16,2015.5384,2.1,-264.1,-1.2,2.2,2.2,7.0
2015-07-17,2015.5411,3.4,-263.1,-7.8,2.6,2.6,8.3
2015-07-18,2015.5438,2.3,-264.1,-3.6,2.2,2.2,6.9
2015-07-19,2015.5466,3.1,-263.1,-6.3,2.1,2.2,7.1
2015-07-20,2015.5493,1.9,-262.7,-3.7,2.4,2.4,7.7
2015-07-21,2015.5521,4.6,-266.0,-8.3,2.6,2.5,8.6
2015-07-22,2015.5548,2.7,-265.0,-10.8,2.5,2.5,8.4
2015-07-23,2015.5575,2.7,-264.6,-3.6,2.3,2.3,7.8
2015-07-24,2015.5603,3.3,-263.7,-0.4,2.4,2.3,7.8
2015-07-25,2015.563,3.3,-263.9,-4.1,2.3,2.3,7.5
2015-07-26,2015.5658,2.3,-263.6,-2.5,2.4,2.4,7.9
2015-07-27,2015.5685,-0.3,-261.2,-2.1,2.2,2.1,7.1
2015-07-28,2015.5712,1.8,-264.2,1.1,2.5,2.5,8.1
2015-07-29,2015.574,0.7,-262.4,0.9,2.3,2.3,7.7
2015-07-30,2015.5767,2.7,-261.0,4.8,2.3,2.3,7.3
2015-07-31,2015.5795,1.2,-261.2,1.9,2.8,2.7,9.4
2015-08-01,2015.5822,2.4,-263.0,2.6,2.6,2.5,8.7
2015-08-02,2015.5849,3.6,-261.6,-3.1,2.5,2.4,8.1
2015-08-03,2015.5877,3.7,-261.5,-7.4,2.5,2.5,8.0
2015-08-04,2015.5904,2.8,-262.0,-4.5,2.3,2.3,7.2
2015-08-05,2015.5932,2.6,-262.2,-3.2,2.3,2.4,7.4
2015-08-06,2015.5959,3.7,-259.0,-3.2,2.4,2.4,7.7
2015-08-07,2015.5986,3.9,-260.8,-7.3,2.3,2.2,7.3
2015-08-08,2015.6014,4.5,-261.5,-6.9,2.6,2.7,8.1
2015-08-09,2015.6041,4.8,-260.5,-8.9,2.6,2.5,8.5
2015-08-10,2015.6068,2.9,-261.1,-5.5,2.4,2.3,8.0
2015-08-11,2015.6096,2.6,-259.0,-3.0,2.2,2.1,7.2
2015-08-12,2015.6123,4.3,-260.0,-12.6,2.5,2.4,8.0
2015-08-13,2015.6151,4.9,-260.8,-8.4,2.4,2.3,7.6
2015-08-14,2015.6178,3.3,-258.9,-4.2,2.3,2.1,7.2
2015-08-15,2015.6205,3.4,-259.5,-7.6,2.6,2.5,8.4
2015-08-16,2015.6233,2.9,-260.6,-4.0,2.5,2.4,7.8
2015-08-17,2015.626,4.3,-259.0,-6.4,2.2,2.2,6.9
2015-08-18,2015.6288,4.9,-259.9,-9.8,2.1,2.0,6.7
2015-08-19,2015.6315,4.3,-257.1,-10.4,2.2,2.2,7.0
2015-08-20,2015.6342,3.6,-258.6,-7.3,2.1,2.1,6.8
2015-08-21,2015.637,3.6,-259.1,-5.7,2.1,2.1,7.0
2015-08-22,2015.6397,2.3,-259.5,-7.1,2.2,2.1,7.0
2015-08-23,2015.6425,1.6,-258.4,-1.2,2.1,2.1,6.8
2015-08-24,2015.6452,2.8,-259.0,-2.4,2.2,2.3,7.2
2015-08-25,2015.6479,1.7,-258.1,-2.8,2.1,2.0,6.5
2015-08-26,2015.6507,3.7,-259.5,-3.0,2.3,2.4,7.5
2015-08-27,2015.6534,1.9,-259.7,-6.6,2.1,2.0,6.7
2015-08-28,2015.6562,1.3,-260.0,-3.6,2.1,2.0,6.8
2015-08-29,2015.6589,2.7,-259.3,-9.9,2.3,2.2,7.2
2015-08-30,2015.6616,4.7,-257.1,-6.0,2.2,2.2,7.3
2015-08-31,2015.6644,2.2,-258.2,-2.2,2.2,2.1,6.9
2015-09-01,2015.6671,2.3,-259.8,-9.9,2.1,2.2,6.8
2015-09-02,2015.6699,2.8,-257.8,-8.7,2.3,2.3,7.4
2015-09-03,2015.6726,0.7,-258.7,-14.7,2.4,2.4,7.9
2015-09-04,2015.6753,1.1,-260.7,-14.1,2.4,2.3,7.6
2015-09-05,2015.6781,3.8,-259.9,-7.2,2.0,1.9,6.4
2015-09-06,2015.6808,2.3,-257.8,-2.9,2.2,2.0,7.1
2015-09-07,2015.6836,2.2,-258.4,-8.2,2.0,2.0,6.6
2015-09-08,2015.6863,3.9,-258.1,-13.2,2.0,1.9,6.6
2015-09-09,2015.689,2.5,-259.4,-14.1,2.1,2.1,6.9
2015-09-10,2015.6918,2.2,-258.0,-15.7,2.3,2.2,7.4
2015-09-11,2015.6945,1.6,-257.6,-12.6,2.2,2.1,6.9
2015-09-12,2015.6973,2.2,-258.0,-12.2,2.1,2.0,6.4
2015-09-13,2015.7,2.8,-257.9,-11.9,2.1,2.0,6.3
2015-09-14,2015.7027,3.1,-257.2,-6.0,2.1,2.0,6.6
2015-09-15,2015.7055,3.4,-258.0,-10.9,1.8,1.8,5.8
2015-09-16,2015.7082,3.1,-258.2,-15.8,2.3,2.2,7.3
2015-09-17,2015.711,1.7,-258.0,-13.4,2.0,2.0,6.5
2015-09-18,2015.7137,4.3,-259.4,-10.1,1.9,1.8,6.1
2015-09-19,2015.7164,2.7,-258.1,-9.5,2.2,2.2,6.9
2015-09-20,2015.7192,4.2,-257.2,-7.8,2.1,2.1,6.7
2015-09-21,2015.7219,4.0,-257.5,-11.8,2.4,2.3,7.6
2015-09-22,2015.7247,3.1,-257.5,-8.7,2.3,2.3,7.4
2015-09-23,2015.7274,3.2,-257.1,-8.6,2.1,2.1,6.9
2015-09-24,2015.7301,2.5,-255.3,-12.2,2.2,2.1,6.9
2015-09-25,2015.7329,3.1,-256.2,-11.1,2.0,2.0,6.3
2015-09-26,2015.7356,4.4,-257.0,-6.6,1.9,1.8,6.0
2015-09-27,2015.7384,3.7,-256.5,-10.1,2.0,1.9,6.3
2015-09-28,2015.7411,4.9,-256.6,-13.9,2.0,1.9,6.4
2015-09-29,2015.7438,4.0,-257.2,-9.4,2.2,2.2,7.1
2015-09-30,2015.7466,2.7,-255.4,-17.3,2.1,2.1,6.5
2015-10-01,2015.7493,2.7,-257.1,-12.8,2.2,2.2,6.7
2015-10-02,2015.7521,2.8,-256.3,-10.8,2.0,1.9,6.3
2015-10-03,2015.7548,3.0,-255.8,-13.5,2.0,2.0,6.3
2015-10-04,2015.7575,4.2,-255.7,-10.7,1.9,1.9,6.1
2015-10-05,2015.7603,3.0,-256.3,-6.5,2.0,1.9,6.3
2015-10-06,2015.763,3.7,-256.1,-11.6,2.1,2.0,6.5
2015-10-07,2015.7658,2.5,-256.7,-10.6,2.1,2.0,6.5
2015-10-08,2015.7685,3.0,-254.8,-13.2,1.9,1.7,5.8
2015-10-09,2015.7712,2.1,-254.8,-15.7,1.8,1.7,5.8
2015-10-10,2015.774,3.2,-255.6,-17.3,2.0,1.9,6.2
2015-10-11,2015.7767,3.5,-256.0,-15.4,1.9,1.9,6.2
2015-10-12,2015.7795,1.9,-256.1,-13.6,1.9,1.8,6.1
2015-10-13,2015.7822,2.0,-256.0,-13.9,2.0,1.9,6.3
2015-10-14,2015.7849,2.7,-255.2,-7.6,1.9,1.9,6.1
2015-10-15,2015.7877,2.8,-257.5,-8.1,2.1,2.1,6.8
2015-10-16,2015.7904,2.5,-255.3,-12.8,1.8,1.8,5.8
2015-10-17,2015.7932,2.5,-255.5,-8.9,1.9,1.8,6.0
2015-10-18,2015.7959,3.4,-255.9,-10.2,1.9,1.9,6.0
2015-10-19,2015.7986,2.3,-255.6,-6.8,1.9,1.9,6.1
2015-10-20,2015.8014,4.3,-255.6,-9.5,2.1,2.0,6.6
2015-10-21,2015.8041,1.3,-254.6,-9.5,2.0,1.9,6.2
2015-10-22,2015.8068,1.7,-255.3,-10.1,1.9,2.0,6.2
2015-10-23,2015.8096,2.6,-254.7,-6.2,2.1,2.1,6.5
2015-10-24,2015.8123,1.9,-254.3,-11.8,1.9,2.0,6.2
2015-10-25,2015.8151,2.8,-254.1,-13.2,1.9,1.8,6.1
2015-10-26,2015.8178,2.6,-254.5,-12.2,2.1,2.2,6.7
2015-10-27,2015.8205,3.2,-255.4,-9.1,2.0,1.9,6.3
2015-10-28,2015.8233,2.5,-253.1,-11.3,1.9,1.9,6.0
2015-10-29,2015.826,3.9,-253.5,-17.5,2.1,2.1,6.6
2015-10-30,2015.8288,3.8,-253.4,-14.75,2.0,1.9,6.35
2015-10-31,2015.8315,1.7,-252.2,-12.0,2.0,1.9,6.1
2015-11-01,2015.8342,2.2,-254.3,-11.9,2.0,1.9,6.2
2015-11-02,2015.837,2.2,-252.5,-6.8,2.1,2.1,6.6
2015-11-03,2015.8397,2.6,-254.3,-11.2,2.1,2.1,6.5
2015-11-04,2015.8425,1.8,-254.2,-7.8,1.9,1.8,6.0
2015-11-05,2015.8452,2.8,-253.2,-13.7,2.3,2.3,7.2
2015-11-06,2015.8479,1.7,-254.0,-11.8,1.9,1.9,6.2
2015-11-07,2015.8507,2.4,-255.2,-14.4,2.1,2.1,6.9
2015-11-08,2015.8534,2.4,-253.4,-12.4,1.9,1.8,6.0
2015-11-09,2015.8562,2.0,-253.3,-10.8,2.0,1.9,6.3
2015-11-10,2015.8589,1.6,-252.0,-8.4,1.8,1.8,5.8
2015-11-11,2015.8616,1.0,-252.7,-13.2,2.0,2.0,6.5
2015-11-12,2015.8644,0.0,-252.5,-8.8,1.9,1.9,6.2
2015-11-13,2015.8671,1.4,-253.6,-6.1,1.9,1.8,6.0
2015-11-14,2015.8699,1.7,-253.2,-7.9,1.9,1.9,6.0
2015-11-15,2015.8726,1.6,-252.5,-9.6,1.9,2.0,6.1
2015-11-16,2015.8753,1.4,-253.0,-10.7,1.9,1.8,5.9
2015-11-17,2015.8781,1.9,-253.5,-10.9,1.9,1.9,6.2
2015-11-18,2015.8808,2.4,-254.0,-11.7,2.0,2.1,6.5
2015-11-19,2015.8836,0.5,-252.8,-8.1,2.0,2.1,6.5
2015-11-20,2015.8863,2.0,-252.1,-8.7,2.0,2.0,6.5
2015-11-21,2015.889,1.3,-251.7,-9.8,2.0,2.0,6.3
2015-11-22,2015.8918,3.4,-252.7,-12.1,2.0,2.1,6.4
2015-11-23,2015.8945,2.9,-253.2,-13.35,2.0,2.1,6.35
2015-11-24,2015.8973,2.0,-253.2,-14.6,1.9,1.9,6.3
2015-11-25,2015.9,1.8,-253.3,-10.8,2.1,2.2,6.7
2015-11-26,2015.9027,2.3,-253.1,-6.4,1.9,1.9,6.2
2015-11-27,2015.9055,1.0,-252.6,-7.1,1.9,1.9,6.2
2015-11-28,2015.9082,1.4,-251.7,-5.5,2.0,1.9,6.3
2015-11-29,2015.911,0.7,-250.9,-4.1,2.0,2.0,6.3
2015-11-30,2015.9137,1.9,-252.0,-7.1,2.1,2.2,6.9
2015-12-01,2015.9164,0.8,-251.2,-6.1,2.1,2.0,6.6
2015-12-02,2015.9192,2.7,-251.2,-5.7,2.0,2.0,6.5
2015-12-03,2015.9219,2.2,-251.9,-7.9,1.9,1.9,6.1
2015-12-04,2015.9247,2.6,-251.5,-5.8,1.9,1.9,6.2
2015-12-05,2015.9274,0.6,-251.5,-5.4,1.8,1.8,6.0
2015-12-06,2015.9301,1.4,-251.5,-2.4,2.0,2.0,6.3
2015-12-07,2015.9329,1.5,-249.1,-3.4,1.9,1.9,6.1
2015-12-08,2015.9356,2.0,-249.4,-4.1,1.9,1.8,6.0
2015-12-09,2015.9384,1.5,-248.6,-3.2,1.9,1.9,6.1
2015-12-10,2015.9411,3.3,-250.6,-2.4,2.0,1.9,6.2
2015-12-11,2015.9438,1.9,-249.3,-5.0,2.2,2.2,6.9
2015-12-12,2015.9466,3.1,-249.8,-12.3,2.0,2.2,6.4
2015-12-13,2015.9493,1.7,-251.4,-7.8,1.9,1.9,6.1
2015-12-14,2015.9521,2.8,-250.2,-12.2,2.1,2.2,6.6
2015-12-15,2015.9548,1.9,-249.3,-11.0,1.8,1.8,5.7
2015-12-16,2015.9575,1.1,-250.2,-8.5,1.9,1.9,6.0
2015-12-17,2015.9603,2.5,-249.9,-9.8,1.8,1.8,5.9
2015-12-18,2015.963,0.8,-248.3,-5.5,2.0,2.1,6.2
2015-12-19,2015.9658,1.4,-249.6,-7.0,1.8,1.8,5.7
2015-12-20,2015.9685,1.0,-249.0,-4.8,1.8,1.8,5.7
2015-12-21,2015.9712,1.9,-248.7,-8.0,1.8,1.7,5.7
2015-12-22,2015.974,2.1,-248.4,-7.7,1.8,1.8,5.9
2015-12-23,2015.9767,1.7,-248.8,-12.3,1.8,1.8,5.7
2015-12-24,2015.9795,1.8,-249.3,-12.2,1.8,1.8,5.9
2015-12-25,2015.9822,1.4,-248.3,-4.0,1.8,1.7,5.6
2015-12-26,2015.9849,2.0,-247.7,-7.9,1.9,1.9,6.0
2015-12-27,2015.9877,1.2,-248.1,-8.5,1.8,1.8,5.8
2015-12-28,2015.9904,1.5,-248.3,-12.5,1.7,1.8,5.6
2015-12-29,2015.9932,2.9,-249.0,-9.7,1.9,2.0,6.2
2015-12-30,2015.9959,3.2,-248.2,-9.8,1.9,1.9,6.1
2015-12-31,2015.9986,1.8,-249.2,-9.2,1.8,1.7,5.6
2016-01-01,2016.0014,4.3,-247.8,-5.0,1.9,2.0,6.0
2016-01-02,2016.0041,2.6,-247.9,-9.5,1.8,1.9,5.9
2016-01-03,2016.0068,2.6,-249.0,-12.4,1.8,1.8,5.8
2016-01-04,2016.0096,3.7,-248.2,-8.4,1.8,1.8,6.0
2016-01-05,2016.0123,3.7,-248.1,-9.1,1.8,1.8,5.9
2016-01-06,2016.015,3.7,-247.8,-10.3,1.8,1.8,5.8
2016-01-07,2016.0178,3.7,-249.3,-7.0,1.9,1.9,5.9
2016-01-08,2016.0205,2.7,-248.4,-6.0,1.8,1.8,5.8
2016-01-09,2016.0232,4.2,-248.8,-6.6,1.9,1.9,5.9
2016-01-10,2016.026,4.0,-247.6,-7.6,1.9,1.9,6.3
2016-01-11,2016.0287,4.2,-247.4,-9.5,1.8,1.9,5.9
2016-01-12,2016.0314,4.8,-248.5,-8.9,1.9,1.9,6.0
2016-01-13,2016.0342,2.0,-246.4,-11.0,1.8,1.9,5.8
2016-01-14,2016.0369,3.5,-246.6,-5.1,1.8,1.9,6.0
2016-01-15,2016.0396,4.5,-246.9,-2.5,2.1,2.3,6.8
2016-01-16,2016.0423,4.8,-246.6,-5.6,1.9,2.1,6.3
2016-01-17,2016.0451,3.5,-247.0,-6.7,1.9,2.0,6.4
2016-01-18,2016.0478,4.6,-247.3,-5.7,1.8,1.9,6.0
2016-01-19,2016.0505,4.5,-246.5,-8.2,1.9,1.9,6.0
2016-01-20,2016.0533,5.4,-245.8,-7.1,1.8,1.8,5.9
2016-01-21,2016.056,5.3,-246.7,-9.0,1.9,2.0,5.85
2016-01-22,2016.0587,5.3,-245.6,-10.9,1.9,2.0,5.8
2016-01-23,2016.0615,5.2,-246.5,-12.8,1.8,1.7,5.75
2016-01-24,2016.0642,4.3,-245.6,-14.7,1.7,1.7,5.7
2016-01-25,2016.0669,3.2,-245.2,-7.6,1.8,1.8,5.9
2016-01-26,2016.0697,2.9,-246.4,-5.1,1.8,1.7,5.8
2016-01-27,2016.0724,4.8,-247.3,-5.8,1.8,1.7,5.8
2016-01-28,2016.0751,5.0,-246.1,-10.6,1.8,1.8,6.0
2016-01-29,2016.0779,3.3,-245.7,-7.6,1.9,1.9,6.1
2016-01-30,2016.0806,4.6,-245.9,-9.8,2.0,2.0,6.3
2016-01-31,2016.0833,3.9,-245.5,-8.7,1.8,1.7,5.8
2016-02-01,2016.0861,3.1,-246.8,-10.2,1.8,1.8,6.0
2016-02-02,2016.0888,3.8,-246.9,-7.6,1.8,1.7,5.8
2016-02-03,2016.0915,4.2,-246.0,-9.2,1.8,1.8,6.0
2016-02-04,2016.0943,3.4,-247.0,-10.1,1.8,1.7,5.9
2016-02-05,2016.097,3.1,-245.4,-10.6,1.9,1.9,6.2
2016-02-06,2016.0997,3.4,-246.9,-10.5,1.7,1.6,5.6
2016-02-07,2016.1025,2.6,-245.1,-6.0,1.8,1.7,5.6
2016-02-08,2016.1052,2.1,-246.6,-3.2,1.8,1.7,5.6
2016-02-09,2016.1079,3.3,-246.0,0.6,1.9,1.9,6.1
2016-02-10,2016.1107,4.3,-244.3,-0.1,2.0,2.1,6.5
2016-02-11,2016.1134,5.8,-244.7,-3.8,1.9,1.9,6.2
2016-02-12,2016.1161,5.7,-244.4,-9.5,2.0,2.0,6.4
2016-02-13,2016.1189,5.4,-245.0,-10.3,2.0,2.0,6.3
2016-02-14,2016.1216,5.5,-245.9,-12.1,2.0,2.0,6.3
2016-02-15,2016.1243,3.8,-245.2,-9.1,1.9,1.9,6.1
2016-02-16,2016.127,5.2,-245.7,-6.9,1.8,1.8,5.9
2016-02-17,2016.1298,4.1,-245.7,-9.9,1.8,1.8,5.9
2016-02-18,2016.1325,4.5,-245.3,-10.9,1.8,1.8,6.0
2016-02-19,2016.1352,3.9,-245.6,-7.5,1.8,1.8,5.8
2016-02-20,2016.138,3.7,-244.1,-0.5,2.0,2.1,6.5
2016-02-21,2016.1407,4.3,-244.6,-2.9,1.9,1.9,6.1
2016-02-22,2016.1434,5.2,-244.0,-8.3,1.9,1.8,6.2
2016-02-23,2016.1462,3.8,-243.7,-9.4,1.8,1.8,6.0
2016-02-24,2016.1489,3.9,-245.0,-9.7,1.8,1.8,5.9
2016-02-25,2016.1516,3.5,-244.4,-10.8,1.8,1.8,5.9
2016-02-26,2016.1544,4.8,-243.8,-5.7,1.9,1.9,6.1
2016-02-27,2016.1571,3.2,-243.6,-6.7,2.0,2.1,6.4
2016-02-28,2016.1598,3.1,-243.4,-6.5,2.0,2.1,6.5
2016-02-29,2016.1626,3.9,-243.5,-4.0,1.9,1.8,6.1
2016-03-01,2016.1653,4.6,-246.3,-2.1,1.9,1.9,6.4
2016-03-02,2016.168,3.9,-243.1,-0.2,2.0,2.0,6.4
2016-03-03,2016.1708,3.5,-242.5,-2.0,2.0,2.1,6.7
2016-03-04,2016.1735,5.1,-243.2,-4.3,2.0,1.9,6.6
2016-03-05,2016.1762,5.1,-242.6,-2.6,2.0,2.0,6.6
2016-03-06,2016.179,4.6,-243.1,-0.2,2.0,2.0,6.5
2016-03-07,2016.1817,6.7,-242.9,-3.9,2.0,2.1,6.4
2016-03-08,2016.1844,6.6,-243.8,-8.0,2.0,2.0,6.5
2016-03-09,2016.1872,5.7,-243.1,-12.3,2.0,2.0,6.5
2016-03-10,2016.1899,5.0,-242.2,-10.2,2.0,1.9,6.4
2016-03-11,2016.1926,4.8,-241.2,-3.6,2.1,2.0,6.6
2016-03-12,2016.1954,5.6,-243.0,-7.7,2.6,2.8,8.8
2016-03-13,,,,,,,
2016-03-14,,,,,,,
2016-03-15,,,,,,,
2016-03-16,2016.2063,4.0,-243.4,5.8,3.4,3.5,11.5
2016-03-17,,,,,,,
2016-03-18,,,,,,,
2016-03-19,,,,,,,
2016-03-20,,,,,,,
2016-03-21,,,,,,,
2016-03-22,,,,,,,
2016-03-23,,,,,,,
2016-03-24,,,,,,,
2016-03-25,,,,,,,
2016-03-26,,,,,,,
2016-03-27,,,,,,,
2016-03-28,2016.2391,4.0,-239.8,-7.5,2.0,1.8,6.6
2016-03-29,2016.2418,4.3,-240.0,-0.9,1.9,1.9,6.2
2016-03-30,2016.2445,5.2,-239.4,2.7,1.9,1.8,6.3
2016-03-31,2016.2473,5.2,-239.9,-2.4,2.0,1.9,6.5
2016-04-01,2016.25,3.8,-240.5,-5.0,2.0,1.9,6.4
2016-04-02,2016.2527,4.5,-240.2,-3.2,2.0,2.0,6.4
2016-04-03,2016.2555,2.7,-239.8,-0.9,2.0,2.0,6.4
2016-04-04,2016.2582,5.2,-240.6,-1.2,1.9,1.8,6.2
2016-04-05,2016.2609,4.7,-241.8,-4.3,2.2,2.2,7.0
2016-04-06,2016.2637,5.5,-241.5,-3.0,2.1,2.1,6.7
2016-04-07,2016.2664,4.4,-241.1,-3.3,1.9,1.8,6.2
2016-04-08,2016.2691,4.5,-240.4,1.8,2.1,2.1,6.5
2016-04-09,2016.2719,5.4,-241.3,-3.2,2.1,2.0,6.6
2016-04-10,2016.2746,4.8,-239.2,-1.2,2.1,2.1,6.8
2016-04-11,2016.2773,5.9,-240.2,0.6,2.1,2.0,6.8
2016-04-12,2016.2801,2.9,-240.4,2.5,2.0,2.0,6.4
2016-04-13,2016.2828,5.2,-238.7,-0.2,2.1,2.0,6.6
2016-04-14,2016.2855,2.2,-239.5,-2.9,2.1,2.1,6.8
2016-04-15,2016.2883,3.1,-240.3,-8.5,2.3,2.2,7.3
2016-04-16,2016.291,4.3,-239.1,-10.3,2.3,2.3,7.1
2016-04-17,2016.2937,3.3,-239.5,-0.0,2.2,2.2,7.0
2016-04-18,2016.2964,3.2,-239.1,1.7,2.0,1.9,6.4
2016-04-19,2016.2992,3.5,-239.5,-0.1,2.0,1.8,6.3
2016-04-20,2016.3019,1.4,-240.7,-3.1,1.9,1.8,6.2
2016-04-21,2016.3046,4.7,-240.7,1.9,2.0,1.9,6.3
2016-04-22,2016.3074,3.0,-239.4,-0.4,2.0,1.9,6.3
2016-04-23,2016.3101,3.8,-240.1,-0.5,2.0,2.1,6.4
2016-04-24,2016.3128,5.2,-240.8,-3.1,2.1,2.0,6.8
2016-04-25,2016.3156,2.8,-239.8,-6.6,2.3,2.2,7.1
2016-04-26,2016.3183,4.7,-240.4,-6.1,2.0,1.9,6.4
2016-04-27,2016.321,4.5,-239.9,-2.1,2.1,2.1,6.45
2016-04-28,2016.3238,1.4,-239.8,1.9,2.1,1.9,6.5
2016-04-29,2016.3265,2.1,-240.0,0.1,2.1,2.0,6.5
2016-04-30,2016.3292,2.1,-239.8,-3.8,2.2,2.1,7.1
2016-05-01,2016.332,1.9,-238.6,-3.5,2.2,2.1,7.0
2016-05-02,2016.3347,3.0,-238.9,-3.2,2.2,2.0,6.9
2016-05-03,2016.3374,2.1,-239.7,0.2,2.0,1.9,6.4
2016-05-04,2016.3402,3.5,-239.5,1.9,2.0,1.8,6.3
2016-05-05,2016.3429,2.8,-240.4,-2.0,2.2,2.0,6.9
2016-05-06,2016.3456,1.3,-239.4,0.1,2.2,2.1,6.8
2016-05-07,2016.3484,2.2,-240.2,-1.8,2.3,2.1,7.3
2016-05-08,2016.3511,3.9,-238.0,-8.7,2.3,2.2,7.2
2016-05-09,2016.3538,3.7,-238.9,-5.0,2.1,2.0,6.8
2016-05-10,2016.3566,2.0,-239.0,1.5,2.1,1.9,6.7
2016-05-11,2016.3593,0.9,-239.3,-5.0,2.2,2.1,7.1
2016-05-12,2016.362,1.5,-238.1,-0.8,2.2,2.1,6.8
2016-05-13,2016.3648,0.9,-237.8,0.3,2.2,2.1,7.0
2016-05-14,2016.3675,-0.0,-237.7,-6.8,2.1,2.0,6.6
2016-05-15,2016.3702,0.4,-237.9,-1.1,2.2,2.2,7.1
2016-05-16,2016.373,1.1,-237.1,-0.5,2.1,2.0,6.8
2016-05-17,2016.3757,1.2,-237.8,0.1,2.0,2.0,6.6
2016-05-18,2016.3784,2.3,-237.3,1.1,2.4,2.4,7.7
2016-05-19,2016.3811,4.0,-239.3,-8.9,2.2,2.1,6.9
2016-05-20,2016.3839,4.2,-237.8,-11.3,2.1,2.2,6.9
2016-05-21,2016.3866,4.3,-237.7,-14.2,2.0,1.9,6.4
2016-05-22,2016.3893,3.4,-235.6,-9.7,2.1,2.0,6.9
2016-05-23,2016.3921,2.9,-236.4,-4.9,2.0,1.9,6.4
2016-05-24,2016.3948,3.6,-238.4,-7.0,2.0,1.9,6.6
2016-05-25,2016.3975,2.5,-237.8,-4.0,2.2,2.2,6.8
2016-05-26,2016.4003,1.5,-236.6,-3.9,2.1,2.1,6.8
2016-05-27,2016.403,3.0,-236.2,-6.8,2.4,2.6,7.6
2016-05-28,2016.4057,2.3,-236.2,-1.1,2.1,2.1,6.6
2016-05-29,2016.4085,2.4,-236.0,-4.5,2.2,2.2,7.0
2016-05-30,2016.4112,3.2,-237.9,2.2,2.1,2.1,6.6
2016-05-31,2016.4139,2.5,-234.8,-0.1,2.3,2.4,7.1
2016-06-01,2016.4167,2.3,-236.4,-10.2,2.7,2.6,8.6
2016-06-02,2016.4194,3.1,-237.3,-5.9,2.5,2.5,8.0
2016-06-03,2016.4221,2.1,-236.9,-7.2,2.2,2.1,7.0
2016-06-04,2016.4249,2.0,-236.9,-5.9,2.5,2.4,7.9
2016-06-05,2016.4276,3.2,-237.2,-8.1,2.2,2.1,7.2
2016-06-06,2016.4303,4.3,-237.1,-8.0,2.5,2.5,8.0
2016-06-07,2016.4331,2.5,-236.3,-11.7,2.8,2.6,9.2
2016-06-08,2016.4358,1.7,-234.7,-7.1,2.6,2.5,8.8
2016-06-09,2016.4385,1.6,-237.1,-3.5,2.4,2.3,7.7
2016-06-10,2016.4413,2.8,-234.4,-3.9,2.4,2.4,7.9
2016-06-11,2016.444,1.6,-235.2,-8.7,2.5,2.3,8.2
2016-06-12,2016.4467,1.6,-236.3,-2.1,2.6,2.6,8.3
2016-06-13,2016.4495,3.3,-236.4,-7.9,2.6,2.6,8.5
2016-06-14,2016.4522,3.5,-233.7,-5.1,2.0,1.9,6.5
2016-06-15,2016.4549,4.1,-236.1,-0.9,2.4,2.3,7.4
2016-06-16,2016.4577,1.4,-235.4,-3.3,2.0,1.9,6.4
2016-06-17,2016.4604,1.2,-235.2,-3.75,2.1,1.9,7.15
2016-06-18,2016.4631,1.1,-235.8,-4.2,2.5,2.3,7.9
2016-06-19,2016.4658,3.1,-236.4,-5.6,2.6,2.6,8.4
2016-06-20,2016.4686,3.5,-237.8,-12.5,2.4,2.2,7.8
2016-06-21,2016.4713,1.1,-235.6,-1.6,2.5,2.4,8.0
2016-06-22,2016.474,2.9,-236.1,-5.2,2.1,2.1,6.9
2016-06-23,2016.4768,1.6,-233.7,-2.6,2.3,2.3,7.5
2016-06-24,2016.4795,0.9,-235.5,-2.1,2.4,2.3,7.6
2016-06-25,2016.4822,1.4,-234.9,-7.0,2.6,2.3,8.4
2016-06-26,2016.485,2.2,-234.9,-5.5,2.2,2.2,7.2
2016-06-27,2016.4877,1.9,-233.5,-6.6,2.2,2.1,7.2
2016-06-28,2016.4904,1.9,-233.4,-5.8,2.2,2.2,7.1
2016-06-29,2016.4932,1.0,-233.4,-6.8,2.7,2.6,8.8
2016-06-30,2016.4959,1.8,-233.4,-2.5,2.4,2.3,8.0
2016-07-01,2016.4986,1.1,-233.2,-6.7,2.3,2.2,7.5
2016-07-02,2016.5014,-0.5,-231.9,-8.0,2.6,2.5,8.6
2016-07-03,2016.5041,0.8,-234.0,0.4,2.3,2.3,7.4
2016-07-04,2016.5068,0.9,-233.7,-0.8,2.4,2.4,8.0
2016-07-05,2016.5096,0.2,-233.0,1.3,2.5,2.4,8.1
2016-07-06,2016.5123,1.3,-233.4,-1.4,2.4,2.3,8.0
2016-07-07,2016.515,1.0,-232.4,-2.7,2.4,2.3,7.6
2016-07-08,2016.5178,1.0,-232.1,-2.5,2.5,2.3,7.8
2016-07-09,2016.5205,-0.1,-232.2,3.8,2.7,2.5,8.7
2016-07-10,2016.5232,1.2,-231.2,-0.4,2.6,2.5,8.6
2016-07-11,2016.526,2.9,-231.9,0.1,2.4,2.2,7.7
2016-07-12,2016.5287,2.2,-233.4,-5.3,2.7,2.6,8.8
2016-07-13,2016.5314,2.7,-231.9,-0.8,2.3,2.1,7.3
2016-07-14,2016.5342,0.1,-232.6,-4.2,2.3,2.1,7.3
2016-07-15,2016.5369,1.4,-232.6,-9.2,2.7,2.5,8.9
2016-07-16,2016.5396,-1.1,-232.0,4.3,2.6,2.5,8.5
2016-07-17,2016.5423,-0.2,-232.3,0.1,2.5,2.2,7.8
2016-07-18,2016.5451,0.0,-233.2,-7.4,3.0,2.9,10.0
2016-07-19,2016.5478,0.5,-232.1,2.5,2.5,2.4,8.0
2016-07-20,2016.5505,1.6,-231.0,-4.2,2.4,2.1,7.5
2016-07-21,2016.5533,1.9,-233.2,-9.9,2.7,2.6,8.6
2016-07-22,2016.556,1.6,-231.3,-4.5,2.6,2.4,8.6
2016-07-23,2016.5587,0.7,-228.3,-4.1,2.4,2.3,7.6
2016-07-24,2016.5615,3.6,-232.2,-5.25,3.4,3.0,7.85
2016-07-25,2016.5642,2.7,-231.3,-6.4,2.6,2.4,8.1
2016-07-26,2016.5669,3.7,-231.3,-5.7,2.5,2.2,7.8
2016-07-27,2016.5697,3.5,-231.9,-2.1,2.2,2.0,7.0
2016-07-28,2016.5724,3.2,-231.1,-0.5,2.4,2.1,7.5
2016-07-29,2016.5751,1.8,-230.8,-4.2,2.3,2.1,7.4
2016-07-30,2016.5779,0.1,-228.8,0.8,2.1,1.9,6.6
2016-07-31,2016.5806,1.6,-231.4,1.7,2.1,1.9,6.8
2016-08-01,2016.5833,1.4,-229.8,-0.3,2.9,2.8,9.3
2016-08-02,2016.5861,-0.1,-230.4,-5.7,2.6,2.4,8.4
2016-08-03,2016.5888,2.8,-229.3,-7.3,2.4,2.3,7.7
2016-08-04,2016.5915,2.5,-230.4,-5.8,2.5,2.5,7.9
2016-08-05,2016.5943,3.0,-230.8,-4.0,2.5,2.4,8.1
2016-08-06,2016.597,1.7,-230.7,-3.2,2.6,2.5,8.5
2016-08-07,2016.5997,2.0,-231.9,1.4,2.4,2.2,7.6
2016-08-08,2016.6025,1.9,-230.5,2.6,2.7,2.6,8.4
2016-08-09,2016.6052,2.8,-230.5,-3.7,2.9,2.7,9.8
2016-08-10,2016.6079,1.3,-230.1,-4.0,2.6,2.4,8.4
2016-08-11,2016.6107,0.8,-229.4,-6.6,2.2,2.0,7.1
2016-08-12,2016.6134,1.3,-231.0,-12.3,2.4,2.2,7.6
2016-08-13,2016.6161,3.1,-230.7,-10.0,2.4,2.2,7.7
2016-08-14,2016.6189,1.6,-230.3,-4.1,2.4,2.2,7.4
2016-08-15,2016.6216,1.2,-230.8,-7.9,2.8,2.7,8.9
2016-08-16,2016.6243,0.4,-230.9,1.3,2.6,2.4,8.2
2016-08-17,2016.627,1.7,-230.5,-2.4,2.1,1.9,6.6
2016-08-18,2016.6298,1.7,-229.1,-2.1,2.3,2.1,7.3
2016-08-19,2016.6325,1.0,-231.4,-9.7,2.5,2.4,8.1
2016-08-20,2016.6352,2.2,-228.8,-1.3,2.8,2.4,9.3
2016-08-21,2016.638,3.4,-230.7,-5.8,2.3,2.1,7.1
2016-08-22,2016.6407,1.2,-228.5,-6.4,2.2,2.0,7.2
2016-08-23,2016.6434,2.0,-229.9,-4.6,2.6,2.5,8.3
2016-08-24,2016.6462,2.3,-229.0,-4.3,2.2,2.1,6.9
2016-08-25,2016.6489,1.4,-228.2,-7.3,2.5,2.4,7.7
2016-08-26,2016.6516,1.6,-227.4,-1.2,2.2,1.9,6.9
2016-08-27,2016.6544,2.0,-227.5,-11.0,2.4,2.1,7.8
2016-08-28,2016.6571,1.8,-227.0,-7.8,2.5,2.2,8.0
2016-08-29,2016.6598,0.6,-227.8,-6.8,2.3,2.1,7.0
2016-08-30,2016.6626,2.2,-228.5,-2.8,2.3,2.1,7.3
2016-08-31,2016.6653,3.0,-227.2,-9.6,2.3,2.1,7.3
2016-09-01,2016.668,2.5,-228.6,-7.9,2.1,2.0,6.7
2016-09-02,2016.6708,3.3,-228.2,-6.2,2.2,2.0,6.9
2016-09-03,2016.6735,2.1,-227.2,-4.6,2.2,2.1,6.8
2016-09-04,2016.6762,4.4,-227.6,-9.7,2.1,1.8,6.3
2016-09-05,2016.679,2.6,-228.7,-9.9,2.0,1.9,6.1
2016-09-06,2016.6817,2.5,-226.8,-5.6,2.4,2.1,7.3
2016-09-07,2016.6844,3.2,-227.3,-4.9,2.3,2.2,7.2
2016-09-08,2016.6872,3.5,-227.7,-9.9,2.1,1.9,6.9
2016-09-09,2016.6899,1.5,-226.2,-10.2,2.7,2.5,8.7
2016-09-10,2016.6926,1.9,-226.7,-6.5,2.6,2.3,8.3
2016-09-11,2016.6954,3.2,-226.5,-8.9,2.3,2.2,7.2
2016-09-12,2016.6981,4.1,-225.9,-7.3,2.2,2.1,6.7
2016-09-13,2016.7008,2.1,-226.7,-7.7,2.1,1.9,6.5
2016-09-14,2016.7036,4.0,-225.3,-8.5,2.4,2.2,7.5
2016-09-15,2016.7063,1.1,-226.8,-4.5,2.3,2.1,7.4
2016-09-16,2016.709,4.3,-224.7,-5.2,2.5,2.4,7.9
2016-09-17,2016.7117,2.9,-226.0,-6.6,2.5,2.3,8.0
2016-09-18,2016.7145,4.2,-225.3,-8.4,2.2,2.1,6.9
2016-09-19,2016.7172,2.3,-226.2,-7.8,2.3,2.3,7.2
2016-09-20,2016.7199,4.1,-225.8,-8.7,2.3,2.1,6.9
2016-09-21,2016.7227,3.6,-226.8,-8.2,2.3,2.1,7.0
2016-09-22,2016.7254,1.2,-227.4,-5.9,2.6,2.4,7.8
2016-09-23,2016.7281,2.2,-227.3,-11.9,2.5,2.3,7.6
2016-09-24,2016.7309,2.6,-226.4,-5.1,2.1,1.8,6.4
2016-09-25,2016.7336,0.4,-226.1,-9.8,2.2,2.0,7.0
2016-09-26,2016.7363,1.0,-226.1,-7.9,2.5,2.3,7.8
2016-09-27,2016.7391,2.0,-225.6,-10.0,2.3,2.1,7.2
2016-09-28,2016.7418,1.1,-224.7,-6.2,1.9,1.7,5.9
2016-09-29,2016.7445,1.4,-226.1,-5.8,2.1,2.0,6.4
2016-09-30,2016.7473,2.1,-224.3,-5.1,2.0,1.8,6.2
2016-10-01,2016.75,2.4,-224.8,-9.6,2.1,1.9,6.4
2016-10-02,2016.7527,1.7,-225.5,-5.9,2.0,1.8,6.1
2016-10-03,2016.7555,2.5,-226.4,-11.4,2.1,1.9,6.5
2016-10-04,2016.7582,1.0,-225.4,-14.6,2.3,2.2,7.2
2016-10-05,2016.7609,2.4,-223.7,-12.9,2.2,2.2,6.9
2016-10-06,2016.7637,2.9,-225.4,-11.7,2.0,1.8,6.3
2016-10-07,2016.7664,2.8,-224.9,-11.1,2.0,1.9,6.2
2016-10-08,2016.7691,1.9,-224.6,-7.5,1.9,1.7,6.0
2016-10-09,2016.7719,1.6,-222.5,-9.2,1.9,1.8,6.1
2016-10-10,2016.7746,2.4,-224.1,-12.3,1.9,1.8,6.0
2016-10-11,2016.7773,2.3,-224.2,-8.3,2.1,2.0,6.3
2016-10-12,2016.7801,2.0,-225.4,-9.0,2.1,1.9,6.2
2016-10-13,2016.7828,2.2,-224.7,-9.0,2.0,1.9,6.2
2016-10-14,2016.7855,1.5,-223.6,-7.2,2.1,2.0,6.4
2016-10-15,2016.7883,1.6,-223.1,-12.7,2.1,1.9,6.6
2016-10-16,2016.791,2.7,-223.8,-12.6,2.1,1.9,6.4
2016-10-17,2016.7937,2.9,-225.1,-10.0,2.2,2.1,6.8
2016-10-18,2016.7964,1.4,-223.7,-8.4,2.0,1.9,6.4
2016-10-19,2016.7992,2.2,-225.5,-7.5,2.2,2.1,7.0
2016-10-20,2016.8019,4.2,-224.3,-11.4,2.1,1.8,6.4
2016-10-21,2016.8046,3.2,-223.9,-13.2,2.2,2.0,6.9
2016-10-22,2016.8074,2.2,-224.9,-12.8,2.1,1.9,6.3
2016-10-23,2016.8101,2.8,-224.5,-13.4,1.9,1.7,6.0
2016-10-24,2016.8128,1.4,-224.1,-10.3,1.9,1.7,6.0
2016-10-25,2016.8156,1.4,-223.2,-10.9,1.9,1.7,5.9
2016-10-26,2016.8183,1.3,-224.5,-13.3,2.2,2.1,6.6
2016-10-27,2016.821,1.9,-223.7,-16.1,1.9,1.7,6.5
2016-10-28,2016.8238,1.3,-222.2,-18.9,2.1,2.0,6.4
2016-10-29,2016.8265,1.7,-222.4,-18.1,2.1,1.9,6.43
2016-10-30,2016.8292,2.5,-222.2,-17.3,2.0,1.8,6.45
2016-10-31,2016.832,1.2,-221.8,-16.5,2.2,2.0,6.48
2016-11-01,2016.8347,1.1,-222.2,-15.7,2.1,2.0,6.5
2016-11-02,2016.8374,-0.8,-221.8,-14.7,2.0,1.9,6.1
2016-11-03,2016.8402,0.6,-223.3,-8.3,1.9,1.9,6.1
2016-11-04,2016.8429,2.2,-222.8,-8.6,2.1,1.9,6.5
2016-11-05,2016.8456,3.6,-221.6,-11.4,1.9,1.8,6.1
2016-11-06,2016.8484,1.9,-221.5,-19.4,2.0,1.9,6.3
2016-11-07,2016.8511,3.3,-221.2,-14.6,1.9,1.8,6.2
2016-11-08,2016.8538,2.8,-221.6,-15.0,2.1,2.1,6.7
2016-11-09,2016.8566,2.3,-219.9,-12.3,2.0,1.9,6.3
2016-11-10,2016.8593,1.3,-221.3,-10.0,1.9,1.8,6.1
2016-11-11,2016.862,0.7,-221.4,-9.8,1.9,1.8,6.0
2016-11-12,2016.8648,2.6,-220.9,-11.7,2.1,2.0,6.6
2016-11-13,2016.8675,4.1,-223.5,-12.4,2.2,2.1,6.9
2016-11-14,2016.8702,3.4,-221.9,-13.8,2.2,2.1,6.7
2016-11-15,2016.873,2.4,-221.2,-10.1,2.1,2.0,6.6
2016-11-16,2016.8757,1.7,-221.4,-10.0,2.0,1.9,6.1
2016-11-17,2016.8784,0.7,-221.9,-7.3,2.1,2.0,6.6
2016-11-18,2016.8811,2.0,-220.8,-11.9,2.1,1.9,6.6
2016-11-19,2016.8839,1.2,-221.5,-9.5,2.1,2.0,6.6
2016-11-20,2016.8866,2.3,-221.3,-12.3,2.0,1.9,6.3
2016-11-21,2016.8893,3.1,-221.5,-16.7,2.0,1.9,6.2
2016-11-22,2016.8921,1.9,-220.5,-15.8,1.9,1.9,6.1
2016-11-23,2016.8948,1.4,-220.8,-13.8,2.0,1.9,6.3
2016-11-24,2016.8975,0.2,-219.9,-9.6,2.0,1.9,6.4
2016-11-25,2016.9003,1.1,-220.6,-11.3,2.0,1.9,6.2
2016-11-26,2016.903,-0.1,-221.1,-10.7,2.0,1.8,6.2
2016-11-27,2016.9057,1.5,-220.2,-8.8,1.9,1.8,6.0
2016-11-28,2016.9085,0.4,-220.7,-11.6,2.1,1.9,6.4
2016-11-29,2016.9112,1.2,-221.2,-12.1,1.9,1.7,5.9
2016-11-30,2016.9139,0.9,-220.1,-10.9,2.0,1.9,6.3
2016-12-01,2016.9167,-0.9,-220.9,-11.8,1.9,1.7,6.0
2016-12-02,2016.9194,1.9,-220.5,-9.5,2.0,1.9,6.3
2016-12-03,2016.9221,0.9,-220.7,-10.5,1.9,1.7,5.9
2016-12-04,2016.9249,1.0,-220.2,-8.8,2.0,1.9,6.2
2016-12-05,2016.9276,0.5,-220.8,-6.7,2.0,1.9,6.3
2016-12-06,2016.9303,-0.3,-220.0,-8.5,1.9,1.7,6.1
2016-12-07,2016.9331,-1.6,-219.5,-5.5,2.1,2.0,6.6
2016-12-08,2016.9358,0.0,-219.9,-5.78,1.9,1.8,6.48
2016-12-09,2016.9385,0.4,-220.1,-6.05,2.0,1.9,6.35
2016-12-10,2016.9413,0.3,-220.0,-6.32,1.9,1.8,6.22
2016-12-11,2016.944,0.6,-219.0,-6.6,1.9,1.8,6.1
2016-12-12,2016.9467,-0.0,-219.3,-10.0,2.0,1.9,6.2
2016-12-13,2016.9495,1.6,-220.5,-10.6,1.9,1.8,6.0
2016-12-14,2016.9522,0.0,-219.6,-10.1,2.0,1.9,6.3
2016-12-15,2016.9549,-0.5,-219.8,-8.7,1.8,1.7,5.8
2016-12-16,2016.9577,-0.1,-219.3,-3.6,1.8,1.7,5.8
2016-12-17,2016.9604,0.1,-217.8,-5.2,1.9,1.8,6.1
2016-12-18,2016.9631,0.7,-219.0,-4.6,1.9,1.8,6.0
2016-12-19,2016.9658,-0.9,-218.8,-5.9,2.0,2.0,6.5
2016-12-20,2016.9686,0.9,-219.2,-13.0,2.0,2.0,6.4
2016-12-21,2016.9713,1.6,-219.8,-11.9,1.8,1.7,5.7
2016-12-22,2016.974,0.5,-218.4,-8.3,1.9,1.8,6.0
2016-12-23,2016.9768,-0.1,-219.6,-4.2,2.0,2.0,6.3
2016-12-24,2016.9795,0.6,-219.5,-6.8,1.9,1.9,6.2
2016-12-25,2016.9822,0.8,-219.3,-12.4,2.0,1.9,6.4
2016-12-26,2016.985,1.1,-218.3,-10.1,1.8,1.8,5.8
2016-12-27,2016.9877,1.2,-218.2,-6.7,2.0,2.0,6.5
2016-12-28,2016.9904,-0.1,-219.1,-6.6,2.1,2.1,6.6
2016-12-29,2016.9932,1.0,-218.1,-6.9,2.0,1.9,6.3
2016-12-30,2016.9959,1.6,-218.2,-3.2,2.0,1.9,6.4
2016-12-31,2016.9986,1.8,-217.6,-1.8,2.0,2.0,6.5
2017-01-01,2017.0014,1.3,-217.5,-0.9,1.9,1.8,6.2
2017-01-02,2017.0041,1.5,-218.7,3.7,2.0,1.9,6.3
2017-01-03,2017.0068,1.5,-218.0,1.5,1.8,1.7,5.9
2017-01-04,2017.0096,1.9,-218.1,1.4,2.0,1.9,6.3
2017-01-05,2017.0123,3.2,-217.1,-3.8,1.9,1.9,6.3
2017-01-06,2017.0151,3.9,-218.0,-4.4,1.9,1.8,6.1
2017-01-07,2017.0178,2.9,-217.6,-1.1,1.9,1.8,6.0
2017-01-08,2017.0205,2.5,-216.3,-2.6,1.9,1.8,6.0
2017-01-09,2017.0233,3.3,-217.1,-9.7,1.9,1.9,6.2
2017-01-10,2017.026,3.0,-218.0,-13.4,1.9,1.8,6.1
2017-01-11,2017.0288,3.4,-217.0,-8.4,2.0,2.0,6.5
2017-01-12,2017.0315,2.9,-217.1,-5.0,1.9,1.8,6.0
2017-01-13,2017.0342,3.5,-217.5,-4.8,2.1,2.0,6.5
2017-01-14,2017.037,3.8,-216.5,-12.0,1.9,1.8,6.2
2017-01-15,2017.0397,4.3,-216.5,-14.2,2.1,2.0,6.6
2017-01-16,2017.0425,2.2,-215.2,-13.8,1.9,1.8,6.1
2017-01-17,2017.0452,2.0,-214.5,-10.6,2.1,2.0,6.5
2017-01-18,2017.0479,0.8,-215.7,-15.8,2.0,1.9,6.4
2017-01-19,2017.0507,0.5,-214.6,-13.8,1.9,1.8,6.2
2017-01-20,2017.0534,0.6,-215.3,-14.4,1.9,1.8,6.0
2017-01-21,2017.0562,0.2,-215.5,-11.4,2.0,1.9,6.2
2017-01-22,2017.0589,1.8,-214.8,-8.8,2.0,1.9,6.4
2017-01-23,2017.0616,1.8,-214.2,-7.6,1.9,1.8,6.1
2017-01-24,2017.0644,0.5,-215.0,-6.3,2.0,1.9,6.3
2017-01-25,2017.0671,1.1,-215.6,-6.5,1.9,1.9,6.3
2017-01-26,2017.0699,1.4,-215.4,-6.2,1.9,1.7,6.1
2017-01-27,2017.0726,2.4,-217.0,-3.7,1.8,1.6,5.7
2017-01-28,2017.0753,2.8,-215.6,-4.8,2.0,2.0,6.5
2017-01-29,2017.0781,3.4,-215.1,-6.9,2.0,2.0,6.6
2017-01-30,2017.0808,3.7,-215.9,-2.0,1.9,1.8,6.2
2017-01-31,2017.0836,3.5,-214.3,-6.9,1.9,1.7,5.8
2017-02-01,2017.0863,3.8,-213.5,-3.1,2.1,2.0,6.5
2017-02-02,2017.089,2.8,-214.2,-5.3,2.0,1.9,6.4
2017-02-03,2017.0918,2.9,-213.3,-0.9,1.8,1.7,5.8
2017-02-04,2017.0945,2.9,-213.2,1.3,2.0,1.9,6.2
2017-02-05,2017.0973,3.4,-213.6,1.7,2.0,1.9,6.4
2017-02-06,2017.1,4.8,-213.7,-7.6,1.9,1.9,6.2
2017-02-07,2017.1027,3.1,-213.4,-7.8,2.0,1.9,6.3
2017-02-08,2017.1055,2.9,-213.9,-12.8,1.9,1.8,6.0
2017-02-09,2017.1082,3.8,-214.2,-9.2,1.8,1.7,5.8
2017-02-10,2017.111,3.0,-212.2,-8.2,2.0,1.9,6.3
2017-02-11,2017.1137,3.3,-212.4,-5.5,1.9,1.8,5.9
2017-02-12,2017.1164,3.0,-214.1,-6.3,1.9,1.9,6.2
2017-02-13,2017.1192,2.0,-212.7,-5.2,1.9,1.8,6.2
2017-02-14,2017.1219,2.5,-213.9,-6.2,1.8,1.7,5.9
2017-02-15,2017.1247,3.1,-213.4,-2.1,2.0,1.9,6.4
2017-02-16,2017.1274,3.0,-213.4,-5.1,1.9,1.8,6.1
2017-02-17,2017.1301,1.8,-212.3,-2.8,1.8,1.7,5.8
2017-02-18,2017.1329,1.4,-213.7,0.2,1.8,1.7,5.8
2017-02-19,2017.1356,3.0,-213.4,-0.9,2.1,2.1,6.15
2017-02-20,2017.1384,3.2,-213.1,-2.0,2.0,2.0,6.5
2017-02-21,2017.1411,3.4,-213.9,-3.5,2.0,2.2,6.3
2017-02-22,2017.1438,2.9,-212.4,-6.7,1.8,1.7,5.8
2017-02-23,2017.1466,2.6,-211.6,-6.2,1.9,1.8,6.1
2017-02-24,2017.1493,2.7,-211.2,-9.2,1.9,1.8,6.0
2017-02-25,2017.1521,4.5,-210.7,-7.6,2.1,2.1,6.6
2017-02-26,2017.1548,3.4,-211.2,-6.2,1.9,1.8,6.0
2017-02-27,2017.1575,4.8,-211.6,-8.6,1.9,1.9,6.2
2017-02-28,2017.1603,3.5,-211.5,-10.5,1.9,1.9,6.3
2017-03-01,2017.163,5.2,-211.5,-6.3,2.1,2.0,6.6
2017-03-02,2017.1658,3.2,-211.2,-1.6,2.0,1.9,6.3
2017-03-03,2017.1685,3.1,-210.8,-1.4,2.1,2.1,6.8
2017-03-04,2017.1712,3.3,-212.0,-7.5,2.0,1.9,6.4
2017-03-05,2017.174,4.3,-212.0,-7.7,1.9,1.8,6.1
2017-03-06,2017.1767,4.2,-210.4,-4.7,2.1,2.0,6.7
2017-03-07,2017.1795,3.8,-211.2,-6.4,2.0,1.8,6.3
2017-03-08,2017.1822,3.3,-210.8,-5.4,1.9,1.8,5.9
2017-03-09,2017.1849,1.9,-211.9,-5.6,1.8,1.7,5.8
2017-03-10,2017.1877,2.3,-210.9,-6.1,1.9,1.8,6.1
2017-03-11,2017.1904,3.8,-210.5,-6.0,1.9,1.8,6.0
2017-03-12,2017.1932,3.9,-211.4,-6.6,1.9,1.8,6.0
2017-03-13,2017.1959,2.9,-211.7,-6.6,1.9,1.8,6.0
2017-03-14,2017.1986,3.4,-210.6,-5.7,1.9,1.8,6.0
2017-03-15,2017.2014,2.9,-211.6,-9.2,1.8,1.7,5.9
2017-03-16,2017.2041,4.5,-211.1,-7.3,1.9,1.8,6.0
2017-03-17,2017.2068,5.1,-211.2,-7.0,2.1,2.0,6.6
2017-03-18,2017.2096,3.9,-209.7,-6.0,1.8,1.7,5.8
2017-03-19,2017.2123,2.9,-210.8,-10.1,1.9,1.8,5.9
2017-03-20,2017.2151,3.3,-210.7,-8.6,2.1,2.0,6.7
2017-03-21,2017.2178,4.9,-211.0,-4.5,2.1,1.9,6.5
2017-03-22,2017.2205,3.9,-210.4,-7.6,2.3,2.1,7.2
2017-03-23,2017.2233,2.7,-211.5,-8.95,1.9,1.8,7.1
2017-03-24,2017.226,2.8,-210.3,-10.3,2.2,2.1,7.0
2017-03-25,2017.2288,2.8,-210.8,-10.9,1.9,1.8,6.1
2017-03-26,2017.2315,2.4,-210.0,-7.4,2.1,2.0,6.5
2017-03-27,2017.2342,3.4,-210.9,-5.9,2.1,2.0,6.6
2017-03-28,2017.237,3.3,-211.6,-6.8,2.0,1.9,6.4
2017-03-29,2017.2397,2.3,-210.3,-7.4,2.0,1.9,6.4
2017-03-30,2017.2425,2.6,-210.9,-8.7,2.0,1.9,6.3
2017-03-31,2017.2452,2.1,-211.0,-5.6,2.0,1.9,6.3
2017-04-01,2017.2479,1.8,-209.9,-3.3,1.8,1.7,5.8
2017-04-02,2017.2507,3.6,-211.1,-4.5,2.0,1.9,6.2
2017-04-03,2017.2534,2.6,-210.0,-4.85,2.4,2.3,6.6
2017-04-04,2017.2562,3.4,-211.8,-5.2,2.2,2.2,7.0
2017-04-05,2017.2589,2.8,-210.2,-5.63,2.0,1.8,6.77
2017-04-06,2017.2616,4.0,-212.3,-6.07,2.2,2.1,6.53
2017-04-07,2017.2644,3.9,-212.3,-6.5,2.0,1.9,6.3
2017-04-08,2017.2671,4.1,-210.4,-5.3,2.2,2.1,6.7
2017-04-09,2017.2699,5.3,-210.9,-3.1,2.2,2.1,7.0
2017-04-10,2017.2726,5.4,-212.2,-5.4,2.2,2.1,7.05
2017-04-11,2017.2753,3.9,-211.2,-7.7,2.2,2.0,7.1
2017-04-12,2017.2781,3.9,-210.0,-1.8,2.2,2.1,6.9
2017-04-13,2017.2808,2.4,-212.0,-0.3,2.1,1.9,6.6
2017-04-14,2017.2836,3.0,-213.7,-4.4,2.2,2.0,6.8
2017-04-15,2017.2863,3.2,-212.5,-5.1,2.2,2.1,6.9
2017-04-16,2017.289,2.3,-210.2,-1.7,2.1,1.9,6.6
2017-04-17,2017.2918,2.7,-212.8,-2.8,2.1,1.9,6.5
2017-04-18,2017.2945,1.9,-212.2,-1.4,2.2,2.1,7.0
2017-04-19,2017.2973,1.9,-209.5,-5.9,2.2,2.1,7.0
2017-04-20,2017.3,2.3,-210.2,-2.3,2.0,1.9,6.3
2017-04-21,2017.3027,0.9,-209.4,-1.6,2.2,2.1,6.8
2017-04-22,2017.3055,0.3,-209.2,0.6,2.0,1.9,6.4
2017-04-23,2017.3082,1.0,-210.0,-3.0,2.2,2.1,6.9
2017-04-24,2017.311,2.2,-209.5,-5.6,2.4,2.7,7.6
2017-04-25,2017.3137,3.6,-208.7,-8.4,2.2,2.2,6.8
2017-04-26,2017.3164,4.0,-210.2,-8.8,2.3,2.1,7.3
2017-04-27,2017.3192,2.1,-212.2,-4.0,2.1,2.0,6.6
2017-04-28,2017.3219,1.1,-210.6,-6.3,2.1,1.9,6.9
2017-04-29,2017.3247,1.6,-210.7,-2.7,2.0,1.8,6.4
2017-04-30,2017.3274,0.9,-209.2,-2.3,2.1,2.0,6.8
2017-05-01,2017.3301,2.7,-209.2,-4.7,2.1,1.9,6.6
2017-05-02,2017.3329,3.1,-210.8,-10.2,2.3,2.1,7.4
2017-05-03,2017.3356,2.2,-209.2,-11.2,1.9,1.7,6.2
2017-05-04,2017.3384,2.1,-208.3,-5.8,2.1,2.1,6.8
2017-05-05,2017.3411,1.6,-208.7,-10.7,2.0,1.9,6.5
2017-05-06,2017.3438,1.5,-208.1,-4.2,2.0,1.9,6.3
2017-05-07,2017.3466,2.4,-209.2,-0.8,2.0,2.5,6.4
2017-05-08,2017.3493,2.6,-207.5,-1.7,2.3,2.2,7.5
2017-05-09,2017.3521,2.3,-209.6,-5.2,2.3,2.2,7.3
2017-05-10,2017.3548,1.2,-209.5,-7.9,2.2,2.1,6.9
2017-05-11,2017.3575,1.9,-207.6,-7.5,2.1,2.0,6.6
2017-05-12,2017.3603,1.6,-206.8,-4.3,2.5,2.4,8.2
2017-05-13,2017.363,1.4,-207.3,-9.4,2.2,2.1,7.2
2017-05-14,2017.3658,1.5,-207.5,-10.4,2.1,2.0,6.7
2017-05-15,2017.3685,2.6,-208.1,-6.9,2.2,2.1,7.2
2017-05-16,2017.3712,3.0,-207.9,-7.6,2.3,2.1,7.3
2017-05-17,2017.374,2.7,-207.2,-4.6,2.2,2.0,6.9
2017-05-18,2017.3767,0.7,-207.7,-3.8,2.2,2.1,7.0
2017-05-19,2017.3795,2.6,-206.6,-4.1,2.1,2.0,6.8
2017-05-20,2017.3822,2.6,-207.4,-3.2,2.2,2.1,7.0
2017-05-21,2017.3849,2.2,-206.6,-4.8,2.2,2.2,7.2
2017-05-22,2017.3877,2.5,-207.8,-5.2,2.3,2.2,7.5
2017-05-23,2017.3904,2.2,-206.7,-9.9,2.1,1.9,6.7
2017-05-24,2017.3932,0.0,-205.5,-3.9,2.3,2.2,7.5
2017-05-25,2017.3959,1.4,-206.3,-2.0,1.9,1.8,6.1
2017-05-26,2017.3986,0.9,-207.2,-0.0,1.9,1.8,6.1
2017-05-27,2017.4014,3.7,-205.4,-7.7,2.3,2.2,7.2
2017-05-28,2017.4041,1.1,-206.4,2.6,2.0,2.0,6.5
2017-05-29,2017.4068,0.4,-205.7,-7.6,2.4,2.2,7.6
2017-05-30,2017.4096,2.9,-206.1,-4.9,2.1,1.9,6.6
2017-05-31,2017.4123,0.3,-206.4,-2.4,2.2,2.1,7.3
2017-06-01,2017.4151,2.6,-206.7,-0.4,2.1,1.9,6.7
2017-06-02,2017.4178,2.9,-207.7,-5.6,2.3,2.3,7.2
2017-06-03,2017.4205,1.5,-205.2,-6.2,2.2,2.0,7.4
2017-06-04,2017.4233,1.1,-206.0,-9.3,2.4,2.2,7.6
2017-06-05,2017.426,2.0,-204.6,-4.9,2.0,1.9,6.5
2017-06-06,2017.4288,2.0,-204.6,-7.7,2.4,2.3,7.6
2017-06-07,2017.4315,0.4,-205.6,-10.5,2.3,2.2,7.3
2017-06-08,2017.4342,-0.3,-203.8,-11.0,2.2,2.1,7.5
2017-06-09,2017.437,2.1,-204.9,-11.9,2.2,2.1,7.2
2017-06-10,2017.4397,1.3,-204.1,-7.0,2.2,2.1,6.9
2017-06-11,2017.4425,1.4,-207.3,-8.9,2.3,2.2,7.4
2017-06-12,2017.4452,2.4,-204.6,-1.1,2.2,2.1,7.4
2017-06-13,2017.4479,2.8,-205.5,-9.4,2.0,2.0,6.6
2017-06-14,2017.4507,1.3,-205.7,-11.0,2.1,1.9,6.8
2017-06-15,2017.4534,-1.2,-204.6,-7.7,2.5,2.4,8.1
2017-06-16,2017.4562,1.0,-205.3,-7.7,2.4,2.4,7.8
2017-06-17,2017.4589,0.2,-204.4,-3.9,2.2,2.1,7.3
2017-06-18,2017.4616,1.9,-205.0,-8.2,2.4,2.2,8.0
2017-06-19,2017.4644,0.8,-202.8,-4.9,2.4,2.3,7.7
2017-06-20,2017.4671,0.4,-204.3,-3.0,2.3,2.1,7.4
2017-06-21,2017.4699,2.9,-205.8,-5.6,2.9,2.8,9.5
2017-06-22,2017.4726,-0.2,-202.7,-1.4,2.5,2.4,8.0
2017-06-23,2017.4753,0.7,-204.2,-2.0,2.2,2.1,7.2
2017-06-24,2017.4781,2.5,-203.1,-2.9,2.9,2.7,9.7
2017-06-25,2017.4808,1.1,-201.1,-4.3,2.1,2.0,6.8
2017-06-26,2017.4836,1.9,-202.2,-0.7,2.1,2.1,6.9
2017-06-27,2017.4863,-0.6,-201.4,-2.3,2.4,2.3,7.7
2017-06-28,2017.489,0.8,-204.7,-4.3,2.5,2.4,8.2
2017-06-29,2017.4918,2.5,-202.8,-3.2,3.0,2.8,9.9
2017-06-30,2017.4945,0.4,-201.9,-0.35,2.6,2.5,8.9
2017-07-01,2017.4973,0.6,-202.6,2.5,2.5,2.3,7.9
2017-07-02,2017.5,0.1,-202.1,-3.1,2.4,2.3,7.9
2017-07-03,2017.5027,1.2,-202.3,-2.6,2.3,2.2,7.5
2017-07-04,2017.5055,0.3,-202.6,0.7,2.4,2.4,7.8
2017-07-05,2017.5082,3.1,-201.3,-7.5,2.6,2.7,8.3
2017-07-06,2017.511,-0.8,-203.1,-5.1,2.3,2.2,7.4
2017-07-07,2017.5137,-0.2,-202.1,0.8,2.7,2.7,8.6
2017-07-08,2017.5164,0.7,-202.0,-0.3,2.5,2.5,8.1
2017-07-09,2017.5192,2.1,-200.2,-0.8,2.5,2.5,7.9
2017-07-10,2017.5219,0.1,-201.9,-3.3,2.4,2.1,7.6
2017-07-11,2017.5247,2.8,-202.2,-6.2,2.4,2.3,7.4
2017-07-12,2017.5274,0.4,-201.8,0.5,2.2,2.1,7.1
2017-07-13,2017.5301,1.0,-200.8,-4.4,2.4,2.4,7.6
2017-07-14,2017.5329,1.5,-200.5,-2.5,2.5,2.3,7.6
2017-07-15,2017.5356,1.1,-201.0,-2.2,2.6,2.5,8.2
2017-07-16,2017.5384,2.8,-198.7,-6.9,2.6,2.6,8.2
2017-07-17,2017.5411,3.1,-199.6,0.6,2.5,2.4,8.0
2017-07-18,2017.5438,1.8,-197.4,3.0,2.6,2.5,8.1
2017-07-19,2017.5466,0.2,-201.4,-2.3,2.6,2.5,8.4
2017-07-20,2017.5493,1.1,-201.3,-0.8,2.4,2.2,7.7
2017-07-21,2017.5521,-1.0,-199.9,-0.0,2.5,2.4,8.1
2017-07-22,2017.5548,1.6,-200.0,-4.9,2.6,2.5,8.3
2017-07-23,2017.5575,0.1,-199.6,-2.0,2.3,2.1,7.3
2017-07-24,2017.5603,0.6,-200.3,-6.1,2.5,2.3,8.0
2017-07-25,2017.563,2.1,-201.2,-5.5,2.3,2.1,8.3
2017-07-26,2017.5658,1.7,-200.0,-4.9,2.6,2.3,8.6
2017-07-27,2017.5685,1.8,-199.6,-2.2,2.3,2.1,7.2
2017-07-28,2017.5712,1.3,-199.4,-5.25,2.9,2.7,8.1
2017-07-29,2017.574,1.9,-200.5,-8.3,2.8,2.5,9.0
2017-07-30,2017.5767,0.2,-198.6,-6.9,2.6,2.6,8.3
2017-07-31,2017.5795,0.5,-199.7,-13.8,2.5,2.5,8.2
2017-08-01,2017.5822,-0.1,-200.2,-9.2,2.5,2.2,7.9
2017-08-02,2017.5849,-0.2,-200.9,-14.9,2.7,2.4,8.8
2017-08-03,2017.5877,0.6,-200.1,-8.0,2.3,2.0,7.4
2017-08-04,2017.5904,2.1,-200.1,-9.3,2.5,2.3,8.0
2017-08-05,2017.5932,1.6,-199.4,-9.4,2.7,2.5,8.4
2017-08-06,2017.5959,2.2,-200.7,-6.0,2.5,2.3,8.0
2017-08-07,2017.5986,-0.2,-199.7,-9.5,2.5,2.4,8.1
2017-08-08,2017.6014,-0.8,-200.1,-8.9,2.5,2.3,7.9
2017-08-09,2017.6041,0.5,-199.3,-8.7,2.8,2.6,8.8
2017-08-10,2017.6068,3.1,-198.8,0.6,2.5,2.3,7.9
2017-08-11,2017.6096,1.7,-198.1,-4.8,2.5,2.3,7.8
2017-08-12,2017.6123,1.8,-199.1,-8.1,2.1,1.9,6.8
2017-08-13,2017.6151,1.9,-198.7,-7.3,2.2,2.1,7.0
2017-08-14,2017.6178,1.3,-197.9,-5.0,2.1,1.9,6.6
2017-08-15,2017.6205,1.5,-198.7,-4.4,2.4,2.2,7.4
2017-08-16,2017.6233,-0.2,-199.0,-5.3,2.7,2.5,8.4
2017-08-17,2017.626,0.2,-198.8,-8.5,2.7,2.5,8.8
2017-08-18,2017.6288,0.9,-198.3,-8.0,2.5,2.2,8.0
2017-08-19,2017.6315,1.4,-197.9,-12.4,2.3,2.1,7.3
2017-08-20,2017.6342,1.5,-198.1,-15.1,3.0,2.7,9.7
2017-08-21,2017.637,1.9,-198.1,-8.1,2.2,1.9,6.8
2017-08-22,2017.6397,2.6,-197.3,-9.7,2.5,2.4,7.6
2017-08-23,2017.6425,2.1,-197.5,-9.8,2.3,2.1,7.3
2017-08-24,2017.6452,2.3,-199.5,-9.5,2.6,2.2,8.3
2017-08-25,2017.6479,1.4,-198.4,-5.3,2.4,2.3,7.7
2017-08-26,2017.6507,3.0,-197.4,-4.6,2.3,2.1,7.4
2017-08-27,2017.6534,1.8,-196.8,-6.8,2.2,2.0,6.9
2017-08-28,2017.6562,2.2,-197.2,-8.0,2.4,2.2,7.6
2017-08-29,2017.6589,3.5,-198.0,-9.1,2.1,1.9,6.5
2017-08-30,2017.6616,0.2,-195.9,-12.1,2.6,2.4,8.5
2017-08-31,2017.6644,0.1,-196.6,-8.6,2.4,2.2,7.6
2017-09-01,2017.6671,1.6,-196.5,-11.6,2.4,2.2,7.4
2017-09-02,2017.6699,2.0,-196.4,-7.6,2.4,2.2,7.5
2017-09-03,2017.6726,1.9,-195.6,-7.4,2.5,2.3,7.8
2017-09-04,2017.6753,2.1,-197.2,-9.8,2.5,2.3,7.7
2017-09-05,2017.6781,3.9,-198.3,-12.5,2.4,2.3,7.5
2017-09-06,2017.6808,1.0,-197.7,-5.3,2.2,2.0,6.9
2017-09-07,2017.6836,0.4,-197.2,-1.4,2.2,2.1,6.9
2017-09-08,2017.6863,3.5,-197.5,-5.3,2.9,2.6,9.4
2017-09-09,2017.689,1.7,-197.1,-7.3,2.2,2.0,6.9
2017-09-10,2017.6918,1.2,-197.4,-9.7,2.1,1.9,6.5
2017-09-11,2017.6945,0.5,-195.9,-8.2,2.1,1.9,6.7
2017-09-12,2017.6973,0.6,-196.2,-8.8,2.6,2.4,8.2
2017-09-13,2017.7,2.5,-196.5,-10.8,2.2,2.0,7.0
2017-09-14,2017.7027,2.1,-198.1,-10.6,2.4,2.1,7.1
2017-09-15,2017.7055,2.8,-199.1,-10.4,2.3,2.1,7.2
2017-09-16,2017.7082,-0.1,-196.2,-5.2,2.1,1.9,6.7
2017-09-17,2017.711,1.0,-197.1,-7.4,2.3,2.1,7.1
2017-09-18,2017.7137,3.1,-195.3,-10.3,2.6,2.3,7.05
2017-09-19,2017.7164,1.6,-195.0,-13.2,2.3,2.1,7.0
2017-09-20,2017.7192,1.4,-196.6,-8.8,2.3,2.1,7.1
2017-09-21,2017.7219,1.1,-197.1,-4.2,2.4,2.2,7.4
2017-09-22,2017.7247,2.5,-195.9,-8.5,2.1,1.9,6.5
2017-09-23,2017.7274,2.5,-196.0,-4.4,2.1,1.9,6.6
2017-09-24,2017.7301,2.8,-195.8,-8.1,2.3,2.1,7.5
2017-09-25,2017.7329,4.9,-194.3,-10.1,2.1,1.9,6.7
2017-09-26,2017.7356,1.2,-194.0,-12.9,2.1,1.9,6.7
2017-09-27,2017.7384,4.0,-196.9,-10.0,2.1,1.9,6.5
2017-09-28,2017.7411,2.8,-195.1,-3.9,2.1,2.0,6.5
2017-09-29,2017.7438,2.2,-194.1,-6.7,2.0,1.8,6.2
2017-09-30,2017.7466,3.3,-195.2,-13.4,2.1,1.9,6.6
2017-10-01,2017.7493,3.9,-195.4,-12.1,1.9,1.8,6.1
2017-10-02,2017.7521,2.9,-194.9,-14.4,2.1,1.8,6.4
2017-10-03,2017.7548,1.8,-194.8,-10.2,2.1,1.9,6.6
2017-10-04,2017.7575,2.1,-194.3,-10.0,2.1,1.9,6.4
2017-10-05,2017.7603,3.0,-195.2,-12.7,2.1,1.9,6.5
2017-10-06,2017.763,2.2,-194.9,-10.8,2.1,1.9,6.5
2017-10-07,2017.7658,4.0,-196.6,-15.2,2.0,1.7,6.1
2017-10-08,2017.7685,2.3,-195.3,-16.7,2.1,1.8,6.6
2017-10-09,2017.7712,1.2,-194.3,-20.4,2.1,1.8,6.5
2017-10-10,2017.774,2.0,-194.5,-13.2,2.0,1.8,6.2
2017-10-11,2017.7767,1.5,-194.9,-20.2,2.3,2.1,7.0
2017-10-12,2017.7795,0.8,-194.7,-14.4,2.1,1.9,6.3
2017-10-13,2017.7822,0.3,-193.4,-13.6,2.0,1.8,6.2
2017-10-14,2017.7849,0.5,-194.3,-13.6,2.0,1.8,6.2
2017-10-15,2017.7877,1.3,-192.5,-10.4,1.9,1.8,6.1
2017-10-16,2017.7904,0.3,-193.2,-11.2,2.0,1.9,6.4
2017-10-17,2017.7932,0.3,-192.8,-12.6,2.2,2.1,7.1
2017-10-18,2017.7959,-0.9,-193.1,-14.2,2.3,2.2,7.2
2017-10-19,2017.7986,0.5,-193.7,-14.4,1.9,1.8,6.2
2017-10-20,2017.8014,-0.4,-193.3,-13.1,2.1,1.9,6.7
2017-10-21,2017.8041,0.5,-192.9,-13.6,2.0,1.9,6.3
2017-10-22,2017.8068,1.4,-192.2,-12.0,2.1,1.9,6.5
2017-10-23,2017.8096,0.5,-194.2,-6.9,1.9,1.8,6.1
2017-10-24,2017.8123,0.8,-193.8,-11.4,2.1,1.9,6.6
2017-10-25,2017.8151,0.4,-192.7,-10.3,1.9,1.7,5.9
2017-10-26,2017.8178,-0.5,-191.5,-12.1,2.2,2.2,6.9
2017-10-27,2017.8205,1.4,-192.9,-18.6,2.2,2.1,6.8
2017-10-28,2017.8233,1.3,-191.7,-14.5,2.2,2.1,6.7
2017-10-29,2017.826,0.0,-192.1,-11.4,1.9,1.8,6.0
2017-10-30,2017.8288,0.8,-192.3,-8.4,1.8,1.7,5.8
2017-10-31,2017.8315,0.9,-192.8,-7.3,1.9,1.8,6.0
2017-11-01,2017.8342,2.2,-191.6,-8.3,2.0,1.8,6.3
2017-11-02,2017.837,1.4,-191.2,-9.4,2.0,2.0,6.5
2017-11-03,2017.8397,1.1,-191.5,-11.1,2.0,1.8,6.3
2017-11-04,2017.8425,0.4,-193.0,-6.2,1.9,1.8,6.1
2017-11-05,2017.8452,1.3,-192.8,-11.3,2.0,1.9,6.4
2017-11-06,2017.8479,1.5,-194.0,-10.4,2.0,1.9,6.3
2017-11-07,2017.8507,0.4,-192.5,-5.7,2.1,2.0,6.8
2017-11-08,2017.8534,-0.1,-190.9,-9.3,2.2,2.1,7.1
2017-11-09,2017.8562,0.8,-191.7,-7.5,1.9,1.7,6.0
2017-11-10,2017.8589,-0.0,-191.5,-6.3,1.9,1.7,6.1
2017-11-11,2017.8616,0.2,-190.6,-4.5,2.1,2.0,6.5
2017-11-12,2017.8644,0.7,-190.4,-8.4,1.9,1.8,6.0
2017-11-13,2017.8671,1.3,-191.1,-7.3,1.8,1.7,5.9
2017-11-14,2017.8699,0.4,-191.2,-4.9,2.0,1.8,6.2
2017-11-15,2017.8726,1.1,-192.7,-5.8,2.0,1.9,6.3
2017-11-16,2017.8753,1.6,-192.6,-6.1,2.1,2.0,6.3
2017-11-17,2017.8781,1.1,-190.9,-11.1,2.0,1.9,6.3
2017-11-18,2017.8808,-1.0,-190.4,-7.5,2.1,2.1,6.6
2017-11-19,2017.8836,-0.7,-190.7,-11.7,1.9,1.8,6.0
2017-11-20,2017.8863,-0.3,-192.9,-10.9,2.1,2.1,6.6
2017-11-21,2017.889,-1.6,-191.6,-11.6,1.8,1.7,5.6
2017-11-22,2017.8918,0.5,-191.7,-13.6,1.8,1.7,5.8
2017-11-23,2017.8945,-0.8,-190.7,-11.1,1.9,1.8,6.1
2017-11-24,2017.8973,-0.3,-190.4,-15.5,2.0,1.9,6.3
2017-11-25,2017.9,-1.6,-190.5,-9.3,1.9,1.7,6.0
2017-11-26,2017.9027,-0.9,-190.8,-9.0,1.9,1.7,5.9
2017-11-27,2017.9055,-0.3,-190.6,-12.5,2.0,1.9,6.4
2017-11-28,2017.9082,0.8,-190.0,-13.2,2.1,1.9,6.5
2017-11-29,2017.911,0.8,-190.1,-14.7,1.9,1.7,5.9
2017-11-30,2017.9137,0.4,-190.2,-13.4,1.8,1.6,5.8
2017-12-01,2017.9164,0.2,-190.3,-16.9,2.1,2.0,6.7
2017-12-02,2017.9192,0.4,-190.8,-14.0,1.9,1.6,5.8
2017-12-03,2017.9219,0.1,-189.4,-10.8,1.9,1.8,6.0
2017-12-04,2017.9247,-0.3,-188.3,-9.0,1.9,1.8,5.8
2017-12-05,2017.9274,0.1,-189.3,-7.9,1.9,1.8,5.9
2017-12-06,2017.9301,0.5,-188.4,-9.4,2.1,2.1,6.6
2017-12-07,2017.9329,1.4,-187.7,-10.3,1.9,1.9,6.1
2017-12-08,2017.9356,-1.8,-189.4,-5.9,1.8,1.7,5.8
2017-12-09,2017.9384,-0.6,-189.5,-7.6,1.9,1.7,6.0
2017-12-10,2017.9411,0.6,-189.9,-6.6,2.1,2.0,6.6
2017-12-11,2017.9438,0.1,-189.9,-3.6,1.9,1.9,6.1
2017-12-12,2017.9466,0.2,-189.8,-7.7,1.9,1.7,6.0
2017-12-13,2017.9493,-0.1,-189.1,-3.2,1.9,1.8,6.1
2017-12-14,2017.9521,1.5,-189.2,-8.0,1.9,1.8,6.0
2017-12-15,2017.9548,1.3,-189.3,-15.3,1.9,1.8,5.8
2017-12-16,2017.9575,0.3,-188.7,-12.6,1.9,1.8,6.1
2017-12-17,2017.9603,0.9,-188.3,-14.6,2.3,2.2,7.2
2017-12-18,2017.963,2.0,-188.3,-12.8,1.9,1.8,6.0
2017-12-19,2017.9658,0.7,-187.5,-9.8,1.9,1.9,6.2
2017-12-20,2017.9685,0.0,-188.4,-8.2,1.9,1.8,6.1
2017-12-21,2017.9712,0.2,-187.4,-4.1,1.9,1.7,6.0
2017-12-22,2017.974,2.3,-188.4,-9.4,1.9,1.8,6.3
2017-12-23,2017.9767,0.5,-187.6,-2.9,1.9,1.8,6.1
2017-12-24,2017.9795,0.8,-187.0,-1.9,2.1,2.0,6.6
2017-12-25,2017.9822,0.6,-186.7,0.6,2.0,1.9,6.3
2017-12-26,2017.9849,0.0,-186.7,3.7,1.9,1.7,5.9
2017-12-27,2017.9877,1.9,-188.1,4.5,2.0,1.9,6.3
2017-12-28,2017.9904,1.2,-187.7,-6.6,2.0,1.9,6.3
2017-12-29,2017.9932,3.0,-188.0,-10.5,2.0,1.9,6.3
2017-12-30,2017.9959,2.8,-187.6,-5.5,1.9,1.8,6.1
2017-12-31,2017.9986,1.2,-187.8,-6.6,1.9,1.7,5.9
2018-01-01,2018.0014,1.4,-187.5,-6.7,1.8,1.7,5.9
2018-01-02,2018.0041,1.5,-186.2,-7.6,1.8,1.6,5.8
2018-01-03,2018.0068,1.4,-185.5,-8.7,1.9,1.7,6.0
2018-01-04,2018.0096,1.9,-185.2,-3.1,1.9,1.9,6.2
2018-01-05,2018.0123,1.3,-186.5,-7.6,1.9,1.7,6.0
2018-01-06,2018.0151,1.1,-185.4,-7.5,1.8,1.6,5.7
2018-01-07,2018.0178,1.1,-186.0,-11.8,1.9,1.7,5.9
2018-01-08,2018.0205,0.7,-185.6,-9.1,1.9,1.7,6.0
2018-01-09,2018.0233,1.1,-187.0,-12.2,2.1,2.0,6.7
2018-01-10,2018.026,0.2,-184.7,-9.6,1.8,1.7,5.7
2018-01-11,2018.0288,0.8,-184.1,-9.4,1.9,1.8,6.1
2018-01-12,2018.0315,0.9,-184.8,-4.0,2.0,1.9,6.3
2018-01-13,2018.0342,0.7,-185.2,-6.3,1.9,1.8,6.1
2018-01-14,2018.037,1.7,-185.2,-4.8,2.0,1.9,6.4
2018-01-15,2018.0397,0.6,-186.8,-4.5,1.9,1.8,6.1
2018-01-16,2018.0425,0.3,-186.9,-5.1,1.9,1.8,6.1
2018-01-17,2018.0452,1.2,-185.6,-4.0,1.9,1.8,6.1
2018-01-18,2018.0479,1.7,-185.8,-4.5,2.1,2.0,6.6
2018-01-19,2018.0507,1.9,-186.9,-6.6,1.9,1.8,6.1
2018-01-20,2018.0534,2.9,-185.4,-11.0,2.0,1.9,6.3
2018-01-21,2018.0562,3.2,-184.8,-3.5,1.9,1.9,6.1
2018-01-22,2018.0589,3.5,-184.3,-7.4,2.0,2.0,6.4
2018-01-23,2018.0616,3.8,-185.2,-2.7,1.8,1.7,5.9
2018-01-24,2018.0644,4.6,-183.4,-7.3,2.0,1.9,6.4
2018-01-25,2018.0671,3.0,-183.8,-10.0,1.8,1.7,5.8
2018-01-26,2018.0699,3.6,-184.5,-7.0,1.9,1.8,6.2
2018-01-27,2018.0726,2.7,-183.8,-10.2,2.1,2.0,6.6
2018-01-28,2018.0753,1.9,-184.6,-7.3,2.1,2.0,6.7
2018-01-29,2018.0781,3.1,-185.3,-8.8,2.0,2.0,6.5
2018-01-30,2018.0808,3.6,-185.1,-10.3,2.0,1.9,6.3
2018-01-31,2018.0836,3.4,-184.4,-8.9,2.0,1.9,6.3
2018-02-01,2018.0863,2.9,-184.5,-12.8,1.9,1.8,6.2
2018-02-02,2018.089,1.5,-183.5,-10.7,2.1,2.0,6.6
2018-02-03,2018.0918,3.5,-182.9,-10.0,1.9,1.8,6.0
2018-02-04,2018.0945,4.0,-182.3,-13.4,2.0,1.9,6.5
2018-02-05,2018.0973,2.1,-181.5,-9.5,2.0,1.8,6.4
2018-02-06,2018.1,3.3,-183.6,-5.3,2.1,2.1,6.8
2018-02-07,2018.1027,3.3,-184.6,-8.0,2.0,1.9,6.5
2018-02-08,2018.1055,3.8,-184.4,-7.2,1.9,1.8,6.2
2018-02-09,2018.1082,2.9,-183.1,-11.2,1.9,1.8,6.2
2018-02-10,2018.111,2.6,-181.9,-8.4,1.9,1.8,6.2
2018-02-11,2018.1137,1.7,-182.4,-9.0,1.9,1.7,6.0
2018-02-12,2018.1164,1.4,-182.4,-3.9,1.9,1.7,6.0
2018-02-13,2018.1192,2.2,-182.0,-4.2,1.9,1.7,6.1
2018-02-14,2018.1219,1.8,-180.9,-4.9,2.1,2.0,6.6
2018-02-15,2018.1247,2.4,-180.1,-1.8,2.0,1.9,6.3
2018-02-16,2018.1274,2.1,-182.5,-7.7,2.0,1.9,6.3
2018-02-17,2018.1301,3.8,-181.2,-9.2,1.9,1.8,6.2
2018-02-18,2018.1329,4.4,-181.6,-7.3,2.0,1.9,6.3
2018-02-19,2018.1356,4.2,-180.3,-6.6,2.0,1.9,6.3
2018-02-20,2018.1384,4.0,-180.5,-8.5,2.0,1.9,6.5
2018-02-21,2018.1411,2.4,-180.2,-5.1,2.0,1.9,6.4
2018-02-22,2018.1438,3.0,-181.7,-7.7,2.0,1.9,6.3
2018-02-23,2018.1466,3.4,-180.3,-8.3,1.9,1.7,6.1
2018-02-24,2018.1493,3.2,-181.2,-6.5,1.9,1.7,6.2
2018-02-25,2018.1521,3.3,-180.3,-4.5,2.0,1.9,6.5
2018-02-26,2018.1548,1.7,-178.9,-6.6,2.0,1.9,6.5
2018-02-27,2018.1575,3.4,-182.1,-5.1,2.1,2.0,6.6
2018-02-28,2018.1603,2.8,-182.5,-5.5,2.2,2.0,6.9
2018-03-01,2018.163,2.7,-181.5,-3.1,2.2,2.1,6.9
2018-03-02,2018.1658,2.4,-181.4,-2.6,2.1,2.0,6.75
2018-03-03,2018.1685,2.6,-181.0,-2.1,2.0,1.9,6.6
2018-03-04,2018.1712,4.0,-182.2,-0.7,2.0,1.9,6.5
2018-03-05,2018.174,2.4,-180.7,-3.5,1.9,1.8,6.2
2018-03-06,2018.1767,3.8,-179.5,-6.3,2.1,2.0,6.7
2018-03-07,2018.1795,3.1,-179.9,-7.3,1.9,1.8,6.1
2018-03-08,2018.1822,2.4,-180.1,-6.5,2.3,2.2,7.3
2018-03-09,2018.1849,1.9,-179.1,-2.5,2.1,2.0,6.8
2018-03-10,2018.1877,1.8,-180.6,-5.0,1.9,1.8,6.2
2018-03-11,2018.1904,2.1,-180.4,-0.1,2.0,1.9,6.6
2018-03-12,2018.1932,1.6,-181.2,-0.8,1.9,1.8,6.2
2018-03-13,2018.1959,0.7,-180.4,-2.0,1.9,1.8,6.3
2018-03-14,2018.1986,3.9,-179.4,0.5,2.3,2.3,7.4
2018-03-15,2018.2014,3.4,-179.9,-2.8,2.1,2.1,6.9
2018-03-16,2018.2041,3.6,-180.8,-0.8,2.1,2.0,6.6
2018-03-17,2018.2068,4.1,-179.8,-2.4,2.1,2.0,6.7
2018-03-18,2018.2096,4.2,-180.0,-3.9,2.0,1.8,6.5
2018-03-19,2018.2123,4.1,-179.6,-6.2,1.9,1.7,6.0
2018-03-20,2018.2151,4.5,-179.2,-6.5,2.1,2.0,6.6
2018-03-21,2018.2178,4.1,-180.8,-1.1,2.0,1.9,6.4
2018-03-22,2018.2205,2.6,-180.5,-1.8,1.9,1.8,6.1
2018-03-23,2018.2233,3.0,-179.4,-2.7,2.1,2.1,6.8
2018-03-24,2018.226,2.8,-180.8,-4.6,2.1,2.0,6.7
2018-03-25,2018.2288,1.1,-179.9,-2.2,1.9,1.7,6.2
2018-03-26,2018.2315,2.4,-180.6,-3.4,2.0,1.8,6.2
2018-03-27,2018.2342,2.2,-180.3,-1.4,2.1,1.9,6.6
2018-03-28,2018.237,1.9,-180.2,1.8,1.9,1.7,6.0
2018-03-29,2018.2397,5.7,-181.4,-1.4,2.2,2.0,6.9
2018-03-30,2018.2425,2.7,-180.4,-5.3,2.1,1.9,6.5
2018-03-31,2018.2452,2.5,-181.2,-1.1,2.0,1.8,6.3
2018-04-01,2018.2479,3.5,-181.7,3.0,2.1,1.9,6.5
2018-04-02,2018.2507,3.5,-180.9,-2.0,2.1,2.0,6.7
2018-04-03,2018.2534,3.6,-180.5,-0.0,2.1,1.9,7.0
2018-04-04,2018.2562,3.3,-181.0,-8.8,2.1,1.9,6.8
2018-04-05,2018.2589,1.6,-180.2,-9.1,2.0,1.8,6.3
2018-04-06,2018.2616,0.4,-179.2,-8.4,2.1,1.9,6.6
2018-04-07,2018.2644,0.1,-179.1,-2.5,2.1,1.9,6.5
2018-04-08,2018.2671,-0.4,-178.2,0.5,2.0,1.9,6.4
2018-04-09,2018.2699,-0.3,-179.8,-1.6,2.1,1.9,6.55
2018-04-10,2018.2726,0.9,-179.4,-3.7,2.1,1.9,6.7
2018-04-11,2018.2753,0.3,-178.5,1.3,2.1,1.9,6.7
2018-04-12,2018.2781,-0.0,-177.8,-7.4,2.0,1.9,6.5
2018-04-13,2018.2808,0.9,-178.3,-3.6,1.9,1.7,6.1
2018-04-14,2018.2836,-0.2,-177.7,-5.1,2.0,1.9,6.5
2018-04-15,2018.2863,0.0,-178.4,2.3,1.9,1.8,6.1
2018-04-16,2018.289,0.3,-178.9,1.8,2.0,1.9,6.3
2018-04-17,2018.2918,-0.2,-177.5,-0.7,2.1,2.0,6.7
2018-04-18,2018.2945,0.7,-178.0,3.7,2.0,1.9,6.7
2018-04-19,2018.2973,0.9,-177.8,2.1,2.1,2.0,6.9
2018-04-20,2018.3,0.2,-176.6,2.1,2.1,2.0,6.7
2018-04-21,2018.3027,0.5,-177.6,-0.5,2.1,2.0,6.9
2018-04-22,2018.3055,1.7,-176.5,-3.1,2.0,1.9,6.5
2018-04-23,2018.3082,1.4,-176.6,-9.5,2.1,2.1,7.0
2018-04-24,2018.311,0.7,-177.1,-9.3,2.2,2.2,7.3
2018-04-25,2018.3137,0.2,-177.8,-5.6,2.1,2.0,6.9
2018-04-26,2018.3164,1.2,-177.0,-3.6,2.1,1.9,6.7
2018-04-27,2018.3192,1.3,-176.8,-3.3,2.0,1.9,6.5
2018-04-28,2018.3219,3.2,-179.0,-8.6,2.2,2.1,7.3
2018-04-29,2018.3247,0.9,-176.3,-0.5,2.2,2.1,7.2
2018-04-30,2018.3274,1.7,-175.8,-3.0,2.1,2.0,6.9
2018-05-01,2018.3301,2.9,-176.9,-6.4,1.9,1.9,6.3
2018-05-02,2018.3329,1.1,-176.7,-6.8,2.1,2.0,6.5
2018-05-03,2018.3356,1.5,-176.9,-4.8,2.2,2.1,6.9
2018-05-04,2018.3384,2.7,-177.0,-1.6,2.0,1.9,6.6
2018-05-05,2018.3411,1.6,-176.6,-2.4,2.1,2.0,6.6
2018-05-06,2018.3438,1.4,-177.0,-1.2,2.2,2.1,7.0
2018-05-07,2018.3466,2.0,-176.1,-0.3,2.2,2.1,7.2
2018-05-08,2018.3493,0.5,-176.8,-4.6,2.2,2.2,7.3
2018-05-09,2018.3521,0.7,-175.9,-4.8,2.1,2.0,6.9
2018-05-10,2018.3548,1.3,-177.2,-10.6,2.2,2.1,6.9
2018-05-11,2018.3575,2.2,-176.4,-2.3,2.1,2.1,7.0
2018-05-12,2018.3603,1.2,-176.8,3.2,2.0,1.9,6.4
2018-05-13,2018.363,2.6,-176.4,4.2,2.1,2.0,6.6
2018-05-14,2018.3658,0.8,-176.2,5.6,2.2,2.1,7.1
2018-05-15,2018.3685,2.4,-176.8,1.9,2.1,2.0,6.7
2018-05-16,2018.3712,3.4,-176.6,-5.0,2.2,2.1,7.3
2018-05-17,2018.374,3.2,-176.2,0.9,2.2,2.0,7.3
2018-05-18,2018.3767,2.7,-176.5,-4.1,2.2,2.1,7.2
2018-05-19,2018.3795,2.5,-178.0,-2.4,2.0,2.0,6.6
2018-05-20,2018.3822,1.6,-177.1,-3.9,2.0,1.9,6.6
2018-05-21,2018.3849,2.1,-176.0,-8.3,2.0,1.9,6.7
2018-05-22,2018.3877,2.1,-177.0,-4.5,1.9,1.8,6.2
2018-05-23,2018.3904,-0.0,-175.5,0.3,2.0,2.0,6.5
2018-05-24,2018.3932,2.8,-176.0,-5.5,2.3,2.2,7.4
2018-05-25,2018.3959,1.4,-174.7,-8.4,2.0,1.8,6.95
2018-05-26,2018.3986,1.9,-175.7,-11.3,2.0,1.9,6.5
2018-05-27,2018.4014,1.2,-175.3,-3.9,2.0,1.9,6.3
2018-05-28,2018.4041,2.5,-175.8,-6.1,2.2,2.1,7.1
2018-05-29,2018.4068,1.7,-174.7,-7.1,2.2,2.1,7.2
2018-05-30,2018.4096,0.8,-174.6,1.9,2.0,1.9,6.5
2018-05-31,2018.4123,0.4,-174.9,-3.9,2.1,2.0,6.8
2018-06-01,2018.4151,-1.0,-174.9,-5.1,2.1,2.0,6.8
2018-06-02,2018.4178,0.3,-175.1,-1.7,2.1,2.0,6.8
2018-06-03,2018.4205,-1.3,-175.7,-4.0,2.1,2.0,6.6
2018-06-04,2018.4233,-1.3,-174.8,-2.6,2.1,2.1,6.9
2018-06-05,2018.426,0.9,-176.6,-5.3,2.3,2.3,7.4
2018-06-06,2018.4288,0.4,-173.9,-4.6,2.2,2.1,7.1
2018-06-07,2018.4315,1.0,-174.7,-0.4,2.2,2.1,7.1
2018-06-08,2018.4342,1.9,-174.7,-1.9,2.2,2.1,7.2
2018-06-09,2018.437,0.5,-172.2,-0.2,2.2,2.2,7.3
2018-06-10,2018.4397,-0.9,-172.7,3.3,2.2,2.1,7.2
2018-06-11,2018.4425,0.1,-172.3,-3.4,2.3,2.1,7.5
2018-06-12,2018.4452,0.4,-172.7,2.3,2.3,2.4,7.5
2018-06-13,2018.4479,0.8,-172.3,4.6,2.4,2.4,8.0
2018-06-14,2018.4507,0.4,-172.8,6.6,2.3,2.2,7.6
2018-06-15,2018.4534,0.7,-172.8,0.8,2.3,2.2,7.2
2018-06-16,2018.4562,-1.1,-173.3,-2.6,2.4,2.3,7.9
2018-06-17,2018.4589,-0.2,-172.3,1.7,2.5,2.4,8.2
2018-06-18,2018.4616,0.4,-173.5,-0.3,2.5,2.5,8.0
2018-06-19,2018.4644,0.9,-170.8,0.0,2.6,2.5,8.3
2018-06-20,2018.4671,-0.7,-172.4,5.8,2.8,2.8,9.0
2018-06-21,2018.4699,-1.0,-173.9,0.9,2.7,2.8,8.9
2018-06-22,2018.4726,1.2,-172.7,0.4,2.5,2.3,8.0
2018-06-23,2018.4753,0.9,-172.9,-0.8,2.4,2.4,7.7
2018-06-24,2018.4781,1.4,-172.0,-0.1,2.5,2.3,8.2
2018-06-25,2018.4808,-0.2,-173.6,2.7,2.3,2.2,7.5
2018-06-26,2018.4836,2.2,-173.8,1.2,3.0,2.8,9.8
2018-06-27,2018.4863,-0.5,-172.0,4.7,2.5,2.4,7.9
2018-06-28,2018.489,-1.4,-171.7,4.9,2.5,2.4,7.9
2018-06-29,2018.4918,-0.7,-171.9,5.1,2.4,2.3,7.5
2018-06-30,2018.4945,0.8,-171.2,-2.9,2.6,2.4,8.0
2018-07-01,2018.4973,0.1,-172.5,-8.9,2.4,2.2,7.6
2018-07-02,2018.5,0.8,-172.4,-6.8,2.5,2.4,8.1
2018-07-03,2018.5027,0.6,-172.6,-1.5,2.5,2.3,8.2
2018-07-04,2018.5055,1.6,-170.7,-3.0,2.5,2.3,8.2
2018-07-05,2018.5082,1.2,-170.4,-5.7,2.2,2.1,7.1
2018-07-06,2018.511,2.3,-171.2,-4.8,2.5,2.4,8.1
2018-07-07,2018.5137,1.4,-171.4,-3.0,2.2,2.1,7.1
2018-07-08,2018.5164,1.8,-170.2,-8.2,2.5,2.3,8.0
2018-07-09,2018.5192,0.1,-171.0,-1.1,2.3,2.1,7.5
2018-07-10,2018.5219,0.9,-170.4,-6.7,2.7,2.5,8.8
2018-07-11,2018.5247,1.4,-169.0,-5.3,2.5,2.4,8.1
2018-07-12,2018.5274,0.5,-169.6,-0.5,2.2,2.1,7.2
2018-07-13,2018.5301,-0.3,-168.9,1.1,2.5,2.4,7.9
2018-07-14,2018.5329,-0.6,-170.5,-4.1,2.6,2.4,8.7
2018-07-15,2018.5356,0.5,-169.0,-10.4,2.5,2.2,8.1
2018-07-16,2018.5384,0.1,-169.5,-3.2,2.3,2.1,7.5
2018-07-17,2018.5411,0.1,-170.2,-1.8,2.2,2.1,7.3
2018-07-18,2018.5438,-0.6,-169.9,-8.6,2.6,2.4,8.4
2018-07-19,2018.5466,-1.5,-168.9,-6.3,2.6,2.4,8.4
2018-07-20,2018.5493,0.6,-170.3,-8.6,2.3,2.1,7.6
2018-07-21,2018.5521,1.2,-170.8,-9.4,2.8,2.6,9.0
2018-07-22,2018.5548,-0.2,-169.2,-2.5,2.3,2.2,7.6
2018-07-23,2018.5575,-2.1,-169.0,-2.9,2.3,2.1,7.3
2018-07-24,2018.5603,-1.6,-171.6,3.9,2.4,2.2,7.4
2018-07-25,2018.563,0.1,-169.6,-1.9,2.5,2.3,8.1
2018-07-26,2018.5658,-0.2,-168.3,-3.7,2.8,2.5,9.2
2018-07-27,2018.5685,-1.0,-169.7,-9.5,2.6,2.4,8.5
2018-07-28,2018.5712,-0.3,-168.7,-3.2,2.5,2.3,8.1
2018-07-29,2018.574,-2.1,-169.3,-6.9,2.6,2.4,8.7
2018-07-30,2018.5767,0.5,-169.9,-4.6,2.6,2.4,8.4
2018-07-31,2018.5795,-1.1,-169.3,0.7,2.5,2.4,7.9
2018-08-01,2018.5822,0.4,-169.2,-6.4,3.0,2.9,9.7
2018-08-02,2018.5849,0.0,-169.5,-2.8,2.3,2.1,7.3
2018-08-03,2018.5877,-0.3,-167.5,0.5,2.3,2.1,7.6
2018-08-04,2018.5904,0.3,-169.6,-5.7,2.7,2.4,8.9
2018-08-05,2018.5932,-0.1,-167.1,-3.6,2.6,2.3,8.6
2018-08-06,2018.5959,0.9,-167.9,-3.6,2.6,2.4,8.4
2018-08-07,2018.5986,1.2,-167.5,-8.1,2.7,2.6,8.6
2018-08-08,2018.6014,-0.2,-169.1,-3.2,2.8,2.7,8.8
2018-08-09,2018.6041,0.8,-170.4,-4.2,2.8,2.7,9.2
2018-08-10,2018.6068,-1.8,-168.8,-0.0,3.0,2.8,9.7
2018-08-11,2018.6096,1.5,-169.4,-4.2,2.7,2.4,8.6
2018-08-12,2018.6123,1.3,-168.9,-5.2,2.7,2.6,8.4
2018-08-13,2018.6151,2.5,-168.1,-7.2,2.8,2.6,8.7
2018-08-14,2018.6178,1.1,-168.9,-8.7,2.3,2.1,7.1
2018-08-15,2018.6205,-1.2,-168.1,-9.4,2.6,2.4,8.4
2018-08-16,2018.6233,1.3,-166.6,-8.7,2.3,2.1,7.1
2018-08-17,2018.626,2.6,-168.2,-10.1,2.2,2.0,7.0
2018-08-18,2018.6288,3.0,-167.5,-3.0,2.2,2.0,7.1
2018-08-19,2018.6315,1.7,-167.5,-3.8,2.9,2.6,9.3
2018-08-20,2018.6342,-2.3,-165.3,-4.5,2.7,2.5,8.9
2018-08-21,2018.637,0.6,-166.7,-7.7,2.4,2.2,7.6
2018-08-22,2018.6397,-1.1,-168.6,-6.9,2.3,2.1,7.3
2018-08-23,2018.6425,-1.0,-167.2,-8.2,2.4,2.2,7.4
2018-08-24,2018.6452,-0.1,-165.9,-4.4,2.2,2.0,7.0
2018-08-25,2018.6479,-1.7,-165.4,-6.2,2.7,2.4,8.7
2018-08-26,2018.6507,0.2,-166.3,-2.0,2.2,2.0,7.0
2018-08-27,2018.6534,0.2,-167.5,-0.8,2.3,2.1,7.5
2018-08-28,2018.6562,0.2,-166.5,-4.8,2.5,2.2,8.1
2018-08-29,2018.6589,1.2,-166.2,-10.3,2.8,2.5,9.0
2018-08-30,2018.6616,0.3,-165.3,-8.6,2.7,2.4,8.7
2018-08-31,2018.6644,0.4,-167.7,-8.3,2.4,2.2,7.9
2018-09-01,2018.6671,1.1,-167.6,-6.8,2.5,2.2,7.8
2018-09-02,2018.6699,2.2,-167.2,-4.2,2.3,2.1,7.4
2018-09-03,2018.6726,1.6,-166.9,-5.1,2.4,2.2,7.7
2018-09-04,2018.6753,1.8,-166.6,-6.9,2.1,1.9,6.6
2018-09-05,2018.6781,2.1,-167.4,-7.2,2.4,2.2,7.8
2018-09-06,2018.6808,3.0,-165.9,-7.9,2.1,1.9,6.5
2018-09-07,2018.6836,-0.7,-166.6,-5.5,2.2,2.0,6.7
2018-09-08,2018.6863,1.4,-165.8,-5.9,2.1,1.9,6.5
2018-09-09,2018.689,1.9,-166.5,-12.0,2.1,1.9,6.5
2018-09-10,2018.6918,1.1,-166.5,-8.2,2.1,1.9,6.9
2018-09-11,2018.6945,2.4,-166.7,-8.8,2.3,2.2,7.4
2018-09-12,2018.6973,3.6,-167.0,-12.7,2.2,2.0,6.9
2018-09-13,2018.7,2.1,-166.5,-12.4,2.3,2.1,7.3
2018-09-14,2018.7027,2.3,-165.1,-12.2,2.3,2.1,6.85
2018-09-15,2018.7055,2.3,-165.6,-12.0,2.0,1.8,6.4
2018-09-16,2018.7082,2.0,-166.2,-10.2,2.4,2.2,7.5
2018-09-17,2018.711,1.6,-165.8,-12.8,2.3,2.1,7.1
2018-09-18,2018.7137,2.6,-164.8,-12.1,2.1,1.9,6.6
2018-09-19,2018.7164,0.4,-165.8,-12.1,2.3,2.1,7.0
2018-09-20,2018.7192,2.1,-165.8,-13.4,2.2,2.0,6.8
2018-09-21,2018.7219,1.6,-164.9,-13.1,2.0,1.9,6.4
2018-09-22,2018.7247,0.5,-165.6,-11.0,2.0,1.8,6.2
2018-09-23,2018.7274,0.2,-164.7,-10.5,2.2,2.0,7.0
2018-09-24,2018.7301,2.1,-164.5,-9.4,2.2,2.1,6.9
2018-09-25,2018.7329,1.3,-166.2,-12.2,2.3,2.2,7.3
2018-09-26,2018.7356,0.8,-164.8,-16.1,2.3,2.2,7.3
2018-09-27,2018.7384,0.5,-163.3,-14.7,2.0,1.9,6.4
2018-09-28,2018.7411,1.2,-163.9,-15.1,2.1,1.9,6.5
2018-09-29,2018.7438,0.1,-165.4,-14.9,2.1,1.9,6.7
2018-09-30,2018.7466,0.8,-164.7,-12.8,2.0,1.8,6.2
2018-10-01,2018.7493,-0.9,-164.4,-13.9,1.9,1.8,6.2
2018-10-02,2018.7521,-0.6,-164.6,-12.8,2.0,1.8,6.3
2018-10-03,2018.7548,-0.7,-164.5,-13.5,2.1,2.0,6.6
2018-10-04,2018.7575,-0.4,-164.6,-15.6,2.1,2.0,6.8
2018-10-05,2018.7603,1.1,-163.2,-14.9,2.0,1.8,6.2
2018-10-06,2018.763,1.1,-163.9,-14.8,1.9,1.7,5.9
2018-10-07,2018.7658,0.9,-164.0,-15.4,2.0,1.9,6.3
2018-10-08,2018.7685,0.3,-163.1,-16.8,2.0,1.9,6.2
2018-10-09,2018.7712,-1.1,-163.2,-13.6,2.0,1.9,6.3
2018-10-10,2018.774,0.8,-162.7,-8.8,1.9,1.8,6.2
2018-10-11,2018.7767,-0.3,-162.5,-11.0,1.9,1.8,6.1
2018-10-12,2018.7795,-0.5,-162.1,-7.8,2.0,2.0,6.3
2018-10-13,2018.7822,-0.7,-161.5,-6.9,1.9,1.8,6.1
2018-10-14,2018.7849,0.6,-162.3,-8.9,1.9,1.8,5.9
2018-10-15,2018.7877,-0.1,-162.1,-7.8,1.9,1.8,6.0
2018-10-16,2018.7904,0.6,-161.7,-5.4,1.9,1.8,6.2
2018-10-17,2018.7932,-0.2,-163.6,-4.9,1.9,1.9,6.3
2018-10-18,2018.7959,-0.6,-162.0,-5.8,2.1,2.1,6.5
2018-10-19,2018.7986,-0.1,-162.3,-9.7,2.1,2.0,6.5
2018-10-20,2018.8014,-0.5,-162.8,-10.0,1.9,1.8,6.1
2018-10-21,2018.8041,-1.4,-160.4,-8.8,2.0,1.9,6.3
2018-10-22,2018.8068,-0.2,-162.3,-9.7,2.0,1.9,6.3
2018-10-23,2018.8096,-1.6,-161.1,-4.8,2.0,2.0,6.4
2018-10-24,2018.8123,-1.3,-162.1,-6.7,2.1,2.0,6.5
2018-10-25,2018.8151,-0.8,-162.3,-10.8,2.0,1.9,6.4
2018-10-26,2018.8178,-0.7,-161.7,-6.7,1.9,1.9,6.0
2018-10-27,2018.8205,-1.4,-162.6,-6.8,2.1,2.0,6.5
2018-10-28,2018.8233,-0.7,-161.9,-7.4,1.9,1.9,6.3
2018-10-29,2018.826,-1.2,-161.7,-8.6,2.0,1.9,6.6
2018-10-30,2018.8288,-0.7,-161.1,-8.0,2.0,1.9,6.3
2018-10-31,2018.8315,-1.3,-161.8,-4.2,2.0,1.9,6.2
2018-11-01,2018.8342,-0.2,-161.9,-2.4,2.0,2.0,6.3
2018-11-02,2018.837,-0.5,-160.5,-6.4,1.9,1.9,6.1
2018-11-03,2018.8397,0.6,-160.4,-8.5,2.0,1.9,6.2
2018-11-04,2018.8425,0.3,-160.4,-5.5,1.9,1.8,5.9
2018-11-05,2018.8452,-1.1,-160.0,-6.2,2.0,2.0,6.3
2018-11-06,2018.8479,-0.9,-161.0,-7.2,2.0,2.0,6.4
2018-11-07,2018.8507,-1.0,-161.1,-3.9,2.0,2.0,6.5
2018-11-08,2018.8534,-0.2,-160.6,-2.5,1.9,1.7,5.9
2018-11-09,2018.8562,-1.5,-160.2,-3.4,1.9,1.8,6.1
2018-11-10,2018.8589,-3.0,-160.6,-5.5,2.0,1.9,6.3
2018-11-11,2018.8616,-2.0,-160.1,-7.7,2.0,1.9,6.2
2018-11-12,2018.8644,-1.2,-160.1,-4.7,2.0,1.9,6.2
2018-11-13,2018.8671,-1.5,-159.9,-8.1,1.9,1.8,6.1
2018-11-14,2018.8699,-1.0,-160.0,-10.6,1.9,1.8,6.2
2018-11-15,2018.8726,-1.8,-160.7,-10.2,1.9,1.9,6.2
2018-11-16,2018.8753,-0.7,-160.1,-10.9,1.9,1.8,6.1
2018-11-17,2018.8781,-2.0,-159.0,-10.9,2.1,2.0,6.5
2018-11-18,2018.8808,-1.4,-159.8,-5.3,2.0,1.9,6.2
2018-11-19,2018.8836,-0.5,-159.1,-8.0,2.0,1.9,6.2
2018-11-20,2018.8863,-0.9,-159.2,-10.9,2.0,2.0,6.3
2018-11-21,2018.889,-1.5,-158.0,-6.9,1.9,1.8,6.0
2018-11-22,2018.8918,-2.2,-157.8,-4.5,1.9,1.9,6.2
2018-11-23,2018.8945,-2.5,-159.4,-6.8,2.0,1.9,6.3
2018-11-24,2018.8973,-2.1,-159.1,-0.4,2.0,2.0,6.4
2018-11-25,2018.9,-1.4,-159.5,-5.9,2.1,2.1,6.8
2018-11-26,2018.9027,-2.4,-158.5,-5.2,2.2,2.2,7.1
2018-11-27,2018.9055,-1.8,-158.8,-5.4,2.0,2.0,6.5
2018-11-28,2018.9082,-0.4,-159.2,-5.4,1.9,1.8,6.1
2018-11-29,2018.911,-0.4,-158.7,-5.0,2.1,2.1,6.7
2018-11-30,2018.9137,-0.9,-158.9,-4.8,1.9,1.9,6.2
2018-12-01,2018.9164,-0.2,-158.5,-4.1,2.1,2.1,6.8
2018-12-02,2018.9192,-0.2,-159.7,-6.1,2.1,2.0,6.7
2018-12-03,2018.9219,0.6,-157.6,-8.5,2.0,2.1,6.6
2018-12-04,2018.9247,-0.3,-158.7,-7.6,2.0,2.0,6.5
2018-12-05,2018.9274,0.8,-159.0,-10.1,2.0,1.9,6.4
2018-12-06,2018.9301,0.9,-157.7,-13.0,2.0,2.1,6.5
2018-12-07,2018.9329,2.1,-157.3,-6.2,1.9,1.8,6.1
2018-12-08,2018.9356,0.1,-158.0,-6.2,1.9,1.8,6.1
2018-12-09,2018.9384,1.0,-156.4,-6.6,2.0,1.9,6.2
2018-12-10,2018.9411,1.0,-157.7,-7.8,2.0,1.9,6.2
2018-12-11,2018.9438,0.2,-155.7,-11.1,2.0,1.9,6.4
2018-12-12,2018.9466,0.4,-157.1,-7.9,1.9,1.9,6.1
2018-12-13,2018.9493,-0.3,-156.1,-7.2,1.9,1.8,6.1
2018-12-14,2018.9521,0.9,-156.7,-4.2,1.9,1.8,6.2
2018-12-15,2018.9548,0.5,-157.7,-5.4,2.1,2.1,6.6
2018-12-16,2018.9575,-0.5,-158.0,-4.6,1.8,1.7,5.8
2018-12-17,2018.9603,-0.1,-156.9,-5.3,1.9,1.8,6.0
2018-12-18,2018.963,-1.3,-157.1,-4.1,2.0,1.9,6.5
2018-12-19,2018.9658,0.5,-156.5,-2.1,2.1,1.9,6.5
2018-12-20,2018.9685,-0.4,-157.9,-5.9,1.9,1.7,6.0
2018-12-21,2018.9712,-0.2,-156.9,-8.7,1.9,1.8,6.2
2018-12-22,2018.974,0.2,-156.7,-10.0,1.9,1.7,5.9
2018-12-23,2018.9767,0.2,-156.3,-6.9,2.1,1.9,6.5
2018-12-24,2018.9795,1.6,-157.0,-5.6,1.9,1.7,6.0
2018-12-25,2018.9822,2.0,-157.1,-2.8,2.0,1.8,6.2
2018-12-26,2018.9849,-0.5,-157.6,-7.4,2.1,2.0,6.6
2018-12-27,2018.9877,2.7,-155.5,-9.6,1.9,1.8,6.3
2018-12-28,2018.9904,1.5,-155.2,-11.8,1.9,1.7,6.0
2018-12-29,2018.9932,0.1,-155.2,-10.5,1.8,1.7,5.8
2018-12-30,2018.9959,0.7,-156.3,-7.8,2.0,2.0,6.5
2018-12-31,2018.9986,0.6,-155.7,-10.5,1.9,1.8,6.1
2019-01-01,2019.0014,0.5,-156.3,-10.6,1.9,1.8,5.9
2019-01-02,2019.0041,0.2,-156.0,-6.4,1.9,1.8,6.1
2019-01-03,2019.0068,0.2,-155.1,-10.0,2.0,1.9,6.5
2019-01-04,2019.0096,0.0,-155.3,-9.9,2.0,1.8,6.2
2019-01-05,2019.0123,-1.2,-156.1,-5.8,1.9,1.7,5.9
2019-01-06,2019.0151,0.0,-155.0,-8.9,1.9,1.9,6.1
2019-01-07,2019.0178,-0.2,-154.3,-6.4,2.0,1.9,6.3
2019-01-08,2019.0205,-0.2,-155.6,-4.6,1.9,1.8,6.0
2019-01-09,2019.0233,-0.8,-154.7,-3.9,2.0,1.9,6.3
2019-01-10,2019.026,-1.1,-155.9,-2.3,2.1,1.9,6.5
2019-01-11,2019.0288,-0.4,-154.4,-4.1,1.9,1.8,6.1
2019-01-12,2019.0315,-0.4,-156.0,-4.0,1.9,1.7,6.0
2019-01-13,2019.0342,0.9,-155.3,-10.8,2.1,2.0,6.6
2019-01-14,2019.037,0.5,-154.7,-10.2,2.0,1.9,6.2
2019-01-15,2019.0397,-0.0,-153.8,-5.6,2.0,1.9,6.2
2019-01-16,2019.0425,-1.2,-154.6,-4.9,2.0,1.9,6.2
2019-01-17,2019.0452,-0.1,-155.6,-2.8,1.9,1.8,6.1
2019-01-18,2019.0479,-0.6,-153.6,-4.0,2.0,1.9,6.4
2019-01-19,2019.0507,0.3,-155.1,-9.6,2.0,1.9,6.3
2019-01-20,2019.0534,0.6,-154.5,-9.3,1.9,1.8,6.1
2019-01-21,2019.0562,0.7,-153.2,-5.0,2.0,1.9,6.3
2019-01-22,2019.0589,0.7,-153.7,-5.5,1.9,1.8,6.1
2019-01-23,2019.0616,1.9,-153.6,-6.3,2.0,1.9,6.4
2019-01-24,2019.0644,1.6,-154.2,-6.7,2.0,1.8,6.2
2019-01-25,2019.0671,1.7,-154.0,-8.9,2.0,1.9,6.2
2019-01-26,2019.0699,0.5,-153.7,-3.4,1.9,1.7,5.9
2019-01-27,2019.0726,0.0,-153.4,-7.6,1.9,1.8,6.2
2019-01-28,2019.0753,1.2,-154.3,-5.8,1.9,1.8,6.1
2019-01-29,2019.0781,2.2,-152.9,-7.5,2.0,1.9,6.4
2019-01-30,2019.0808,0.7,-152.9,-9.9,2.0,2.0,6.4
2019-01-31,2019.0836,1.7,-153.4,-4.8,2.0,1.8,6.1
2019-02-01,2019.0863,1.0,-154.0,-1.6,1.9,1.8,6.1
2019-02-02,2019.089,0.8,-152.1,-7.5,1.9,1.7,6.0
2019-02-03,2019.0918,0.1,-151.8,-6.3,2.0,1.9,6.3
2019-02-04,2019.0945,1.1,-152.8,-6.7,1.9,1.8,6.1
2019-02-05,2019.0973,1.6,-152.1,-4.0,2.0,1.9,6.4
2019-02-06,2019.1,1.1,-152.2,-3.8,2.1,1.9,6.5
2019-02-07,2019.1027,1.7,-153.0,-8.6,2.0,1.8,6.2
2019-02-08,2019.1055,1.6,-151.7,-8.9,2.1,2.0,6.5
2019-02-09,2019.1082,0.7,-151.4,-9.2,1.9,1.8,6.0
2019-02-10,2019.111,1.0,-151.3,-7.2,2.1,2.0,6.6
2019-02-11,2019.1137,0.8,-150.4,-9.4,2.1,2.0,6.6
2019-02-12,2019.1164,2.9,-151.1,-7.5,2.1,1.9,6.5
2019-02-13,2019.1192,1.3,-152.5,-10.7,2.0,1.9,6.4
2019-02-14,2019.1219,0.8,-151.8,-10.9,2.1,1.9,6.5
2019-02-15,2019.1247,0.7,-150.7,-7.4,2.1,1.9,6.6
2019-02-16,2019.1274,1.7,-151.2,-5.3,1.9,1.7,5.9
2019-02-17,2019.1301,1.1,-152.0,-3.3,2.1,1.9,6.5
2019-02-18,2019.1329,0.1,-149.4,-1.0,2.0,1.9,6.3
2019-02-19,2019.1356,0.5,-151.7,-4.6,2.0,1.9,6.4
2019-02-20,2019.1384,0.1,-151.6,-5.1,2.2,2.1,6.8
2019-02-21,2019.1411,2.9,-151.6,-7.9,2.2,2.1,6.9
2019-02-22,2019.1438,2.5,-150.7,-6.4,2.2,2.1,6.9
2019-02-23,2019.1466,3.7,-149.9,-6.6,2.2,2.2,6.9
2019-02-24,2019.1493,0.8,-150.0,-2.6,2.1,1.9,6.5
2019-02-25,2019.1521,2.1,-149.5,-4.6,2.0,1.9,6.2
2019-02-26,2019.1548,2.4,-149.5,-2.4,1.9,1.7,5.9
2019-02-27,2019.1575,0.6,-150.6,0.1,2.0,1.9,6.3
2019-02-28,2019.1603,0.1,-151.2,1.2,1.8,1.6,5.7
2019-03-01,2019.163,0.9,-151.5,0.4,2.3,2.2,7.1
2019-03-02,2019.1658,0.7,-152.9,2.0,1.9,1.7,6.85
2019-03-03,2019.1685,1.7,-151.0,3.6,2.2,2.1,6.6
2019-03-04,2019.1712,1.6,-152.2,1.9,1.9,1.8,6.1
2019-03-05,2019.174,3.1,-151.9,-3.4,2.2,2.1,6.7
2019-03-06,2019.1767,2.4,-151.8,-0.1,2.0,1.8,6.0
2019-03-07,2019.1795,1.9,-151.8,-0.7,2.0,1.9,6.5
2019-03-08,2019.1822,2.5,-152.4,0.3,2.1,2.0,6.6
2019-03-09,2019.1849,3.6,-151.1,-6.1,2.0,1.9,6.4
2019-03-10,2019.1877,2.7,-151.0,-5.6,2.1,1.9,6.4
2019-03-11,2019.1904,2.0,-151.4,-5.0,2.0,2.0,6.3
2019-03-12,2019.1932,2.1,-152.2,-2.7,2.2,2.1,6.8
2019-03-13,2019.1959,0.9,-151.3,-8.1,2.1,2.0,6.6
2019-03-14,2019.1986,2.7,-152.2,-5.9,2.0,1.9,6.4
2019-03-15,2019.2014,2.8,-151.7,-7.8,2.2,2.1,6.7
2019-03-16,2019.2041,2.3,-150.4,-3.4,2.0,1.8,6.2
2019-03-17,2019.2068,2.9,-151.8,-2.1,2.1,2.0,6.6
2019-03-18,2019.2096,2.3,-149.9,-2.0,2.3,2.2,7.1
2019-03-19,2019.2123,3.1,-150.5,-5.5,1.9,1.8,6.2
2019-03-20,2019.2151,3.8,-150.9,-9.1,1.9,1.7,5.9
2019-03-21,2019.2178,3.8,-151.1,-5.9,2.0,1.9,6.2
2019-03-22,2019.2205,3.6,-151.4,-7.0,2.1,1.9,6.4
2019-03-23,2019.2233,1.7,-149.9,-3.4,2.2,2.0,6.8
2019-03-24,2019.226,2.1,-151.4,-6.6,2.1,2.0,6.7
2019-03-25,2019.2288,1.5,-149.8,-4.7,1.9,1.8,6.0
2019-03-26,2019.2315,1.4,-150.3,-3.9,2.0,1.9,6.4
2019-03-27,2019.2342,1.8,-148.9,-8.7,2.1,1.9,6.8
2019-03-28,2019.237,1.6,-149.6,-4.2,2.1,2.0,6.7
2019-03-29,2019.2397,1.4,-148.0,-3.9,2.2,2.0,6.8
2019-03-30,2019.2425,0.1,-149.5,-6.1,2.2,2.0,6.6
2019-03-31,2019.2452,1.1,-149.4,-3.8,2.0,1.9,6.1
2019-04-01,2019.2479,1.4,-150.9,-5.8,2.2,2.2,6.9
2019-04-02,2019.2507,0.9,-149.8,-0.1,2.1,1.9,6.3
2019-04-03,2019.2534,1.8,-148.6,-3.6,2.0,1.9,6.2
2019-04-04,2019.2562,-0.1,-151.1,-4.0,2.0,1.9,6.4
2019-04-05,2019.2589,0.5,-149.4,-4.3,2.2,2.2,7.0
2019-04-06,2019.2616,0.7,-149.0,-3.5,2.3,2.3,7.2
2019-04-07,2019.2644,0.4,-148.7,-1.3,2.1,2.0,6.6
2019-04-08,2019.2671,1.8,-148.2,-5.5,2.2,2.2,7.1
2019-04-09,2019.2699,1.6,-149.9,-6.6,2.2,2.2,7.0
2019-04-10,2019.2726,2.0,-150.2,-2.9,2.2,2.1,7.0
2019-04-11,2019.2753,1.6,-148.8,-2.5,2.4,2.4,7.8
2019-04-12,2019.2781,2.5,-148.0,-7.4,2.2,2.1,6.9
2019-04-13,2019.2808,1.8,-147.8,-5.8,2.2,2.1,6.9
2019-04-14,2019.2836,0.2,-148.9,-6.1,2.1,2.1,6.8
2019-04-15,2019.2863,0.2,-149.6,-4.76,2.2,2.1,6.9
2019-04-16,2019.289,0.2,-148.3,-3.42,2.2,2.0,7.0
2019-04-17,2019.2918,1.8,-148.0,-2.08,2.3,2.3,7.1
2019-04-18,2019.2945,0.8,-147.2,-0.74,2.2,2.1,7.2
2019-04-19,2019.2973,1.1,-148.6,0.6,2.3,2.3,7.3
2019-04-20,2019.3,2.6,-150.0,0.2,2.2,2.1,7.0
2019-04-21,2019.3027,3.4,-147.8,-0.1,2.1,2.1,6.8
2019-04-22,2019.3055,2.1,-149.0,2.2,2.3,2.3,7.2
2019-04-23,2019.3082,-0.2,-149.5,-1.2,2.5,2.5,7.7
2019-04-24,2019.311,1.3,-149.9,-1.6,2.3,2.2,7.3
2019-04-25,2019.3137,0.6,-148.8,0.4,2.3,2.2,7.0
2019-04-26,2019.3164,0.3,-148.0,3.1,2.6,2.5,7.7
2019-04-27,2019.3192,3.4,-148.7,-4.3,2.1,2.0,6.7
2019-04-28,2019.3219,2.3,-148.2,-8.6,2.2,2.1,7.0
2019-04-29,2019.3247,1.9,-148.3,-3.9,2.3,2.2,7.0
2019-04-30,2019.3274,2.2,-147.5,-3.6,2.1,2.1,6.6
2019-05-01,2019.3301,2.1,-148.5,-5.0,2.8,3.4,8.2
2019-05-02,2019.3329,3.1,-146.7,-5.1,2.1,2.1,6.7
2019-05-03,2019.3356,4.0,-148.9,-9.8,2.4,2.4,7.3
2019-05-04,2019.3384,3.4,-146.8,-2.5,2.1,2.0,6.7
2019-05-05,2019.3411,2.3,-149.2,-12.7,2.3,2.2,7.2
2019-05-06,2019.3438,1.9,-147.6,-13.4,2.3,2.2,7.2
2019-05-07,2019.3466,3.0,-146.0,-15.0,2.2,2.1,7.2
2019-05-08,2019.3493,3.0,-146.1,-13.3,2.3,2.1,7.5
2019-05-09,2019.3521,0.8,-144.8,-11.9,2.5,2.4,7.9
2019-05-10,2019.3548,0.6,-146.1,-11.2,2.6,2.6,8.8
2019-05-11,2019.3575,1.6,-146.0,-14.9,2.2,2.1,6.9
2019-05-12,2019.3603,1.4,-145.8,-9.0,2.1,1.9,6.6
2019-05-13,2019.363,0.7,-145.7,-11.7,2.2,2.2,7.1
2019-05-14,2019.3658,1.8,-146.0,-12.5,2.5,2.5,8.0
2019-05-15,2019.3685,1.6,-146.0,-6.2,2.2,2.1,7.0
2019-05-16,2019.3712,0.2,-145.7,-9.0,2.4,2.4,7.5
2019-05-17,2019.374,1.7,-145.4,-6.9,2.2,2.1,6.9
2019-05-18,2019.3767,-0.6,-146.9,-8.3,2.3,2.3,7.2
2019-05-19,2019.3795,-0.4,-145.0,-2.2,2.1,2.0,6.3
2019-05-20,2019.3822,-0.2,-146.2,-10.9,2.4,2.3,7.3
2019-05-21,2019.3849,-0.6,-146.3,-5.6,2.2,2.2,6.9
2019-05-22,2019.3877,-1.1,-145.9,3.5,2.3,2.3,7.2
2019-05-23,2019.3904,1.9,-144.1,-4.1,2.2,2.2,7.1
2019-05-24,2019.3932,1.2,-144.2,-7.2,2.2,2.1,6.8
2019-05-25,2019.3959,1.2,-143.6,-6.1,2.4,2.4,7.7
2019-05-26,2019.3986,2.7,-143.3,-6.3,2.4,2.3,7.6
2019-05-27,2019.4014,1.2,-145.2,-6.1,2.4,2.3,7.4
2019-05-28,2019.4041,-1.1,-145.4,-5.6,3.0,4.0,8.9
2019-05-29,2019.4068,0.6,-145.2,-8.4,2.1,2.0,6.6
2019-05-30,2019.4096,-0.5,-144.6,-9.2,2.6,2.5,8.3
2019-05-31,2019.4123,0.0,-145.2,-2.1,2.2,2.2,7.0
2019-06-01,2019.4151,0.9,-144.2,-3.6,2.4,2.3,7.6
2019-06-02,2019.4178,-0.1,-146.2,1.2,2.2,2.1,7.0
2019-06-03,2019.4205,-0.6,-144.1,-1.6,2.4,2.4,7.6
2019-06-04,2019.4233,-0.6,-144.4,1.8,2.3,2.2,7.2
2019-06-05,2019.426,-0.3,-143.0,-4.8,2.3,2.2,7.2
2019-06-06,2019.4288,0.2,-144.5,-1.8,2.3,2.2,7.2
2019-06-07,2019.4315,0.7,-143.7,-9.3,2.8,2.5,8.9
2019-06-08,2019.4342,-1.3,-144.4,-0.1,2.8,2.7,8.6
2019-06-09,2019.437,-0.3,-145.1,-10.0,3.6,3.9,10.9
2019-06-10,2019.4397,1.8,-142.3,-6.1,2.6,2.6,7.8
2019-06-11,2019.4425,1.5,-144.7,-4.6,2.5,2.4,8.0
2019-06-12,2019.4452,2.2,-143.7,3.8,2.3,2.2,7.3
2019-06-13,2019.4479,2.0,-145.7,-0.4,2.4,2.3,7.5
2019-06-14,2019.4507,0.5,-143.2,-5.8,2.6,2.5,8.2
2019-06-15,2019.4534,2.9,-141.5,-9.2,2.8,2.7,8.6
2019-06-16,2019.4562,2.0,-142.4,-4.8,2.4,2.2,7.5
2019-06-17,2019.4589,1.5,-142.3,1.5,2.4,2.2,7.4
2019-06-18,2019.4616,3.1,-142.9,-4.3,2.6,2.4,8.1
2019-06-19,2019.4644,2.7,-142.6,1.3,2.4,2.3,7.7
2019-06-20,2019.4671,2.6,-140.7,-7.3,2.5,2.3,7.8
2019-06-21,2019.4699,0.8,-140.7,1.4,2.2,2.0,6.8
2019-06-22,2019.4726,1.2,-139.8,-7.8,2.6,2.5,8.0
2019-06-23,2019.4753,1.4,-141.6,1.0,2.4,2.2,7.4
2019-06-24,2019.4781,0.9,-141.1,-5.0,2.4,2.2,7.5
2019-06-25,2019.4808,1.9,-141.3,-10.7,2.4,2.3,7.8
2019-06-26,2019.4836,0.5,-141.5,-5.3,2.6,2.5,8.2
2019-06-27,2019.4863,0.8,-142.1,-5.9,2.6,2.4,8.3
2019-06-28,2019.489,2.7,-139.6,-0.9,2.7,2.6,8.7
2019-06-29,2019.4918,2.2,-140.9,-3.2,2.7,2.6,8.3
2019-06-30,2019.4945,0.9,-141.2,-9.0,2.8,2.7,8.8
2019-07-01,2019.4973,0.6,-142.5,-8.2,2.3,2.1,7.0
2019-07-02,2019.5,-1.7,-141.4,-3.2,2.4,2.3,7.6
2019-07-03,2019.5027,-0.3,-140.1,1.9,2.5,2.4,7.9
2019-07-04,2019.5055,-0.2,-140.0,-5.4,2.4,2.3,7.7
2019-07-05,2019.5082,-2.2,-138.7,1.5,2.8,2.7,8.8
2019-07-06,2019.511,0.1,-138.4,-4.2,2.4,2.2,7.3
2019-07-07,2019.5137,-2.4,-134.9,-5.9,3.5,4.9,11.1
2019-07-08,2019.5164,0.5,-142.7,-3.0,2.7,2.4,8.6
2019-07-09,2019.5192,-1.0,-136.6,0.6,3.1,2.9,9.4
2019-07-10,2019.5219,-1.1,-140.6,-3.0,3.0,2.9,9.5
2019-07-11,2019.5247,0.1,-138.0,-12.0,2.9,2.8,9.0
2019-07-12,2019.5274,-2.3,-141.5,-11.6,2.8,2.7,9.0
2019-07-13,2019.5301,-2.4,-139.4,-7.1,2.9,2.7,9.3
2019-07-14,2019.5329,-1.5,-140.4,-5.2,2.6,2.4,8.2
2019-07-15,2019.5356,-2.4,-139.2,-13.0,3.8,4.4,11.3
2019-07-16,2019.5384,-2.3,-137.7,0.9,2.7,2.7,8.6
2019-07-17,,,,,,,
2019-07-18,2019.5438,-1.3,-138.6,0.5,2.8,2.7,8.8
2019-07-19,2019.5466,-0.1,-138.8,1.2,3.0,2.9,9.2
2019-07-20,2019.5493,-2.1,-138.7,-0.7,2.6,2.5,8.0
2019-07-21,2019.5521,0.5,-139.3,-0.9,2.7,2.6,8.3
2019-07-22,2019.5548,-2.2,-139.1,-5.4,2.7,2.5,8.6
2019-07-23,2019.5575,-0.4,-136.4,-6.6,2.7,2.5,8.7
2019-07-24,2019.5603,-1.5,-139.1,-3.9,2.5,2.4,8.0
2019-07-25,2019.563,0.6,-139.0,-9.6,2.8,2.6,9.0
2019-07-26,2019.5658,-0.8,-138.8,3.2,2.5,2.4,8.1
2019-07-27,2019.5685,0.2,-141.4,-1.3,2.3,2.1,7.4
2019-07-28,2019.5712,-0.5,-140.5,-1.1,2.4,2.2,7.5
2019-07-29,2019.574,-0.0,-139.9,-3.5,2.5,2.3,7.9
2019-07-30,2019.5767,-0.1,-139.2,-1.0,2.4,2.2,7.5
2019-07-31,2019.5795,0.2,-137.0,-5.0,2.4,2.4,7.6
2019-08-01,2019.5822,1.1,-139.8,-1.2,2.7,2.8,8.3
2019-08-02,2019.5849,-1.6,-138.5,-4.3,2.6,2.4,8.2
2019-08-03,2019.5877,-0.6,-138.5,-5.6,2.7,2.5,8.5
2019-08-04,2019.5904,0.1,-137.3,-5.6,3.0,2.7,10.0
2019-08-05,2019.5932,0.0,-139.3,-10.9,2.5,2.4,7.9
2019-08-06,2019.5959,-0.3,-137.5,-6.9,2.2,2.0,7.0
2019-08-07,2019.5986,2.6,-138.6,-8.0,2.7,2.5,8.5
2019-08-08,2019.6014,-1.2,-138.4,-9.1,3.1,3.0,10.0
2019-08-09,2019.6041,-1.6,-136.8,-2.3,2.9,2.6,9.3
2019-08-10,2019.6068,0.1,-137.3,-2.5,2.5,2.4,7.8
2019-08-11,2019.6096,3.1,-138.3,-7.6,2.6,2.4,8.2
2019-08-12,2019.6123,-2.2,-137.1,-2.5,2.9,2.7,9.2
2019-08-13,2019.6151,1.1,-137.8,-6.6,2.6,2.4,8.2
2019-08-14,2019.6178,0.3,-137.0,-6.2,2.6,2.6,8.1
2019-08-15,2019.6205,0.3,-138.6,-7.5,2.8,2.5,8.6
2019-08-16,2019.6233,-1.6,-136.3,-5.5,2.5,2.3,7.7
2019-08-17,2019.626,-2.9,-137.1,0.5,2.2,2.0,7.2
2019-08-18,2019.6288,-0.6,-136.4,-1.2,2.3,2.1,7.2
2019-08-19,2019.6315,0.3,-139.3,-11.0,2.6,2.4,8.0
2019-08-20,2019.6342,1.9,-136.9,-6.2,2.6,2.3,8.5
2019-08-21,2019.637,-0.8,-137.2,-5.3,2.6,2.5,8.4
2019-08-22,2019.6397,-1.0,-140.5,-8.0,3.2,2.9,10.4
2019-08-23,2019.6425,1.2,-137.2,-13.1,2.6,2.4,7.9
2019-08-24,2019.6452,0.9,-135.8,-6.3,2.4,2.2,7.7
2019-08-25,2019.6479,1.4,-136.2,-7.6,2.2,1.9,6.8
2019-08-26,2019.6507,0.0,-136.7,-6.6,2.2,2.0,6.8
2019-08-27,2019.6534,1.3,-136.2,-10.1,2.3,2.1,7.3
2019-08-28,2019.6562,2.6,-135.8,-9.3,2.4,2.1,7.5
2019-08-29,2019.6589,0.1,-135.3,-13.1,2.7,2.5,8.7
2019-08-30,2019.6616,1.6,-135.2,-9.8,2.4,2.3,7.4
2019-08-31,2019.6644,1.3,-137.3,-4.9,2.6,2.4,8.0
2019-09-01,2019.6671,2.2,-135.9,-8.3,2.3,2.1,7.3
2019-09-02,2019.6699,2.0,-137.1,-8.0,2.2,2.0,6.9
2019-09-03,2019.6726,-0.0,-136.6,-8.9,2.2,2.0,6.9
2019-09-04,2019.6753,1.7,-136.8,-10.9,2.5,2.4,7.9
2019-09-05,2019.6781,1.3,-136.0,-6.2,2.4,2.3,7.6
2019-09-06,2019.6808,2.2,-138.5,-6.7,2.5,2.3,7.7
2019-09-07,2019.6836,2.3,-136.1,-3.9,2.3,2.1,7.3
2019-09-08,2019.6863,3.5,-137.0,-13.4,2.4,2.3,7.7
2019-09-09,2019.689,3.0,-137.6,-14.8,2.5,2.3,7.8
2019-09-10,2019.6918,1.9,-136.7,-7.8,2.2,2.0,7.1
2019-09-11,2019.6945,0.8,-136.9,-9.55,2.4,2.2,7.35
2019-09-12,2019.6973,1.4,-134.2,-11.3,2.5,2.3,7.6
2019-09-13,2019.7,0.1,-134.8,-13.4,2.2,2.0,6.7
2019-09-14,2019.7027,0.2,-136.2,-12.0,2.1,2.1,6.4
2019-09-15,2019.7055,0.9,-134.9,-13.2,2.2,2.1,6.9
2019-09-16,2019.7082,0.8,-133.8,-11.4,2.3,2.1,7.0
2019-09-17,2019.711,2.0,-134.7,-13.2,2.5,2.2,7.8
2019-09-18,2019.7137,0.2,-135.0,-17.0,2.2,2.0,6.8
2019-09-19,2019.7164,-0.5,-136.1,-17.0,2.2,2.0,6.8
2019-09-20,2019.7192,1.0,-136.0,-19.1,2.2,2.1,7.0
2019-09-21,2019.7219,0.7,-135.1,-13.3,2.1,2.0,6.7
2019-09-22,2019.7247,-0.9,-134.7,-11.3,2.3,2.2,7.0
2019-09-23,,,,,,,
2019-09-24,2019.7301,-1.3,-134.9,-12.9,2.1,2.0,6.5
2019-09-25,2019.7329,-0.7,-134.7,-16.4,2.1,1.9,6.4
2019-09-26,2019.7356,-0.3,-135.0,-13.5,2.1,2.0,6.5
2019-09-27,2019.7384,-1.0,-133.4,-6.3,2.1,2.0,6.7
2019-09-28,2019.7411,-0.5,-132.8,-12.3,2.2,2.0,6.6
2019-09-29,2019.7438,-1.0,-133.1,-4.8,2.2,2.0,6.7
2019-09-30,2019.7466,-0.5,-133.9,-5.4,2.3,2.2,7.0
2019-10-01,2019.7493,0.2,-134.4,-3.7,2.1,2.0,6.4
2019-10-02,2019.7521,0.6,-133.3,-8.2,2.1,2.0,6.6
2019-10-03,2019.7548,1.4,-132.3,-11.7,2.1,2.0,6.3
2019-10-04,2019.7575,0.9,-132.0,-8.2,2.2,2.2,6.8
2019-10-05,2019.7603,1.2,-132.3,-9.7,2.3,2.3,7.4
2019-10-06,2019.763,0.6,-133.2,-11.8,2.2,2.2,7.1
2019-10-07,2019.7658,0.7,-134.6,-5.6,2.1,2.1,6.8
2019-10-08,2019.7685,-0.3,-135.1,-9.2,2.3,2.3,7.3
2019-10-09,2019.7712,0.2,-133.4,-7.8,2.3,2.2,7.5
2019-10-10,2019.774,-0.1,-134.6,-7.2,2.3,2.2,7.3
2019-10-11,2019.7767,-1.3,-133.5,-6.9,2.2,2.1,6.8
2019-10-12,2019.7795,-1.6,-132.6,-12.3,2.1,1.9,6.5
2019-10-13,2019.7822,0.1,-132.2,-13.3,2.0,1.9,6.3
2019-10-14,2019.7849,0.5,-132.3,-13.6,2.0,1.9,6.3
2019-10-15,2019.7877,-0.8,-132.2,-14.1,2.0,1.8,6.2
2019-10-16,2019.7904,-1.1,-132.4,-7.6,2.1,2.0,6.8
2019-10-17,2019.7932,-0.9,-133.3,-5.2,2.2,2.1,6.7
2019-10-18,2019.7959,1.1,-132.6,-6.7,2.0,1.9,6.3
2019-10-19,2019.7986,-0.4,-132.5,-9.5,2.1,2.0,6.6
2019-10-20,2019.8014,-0.6,-131.3,-5.7,2.0,1.9,6.4
2019-10-21,2019.8041,-1.4,-132.7,-8.0,2.1,1.9,6.5
2019-10-22,2019.8068,0.6,-132.0,-7.9,1.9,1.8,6.1
2019-10-23,2019.8096,0.2,-131.1,-13.1,2.0,1.9,6.3
2019-10-24,2019.8123,-0.0,-132.0,-13.2,2.0,1.8,6.2
2019-10-25,2019.8151,-2.0,-131.2,-13.8,2.1,1.9,6.3
2019-10-26,2019.8178,-1.3,-130.9,-8.8,1.9,1.8,6.0
2019-10-27,2019.8205,-0.8,-131.2,-8.8,2.1,1.9,6.4
2019-10-28,2019.8233,-0.9,-130.5,-10.7,2.1,2.0,6.6
2019-10-29,2019.826,-1.1,-131.6,-7.1,2.0,1.9,6.1
2019-10-30,2019.8288,-0.9,-130.9,-9.4,2.1,2.1,6.6
2019-10-31,2019.8315,0.5,-130.5,-11.4,2.1,2.0,6.5
2019-11-01,2019.8342,-1.4,-129.5,-8.8,2.1,2.0,6.6
2019-11-02,2019.837,-0.2,-130.8,-8.2,2.0,1.8,6.2
2019-11-03,2019.8397,-1.8,-131.2,-12.5,1.9,1.8,6.1
2019-11-04,2019.8425,-0.5,-130.0,-10.2,2.1,1.9,6.4
2019-11-05,2019.8452,-0.3,-130.3,-8.1,1.9,1.7,5.9
2019-11-06,2019.8479,-0.7,-130.6,-9.2,1.9,1.8,6.0
2019-11-07,2019.8507,-0.6,-129.6,-9.4,2.1,2.0,6.5
2019-11-08,2019.8534,-1.1,-128.6,-12.4,2.1,2.0,6.9
2019-11-09,2019.8562,-1.5,-130.4,-12.4,2.0,1.9,6.3
2019-11-10,2019.8589,-0.8,-131.3,-6.8,1.9,1.7,5.9
2019-11-11,2019.8616,-1.3,-129.9,-13.0,2.0,1.9,6.3
2019-11-12,2019.8644,-2.2,-130.2,-16.6,2.0,1.9,6.3
2019-11-13,2019.8671,-2.5,-129.5,-12.9,2.0,1.9,6.3
2019-11-14,2019.8699,-1.5,-130.3,-8.6,2.0,1.9,6.4
2019-11-15,2019.8726,-1.9,-129.8,-8.1,2.1,2.0,6.6
2019-11-16,2019.8753,-0.8,-131.0,-13.0,1.9,1.8,6.1
2019-11-17,2019.8781,-0.7,-130.6,-14.1,2.0,1.9,6.4
2019-11-18,2019.8808,-1.5,-129.2,-8.8,1.8,1.7,5.8
2019-11-19,2019.8836,-0.7,-129.2,-8.0,2.0,1.9,6.4
2019-11-20,2019.8863,-1.8,-129.1,-8.3,2.1,2.0,6.6
2019-11-21,2019.889,-1.4,-129.9,-5.0,2.0,1.9,6.3
2019-11-22,2019.8918,-0.3,-130.9,-7.1,2.0,1.9,6.4
2019-11-23,2019.8945,1.6,-128.1,-11.9,2.0,2.0,6.4
2019-11-24,2019.8973,1.2,-128.6,-9.9,2.1,2.0,6.4
2019-11-25,2019.9,0.7,-127.9,-6.0,1.9,1.7,6.0
2019-11-26,2019.9027,1.5,-128.5,-9.2,1.9,1.8,6.1
2019-11-27,2019.9055,0.6,-129.2,-10.0,1.9,1.8,6.0
2019-11-28,2019.9082,0.6,-128.0,-11.4,2.0,1.9,6.4
2019-11-29,2019.911,0.5,-127.0,-12.3,2.0,1.8,6.2
2019-11-30,2019.9137,0.4,-128.0,-13.0,2.1,1.9,6.5
2019-12-01,2019.9164,1.0,-127.5,-13.1,2.4,2.3,7.2
2019-12-02,2019.9192,1.2,-128.5,-15.2,2.1,2.0,6.6
2019-12-03,2019.9219,1.2,-127.8,-15.9,2.0,1.9,6.4
2019-12-04,2019.9247,-0.7,-126.2,-15.5,2.1,2.0,6.6
2019-12-05,2019.9274,0.6,-126.2,-13.0,2.1,2.0,6.5
2019-12-06,2019.9301,0.1,-126.8,-12.4,2.0,1.9,6.3
2019-12-07,2019.9329,0.2,-125.7,-12.0,2.2,2.1,6.8
2019-12-08,2019.9356,-0.7,-127.7,-10.9,2.1,1.9,6.5
2019-12-09,2019.9384,-0.8,-127.4,-8.6,2.1,1.9,6.5
2019-12-10,2019.9411,-0.1,-127.5,-6.9,2.3,2.2,7.2
2019-12-11,2019.9438,-0.7,-126.7,-6.4,2.0,1.8,6.1
2019-12-12,2019.9466,-1.8,-126.0,-2.4,2.1,1.9,6.5
2019-12-13,2019.9493,-1.4,-127.6,-6.7,2.2,2.0,6.9
2019-12-14,2019.9521,0.7,-127.2,-5.4,2.1,2.0,6.6
2019-12-15,2019.9548,-0.1,-128.1,-7.7,2.2,2.1,6.8
2019-12-16,2019.9575,0.5,-126.8,-11.8,2.0,1.9,6.2
2019-12-17,2019.9603,0.9,-126.3,-14.2,2.2,2.1,6.6
2019-12-18,2019.963,-0.5,-126.7,-13.7,2.0,1.9,6.2
2019-12-19,2019.9658,-1.0,-126.7,-8.1,2.1,2.0,6.7
2019-12-20,2019.9685,-0.2,-126.9,-5.1,2.1,2.0,6.4
2019-12-21,2019.9712,0.2,-125.7,-3.5,2.2,2.1,6.8
2019-12-22,2019.974,0.1,-126.0,-8.8,2.2,2.1,6.8
2019-12-23,2019.9767,0.3,-126.6,-6.0,2.1,2.0,6.5
2019-12-24,2019.9795,0.8,-125.1,-7.1,2.2,2.1,6.9
2019-12-25,2019.9822,-1.4,-126.3,-10.1,2.1,2.0,6.5
2019-12-26,2019.9849,-0.2,-126.1,-7.8,2.0,1.9,6.3
2019-12-27,2019.9877,1.2,-124.6,-6.3,2.1,2.1,6.7
2019-12-28,2019.9904,0.8,-125.3,-7.6,2.1,2.0,6.6
2019-12-29,2019.9932,0.7,-125.2,-10.8,2.1,2.0,6.8
2019-12-30,2019.9959,0.5,-124.9,-12.8,2.2,2.0,6.8
2019-12-31,2019.9986,-0.2,-125.4,-10.1,2.0,1.9,6.3
2020-01-01,2020.0014,0.5,-124.9,-8.2,2.0,1.9,6.2
2020-01-02,2020.0041,-0.3,-125.4,-9.6,2.0,1.9,6.2
2020-01-03,2020.0068,-1.6,-124.5,-4.2,1.9,1.9,6.2
2020-01-04,2020.0096,-0.7,-124.9,-6.1,2.0,2.0,6.4
2020-01-05,2020.0123,-1.4,-124.0,-5.4,1.9,1.8,6.0
2020-01-06,2020.015,-0.8,-123.3,-6.5,2.0,2.0,6.3
2020-01-07,2020.0178,0.5,-124.0,-6.4,2.1,2.0,6.5
2020-01-08,2020.0205,-0.4,-124.4,-4.3,2.0,1.9,6.2
2020-01-09,2020.0232,0.6,-123.8,-4.6,2.0,1.9,6.3
2020-01-10,2020.026,-1.2,-124.4,-4.9,2.0,1.9,6.2
2020-01-11,2020.0287,-0.4,-123.4,-7.9,2.0,1.9,6.5
2020-01-12,2020.0314,0.4,-123.1,-4.2,1.9,1.8,5.7
2020-01-13,2020.0342,0.7,-122.7,-1.5,2.0,1.9,6.1
2020-01-14,2020.0369,0.9,-123.9,-2.7,2.0,2.0,6.3
2020-01-15,2020.0396,0.6,-124.6,-5.7,2.0,1.9,6.2
2020-01-16,2020.0423,1.7,-124.3,-11.1,2.0,2.0,6.3
2020-01-17,2020.0451,1.1,-124.0,-7.1,2.1,2.1,6.8
2020-01-18,2020.0478,0.1,-123.2,-7.0,1.9,1.9,6.1
2020-01-19,2020.0505,-0.9,-123.1,-6.8,2.0,1.9,6.2
2020-01-20,2020.0533,-0.6,-122.7,-3.5,2.0,1.9,6.2
2020-01-21,2020.056,0.1,-122.1,-4.5,1.9,1.9,6.1
2020-01-22,2020.0587,0.1,-122.4,-3.6,1.8,1.8,5.9
2020-01-23,2020.0615,-0.9,-121.6,-7.0,2.0,2.0,6.4
2020-01-24,2020.0642,0.2,-122.1,-8.6,2.0,2.0,6.3
2020-01-25,2020.0669,0.1,-122.4,-7.3,2.0,1.9,6.2
2020-01-26,2020.0697,0.7,-122.2,-5.5,2.1,2.1,6.6
2020-01-27,2020.0724,0.7,-120.3,-6.0,2.2,2.2,6.9
2020-01-28,2020.0751,0.3,-121.8,-8.4,1.9,1.9,6.0
2020-01-29,2020.0779,0.1,-122.7,-6.9,1.9,1.8,6.0
2020-01-30,2020.0806,0.2,-121.3,-9.7,2.1,2.0,6.4
2020-01-31,2020.0833,-1.1,-121.1,-8.5,1.9,1.8,6.0
2020-02-01,2020.0861,-0.6,-122.0,-10.8,1.9,1.7,5.9
2020-02-02,2020.0888,-0.7,-119.1,-11.6,1.9,1.8,6.0
2020-02-03,2020.0915,-0.8,-121.4,-6.6,1.9,1.8,5.8
2020-02-04,2020.0943,-1.1,-119.9,-11.3,2.1,2.0,6.3
2020-02-05,2020.097,-0.2,-119.9,-8.5,2.0,1.9,6.0
2020-02-06,2020.0997,-0.8,-120.2,-11.3,2.0,1.9,6.2
2020-02-07,2020.1025,-0.1,-121.5,-13.0,2.1,2.1,6.3
2020-02-08,2020.1052,-0.5,-120.9,-11.5,2.1,2.0,6.3
2020-02-09,2020.1079,-1.5,-120.7,-4.4,2.2,2.2,6.9
2020-02-10,2020.1107,-0.6,-122.5,-5.4,2.0,1.9,6.2
2020-02-11,2020.1134,-1.2,-122.6,-1.6,2.2,2.2,6.6
2020-02-12,2020.1161,0.1,-122.3,-2.6,2.3,2.3,6.9
2020-02-13,2020.1189,1.2,-120.8,-8.1,2.1,2.0,6.5
2020-02-14,2020.1216,0.3,-121.2,-11.9,2.0,1.9,6.1
2020-02-15,2020.1243,1.6,-123.3,-14.4,2.1,2.0,6.7
2020-02-16,2020.127,0.2,-120.9,-11.5,2.0,2.0,6.3
2020-02-17,2020.1298,-0.6,-120.8,-11.9,1.9,1.8,6.0
2020-02-18,2020.1325,-0.9,-119.9,-7.3,2.1,2.0,6.5
2020-02-19,2020.1352,-0.9,-122.3,-7.9,2.0,1.9,6.1
2020-02-20,2020.138,0.4,-122.3,-9.8,2.3,2.2,7.0
2020-02-21,2020.1407,0.5,-121.4,-7.5,2.1,2.0,6.4
2020-02-22,2020.1434,-0.3,-122.2,-1.7,2.0,1.9,6.3
2020-02-23,2020.1462,0.3,-121.7,-0.2,2.0,2.0,6.3
2020-02-24,2020.1489,-1.0,-120.8,-1.6,2.0,2.0,6.3
2020-02-25,2020.1516,1.0,-121.7,-5.9,2.0,1.9,6.2
2020-02-26,2020.1544,1.4,-121.0,-5.8,2.3,2.2,7.1
2020-02-27,2020.1571,0.7,-121.5,-3.4,2.1,2.0,6.5
2020-02-28,2020.1598,1.7,-122.2,-3.6,2.1,2.0,6.4
2020-02-29,2020.1626,1.8,-120.7,-12.5,2.2,2.1,6.9
2020-03-01,2020.1653,0.9,-120.4,-10.1,2.1,2.0,6.4
2020-03-02,2020.168,-0.5,-120.4,-9.1,2.1,2.1,6.6
2020-03-03,2020.1708,0.0,-121.0,-11.9,1.9,1.9,6.1
2020-03-04,2020.1735,0.5,-119.9,-5.0,2.1,2.0,6.3
2020-03-05,2020.1762,-0.1,-120.2,-3.6,2.0,1.9,6.3
2020-03-06,2020.179,0.7,-120.7,-4.5,1.9,1.8,5.9
2020-03-07,2020.1817,1.3,-121.7,-1.5,2.1,2.1,6.7
2020-03-08,2020.1844,0.6,-120.5,-10.0,2.0,1.9,6.2
2020-03-09,2020.1872,0.9,-122.2,-7.3,1.9,1.8,6.0
2020-03-10,2020.1899,0.5,-120.0,-5.9,1.9,1.8,6.0
2020-03-11,2020.1926,1.1,-119.0,-6.7,2.0,1.9,6.3
2020-03-12,2020.1954,0.9,-119.3,-6.0,2.0,1.9,6.4
2020-03-13,2020.1981,0.5,-120.3,-8.8,2.2,2.2,6.7
2020-03-14,2020.2008,-1.0,-120.9,-3.4,2.0,1.9,6.3
2020-03-15,2020.2036,1.6,-119.3,-6.2,2.1,2.1,6.6
2020-03-16,2020.2063,0.2,-120.5,-3.9,2.1,2.0,6.6
2020-03-17,2020.209,-0.3,-119.0,-3.3,2.0,2.0,6.2
2020-03-18,2020.2117,-1.9,-118.9,-4.1,2.1,2.0,6.5
2020-03-19,2020.2145,-0.6,-119.1,0.8,2.2,2.1,6.7
2020-03-20,2020.2172,-0.3,-117.4,0.7,2.1,2.0,6.5
2020-03-21,2020.2199,0.2,-119.8,-0.1,2.2,2.1,6.9
2020-03-22,2020.2227,1.2,-119.0,-4.5,2.2,2.1,6.9
2020-03-23,2020.2254,1.3,-120.5,-7.0,2.2,2.1,7.0
2020-03-24,2020.2281,0.8,-119.9,-1.3,2.1,2.1,6.8
2020-03-25,2020.2309,0.9,-119.1,-4.2,2.2,2.1,6.8
2020-03-26,2020.2336,0.7,-118.2,-7.6,2.3,2.3,7.2
2020-03-27,2020.2363,0.1,-118.6,0.0,2.1,2.1,6.7
2020-03-28,2020.2391,-0.0,-117.9,-0.9,2.3,2.3,7.4
2020-03-29,2020.2418,0.2,-118.0,-1.9,2.2,2.2,6.9
2020-03-30,2020.2445,0.2,-117.0,-5.3,2.3,2.3,7.2
2020-03-31,2020.2473,0.7,-118.2,-6.2,2.1,2.1,6.5
2020-04-01,2020.25,-0.1,-117.9,-0.7,2.1,2.1,6.7
2020-04-02,2020.2527,2.8,-117.5,-4.2,2.2,2.1,6.7
2020-04-03,2020.2555,1.6,-116.4,-5.0,2.0,2.0,6.3
2020-04-04,2020.2582,1.2,-117.0,-5.8,2.0,2.0,6.3
2020-04-05,2020.2609,1.2,-117.2,-7.7,2.0,2.0,6.1
2020-04-06,2020.2637,1.6,-117.8,-7.0,2.0,2.0,6.3
2020-04-07,2020.2664,0.6,-116.9,-7.2,2.0,2.1,6.5
2020-04-08,2020.2691,1.5,-116.2,-4.3,2.1,2.1,6.4
2020-04-09,2020.2719,1.1,-117.2,-5.6,2.2,2.2,6.8
2020-04-10,2020.2746,2.8,-116.2,-4.3,2.0,2.0,6.2
2020-04-11,2020.2773,1.6,-119.0,-9.5,2.2,2.2,6.8
2020-04-12,2020.2801,1.5,-117.7,-3.8,2.0,2.0,6.2
2020-04-13,2020.2828,0.4,-117.7,0.8,2.0,2.0,6.2
2020-04-14,2020.2855,1.0,-118.2,-0.2,2.0,2.0,6.3
2020-04-15,2020.2883,2.1,-117.7,-2.8,2.1,2.1,6.8
2020-04-16,2020.291,3.2,-117.2,-2.5,2.3,2.2,7.1
2020-04-17,2020.2937,2.2,-116.5,-2.5,2.3,2.3,7.5
2020-04-18,2020.2964,2.4,-118.0,-8.6,2.1,2.1,6.7
2020-04-19,2020.2992,2.7,-117.5,-10.0,2.2,2.1,6.9
2020-04-20,2020.3019,1.8,-116.3,-11.8,2.2,2.2,6.9
2020-04-21,2020.3046,2.3,-115.7,-11.3,2.1,2.1,6.6
2020-04-22,2020.3074,3.9,-114.7,-12.4,2.1,2.1,6.6
2020-04-23,2020.3101,1.5,-115.8,-10.7,2.0,2.0,6.5
2020-04-24,2020.3128,0.0,-114.6,-9.1,2.0,1.9,6.3
2020-04-25,2020.3156,0.1,-115.4,-14.3,2.0,1.9,6.3
2020-04-26,2020.3183,-0.1,-115.4,-13.1,2.1,2.1,6.6
2020-04-27,2020.321,-1.1,-115.9,-11.6,2.1,2.2,6.8
2020-04-28,2020.3238,-1.1,-116.2,-6.8,2.0,2.0,6.3
2020-04-29,2020.3265,-1.1,-115.8,-5.5,2.1,2.1,6.8
2020-04-30,2020.3292,-0.4,-116.3,-4.3,2.0,2.0,6.5
2020-05-01,2020.332,0.5,-115.5,-4.5,2.2,2.1,6.9
2020-05-02,2020.3347,1.1,-115.9,-1.4,2.3,2.3,7.4
2020-05-03,2020.3374,0.0,-116.2,-5.6,2.3,2.2,7.3
2020-05-04,2020.3402,0.7,-116.5,-3.0,2.0,2.0,6.5
2020-05-05,2020.3429,0.0,-114.3,-2.6,2.2,2.1,7.0
2020-05-06,2020.3456,-0.7,-115.9,-7.2,2.1,2.1,6.7
2020-05-07,2020.3484,-0.1,-115.8,-5.8,2.4,2.4,7.9
2020-05-08,2020.3511,-0.1,-116.1,-4.3,2.0,1.9,6.3
2020-05-09,2020.3538,-0.6,-114.2,-3.2,2.2,2.2,6.9
2020-05-10,2020.3566,-1.1,-115.1,-6.6,2.2,2.2,7.0
2020-05-11,2020.3593,-2.0,-113.7,-4.0,2.2,2.2,7.0
2020-05-12,2020.362,-0.7,-115.5,-0.3,2.1,2.0,6.5
2020-05-13,2020.3648,-1.4,-115.4,-4.0,2.1,2.1,6.7
2020-05-14,2020.3675,-0.7,-115.3,-1.8,2.2,2.1,7.0
2020-05-15,2020.3702,-0.3,-114.8,-2.6,2.4,2.5,7.9
2020-05-16,2020.373,0.2,-114.1,0.4,2.2,2.2,7.0
2020-05-17,2020.3757,-0.1,-113.3,1.1,2.1,2.1,6.7
2020-05-18,2020.3784,0.5,-114.7,-1.2,2.0,1.9,6.4
2020-05-19,2020.3811,-0.6,-115.6,0.2,2.1,2.1,6.6
2020-05-20,2020.3839,-2.1,-113.8,-2.3,2.3,2.3,7.6
2020-05-21,2020.3866,1.1,-115.8,-2.8,2.4,2.4,7.7
2020-05-22,2020.3893,1.3,-114.4,-11.5,2.7,2.6,8.9
2020-05-23,2020.3921,0.7,-115.4,-7.1,2.2,2.2,7.2
2020-05-24,2020.3948,-0.6,-113.4,-9.8,2.2,2.1,6.9
2020-05-25,2020.3975,0.2,-113.9,-8.8,2.2,2.1,7.1
2020-05-26,2020.4003,-0.5,-114.0,-6.1,2.4,2.3,7.2
2020-05-27,2020.403,0.5,-112.7,-3.4,2.3,2.2,7.3
2020-05-28,2020.4057,0.2,-113.0,-6.3,2.6,2.5,8.4
2020-05-29,2020.4085,0.2,-112.8,-4.9,2.2,2.2,7.1
2020-05-30,2020.4112,0.2,-112.9,-8.8,2.1,2.0,6.5
2020-05-31,2020.4139,0.3,-112.4,-6.0,2.1,2.0,6.7
2020-06-01,2020.4167,0.6,-113.3,-3.7,2.3,2.2,7.3
2020-06-02,2020.4194,1.1,-114.0,-2.4,2.4,2.4,7.6
2020-06-03,2020.4221,0.8,-113.3,-2.5,2.2,2.1,7.0
2020-06-04,2020.4249,1.2,-113.5,-3.1,2.1,2.1,6.9
2020-06-05,2020.4276,-0.7,-111.8,1.8,2.2,2.1,6.9
2020-06-06,2020.4303,1.8,-111.5,-4.1,2.5,2.4,8.0
2020-06-07,2020.4331,1.6,-111.8,-3.0,2.2,2.2,7.1
2020-06-08,2020.4358,1.6,-113.6,-8.2,2.3,2.2,7.2
2020-06-09,2020.4385,-1.1,-113.8,-5.7,2.2,2.1,7.1
2020-06-10,2020.4413,-1.9,-112.5,-3.1,2.4,2.3,7.7
2020-06-11,2020.444,-0.5,-111.3,-1.8,2.2,2.1,7.0
2020-06-12,2020.4467,-1.1,-111.4,-8.1,2.2,2.0,6.9
2020-06-13,2020.4495,0.3,-111.5,-2.5,2.2,2.1,7.1
2020-06-14,2020.4522,-0.4,-112.8,-4.0,2.3,2.2,7.5
2020-06-15,2020.4549,0.1,-111.7,-3.4,2.2,2.1,7.2
2020-06-16,2020.4577,0.0,-112.8,-8.7,2.2,2.1,7.2
2020-06-17,2020.4604,-0.1,-114.0,-6.3,2.3,2.2,7.5
2020-06-18,2020.4631,-2.3,-112.9,-6.0,2.3,2.2,7.3
2020-06-19,2020.4658,-0.0,-111.8,-3.0,2.3,2.1,7.3
2020-06-20,2020.4686,-0.0,-113.5,-4.1,2.4,2.3,8.0
2020-06-21,2020.4713,-0.9,-112.8,-6.4,2.2,2.1,7.0
2020-06-22,2020.474,-1.0,-110.2,-5.3,2.6,2.4,8.5
2020-06-23,2020.4768,-1.2,-113.5,-4.3,2.3,2.2,7.5
2020-06-24,2020.4795,0.5,-111.5,-4.2,2.3,2.2,7.3
2020-06-25,2020.4822,-1.9,-111.4,0.2,2.3,2.2,7.2
2020-06-26,2020.485,-1.5,-111.0,-6.8,2.6,2.5,8.1
2020-06-27,2020.4877,-0.8,-110.9,-5.3,2.5,2.4,7.9
2020-06-28,2020.4904,-0.6,-111.7,-3.6,2.4,2.2,7.8
2020-06-29,2020.4932,1.3,-112.0,-10.4,2.6,2.4,8.4
2020-06-30,2020.4959,-0.7,-108.3,-8.35,2.7,2.6,7.6
2020-07-01,2020.4986,-1.1,-110.4,-6.3,2.1,2.0,6.8
2020-07-02,2020.5014,-0.6,-110.9,-7.8,2.4,2.2,7.4
2020-07-03,2020.5041,-0.5,-110.3,-4.9,2.4,2.2,7.7
2020-07-04,2020.5068,-2.2,-111.3,-5.5,2.6,2.5,8.5
2020-07-05,2020.5096,-1.2,-109.1,-1.6,2.4,2.3,7.7
2020-07-06,2020.5123,-1.3,-108.1,-0.8,2.6,2.5,8.1
2020-07-07,2020.515,-1.3,-109.8,-0.9,2.3,2.1,7.4
2020-07-08,2020.5178,-0.6,-109.7,-5.0,2.4,2.3,7.7
2020-07-09,2020.5205,-1.7,-110.1,-2.9,2.5,2.3,7.8
2020-07-10,2020.5232,0.1,-110.7,0.4,2.5,2.4,7.8
2020-07-11,2020.526,0.9,-108.9,-1.9,2.4,2.4,7.6
2020-07-12,2020.5287,0.1,-108.2,-9.1,2.6,2.5,8.3
2020-07-13,2020.5314,-0.6,-110.2,-7.7,2.7,2.6,8.6
2020-07-14,2020.5342,2.1,-111.1,-7.6,2.5,2.4,8.2
2020-07-15,2020.5369,-0.3,-110.0,-2.3,2.4,2.4,7.8
2020-07-16,2020.5396,-0.2,-109.7,-3.2,2.3,2.1,7.2
2020-07-17,2020.5423,1.1,-108.6,-4.15,2.8,2.6,7.75
2020-07-18,2020.5451,-1.8,-110.6,-5.1,2.6,2.6,8.3
2020-07-19,2020.5478,-1.2,-110.3,-9.8,2.5,2.3,7.8
2020-07-20,2020.5505,-0.9,-107.5,-7.6,2.3,2.2,7.3
2020-07-21,2020.5533,-1.6,-109.0,-10.4,2.5,2.3,8.2
2020-07-22,2020.556,-0.8,-109.3,-5.0,2.3,2.2,7.4
2020-07-23,2020.5587,-0.3,-110.2,-5.8,2.4,2.2,7.6
2020-07-24,2020.5615,-0.2,-107.2,-7.4,3.1,2.9,7.95
2020-07-25,2020.5642,0.4,-109.4,-9.0,2.6,2.6,8.3
2020-07-26,2020.5669,0.1,-109.4,-6.5,2.4,2.2,7.6
2020-07-27,2020.5697,-0.5,-109.8,-6.5,2.8,2.7,8.8
2020-07-28,2020.5724,-1.2,-109.8,-4.4,2.8,2.7,9.1
2020-07-29,2020.5751,-0.8,-107.5,-0.1,2.7,2.7,8.7
2020-07-30,2020.5779,-0.7,-108.7,-4.2,2.7,2.6,8.9
2020-07-31,2020.5806,-1.3,-110.5,-5.2,2.6,2.5,8.6
2020-08-01,2020.5833,-1.7,-108.4,-1.6,2.4,2.3,7.7
2020-08-02,2020.5861,-0.1,-107.7,-8.7,2.4,2.2,7.5
2020-08-03,2020.5888,-1.9,-106.7,-4.9,2.4,2.2,7.7
2020-08-04,2020.5915,-1.0,-105.9,1.0,2.6,2.5,8.4
2020-08-05,2020.5943,-0.1,-107.3,-3.6,2.9,2.8,9.4
2020-08-06,2020.597,-1.9,-107.6,-4.5,2.6,2.5,8.3
2020-08-07,2020.5997,-2.3,-107.7,-0.2,2.5,2.3,7.9
2020-08-08,2020.6025,-0.9,-107.8,0.7,2.7,2.6,8.3
2020-08-09,2020.6052,-1.4,-106.9,-1.4,2.4,2.3,7.6
2020-08-10,2020.6079,1.3,-107.8,-5.3,2.4,2.3,7.6
2020-08-11,2020.6107,-0.7,-106.8,-3.6,2.6,2.4,8.3
2020-08-12,2020.6134,-1.1,-106.7,-12.8,2.5,2.4,8.0
2020-08-13,2020.6161,-2.0,-106.7,-5.3,2.5,2.4,8.2
2020-08-14,2020.6189,0.2,-106.3,-4.2,2.4,2.2,7.8
2020-08-15,2020.6216,-1.6,-107.9,-3.0,3.1,2.9,10.0
2020-08-16,2020.6243,-2.9,-106.1,-9.1,2.4,2.2,7.7
2020-08-17,2020.627,-1.6,-105.3,-5.6,2.7,2.5,8.8
2020-08-18,2020.6298,-0.4,-106.9,-7.6,2.6,2.5,8.2
2020-08-19,2020.6325,-1.7,-105.9,-12.9,2.2,2.1,7.0
2020-08-20,2020.6352,0.1,-106.7,-6.8,2.6,2.5,8.5
2020-08-21,2020.638,-0.3,-107.4,-5.6,2.5,2.4,8.0
2020-08-22,2020.6407,-0.3,-106.4,-3.0,2.8,2.7,8.9
2020-08-23,2020.6434,0.1,-105.4,-6.25,2.5,2.3,8.5
2020-08-24,2020.6462,-1.7,-105.5,-9.5,2.6,2.5,8.1
2020-08-25,2020.6489,-1.0,-106.2,-5.5,2.3,2.2,7.4
2020-08-26,2020.6516,-1.1,-107.0,-5.5,2.4,2.3,7.6
2020-08-27,2020.6544,-1.3,-107.3,-8.5,2.3,2.2,7.3
2020-08-28,2020.6571,-1.4,-105.9,-4.7,2.5,2.4,7.8
2020-08-29,2020.6598,-0.6,-104.8,-9.65,2.3,2.1,8.0
2020-08-30,2020.6626,-1.2,-106.9,-14.6,2.6,2.5,8.2
2020-08-31,2020.6653,-2.8,-105.2,-8.7,2.4,2.3,7.8
2020-09-01,2020.668,-2.1,-106.9,-8.7,2.4,2.3,7.3
2020-09-02,2020.6708,-0.9,-106.9,-6.0,2.5,2.5,7.7
2020-09-03,2020.6735,-3.1,-105.5,-4.2,2.5,2.5,8.2
2020-09-04,2020.6762,-2.4,-105.4,-2.4,2.5,2.4,7.8
2020-09-05,2020.679,-2.1,-104.6,-5.1,2.3,2.2,7.2
2020-09-06,2020.6817,-1.6,-104.7,-6.3,2.3,2.3,7.5
2020-09-07,2020.6844,-0.2,-103.9,-7.2,2.3,2.2,7.3
2020-09-08,2020.6872,-1.1,-102.4,-11.0,2.3,2.2,7.2
2020-09-09,2020.6899,-2.4,-103.8,-8.6,2.2,2.2,7.1
2020-09-10,2020.6926,-1.4,-104.6,-5.3,2.3,2.3,7.4
2020-09-11,2020.6954,-0.8,-104.7,-8.6,2.2,2.1,7.1
2020-09-12,2020.6981,-0.4,-104.2,-12.8,2.1,2.1,6.9
2020-09-13,2020.7008,-0.5,-103.9,-10.6,2.3,2.3,7.4
2020-09-14,2020.7036,-1.1,-103.5,-8.2,2.3,2.3,7.4
2020-09-15,2020.7063,-2.0,-102.6,-7.1,2.2,2.1,6.9
2020-09-16,2020.709,-2.0,-101.4,-4.1,2.1,2.2,6.8
2020-09-17,2020.7117,-2.2,-103.1,-3.8,2.2,2.2,6.8
2020-09-18,2020.7145,-1.9,-102.7,-4.3,2.0,2.0,6.3
2020-09-19,2020.7172,0.2,-103.0,-3.2,2.2,2.1,7.0
2020-09-20,2020.7199,-0.1,-102.8,-3.2,2.2,2.1,7.1
2020-09-21,2020.7227,-0.7,-102.6,-10.9,2.3,2.3,7.5
2020-09-22,2020.7254,-2.0,-100.9,-10.3,2.1,2.0,6.5
2020-09-23,2020.7281,-1.5,-101.8,-6.7,2.1,2.0,6.5
2020-09-24,2020.7309,-1.5,-102.3,-7.5,2.2,2.2,7.0
2020-09-25,2020.7336,-0.9,-102.5,-5.9,2.2,2.2,6.9
2020-09-26,2020.7363,-1.4,-101.9,-4.6,2.0,2.0,6.4
2020-09-27,2020.7391,-1.7,-102.4,-5.6,2.1,2.1,6.6
2020-09-28,2020.7418,-1.9,-103.1,-5.3,2.1,2.0,6.5
2020-09-29,2020.7445,-2.0,-102.8,-6.6,2.1,2.1,6.8
2020-09-30,2020.7473,-1.0,-102.2,-8.5,2.2,2.2,7.1
2020-10-01,2020.75,-0.8,-103.0,-9.8,2.1,2.1,6.6
2020-10-02,2020.7527,0.1,-102.4,-10.8,2.1,2.1,6.7
2020-10-03,2020.7555,-1.7,-102.3,-12.1,2.1,2.0,6.5
2020-10-04,2020.7582,-1.3,-102.7,-9.9,2.2,2.2,6.9
2020-10-05,2020.7609,-1.8,-101.6,-10.9,2.2,2.3,7.1
2020-10-06,2020.7637,-3.0,-101.5,-10.3,2.3,2.3,7.3
2020-10-07,2020.7664,-1.3,-101.1,-11.2,2.0,2.0,6.4
2020-10-08,2020.7691,-2.8,-100.0,-8.2,2.3,2.3,7.2
2020-10-09,2020.7719,-2.4,-100.8,-12.1,2.1,2.0,6.6
2020-10-10,2020.7746,-0.6,-100.8,-11.6,2.1,2.1,6.7
2020-10-11,2020.7773,-2.0,-101.4,-12.7,2.1,2.1,6.8
2020-10-12,2020.7801,-1.5,-100.2,-12.6,2.2,2.1,6.9
2020-10-13,2020.7828,-1.5,-101.2,-12.3,2.2,2.2,6.9
2020-10-14,2020.7855,-0.3,-101.3,-14.6,2.0,1.9,6.4
2020-10-15,2020.7883,-1.5,-98.9,-13.3,2.1,2.0,6.6
2020-10-16,2020.791,-2.1,-98.8,-11.8,2.0,2.0,6.5
2020-10-17,2020.7937,-1.5,-99.8,-9.4,2.1,2.1,6.7
2020-10-18,2020.7964,-2.1,-100.7,-8.5,1.9,1.9,6.1
2020-10-19,2020.7992,-1.6,-100.8,-7.2,2.1,2.1,6.6
2020-10-20,2020.8019,-1.0,-99.7,-8.7,2.1,2.0,6.5
2020-10-21,2020.8046,-1.9,-100.0,-6.1,1.8,1.7,5.8
2020-10-22,2020.8074,-2.2,-100.0,-6.7,2.1,2.1,6.6
2020-10-23,2020.8101,-1.4,-100.7,-3.9,2.0,2.0,6.6
2020-10-24,2020.8128,-1.1,-98.9,-8.8,2.0,1.9,6.3
2020-10-25,2020.8156,-1.0,-99.4,-7.9,2.0,2.0,6.4
2020-10-26,2020.8183,-2.4,-100.7,-7.6,2.0,1.9,6.3
2020-10-27,2020.821,-2.0,-98.8,-7.6,2.0,1.9,6.3
2020-10-28,2020.8238,-2.2,-99.3,-10.3,2.1,2.0,6.6
2020-10-29,2020.8265,-2.2,-99.1,-8.1,2.1,2.1,6.7
2020-10-30,2020.8292,-0.7,-99.2,-10.7,2.0,1.9,6.3
2020-10-31,2020.832,-1.0,-100.7,-9.4,2.0,1.9,6.4
2020-11-01,2020.8347,-0.8,-99.3,-10.7,2.0,1.9,6.4
2020-11-02,2020.8374,0.1,-98.9,-4.9,2.2,2.3,7.0
2020-11-03,2020.8402,-1.5,-97.9,-7.8,2.0,2.0,6.4
2020-11-04,2020.8429,-2.4,-99.3,-5.7,2.1,2.1,6.7
2020-11-05,2020.8456,-1.7,-98.5,-8.7,2.0,1.9,6.2
2020-11-06,2020.8484,-1.7,-98.7,-6.4,2.1,2.1,6.9
2020-11-07,2020.8511,-1.8,-96.9,-8.6,2.0,2.0,6.4
2020-11-08,2020.8538,-1.5,-96.3,-3.1,2.2,2.2,6.8
2020-11-09,2020.8566,-1.2,-98.0,-1.5,1.9,1.9,6.2
2020-11-10,2020.8593,-1.0,-96.8,-5.6,2.1,2.1,6.6
2020-11-11,2020.862,-1.5,-96.6,-3.7,2.0,1.9,6.2
2020-11-12,2020.8648,-1.1,-97.0,-5.2,2.0,2.0,6.5
2020-11-13,2020.8675,-1.6,-97.9,-3.4,2.1,2.0,6.5
2020-11-14,2020.8702,-1.9,-97.6,-4.2,2.0,1.9,6.2
2020-11-15,2020.873,-1.2,-97.8,-3.3,1.9,1.8,6.1
2020-11-16,2020.8757,-1.5,-97.2,-3.3,2.0,2.0,6.5
2020-11-17,2020.8784,-0.2,-98.0,-6.2,2.2,2.1,6.9
2020-11-18,2020.8811,-0.8,-97.1,-7.2,2.1,2.2,6.9
2020-11-19,2020.8839,-1.9,-96.4,-4.4,2.0,1.9,6.3
2020-11-20,2020.8866,-1.6,-97.2,-8.1,2.0,1.9,6.3
2020-11-21,2020.8893,-1.1,-96.7,-10.6,2.0,2.0,6.3
2020-11-22,2020.8921,-1.2,-95.3,-5.8,2.2,2.1,6.8
2020-11-23,2020.8948,-1.2,-96.1,-9.2,2.0,2.0,6.4
2020-11-24,2020.8975,-1.5,-96.3,-9.0,2.2,2.1,7.0
2020-11-25,2020.9003,-1.4,-95.5,-11.1,2.1,2.0,6.4
2020-11-26,2020.903,-1.2,-95.7,-10.4,2.0,1.9,6.3
2020-11-27,2020.9057,-1.5,-96.0,-10.9,2.0,1.9,6.5
2020-11-28,2020.9085,-2.4,-97.5,-12.1,2.0,2.0,6.4
2020-11-29,2020.9112,-2.4,-96.1,-11.4,1.9,1.8,6.0
2020-11-30,2020.9139,-2.0,-96.3,-13.7,2.0,1.9,6.2
2020-12-01,2020.9167,-2.7,-96.1,-13.8,2.3,2.3,7.1
2020-12-02,2020.9194,-1.8,-96.1,-15.3,1.9,1.8,6.0
2020-12-03,2020.9221,-2.3,-95.9,-13.1,2.1,2.0,6.5
2020-12-04,2020.9249,-2.5,-96.0,-12.3,2.0,2.0,6.3
2020-12-05,2020.9276,-2.6,-94.7,-5.6,2.1,2.1,6.4
2020-12-06,2020.9303,-0.9,-94.4,-12.3,2.1,2.0,6.4
2020-12-07,2020.9331,-2.5,-94.5,-7.8,2.0,1.9,6.2
2020-12-08,2020.9358,-1.6,-95.6,-8.1,2.0,1.9,6.1
2020-12-09,2020.9385,-2.1,-95.7,-9.1,1.9,1.9,6.1
2020-12-10,2020.9413,-1.1,-95.6,-8.6,1.9,1.8,5.9
2020-12-11,2020.944,-1.0,-95.9,-5.8,1.9,1.8,6.0
2020-12-12,2020.9467,-1.2,-95.2,-9.5,1.9,1.8,5.9
2020-12-13,2020.9495,-0.6,-94.7,-9.0,2.1,2.0,6.6
2020-12-14,2020.9522,-1.4,-95.6,-7.8,2.0,1.9,6.2
2020-12-15,2020.9549,-2.0,-95.3,-12.3,1.9,1.9,6.1
2020-12-16,2020.9577,-1.7,-95.4,-10.9,1.9,1.8,5.8
2020-12-17,2020.9604,-1.7,-94.8,-10.5,2.0,1.9,6.2
2020-12-18,2020.9631,-2.6,-94.4,-9.3,1.9,1.8,5.9
2020-12-19,2020.9658,-4.2,-94.3,-9.3,2.1,2.0,6.6
2020-12-20,2020.9686,-2.3,-95.1,-9.4,2.0,1.9,6.2
2020-12-21,2020.9713,-1.3,-96.2,-4.0,2.1,2.0,6.4
2020-12-22,2020.974,-0.7,-95.5,-5.9,2.0,2.0,6.3
2020-12-23,2020.9768,-2.6,-93.8,-5.1,1.9,1.8,5.9
2020-12-24,2020.9795,-2.7,-94.0,-4.9,2.0,1.8,6.1
2020-12-25,2020.9822,-1.9,-93.3,-4.4,2.1,1.9,6.4
2020-12-26,2020.985,-1.1,-94.9,-3.1,1.9,1.9,6.1
2020-12-27,2020.9877,-0.3,-95.8,-7.5,1.9,1.8,6.1
2020-12-28,2020.9904,-1.5,-92.2,-13.5,2.0,2.0,6.3
2020-12-29,2020.9932,-0.2,-94.4,-14.5,1.9,1.8,6.0
2020-12-30,2020.9959,-0.1,-93.2,-12.7,2.1,2.0,6.3
2020-12-31,2020.9986,-1.1,-94.3,-9.0,1.9,1.8,6.0
2021-01-01,2021.0014,-0.2,-94.8,-8.4,1.6,1.5,4.5
2021-01-02,2021.0041,0.4,-93.7,-9.8,1.9,1.7,5.9
2021-01-03,2021.0068,1.9,-94.1,-11.6,1.6,1.5,4.5
2021-01-04,2021.0096,1.4,-93.9,-10.2,1.9,1.8,6.1
2021-01-05,2021.0123,0.7,-92.8,-12.0,1.9,1.7,5.8
2021-01-06,2021.0151,0.4,-91.3,-10.5,1.9,1.8,5.9
2021-01-07,2021.0178,1.5,-92.3,-12.0,2.0,1.9,6.3
2021-01-08,2021.0205,0.6,-93.9,-7.6,1.9,1.8,5.9
2021-01-09,2021.0233,-0.2,-92.2,-9.7,2.1,2.0,6.6
2021-01-10,2021.026,-0.8,-92.7,-10.3,1.9,1.7,5.9
2021-01-11,2021.0288,-1.6,-92.4,-3.5,1.9,1.8,6.0
2021-01-12,2021.0315,-1.8,-94.8,-1.8,1.9,1.8,6.1
2021-01-13,2021.0342,-0.2,-92.5,-0.1,2.0,1.8,6.2
2021-01-14,2021.037,1.4,-92.5,-5.8,1.9,1.7,6.0
2021-01-15,2021.0397,0.8,-91.3,-7.5,1.9,1.8,6.0
2021-01-16,2021.0425,-0.4,-91.7,-7.7,1.6,1.5,4.6
2021-01-17,2021.0452,-0.4,-91.7,-4.0,2.0,1.9,6.4
2021-01-18,2021.0479,-0.8,-91.2,3.2,1.9,1.8,6.1
2021-01-19,2021.0507,-0.8,-91.6,-3.3,1.8,1.7,5.7
2021-01-20,2021.0534,-1.8,-91.0,-1.3,1.9,1.8,5.9
2021-01-21,2021.0562,-2.3,-90.6,-3.6,2.0,1.9,6.1
2021-01-22,2021.0589,-2.2,-90.5,0.6,1.8,1.7,5.7
2021-01-23,2021.0616,-1.5,-92.4,0.9,1.8,1.7,5.7
2021-01-24,2021.0644,-0.9,-91.9,-8.1,1.9,1.7,5.9
2021-01-25,2021.0671,-1.2,-90.9,-9.1,1.5,1.4,4.4
2021-01-26,2021.0699,-0.8,-91.0,-8.4,2.0,1.9,6.0
2021-01-27,2021.0726,-1.1,-91.7,-8.6,1.8,1.7,5.8
2021-01-28,2021.0753,-1.0,-91.6,-6.7,1.9,1.8,6.0
2021-01-29,2021.0781,-0.6,-90.3,-4.8,1.9,1.8,6.0
2021-01-30,2021.0808,-1.2,-89.9,-4.0,1.5,1.4,4.4
2021-01-31,2021.0836,0.9,-91.0,-1.7,1.9,1.8,6.0
2021-02-01,2021.0863,-0.1,-90.9,-4.1,1.9,1.8,6.0
2021-02-02,2021.089,-0.2,-91.9,-3.4,1.9,1.7,5.8
2021-02-03,2021.0918,-0.1,-91.6,-2.5,1.9,1.8,6.0
2021-02-04,2021.0945,-0.6,-90.8,-2.7,1.9,1.8,6.1
2021-02-05,2021.0973,-0.6,-92.3,1.1,2.0,1.8,6.2
2021-02-06,2021.1,-0.9,-89.9,1.2,2.0,1.8,6.1
2021-02-07,2021.1027,-1.0,-91.6,0.6,1.9,1.8,6.0
2021-02-08,2021.1055,-3.0,-90.4,1.6,1.5,1.4,4.4
2021-02-09,2021.1082,-2.0,-90.7,5.2,1.9,1.8,6.0
2021-02-10,2021.111,-0.2,-90.2,8.0,1.9,1.8,6.1
2021-02-11,2021.1137,-0.3,-91.6,3.2,2.1,2.0,6.8
2021-02-12,2021.1164,0.8,-91.1,1.0,2.0,1.9,6.2
2021-02-13,2021.1192,1.3,-90.7,0.6,2.1,1.9,6.5
2021-02-14,2021.1219,0.5,-91.2,-3.1,1.6,1.5,4.7
2021-02-15,2021.1247,0.3,-90.7,-0.7,1.5,1.4,4.6
2021-02-16,2021.1274,-1.3,-90.3,-6.3,1.6,1.5,4.6
2021-02-17,2021.1301,-0.5,-90.8,-3.6,1.6,1.5,4.6
2021-02-18,2021.1329,-1.6,-90.0,-0.6,1.9,1.8,6.0
2021-02-19,2021.1356,-1.5,-90.6,-0.8,2.0,1.8,6.2
2021-02-20,2021.1384,-1.0,-91.8,0.3,1.9,1.8,6.0
2021-02-21,2021.1411,-1.9,-91.1,-2.0,1.9,1.8,6.1
2021-02-22,2021.1438,-0.2,-90.4,-1.9,1.6,1.4,4.6
2021-02-23,2021.1466,0.9,-90.3,-2.5,2.0,1.8,6.2
2021-02-24,2021.1493,-0.4,-88.8,-1.2,1.9,1.7,5.9
2021-02-25,2021.1521,-0.5,-89.3,-0.4,1.6,1.5,4.6
2021-02-26,2021.1548,0.0,-88.6,-0.7,1.6,1.5,4.8
2021-02-27,2021.1575,1.7,-88.2,-1.1,1.9,1.7,5.9
2021-02-28,2021.1603,0.7,-87.5,-6.6,1.9,1.8,6.0
2021-03-01,2021.163,0.4,-89.0,-5.5,1.9,1.8,6.0
2021-03-02,2021.1658,0.6,-88.6,-1.9,2.0,1.8,6.2
2021-03-03,2021.1685,-0.3,-89.5,1.4,1.9,1.8,6.0
2021-03-04,2021.1712,-0.2,-87.8,1.1,1.9,1.7,5.9
2021-03-05,2021.174,0.8,-86.8,-1.5,2.0,1.9,6.4
2021-03-06,2021.1767,-0.8,-87.4,-0.4,2.0,1.9,6.2
2021-03-07,2021.1795,-0.8,-89.0,1.4,1.9,1.7,5.9
2021-03-08,2021.1822,-1.5,-87.5,-1.3,2.0,1.9,6.2
2021-03-09,2021.1849,0.5,-88.5,-1.7,2.1,2.0,6.6
2021-03-10,2021.1877,0.5,-88.7,1.7,2.0,1.9,6.2
2021-03-11,2021.1904,-0.1,-88.3,-0.9,2.1,2.0,6.5
2021-03-12,2021.1932,-1.6,-87.3,0.4,2.0,2.1,6.2
2021-03-13,2021.1959,-0.1,-89.1,0.93,1.9,1.8,5.63
2021-03-14,2021.1986,0.8,-89.4,1.47,1.9,1.9,5.07
2021-03-15,2021.2014,0.8,-89.2,2.0,1.5,1.5,4.5
2021-03-16,2021.2041,1.7,-89.9,2.2,1.9,1.8,6.2
2021-03-17,2021.2068,1.5,-88.5,-0.2,1.9,1.8,6.1
2021-03-18,2021.2096,1.6,-89.0,-1.7,1.9,1.8,6.1
2021-03-19,2021.2123,1.7,-88.1,-2.3,1.9,1.9,6.2
2021-03-20,2021.2151,0.0,-87.5,-5.8,1.9,1.9,6.2
2021-03-21,2021.2178,1.0,-87.5,-1.7,1.6,1.6,4.8
2021-03-22,2021.2205,1.2,-87.7,2.0,2.1,2.0,6.7
2021-03-23,2021.2233,0.9,-87.9,3.4,2.1,2.0,6.5
2021-03-24,2021.226,2.1,-89.1,3.0,2.0,1.9,6.3
2021-03-25,2021.2288,1.6,-88.8,0.1,1.6,1.5,4.8
2021-03-26,2021.2315,1.5,-87.7,6.6,2.1,2.0,6.6
2021-03-27,2021.2342,1.8,-88.4,5.2,2.0,1.9,6.4
2021-03-28,2021.237,1.6,-88.1,4.3,2.0,1.9,6.4
2021-03-29,2021.2397,3.7,-88.3,7.1,2.0,1.9,6.3
2021-03-30,2021.2425,3.7,-88.2,1.2,2.0,1.9,6.5
2021-03-31,2021.2452,3.8,-87.7,0.7,1.9,1.9,6.2
2021-04-01,2021.2479,3.6,-86.6,-3.3,2.1,1.9,6.6
2021-04-02,2021.2507,4.0,-87.1,0.4,2.0,1.9,6.4
2021-04-03,2021.2534,3.0,-87.6,-5.2,2.1,2.0,6.7
2021-04-04,2021.2562,3.3,-87.4,0.4,2.1,1.9,6.6
2021-04-05,2021.2589,2.7,-85.1,-4.9,2.1,2.0,6.8
2021-04-06,2021.2616,2.6,-86.3,-2.9,2.0,1.9,6.5
2021-04-07,2021.2644,3.3,-87.0,-3.8,1.9,1.8,6.1
2021-04-08,2021.2671,3.0,-85.9,-3.3,2.1,2.0,6.9
2021-04-09,2021.2699,3.0,-85.9,-8.5,2.0,1.9,6.5
2021-04-10,2021.2726,3.2,-86.7,-10.2,2.0,1.9,6.4
2021-04-11,2021.2753,3.0,-85.4,-9.8,2.1,1.9,6.7
2021-04-12,2021.2781,4.0,-87.4,-11.3,2.1,2.1,6.8
2021-04-13,2021.2808,2.2,-85.8,-8.9,2.0,1.9,6.5
2021-04-14,2021.2836,2.1,-85.5,-5.3,2.1,2.0,6.8
2021-04-15,2021.2863,1.9,-87.5,-4.5,2.0,1.8,6.3
2021-04-16,2021.289,0.9,-85.5,-6.1,2.2,2.0,7.0
2021-04-17,2021.2918,0.8,-85.4,-2.9,2.1,2.0,6.6
2021-04-18,2021.2945,0.7,-85.6,-1.4,2.0,1.9,6.4
2021-04-19,2021.2973,0.8,-84.5,-7.0,2.3,2.2,7.3
2021-04-20,2021.3,0.6,-84.9,-3.5,2.2,2.1,6.9
2021-04-21,2021.3027,1.2,-85.7,-2.6,2.2,2.1,7.1
2021-04-22,2021.3055,2.6,-84.8,-2.6,2.1,2.0,6.9
2021-04-23,2021.3082,2.1,-84.7,-6.2,2.1,1.9,6.6
2021-04-24,2021.311,2.6,-84.8,-8.9,2.0,1.9,6.2
2021-04-25,2021.3137,1.5,-85.0,-8.2,2.1,2.0,6.6
2021-04-26,2021.3164,-1.0,-83.9,-8.8,2.1,2.0,6.5
2021-04-27,2021.3192,1.3,-83.9,-8.9,2.3,2.2,7.2
2021-04-28,2021.3219,0.0,-83.3,-5.3,2.1,1.9,6.5
2021-04-29,2021.3247,-0.4,-83.3,-0.5,2.0,1.9,6.2
2021-04-30,2021.3274,0.1,-83.1,-1.9,2.1,2.1,6.8
2021-05-01,2021.3301,-0.6,-83.2,-1.9,2.0,1.9,6.4
2021-05-02,2021.3329,0.5,-83.7,-1.2,2.1,2.0,6.9
2021-05-03,2021.3356,0.8,-83.6,-5.2,2.1,2.0,6.6
2021-05-04,2021.3384,-0.3,-83.2,-4.8,2.1,2.0,6.5
2021-05-05,2021.3411,0.1,-84.5,-2.4,2.1,2.0,6.5
2021-05-06,2021.3438,-0.5,-84.4,-0.8,2.2,2.0,6.8
2021-05-07,2021.3466,0.6,-83.9,-0.3,2.2,2.1,6.9
2021-05-08,2021.3493,-0.5,-83.4,4.1,2.1,2.0,6.7
2021-05-09,2021.3521,0.9,-83.5,4.4,2.2,2.1,7.0
2021-05-10,2021.3548,1.4,-84.4,-0.0,2.3,2.2,7.4
2021-05-11,2021.3575,1.7,-83.7,-2.2,1.7,1.6,5.2
2021-05-12,2021.3603,1.4,-83.0,2.8,1.8,1.7,5.3
2021-05-13,2021.363,1.8,-81.9,0.7,2.2,2.1,7.1
2021-05-14,2021.3658,2.1,-82.8,-2.3,2.2,2.1,7.1
2021-05-15,2021.3685,2.1,-83.3,-1.8,2.1,2.0,6.7
2021-05-16,2021.3712,1.8,-81.9,-8.0,1.7,1.6,5.2
2021-05-17,2021.374,1.3,-82.0,-0.2,2.2,2.1,7.1
2021-05-18,2021.3767,-0.2,-82.6,-6.5,2.4,2.2,7.7
2021-05-19,2021.3795,1.3,-83.2,0.2,2.2,2.1,7.0
2021-05-20,2021.3822,2.2,-82.0,2.3,1.8,1.7,5.3
2021-05-21,2021.3849,0.0,-81.4,0.8,1.8,1.8,5.6
2021-05-22,2021.3877,0.4,-80.9,-5.4,2.2,2.1,6.9
2021-05-23,2021.3904,2.6,-82.6,-6.8,2.0,2.0,6.5
2021-05-24,2021.3932,2.0,-82.6,-4.3,2.1,2.0,6.6
2021-05-25,2021.3959,2.7,-82.8,-3.4,1.7,1.7,5.2
2021-05-26,2021.3986,1.8,-82.7,-5.2,1.8,1.7,5.3
2021-05-27,2021.4014,0.6,-82.2,-2.7,2.1,2.0,6.8
2021-05-28,2021.4041,0.9,-81.5,-4.6,2.0,1.9,6.5
2021-05-29,2021.4068,0.5,-82.5,-5.3,2.2,2.1,7.0
2021-05-30,2021.4096,-0.5,-83.9,-3.3,2.3,2.2,7.5
2021-05-31,2021.4123,1.2,-82.6,-4.6,1.7,1.6,5.2
2021-06-01,2021.4151,0.2,-82.2,-7.0,2.1,2.0,6.8
2021-06-02,2021.4178,0.1,-83.1,-6.0,2.0,2.0,6.3
2021-06-03,2021.4205,-0.2,-82.8,-4.2,2.1,2.0,6.5
2021-06-04,2021.4233,0.0,-83.2,-3.7,2.1,2.0,6.7
2021-06-05,2021.426,0.6,-82.5,0.3,2.6,2.5,8.5
2021-06-06,2021.4288,-0.0,-82.4,-6.0,2.6,2.4,8.4
2021-06-07,2021.4315,0.9,-83.2,-6.2,2.5,2.4,8.2
2021-06-08,2021.4342,0.4,-82.4,-0.3,1.8,1.8,5.5
2021-06-09,2021.437,1.9,-81.2,-0.4,2.4,2.2,7.6
2021-06-10,2021.4397,0.3,-82.5,-6.6,1.8,1.8,5.5
2021-06-11,2021.4425,1.3,-82.6,-6.0,1.9,1.9,5.9
2021-06-12,2021.4452,2.2,-82.1,-6.6,2.4,2.2,7.8
2021-06-13,2021.4479,0.1,-81.7,0.3,2.4,2.4,7.8
2021-06-14,2021.4507,0.3,-81.5,4.2,2.3,2.3,7.6
2021-06-15,2021.4534,0.4,-82.5,-1.6,2.2,2.1,7.2
2021-06-16,2021.4562,1.8,-81.9,-0.2,2.2,2.1,7.0
2021-06-17,2021.4589,-0.3,-81.1,-1.3,1.8,1.7,5.4
2021-06-18,2021.4616,-0.1,-81.0,-3.1,1.7,1.6,5.1
2021-06-19,2021.4644,0.9,-83.3,2.5,2.1,2.0,6.8
2021-06-20,2021.4671,1.1,-80.9,-4.8,2.3,2.2,7.4
2021-06-21,2021.4699,0.7,-79.4,-5.9,2.3,2.1,7.4
2021-06-22,2021.4726,0.7,-81.8,-6.3,2.2,2.1,7.1
2021-06-23,2021.4753,-0.5,-82.5,-7.2,2.5,2.4,7.8
2021-06-24,2021.4781,-2.2,-80.5,-3.6,2.6,2.5,8.3
2021-06-25,2021.4808,0.8,-80.8,1.7,2.6,2.5,8.1
2021-06-26,2021.4836,1.7,-82.3,-3.4,2.5,2.4,8.0
2021-06-27,2021.4863,2.0,-82.4,-1.0,2.4,2.3,7.8
2021-06-28,2021.489,1.9,-79.6,-5.0,2.0,1.9,6.2
2021-06-29,2021.4918,1.5,-80.8,-2.9,1.9,1.8,5.6
2021-06-30,2021.4945,2.6,-81.3,-3.2,2.4,2.2,7.3
2021-07-01,2021.4973,2.6,-81.0,0.3,2.4,2.2,7.6
2021-07-02,2021.5,-0.5,-78.8,-4.8,2.3,2.2,7.2
2021-07-03,2021.5027,1.1,-82.6,-0.9,2.4,2.2,7.9
2021-07-04,2021.5055,0.4,-79.9,-4.5,2.4,2.2,7.7
2021-07-05,2021.5082,-0.3,-79.6,0.4,2.7,2.4,8.7
2021-07-06,2021.511,0.9,-81.2,0.8,2.6,2.4,8.4
2021-07-07,2021.5137,0.4,-81.3,-0.1,2.3,2.2,7.4
2021-07-08,2021.5164,0.3,-82.2,-8.9,2.4,2.2,7.5
2021-07-09,2021.5192,0.8,-80.9,2.6,2.4,2.2,7.3
2021-07-10,2021.5219,0.7,-78.9,-2.4,2.5,2.3,7.8
2021-07-11,2021.5247,1.9,-82.2,-4.5,2.9,2.7,9.6
2021-07-12,2021.5274,0.2,-80.9,0.1,2.6,2.4,8.1
2021-07-13,2021.5301,1.8,-81.4,-3.9,2.4,2.2,7.7
2021-07-14,2021.5329,0.0,-81.5,-4.6,2.4,2.2,7.8
2021-07-15,2021.5356,0.8,-79.6,-1.2,2.4,2.1,7.4
2021-07-16,2021.5384,-0.6,-80.4,-7.4,2.7,2.4,8.7
2021-07-17,2021.5411,2.8,-80.0,-3.4,2.1,2.0,6.5
2021-07-18,2021.5438,-0.1,-79.9,2.1,2.8,2.5,9.0
2021-07-19,2021.5466,1.2,-79.3,-2.3,2.4,2.1,7.6
2021-07-20,2021.5493,0.9,-79.6,2.6,2.0,1.9,6.2
2021-07-21,2021.5521,-0.1,-80.4,5.1,1.9,1.8,6.0
2021-07-22,2021.5548,1.0,-79.4,5.6,2.4,2.3,7.5
2021-07-23,2021.5575,-0.8,-80.2,6.6,1.9,1.8,5.6
2021-07-24,2021.5603,2.4,-79.1,-0.2,2.2,2.1,6.8
2021-07-25,2021.563,0.4,-79.3,7.1,3.2,2.9,10.8
2021-07-26,2021.5658,0.8,-81.1,2.0,2.6,2.4,8.2
2021-07-27,2021.5685,-0.8,-79.9,8.0,2.1,2.0,6.4
2021-07-28,2021.5712,-0.2,-77.8,-0.8,2.3,2.3,7.2
2021-07-29,2021.574,1.0,-79.5,0.1,2.5,2.4,8.1
2021-07-30,2021.5767,1.6,-80.7,2.8,2.2,2.0,6.9
2021-07-31,2021.5795,1.2,-79.5,2.9,2.2,2.1,7.1
2021-08-01,2021.5822,0.8,-80.2,3.6,2.6,2.4,8.5
2021-08-02,2021.5849,1.4,-79.3,-4.8,2.4,2.2,7.8
2021-08-03,2021.5877,1.5,-76.9,-3.1,2.4,2.2,7.8
2021-08-04,2021.5904,-0.1,-79.5,-6.6,2.3,2.1,7.2
2021-08-05,2021.5932,2.9,-79.1,-2.1,2.4,2.4,7.7
2021-08-06,2021.5959,0.4,-78.5,-0.4,2.2,2.0,6.9
2021-08-07,2021.5986,0.8,-79.2,-1.9,2.2,2.1,7.2
2021-08-08,2021.6014,0.9,-79.2,-4.1,2.3,2.1,7.4
2021-08-09,2021.6041,1.6,-79.0,-3.9,2.3,2.3,7.4
2021-08-10,2021.6068,-0.3,-79.2,-6.9,2.2,2.0,6.8
2021-08-11,2021.6096,0.8,-78.0,-1.7,1.9,1.8,5.9
2021-08-12,2021.6123,-0.2,-78.3,-4.6,2.4,2.3,8.0
2021-08-13,2021.6151,-0.5,-78.3,-4.8,2.0,1.8,6.2
2021-08-14,2021.6178,-1.7,-77.8,-0.7,1.9,1.9,5.9
2021-08-15,2021.6205,-0.7,-78.9,2.2,2.5,2.3,8.1
2021-08-16,2021.6233,-0.1,-78.1,-5.7,2.7,2.5,8.8
2021-08-17,2021.626,-0.8,-76.8,-1.1,2.7,2.5,9.0
2021-08-18,2021.6288,0.0,-78.3,-2.8,2.0,1.9,6.3
2021-08-19,2021.6315,-2.0,-77.7,-1.8,2.4,2.2,7.7
2021-08-20,2021.6342,0.0,-76.4,-4.5,2.5,2.4,8.0
2021-08-21,2021.637,-1.5,-77.8,-2.6,2.7,2.7,8.8
2021-08-22,2021.6397,-3.6,-77.9,-4.2,2.6,2.5,8.5
2021-08-23,2021.6425,-2.1,-76.8,-7.7,2.2,2.2,7.2
2021-08-24,2021.6452,-0.4,-75.3,-4.5,2.2,2.1,7.0
2021-08-25,2021.6479,-1.8,-76.4,-3.7,2.5,2.5,8.1
2021-08-26,2021.6507,-0.7,-76.4,-6.7,2.3,2.2,7.5
2021-08-27,2021.6534,-1.1,-75.7,-4.3,2.3,2.3,7.3
2021-08-28,2021.6562,-0.0,-76.8,-6.2,2.4,2.3,7.5
2021-08-29,2021.6589,-1.2,-76.3,-6.5,2.4,2.4,7.8
2021-08-30,2021.6616,-0.9,-76.2,-6.6,2.5,2.4,8.1
2021-08-31,2021.6644,-0.9,-75.6,-6.4,2.4,2.4,7.6
2021-09-01,2021.6671,-0.7,-75.4,-3.4,2.6,2.5,8.3
2021-09-02,2021.6699,-0.7,-77.9,2.3,2.7,2.6,8.7
2021-09-03,2021.6726,-3.1,-74.3,-2.1,2.4,2.4,7.9
2021-09-04,2021.6753,-1.3,-73.8,-0.2,2.5,2.4,8.2
2021-09-05,2021.6781,-1.3,-73.3,-5.5,2.5,2.4,8.1
2021-09-06,2021.6808,-1.1,-74.0,-6.7,2.3,2.3,7.5
2021-09-07,2021.6836,-1.1,-73.8,-5.0,2.1,2.1,6.9
2021-09-08,2021.6863,-1.6,-74.7,-1.0,2.2,2.2,7.1
2021-09-09,2021.689,-2.3,-74.3,-1.1,2.3,2.3,7.5
2021-09-10,2021.6918,-1.4,-75.8,4.7,2.2,2.1,7.0
2021-09-11,2021.6945,-0.7,-75.1,2.0,2.2,2.2,7.2
2021-09-12,2021.6973,0.5,-74.5,1.2,2.4,2.4,7.4
2021-09-13,2021.7,-1.0,-74.2,-0.6,2.4,2.4,7.8
2021-09-14,2021.7027,-1.3,-74.5,-5.3,2.4,2.4,7.5
2021-09-15,2021.7055,1.6,-73.5,-6.1,2.5,2.4,8.2
2021-09-16,2021.7082,-2.2,-74.4,-7.0,2.4,2.4,7.7
2021-09-17,2021.711,-0.6,-74.2,-5.6,2.4,2.4,7.6
2021-09-18,2021.7137,-0.5,-74.3,-4.6,2.4,2.4,7.8
2021-09-19,2021.7164,-1.7,-73.5,-2.4,2.3,2.2,7.3
2021-09-20,2021.7192,-0.0,-72.2,-4.4,2.4,2.4,7.5
2021-09-21,2021.7219,0.2,-72.7,-2.1,2.3,2.3,7.3
2021-09-22,2021.7247,-0.1,-73.3,-3.0,2.2,2.2,6.9
2021-09-23,2021.7274,-0.5,-71.7,-6.1,2.2,2.1,6.8
2021-09-24,2021.7301,0.1,-72.5,-5.2,2.4,2.4,7.4
2021-09-25,2021.7329,2.1,-72.6,-11.0,2.2,2.1,7.1
2021-09-26,2021.7356,-1.1,-72.4,-5.8,2.2,2.1,6.9
2021-09-27,2021.7384,0.4,-71.6,-5.5,2.2,2.2,6.9
2021-09-28,2021.7411,-0.6,-72.6,-3.8,2.2,2.1,7.0
2021-09-29,2021.7438,-0.8,-71.8,-5.1,2.1,2.1,6.8
2021-09-30,2021.7466,0.1,-73.4,-2.2,2.2,2.2,7.1
2021-10-01,2021.7493,-0.4,-71.9,-2.6,2.2,2.2,7.2
2021-10-02,2021.7521,-0.5,-72.1,-5.8,2.4,2.5,7.8
2021-10-03,2021.7548,0.8,-73.0,-6.75,2.1,2.1,7.3
2021-10-04,2021.7575,-0.2,-72.2,-7.7,2.2,2.1,6.8
2021-10-05,2021.7603,0.4,-72.3,-9.4,2.2,2.1,7.0
2021-10-06,2021.763,0.0,-71.7,-8.1,2.2,2.2,7.2
2021-10-07,2021.7658,0.2,-71.3,-8.3,2.2,2.2,6.9
2021-10-08,2021.7685,-0.0,-72.4,-8.3,2.3,2.2,7.3
2021-10-09,2021.7712,0.8,-72.3,-9.8,2.2,2.1,6.8
2021-10-10,2021.774,0.5,-69.6,-4.6,2.2,2.2,7.0
2021-10-11,2021.7767,-0.1,-71.2,-7.0,2.1,2.0,6.7
2021-10-12,2021.7795,0.4,-71.5,-8.5,2.2,2.1,6.9
2021-10-13,2021.7822,0.1,-72.5,-10.6,2.1,2.1,6.8
2021-10-14,2021.7849,0.5,-70.4,-9.5,2.2,2.1,7.0
2021-10-15,2021.7877,2.4,-69.8,-8.5,2.2,2.1,6.9
2021-10-16,2021.7904,-0.3,-71.0,-6.4,2.0,2.0,6.4
2021-10-17,2021.7932,-0.9,-71.1,-3.9,2.1,2.1,6.8
2021-10-18,2021.7959,0.1,-71.1,-1.9,2.2,2.2,7.1
2021-10-19,2021.7986,-0.4,-70.0,1.1,2.1,2.1,6.9
2021-10-20,2021.8014,-0.8,-69.8,-3.0,2.0,2.0,6.5
2021-10-21,2021.8041,-1.3,-68.9,-2.6,2.1,2.1,6.8
2021-10-22,2021.8068,0.0,-70.1,-4.3,2.1,2.1,6.9
2021-10-23,2021.8096,0.9,-70.8,-7.7,2.1,2.1,6.9
2021-10-24,2021.8123,0.5,-70.3,-5.0,2.1,2.1,6.7
2021-10-25,2021.8151,-0.4,-70.6,-7.3,2.0,1.9,6.3
2021-10-26,2021.8178,-0.7,-68.8,-5.8,2.0,2.0,6.5
2021-10-27,2021.8205,-0.9,-70.3,-5.1,2.0,2.0,6.4
2021-10-28,2021.8233,0.5,-68.8,-7.4,2.2,2.1,6.9
2021-10-29,2021.826,0.5,-69.0,-12.4,2.1,2.1,6.6
2021-10-30,2021.8288,-0.3,-69.6,-5.1,2.0,1.9,6.4
2021-10-31,2021.8315,-0.0,-68.3,-4.1,2.2,2.3,7.2
2021-11-01,2021.8342,0.1,-69.2,-8.8,2.1,2.1,6.8
2021-11-02,2021.837,-2.5,-68.3,-5.7,2.0,1.9,6.3
2021-11-03,2021.8397,-1.4,-69.0,-0.5,2.1,2.1,6.9
2021-11-04,2021.8425,-1.1,-69.3,1.8,2.0,2.0,6.4
2021-11-05,2021.8452,0.2,-68.7,-13.2,2.1,2.1,6.8
2021-11-06,2021.8479,-0.1,-67.2,-13.6,2.0,1.9,6.2
2021-11-07,2021.8507,-1.1,-68.2,-8.1,2.1,2.2,6.8
2021-11-08,2021.8534,-0.3,-68.5,-7.6,1.9,1.9,6.1
2021-11-09,2021.8562,-0.6,-67.7,-7.3,2.0,1.9,6.3
2021-11-10,2021.8589,-0.7,-66.3,-7.0,2.1,2.0,6.4
2021-11-11,2021.8616,-1.4,-67.4,-3.6,1.9,1.9,6.1
2021-11-12,2021.8644,-2.4,-66.2,-3.5,2.1,2.0,6.8
2021-11-13,2021.8671,-1.8,-67.4,-4.5,2.1,2.0,6.5
2021-11-14,2021.8699,-1.5,-66.6,-3.3,2.1,2.1,6.6
2021-11-15,2021.8726,-1.3,-66.8,-2.6,2.0,1.9,6.3
2021-11-16,2021.8753,-1.5,-67.9,-5.8,1.9,1.9,6.2
2021-11-17,2021.8781,-0.3,-69.0,0.7,2.1,2.1,6.6
2021-11-18,2021.8808,-1.0,-66.1,-2.1,2.0,2.0,6.4
2021-11-19,2021.8836,-1.6,-68.1,-2.2,1.6,1.6,4.9
2021-11-20,2021.8863,-0.4,-67.4,-5.6,2.0,1.9,6.3
2021-11-21,2021.889,-1.3,-67.7,-4.1,2.1,2.0,6.6
2021-11-22,2021.8918,-1.6,-67.1,-6.3,1.6,1.6,4.8
2021-11-23,2021.8945,-1.2,-67.5,-4.6,2.0,1.9,6.2
2021-11-24,2021.8973,-2.9,-66.6,-1.5,1.9,1.9,6.1
2021-11-25,2021.9,-0.3,-67.7,-1.2,2.0,1.9,6.2
2021-11-26,2021.9027,-0.3,-67.4,-4.1,2.0,2.0,6.5
2021-11-27,2021.9055,0.3,-67.4,-5.6,2.0,1.9,6.4
2021-11-28,2021.9082,0.5,-67.7,-10.6,2.0,2.0,6.6
2021-11-29,2021.911,-0.8,-67.5,-8.0,2.0,1.9,6.2
2021-11-30,2021.9137,0.4,-65.5,-5.9,2.0,1.9,6.4
2021-12-01,2021.9164,-0.3,-66.4,-5.5,2.0,2.0,6.5
2021-12-02,2021.9192,-0.8,-64.7,-3.9,2.0,1.9,6.3
2021-12-03,2021.9219,-1.3,-65.3,-5.5,2.1,2.1,6.8
2021-12-04,2021.9247,-0.1,-66.7,-1.8,2.1,2.1,6.6
2021-12-05,2021.9274,-0.1,-66.9,-0.1,1.9,1.8,6.1
2021-12-06,2021.9301,1.0,-67.0,-1.8,2.1,2.0,6.5
2021-12-07,2021.9329,-1.5,-66.5,-2.1,2.2,2.1,6.9
2021-12-08,2021.9356,-0.8,-68.1,-8.6,2.1,2.0,6.6
2021-12-09,2021.9384,0.6,-65.3,-7.98,2.1,2.1,6.57
2021-12-10,2021.9411,0.5,-66.2,-7.35,2.1,2.0,6.55
2021-12-11,2021.9438,0.6,-65.9,-6.72,2.0,1.9,6.52
2021-12-12,2021.9466,0.1,-66.1,-6.1,2.1,2.0,6.5
2021-12-13,2021.9493,-0.6,-65.5,-3.5,2.0,1.9,6.4
2021-12-14,2021.9521,-1.4,-64.4,-3.5,2.0,1.9,6.2
2021-12-15,2021.9548,-0.5,-64.7,-6.2,2.0,1.9,6.4
2021-12-16,2021.9575,-1.7,-65.1,-6.2,2.1,2.0,6.6
2021-12-17,2021.9603,-1.8,-64.9,-3.8,2.1,2.0,6.6
2021-12-18,2021.963,-3.8,-65.0,-1.0,2.0,1.9,6.4
2021-12-19,2021.9658,-2.4,-62.8,0.1,2.1,2.0,6.6
2021-12-20,2021.9685,-1.5,-65.0,0.4,2.2,2.1,6.9
2021-12-21,2021.9712,-1.7,-62.6,-1.2,2.2,2.1,6.9
2021-12-22,2021.974,-0.5,-62.8,-4.9,2.2,2.1,6.9
2021-12-23,2021.9767,-1.0,-63.2,-3.3,2.0,1.9,6.5
2021-12-24,2021.9795,-0.2,-63.4,-6.5,2.2,2.1,6.9
2021-12-25,2021.9822,-0.0,-63.8,-8.3,2.1,2.1,6.7
2021-12-26,2021.9849,-0.8,-63.1,-8.2,2.0,1.9,6.5
2021-12-27,2021.9877,0.3,-63.6,-5.1,2.1,1.9,6.5
2021-12-28,2021.9904,-0.7,-62.6,-8.2,1.6,1.5,4.8
2021-12-29,2021.9932,-1.0,-64.8,-9.0,2.0,1.9,6.4
2021-12-30,2021.9959,-1.9,-61.8,-8.4,2.0,1.9,6.2
2021-12-31,2021.9986,-1.3,-63.4,-6.4,1.9,1.8,6.0
2022-01-01,2022.0014,-1.6,-64.0,-5.7,2.1,1.9,6.3
2022-01-02,2022.0041,0.7,-63.9,-4.4,2.2,2.1,6.7
2022-01-03,2022.0068,-0.9,-62.7,-1.2,2.2,2.2,6.7
2022-01-04,2022.0096,-0.6,-63.4,-2.6,2.1,1.9,6.3
2022-01-05,2022.0123,-0.9,-63.6,-2.3,2.4,2.3,7.0
2022-01-06,2022.0151,-0.3,-64.8,-4.7,2.1,2.0,6.3
2022-01-07,2022.0178,0.3,-62.1,-5.7,2.4,2.2,6.9
2022-01-08,2022.0205,0.1,-63.6,-7.2,2.3,2.2,6.8
2022-01-09,2022.0233,-0.4,-63.5,-9.9,2.1,2.0,6.3
2022-01-10,2022.026,-0.1,-65.1,-8.3,2.1,2.0,6.4
2022-01-11,2022.0288,-0.4,-63.3,-9.5,2.2,2.1,6.6
2022-01-12,2022.0315,-0.7,-63.7,-8.9,2.1,2.0,6.5
2022-01-13,2022.0342,-2.5,-63.0,-5.5,2.2,2.0,6.6
2022-01-14,2022.037,-2.7,-62.0,-7.3,2.4,2.2,6.8
2022-01-15,2022.0397,-1.3,-62.4,-6.0,2.4,2.2,6.9
2022-01-16,2022.0425,-0.5,-62.1,-4.1,2.2,2.1,6.5
2022-01-17,2022.0452,-1.4,-63.2,-3.8,2.2,2.1,6.5
2022-01-18,2022.0479,0.2,-61.1,-5.4,2.3,2.2,6.7
2022-01-19,2022.0507,-0.0,-61.2,-0.9,2.4,2.3,6.9
2022-01-20,2022.0534,-0.1,-61.9,-5.0,2.2,2.1,6.7
2022-01-21,2022.0562,0.7,-62.2,-2.5,2.2,2.0,6.6
2022-01-22,2022.0589,0.3,-62.6,-4.7,2.4,2.2,6.9
2022-01-23,2022.0616,1.8,-62.5,-8.3,2.1,2.0,6.4
2022-01-24,2022.0644,2.4,-61.9,-4.5,2.2,2.1,6.8
2022-01-25,2022.0671,0.8,-62.7,-3.2,2.4,2.2,6.8
2022-01-26,2022.0699,0.9,-61.6,-8.0,2.2,2.1,6.5
2022-01-27,2022.0726,2.0,-61.4,-9.7,2.2,2.0,6.4
2022-01-28,2022.0753,1.1,-62.2,-3.7,2.5,2.3,6.9
2022-01-29,2022.0781,1.3,-61.5,-4.5,2.4,2.3,6.8
2022-01-30,2022.0808,1.3,-63.3,-7.4,2.2,2.1,6.5
2022-01-31,2022.0836,1.9,-62.7,-4.6,2.3,2.1,6.3
2022-02-01,2022.0863,1.3,-62.8,-4.2,2.1,1.9,6.1
2022-02-02,2022.089,0.8,-62.8,-2.0,2.2,2.0,6.4
2022-02-03,2022.0918,1.8,-62.3,-7.8,2.2,2.0,6.4
2022-02-04,2022.0945,0.5,-61.0,-6.9,2.4,2.2,6.8
2022-02-05,2022.0973,-0.1,-61.3,-5.3,2.2,2.0,6.5
2022-02-06,2022.1,1.4,-62.0,-7.1,2.1,2.0,6.4
2022-02-07,2022.1027,2.7,-60.9,-7.4,2.2,2.1,6.6
2022-02-08,2022.1055,0.7,-60.3,-5.3,2.2,2.0,6.5
2022-02-09,2022.1082,0.9,-60.4,-5.2,2.5,2.3,7.0
2022-02-10,2022.111,2.0,-60.2,-2.6,2.5,2.3,7.2
2022-02-11,2022.1137,1.5,-59.6,-6.4,2.3,2.2,6.6
2022-02-12,2022.1164,1.4,-61.0,-4.4,2.4,2.4,6.9
2022-02-13,2022.1192,1.4,-59.2,-4.0,2.4,2.2,6.8
2022-02-14,2022.1219,2.2,-60.2,-6.3,2.2,2.1,6.6
2022-02-15,2022.1247,1.7,-60.2,-1.4,2.4,2.3,7.0
2022-02-16,2022.1274,2.0,-58.7,-1.8,2.1,2.0,6.3
2022-02-17,2022.1301,2.1,-60.0,-5.5,2.4,2.3,7.0
2022-02-18,2022.1329,1.4,-58.1,-10.1,2.2,2.2,6.7
2022-02-19,2022.1356,2.2,-57.2,-9.1,2.1,2.1,6.3
2022-02-20,2022.1384,2.8,-59.8,-8.0,2.4,2.4,7.2
2022-02-21,2022.1411,0.7,-58.3,-8.8,2.5,2.4,7.1
2022-02-22,2022.1438,2.6,-59.4,-6.7,2.2,2.2,6.6
2022-02-23,2022.1466,0.8,-58.9,-3.6,2.1,1.9,6.2
2022-02-24,2022.1493,0.6,-60.8,-2.2,2.2,2.2,6.6
2022-02-25,2022.1521,0.3,-60.2,-3.0,2.3,2.2,6.7
2022-02-26,2022.1548,-0.5,-58.6,0.5,2.1,2.1,6.3
2022-02-27,2022.1575,0.4,-58.6,-1.5,2.4,2.3,7.0
2022-02-28,2022.1603,0.7,-59.6,-4.3,2.2,2.1,6.6
2022-03-01,2022.163,-0.2,-61.2,0.8,2.4,2.2,6.9
2022-03-02,2022.1658,-0.5,-59.4,-0.6,2.2,2.2,6.7
2022-03-03,2022.1685,1.9,-60.0,2.1,2.5,2.4,7.1
2022-03-04,2022.1712,0.0,-58.7,1.4,2.4,2.3,7.0
2022-03-05,2022.174,1.5,-58.4,-0.4,2.4,2.3,7.0
2022-03-06,2022.1767,1.6,-58.8,4.9,2.4,2.4,7.3
2022-03-07,2022.1795,2.0,-58.5,5.8,2.3,2.2,6.9
2022-03-08,2022.1822,1.9,-58.5,3.8,2.4,2.4,7.0
2022-03-09,2022.1849,2.7,-58.4,1.8,2.4,2.4,7.0
2022-03-10,2022.1877,4.4,-59.6,-0.0,2.3,2.2,6.7
2022-03-11,2022.1904,3.7,-60.0,5.8,2.6,2.5,7.4
2022-03-12,2022.1932,3.0,-58.7,2.7,2.4,2.4,7.2
2022-03-13,2022.1959,2.1,-60.6,2.7,2.3,2.3,7.0
2022-03-14,2022.1986,2.0,-59.2,1.3,2.3,2.2,7.2
2022-03-15,2022.2014,4.5,-58.9,1.2,2.5,2.4,7.2
2022-03-16,2022.2041,4.2,-57.9,-1.0,2.5,2.4,7.2
2022-03-17,2022.2068,2.6,-58.5,2.2,2.6,2.5,7.5
2022-03-18,2022.2096,3.3,-58.0,2.9,2.3,2.3,6.8
2022-03-19,2022.2123,5.1,-57.7,2.0,2.1,2.1,6.5
2022-03-20,2022.2151,3.8,-57.4,-1.3,2.2,2.1,6.5
2022-03-21,2022.2178,3.5,-56.8,0.3,2.7,2.7,7.6
2022-03-22,2022.2205,1.2,-55.9,3.1,2.4,2.4,7.5
2022-03-23,2022.2233,3.7,-57.5,2.85,2.8,2.8,7.4
2022-03-24,2022.226,1.1,-57.3,2.6,2.5,2.5,7.3
2022-03-25,2022.2288,2.8,-57.0,-1.5,2.3,2.3,6.8
2022-03-26,2022.2315,0.6,-55.1,1.7,2.3,2.2,6.9
2022-03-27,2022.2342,0.3,-54.9,1.3,2.4,2.4,6.9
2022-03-28,2022.237,1.7,-57.1,0.9,2.3,2.3,6.9
2022-03-29,2022.2397,2.2,-56.5,0.1,2.2,2.3,6.7
2022-03-30,2022.2425,4.0,-56.0,-0.7,2.3,2.3,6.7
2022-03-31,2022.2452,2.0,-56.3,-1.5,2.5,2.5,6.7
2022-04-01,2022.2479,2.9,-56.0,-2.3,2.4,2.4,6.7
2022-04-02,2022.2507,1.3,-54.3,-3.1,2.2,2.2,6.7
2022-04-03,2022.2534,1.7,-57.2,-3.7,2.3,2.2,6.9
2022-04-04,2022.2562,1.8,-55.1,-5.7,2.2,2.3,6.8
2022-04-05,2022.2589,0.4,-53.4,-2.6,2.6,2.6,7.2
2022-04-06,2022.2616,-0.7,-56.0,-2.4,2.4,2.5,7.3
2022-04-07,2022.2644,0.5,-56.2,-0.4,2.3,2.5,7.0
2022-04-08,2022.2671,-0.2,-55.1,6.0,2.7,2.6,7.8
2022-04-09,2022.2699,1.9,-55.0,3.7,2.4,2.6,7.3
2022-04-10,2022.2726,1.9,-58.1,3.3,2.7,2.6,8.0
2022-04-11,2022.2753,2.3,-53.6,-3.7,2.5,2.8,7.7
2022-04-12,2022.2781,3.5,-54.4,-2.1,2.3,2.3,6.9
2022-04-13,2022.2808,1.1,-55.5,-2.6,2.1,2.1,6.4
2022-04-14,2022.2836,2.2,-56.3,-0.3,2.2,2.2,6.7
2022-04-15,2022.2863,2.0,-55.2,-5.0,2.6,2.5,7.6
2022-04-16,2022.289,2.3,-53.5,-4.6,2.2,2.1,6.4
2022-04-17,2022.2918,2.2,-54.6,-5.1,2.1,2.0,6.3
2022-04-18,2022.2945,1.5,-53.7,-1.9,2.3,2.2,6.8
2022-04-19,2022.2973,1.4,-53.6,0.6,2.3,2.2,6.9
2022-04-20,2022.3,0.3,-54.7,7.5,2.6,2.5,7.5
2022-04-21,2022.3027,0.3,-52.6,0.9,2.5,2.4,7.1
2022-04-22,2022.3055,2.2,-54.4,4.4,2.9,2.9,8.2
2022-04-23,2022.3082,0.4,-53.3,1.2,2.4,2.3,6.9
2022-04-24,2022.311,0.3,-53.6,6.8,2.4,2.3,7.2
2022-04-25,2022.3137,1.9,-53.7,2.8,2.6,2.8,7.6
2022-04-26,2022.3164,0.8,-52.7,-1.1,2.7,2.6,7.6
2022-04-27,2022.3192,1.1,-53.7,0.0,2.6,2.5,7.2
2022-04-28,2022.3219,2.8,-54.8,-8.1,2.5,2.5,7.3
2022-04-29,2022.3247,2.8,-52.1,-5.4,2.2,2.1,6.7
2022-04-30,2022.3274,2.7,-53.0,-8.1,2.3,2.2,6.9
2022-05-01,2022.3301,1.5,-51.1,-0.6,2.2,2.1,6.7
2022-05-02,2022.3329,0.8,-52.0,1.1,2.3,2.3,6.6
2022-05-03,2022.3356,-0.1,-53.7,5.8,2.5,2.4,7.2
2022-05-04,2022.3384,2.3,-53.8,4.3,2.5,2.4,7.2
2022-05-05,2022.3411,1.0,-53.2,3.8,2.6,2.5,7.6
2022-05-06,2022.3438,2.0,-52.9,0.7,2.5,2.5,7.0
2022-05-07,2022.3466,2.3,-53.0,-3.0,2.8,2.8,8.1
2022-05-08,2022.3493,2.5,-53.7,-1.3,2.9,2.7,8.1
2022-05-09,2022.3521,2.2,-53.0,-3.3,2.8,2.7,8.1
2022-05-10,2022.3548,2.2,-52.5,6.3,2.4,2.4,7.1
2022-05-11,2022.3575,1.8,-53.2,1.3,2.7,2.6,8.0
2022-05-12,2022.3603,3.3,-52.2,0.1,2.6,2.5,7.3
2022-05-13,2022.363,3.1,-52.5,-1.2,2.8,2.7,7.7
2022-05-14,2022.3658,-0.1,-53.2,-2.9,2.6,2.6,7.3
2022-05-15,2022.3685,1.6,-51.7,-1.0,2.6,2.7,7.2
2022-05-16,2022.3712,1.3,-53.6,0.7,2.9,2.8,8.0
2022-05-17,2022.374,1.8,-53.5,1.7,2.6,2.6,7.8
2022-05-18,2022.3767,2.2,-51.4,0.3,2.8,2.7,8.0
2022-05-19,2022.3795,1.5,-51.6,-0.0,3.0,2.8,8.2
2022-05-20,2022.3822,1.0,-52.2,-3.8,2.6,2.5,7.9
2022-05-21,2022.3849,2.2,-50.0,1.8,2.6,2.5,7.4
2022-05-22,2022.3877,0.3,-53.2,4.6,2.6,2.6,7.4
2022-05-23,2022.3904,3.1,-53.0,7.4,2.5,2.5,7.4
2022-05-24,2022.3932,3.7,-51.3,1.1,2.5,2.4,7.1
2022-05-25,2022.3959,0.7,-51.5,-1.0,2.6,2.6,7.6
2022-05-26,2022.3986,-0.7,-52.1,-0.1,2.5,2.5,7.4
2022-05-27,2022.4014,1.2,-54.1,1.75,2.6,2.6,7.95
2022-05-28,2022.4041,0.5,-52.8,3.6,2.8,2.7,8.5
2022-05-29,2022.4068,-1.3,-53.3,-2.6,2.8,2.6,7.9
2022-05-30,2022.4096,1.1,-51.3,-0.3,2.8,2.8,7.7
2022-05-31,2022.4123,0.7,-51.5,2.4,2.7,2.6,7.7
2022-06-01,2022.4151,0.1,-50.2,4.1,2.7,2.6,8.1
2022-06-02,2022.4178,0.9,-52.6,1.6,2.6,2.5,7.9
2022-06-03,2022.4205,1.2,-53.0,-0.6,2.6,2.4,7.9
2022-06-04,2022.4233,2.2,-51.6,-1.25,2.4,2.3,7.6
2022-06-05,2022.426,3.1,-49.9,-1.9,2.5,2.4,7.3
2022-06-06,2022.4288,0.9,-50.0,0.2,2.8,2.9,8.2
2022-06-07,2022.4315,1.6,-50.5,2.6,2.4,2.4,7.3
2022-06-08,2022.4342,1.4,-50.4,-1.0,2.6,2.5,7.5
2022-06-09,2022.437,0.6,-50.5,1.2,2.6,2.5,7.5
2022-06-10,2022.4397,2.4,-50.9,1.9,2.4,2.3,7.2
2022-06-11,2022.4425,2.6,-52.1,-0.2,2.6,2.5,7.4
2022-06-12,2022.4452,1.5,-51.2,4.5,2.7,2.6,7.5
2022-06-13,2022.4479,0.4,-50.7,1.5,2.5,2.5,7.0
2022-06-14,2022.4507,0.8,-52.8,2.5,2.4,2.4,7.1
2022-06-15,2022.4534,1.5,-49.6,4.2,2.7,2.8,7.8
2022-06-16,2022.4562,1.2,-51.0,6.9,2.8,2.8,8.2
2022-06-17,2022.4589,0.7,-51.7,3.2,2.8,2.9,8.1
2022-06-18,2022.4616,1.3,-49.6,2.7,2.8,2.8,8.1
2022-06-19,2022.4644,1.5,-49.6,8.7,3.0,3.0,8.8
2022-06-20,2022.4671,0.2,-48.5,10.1,2.8,2.9,8.1
2022-06-21,2022.4699,0.7,-48.9,4.3,2.5,2.3,7.1
2022-06-22,2022.4726,0.8,-51.1,5.8,3.2,3.1,8.7
2022-06-23,2022.4753,1.7,-49.6,3.5,3.0,2.8,8.4
2022-06-24,2022.4781,0.3,-49.5,7.0,2.9,2.8,8.8
2022-06-25,2022.4808,-0.1,-51.5,1.2,2.6,2.4,7.7
2022-06-26,2022.4836,-1.3,-49.7,7.4,2.9,2.6,8.8
2022-06-27,2022.4863,-1.5,-49.5,6.7,2.8,2.7,8.5
2022-06-28,2022.489,1.2,-50.1,-4.1,2.8,2.6,8.3
2022-06-29,2022.4918,-0.1,-50.1,3.4,2.8,2.6,8.7
2022-06-30,2022.4945,-2.4,-50.9,8.1,3.2,2.9,9.5
2022-07-01,2022.4973,-0.7,-45.6,3.4,3.0,2.8,9.1
2022-07-02,2022.5,0.8,-49.3,5.5,3.3,3.0,9.2
2022-07-03,2022.5027,1.5,-50.9,0.7,3.0,2.7,8.9
2022-07-04,2022.5055,-0.5,-50.2,2.2,3.0,2.9,9.0
2022-07-05,2022.5082,1.0,-50.5,4.3,2.8,2.6,8.2
2022-07-06,2022.511,1.0,-49.8,-0.3,2.9,2.6,8.4
2022-07-07,2022.5137,-0.2,-49.3,2.7,2.7,2.6,8.1
2022-07-08,2022.5164,0.2,-50.5,9.5,2.9,2.7,8.5
2022-07-09,2022.5192,1.9,-49.5,6.2,2.6,2.5,7.7
2022-07-10,2022.5219,2.0,-49.8,0.3,2.9,2.6,8.3
2022-07-11,2022.5247,1.6,-49.6,1.53,2.7,2.6,8.23
2022-07-12,2022.5274,1.4,-50.9,2.77,2.7,2.4,8.17
2022-07-13,2022.5301,1.4,-49.2,4.0,2.7,2.5,8.1
2022-07-14,2022.5329,-0.6,-48.6,-1.8,3.1,2.7,8.8
2022-07-15,2022.5356,0.6,-49.9,1.3,2.9,2.6,8.0
2022-07-16,2022.5384,2.3,-47.8,-1.5,3.2,3.0,9.2
2022-07-17,2022.5411,2.0,-48.8,0.9,2.6,2.4,8.2
2022-07-18,2022.5438,1.5,-50.8,-0.5,3.1,2.8,9.1
2022-07-19,2022.5466,2.0,-49.8,-2.1,3.2,2.9,9.0
2022-07-20,2022.5493,-0.2,-50.3,-2.7,2.4,2.2,7.2
2022-07-21,2022.5521,0.8,-47.4,-3.0,2.8,2.5,8.4
2022-07-22,2022.5548,0.3,-49.3,-1.4,3.3,2.9,8.9
2022-07-23,2022.5575,-1.7,-47.7,3.3,2.5,2.3,7.3
2022-07-24,2022.5603,-0.8,-48.9,6.2,3.0,2.8,8.8
2022-07-25,2022.563,-1.2,-48.8,11.4,2.9,2.7,8.8
2022-07-26,2022.5658,0.9,-47.9,-0.7,2.9,2.7,8.6
2022-07-27,2022.5685,0.1,-49.2,0.6,2.8,2.5,8.0
2022-07-28,2022.5712,0.1,-47.6,4.7,2.9,2.6,8.7
2022-07-29,2022.574,-1.7,-49.7,0.0,2.7,2.4,7.7
2022-07-30,,,,,,,
2022-07-31,,,,,,,
2022-08-01,,,,,,,
2022-08-02,,,,,,,
2022-08-03,,,,,,,
2022-08-04,,,,,,,
2022-08-05,,,,,,,
2022-08-06,,,,,,,
2022-08-07,,,,,,,
2022-08-08,,,,,,,
2022-08-09,,,,,,,
2022-08-10,,,,,,,
2022-08-11,,,,,,,
2022-08-12,,,,,,,
2022-08-13,2022.6151,-1.3,-46.9,5.7,2.8,2.6,8.3
2022-08-14,2022.6178,0.4,-44.9,6.9,2.8,2.6,8.6
2022-08-15,2022.6205,0.6,-46.6,2.1,2.7,2.6,8.1
2022-08-16,2022.6233,0.6,-45.4,6.5,2.8,2.6,8.2
2022-08-17,2022.626,-0.6,-44.6,-1.1,2.8,2.6,8.3
2022-08-18,2022.6288,-1.2,-44.0,-3.4,2.9,2.8,8.6
2022-08-19,2022.6315,0.2,-44.6,6.1,3.0,2.9,8.6
2022-08-20,2022.6342,-0.8,-46.7,5.3,2.7,2.7,8.0
2022-08-21,2022.637,0.9,-44.5,2.1,2.3,2.2,6.9
2022-08-22,2022.6397,-0.6,-45.9,1.7,2.6,2.4,7.6
2022-08-23,2022.6425,0.8,-45.6,-2.1,2.5,2.4,7.7
2022-08-24,2022.6452,0.5,-44.9,-1.9,2.7,2.6,8.2
2022-08-25,2022.6479,-0.5,-43.5,1.5,2.6,2.5,7.8
2022-08-26,2022.6507,-1.3,-45.6,-3.0,2.7,2.6,8.5
2022-08-27,2022.6534,-0.9,-43.9,-1.5,2.6,2.5,7.6
2022-08-28,2022.6562,0.7,-43.8,-3.5,2.5,2.3,7.6
2022-08-29,2022.6589,1.1,-43.7,-5.4,2.6,2.4,7.7
2022-08-30,2022.6616,-0.1,-43.2,-0.8,2.5,2.4,7.4
2022-08-31,2022.6644,0.5,-41.6,2.0,2.4,2.2,7.0
2022-09-01,2022.6671,-1.2,-43.8,-1.8,2.4,2.3,7.2
2022-09-02,2022.6699,0.4,-43.7,-2.4,2.8,2.7,8.0
2022-09-03,2022.6726,-0.8,-43.2,-7.9,2.8,2.6,8.0
2022-09-04,2022.6753,0.6,-44.6,-4.2,2.3,2.2,6.9
2022-09-05,2022.6781,0.1,-43.4,-3.6,2.6,2.4,7.4
2022-09-06,2022.6808,-0.6,-42.8,-2.6,2.4,2.3,7.1
2022-09-07,2022.6836,-1.1,-43.5,-3.9,2.6,2.4,7.4
2022-09-08,2022.6863,0.2,-42.6,-5.6,2.9,2.8,8.2
2022-09-09,2022.689,-1.3,-41.9,-5.8,2.4,2.3,7.1
2022-09-10,2022.6918,-0.4,-43.1,-2.4,2.5,2.4,7.3
2022-09-11,2022.6945,-0.3,-40.7,5.2,2.5,2.5,7.4
2022-09-12,2022.6973,0.5,-43.0,4.5,2.7,2.6,8.2
2022-09-13,2022.7,0.3,-44.0,2.6,2.5,2.6,7.8
2022-09-14,2022.7027,0.3,-44.0,-0.9,2.3,2.3,7.2
2022-09-15,2022.7055,-0.8,-43.5,-2.8,2.6,2.6,8.1
2022-09-16,2022.7082,0.1,-41.2,-0.5,2.2,2.1,6.7
2022-09-17,2022.711,-1.5,-42.1,-1.1,2.7,2.7,7.9
2022-09-18,2022.7137,-0.6,-43.0,-3.0,2.6,2.4,8.2
2022-09-19,2022.7164,-0.9,-42.0,-3.9,2.7,2.6,7.7
2022-09-20,2022.7192,-0.4,-43.0,-6.2,2.7,2.6,7.8
2022-09-21,2022.7219,-0.1,-42.4,-4.0,2.6,2.6,7.7
2022-09-22,2022.7247,0.0,-43.1,-0.9,2.3,2.2,6.9
2022-09-23,2022.7274,0.2,-42.2,-4.9,2.3,2.2,6.9
2022-09-24,2022.7301,0.3,-41.7,-0.5,2.3,2.3,7.1
2022-09-25,2022.7329,-0.8,-41.4,-2.1,2.2,2.1,6.8
2022-09-26,2022.7356,-0.9,-42.7,2.4,2.5,2.4,7.3
2022-09-27,2022.7384,-1.6,-41.6,-3.3,2.6,2.5,7.5
2022-09-28,2022.7411,0.4,-39.8,0.6,2.5,2.3,7.1
2022-09-29,2022.7438,-0.4,-38.8,2.7,2.5,2.4,7.2
2022-09-30,2022.7466,-0.4,-39.6,0.6,2.6,2.5,7.3
2022-10-01,2022.7493,0.6,-42.4,-3.8,2.7,2.6,7.8
2022-10-02,2022.7521,-0.2,-38.6,-0.9,2.6,2.6,7.2
2022-10-03,2022.7548,-0.2,-39.2,-5.5,2.3,2.3,6.9
2022-10-04,2022.7575,-0.7,-40.6,-4.2,2.6,2.6,7.4
2022-10-05,2022.7603,-0.1,-40.0,-5.7,2.5,2.4,7.1
2022-10-06,2022.763,-1.8,-40.2,-7.2,2.5,2.4,7.5
2022-10-07,2022.7658,-0.5,-40.2,-4.6,2.3,2.2,6.8
2022-10-08,2022.7685,-1.0,-39.4,-2.2,2.4,2.4,6.9
2022-10-09,2022.7712,-0.1,-40.0,-3.8,2.5,2.4,7.1
2022-10-10,2022.774,0.2,-39.4,-2.2,2.3,2.2,6.6
2022-10-11,2022.7767,-1.2,-38.2,-0.2,2.3,2.3,6.8
2022-10-12,2022.7795,-0.0,-39.6,-4.2,2.3,2.2,6.6
2022-10-13,2022.7822,-1.6,-39.3,-3.3,2.4,2.4,7.1
2022-10-14,2022.7849,-2.4,-40.5,-5.6,2.4,2.4,6.9
2022-10-15,2022.7877,-1.3,-40.5,-5.8,2.3,2.2,6.7
2022-10-16,2022.7904,-0.8,-38.6,-5.9,2.5,2.5,7.2
2022-10-17,2022.7932,-1.0,-39.1,-0.9,2.4,2.3,6.8
2022-10-18,2022.7959,-2.0,-39.0,0.3,2.2,2.1,6.3
2022-10-19,2022.7986,-3.0,-38.5,2.1,2.2,2.2,6.6
2022-10-20,2022.8014,-1.2,-38.3,-1.6,2.5,2.5,6.9
2022-10-21,2022.8041,-0.8,-39.1,-3.1,2.4,2.4,6.9
2022-10-22,2022.8068,-2.1,-39.1,-3.4,2.4,2.3,6.9
2022-10-23,2022.8096,-2.1,-36.9,1.7,2.3,2.1,6.6
2022-10-24,2022.8123,-1.8,-36.6,1.4,2.3,2.3,6.8
2022-10-25,2022.8151,-0.4,-37.2,3.1,2.4,2.4,6.8
2022-10-26,2022.8178,-0.6,-38.1,-1.9,2.4,2.4,7.0
2022-10-27,2022.8205,-1.5,-35.1,-1.5,2.6,2.5,7.3
2022-10-28,2022.8233,-0.5,-37.4,0.0,2.2,2.1,6.5
2022-10-29,2022.826,-0.5,-36.7,0.6,2.4,2.3,6.9
2022-10-30,2022.8288,-1.0,-37.3,-1.5,2.6,2.5,7.2
2022-10-31,2022.8315,-1.1,-37.3,0.8,2.2,2.2,6.7
2022-11-01,2022.8342,-0.9,-39.6,-1.4,2.2,2.1,6.7
2022-11-02,2022.837,-0.0,-37.0,-4.9,2.5,2.5,7.1
2022-11-03,2022.8397,0.6,-37.0,-4.2,2.6,2.6,7.5
2022-11-04,2022.8425,-0.1,-37.9,-2.4,2.5,2.4,7.0
2022-11-05,2022.8452,-0.6,-37.7,-0.7,2.3,2.3,6.8
2022-11-06,2022.8479,-1.3,-37.2,4.0,2.4,2.2,6.8
2022-11-07,2022.8507,-2.3,-37.9,3.4,2.4,2.4,7.0
2022-11-08,2022.8534,-1.1,-38.8,3.7,2.4,2.3,6.9
2022-11-09,2022.8562,-0.1,-37.9,4.0,2.1,2.1,6.3
2022-11-10,2022.8589,0.3,-38.7,-1.6,2.3,2.2,6.8
2022-11-11,2022.8616,0.8,-36.9,-5.5,2.3,2.1,6.5
2022-11-12,2022.8644,-1.9,-36.9,0.6,2.6,2.4,7.2
2022-11-13,2022.8671,-1.5,-37.5,-1.5,2.2,2.1,6.6
2022-11-14,2022.8699,-1.6,-37.2,3.8,2.3,2.2,6.6
2022-11-15,2022.8726,-0.7,-38.3,1.3,2.3,2.2,6.5
2022-11-16,2022.8753,-0.6,-37.5,3.8,2.3,2.1,6.5
2022-11-17,2022.8781,-1.5,-38.2,-2.4,2.1,2.0,6.3
2022-11-18,2022.8808,0.0,-36.7,-2.2,2.3,2.2,6.8
2022-11-19,2022.8836,-0.4,-37.5,2.4,2.3,2.2,6.7
2022-11-20,2022.8863,-0.6,-36.7,-0.5,2.3,2.2,6.8
2022-11-21,2022.889,-1.2,-37.3,-3.6,2.3,2.2,6.7
2022-11-22,2022.8918,-0.1,-37.2,-1.3,2.1,2.0,6.5
2022-11-23,2022.8945,-1.3,-36.9,-0.6,2.2,2.1,6.4
2022-11-24,2022.8973,0.2,-36.4,-3.1,2.3,2.1,6.7
2022-11-25,2022.9,-0.7,-37.3,-1.4,2.2,2.0,6.4
2022-11-26,2022.9027,0.8,-38.5,0.9,2.7,2.5,7.2
2022-11-27,2022.9055,1.9,-37.1,-0.92,2.5,2.3,7.1
2022-11-28,2022.9082,2.8,-36.9,-2.74,2.1,2.0,7.0
2022-11-29,2022.911,2.0,-37.5,-4.56,2.6,2.4,6.9
2022-11-30,2022.9137,0.7,-37.7,-6.38,2.2,2.0,6.8
2022-12-01,2022.9164,0.1,-36.7,-8.2,2.3,2.1,6.7
2022-12-02,2022.9192,1.2,-38.2,-6.1,2.3,2.2,6.9
2022-12-03,2022.9219,2.9,-37.1,-10.3,2.2,2.1,6.6
2022-12-04,2022.9247,0.2,-36.5,-5.7,2.2,2.1,6.7
2022-12-05,2022.9274,0.7,-37.5,-4.2,2.4,2.3,7.0
2022-12-06,2022.9301,-0.3,-36.6,-3.6,2.2,2.0,6.5
2022-12-07,2022.9329,-0.6,-37.1,-6.3,2.3,2.2,6.6
2022-12-08,2022.9356,0.3,-36.1,-5.2,2.2,2.0,6.5
2022-12-09,2022.9384,-0.0,-36.3,-3.1,2.3,2.1,6.6
2022-12-10,2022.9411,-0.8,-36.8,-4.0,2.3,2.2,6.7
2022-12-11,2022.9438,0.2,-34.6,-7.7,2.2,2.1,6.5
2022-12-12,2022.9466,0.8,-36.5,-7.8,2.3,2.2,6.8
2022-12-13,2022.9493,-0.5,-35.0,-6.6,2.3,2.2,6.7
2022-12-14,2022.9521,-0.1,-35.6,-3.9,2.3,2.2,6.7
2022-12-15,2022.9548,1.7,-34.6,-8.15,2.3,2.2,6.75
2022-12-16,2022.9575,-0.4,-35.7,-12.4,2.5,2.3,6.8
2022-12-17,2022.9603,-0.3,-34.9,-5.7,2.2,2.0,6.3
2022-12-18,2022.963,-0.2,-33.7,-3.8,2.2,2.0,6.3
2022-12-19,2022.9658,-0.1,-35.1,-4.7,2.4,2.3,6.8
2022-12-20,2022.9685,-2.1,-34.4,-2.2,2.1,2.0,6.3
2022-12-21,2022.9712,-1.4,-35.4,1.3,2.3,2.2,6.8
2022-12-22,2022.974,-1.6,-34.5,-1.4,2.3,2.2,6.6
2022-12-23,2022.9767,-1.8,-34.9,-1.1,2.4,2.3,6.8
2022-12-24,2022.9795,1.2,-34.1,-8.8,2.4,2.3,6.8
2022-12-25,2022.9822,0.3,-33.4,-7.8,2.5,2.3,6.7
2022-12-26,2022.9849,-0.5,-32.1,-7.4,2.3,2.2,6.6
2022-12-27,2022.9877,-2.3,-31.9,-10.9,2.2,2.1,6.4
2022-12-28,2022.9904,-1.1,-33.4,-9.6,2.3,2.2,6.7
2022-12-29,2022.9932,-2.1,-32.8,-9.4,2.1,2.0,6.1
2022-12-30,2022.9959,-2.0,-35.2,-9.2,2.4,2.3,6.8
2022-12-31,2022.9986,-1.7,-33.3,-9.1,2.3,2.2,6.7
2023-01-01,2023.0014,0.5,-34.0,-5.9,2.3,2.2,6.6
2023-01-02,2023.0041,-0.2,-32.0,-5.1,2.4,2.3,6.8
2023-01-03,2023.0068,-1.4,-33.3,-3.4,2.3,2.1,6.5
2023-01-04,2023.0096,-1.9,-33.5,-7.1,2.4,2.3,6.8
2023-01-05,2023.0123,-1.4,-32.6,-6.7,2.2,2.1,6.4
2023-01-06,2023.0151,-1.9,-34.2,-1.5,2.2,2.0,6.4
2023-01-07,2023.0178,-0.8,-31.1,-2.9,2.4,2.3,6.8
2023-01-08,2023.0205,-1.2,-32.0,-2.4,2.2,2.1,6.5
2023-01-09,2023.0233,-0.1,-33.9,0.3,2.1,2.0,6.4
2023-01-10,2023.026,0.0,-32.1,1.2,2.3,2.1,6.5
2023-01-11,2023.0288,0.5,-33.6,2.3,2.2,2.0,6.5
2023-01-12,2023.0315,2.6,-33.2,-1.3,2.3,2.2,6.8
2023-01-13,2023.0342,2.4,-33.1,-5.3,2.5,2.4,6.9
2023-01-14,2023.037,1.2,-33.0,-6.7,2.5,2.5,7.0
2023-01-15,2023.0397,3.2,-34.1,-9.5,2.4,2.4,6.8
2023-01-16,2023.0425,1.5,-31.4,-5.4,2.4,2.3,6.7
2023-01-17,2023.0452,0.9,-31.3,-5.8,2.1,2.0,6.1
2023-01-18,2023.0479,1.8,-31.4,-7.3,2.2,2.2,6.5
2023-01-19,2023.0507,0.8,-31.4,-7.0,2.4,2.3,6.7
2023-01-20,2023.0534,1.2,-31.3,-8.2,2.3,2.2,6.6
2023-01-21,2023.0562,2.4,-30.4,-5.8,2.4,2.4,6.9
2023-01-22,2023.0589,3.9,-30.8,-13.0,2.3,2.2,6.7
2023-01-23,2023.0616,2.5,-30.6,-12.5,2.3,2.2,6.5
2023-01-24,2023.0644,2.2,-33.7,-3.3,2.5,2.4,6.9
2023-01-25,2023.0671,2.6,-32.7,-5.2,2.4,2.3,7.2
2023-01-26,2023.0699,0.4,-31.6,-9.2,2.4,2.3,6.9
2023-01-27,2023.0726,-0.6,-33.3,-5.5,2.6,2.5,7.1
2023-01-28,2023.0753,0.3,-31.9,-5.1,2.3,2.2,6.7
2023-01-29,2023.0781,1.1,-31.0,1.7,2.4,2.4,7.0
2023-01-30,2023.0808,0.0,-30.1,3.9,2.1,2.1,6.4
2023-01-31,2023.0836,2.3,-30.7,2.1,2.2,2.1,6.5
2023-02-01,2023.0863,1.1,-31.2,2.7,2.2,2.2,6.8
2023-02-02,2023.089,2.3,-30.7,2.9,2.5,2.5,7.2
2023-02-03,2023.0918,0.7,-29.2,0.6,2.3,2.3,6.8
2023-02-04,2023.0945,0.8,-30.4,0.2,2.3,2.4,6.7
2023-02-05,2023.0973,2.3,-29.6,-0.3,2.4,2.4,7.0
2023-02-06,2023.1,2.0,-28.3,1.8,2.5,2.5,7.6
2023-02-07,2023.1027,2.6,-28.1,-3.4,2.4,2.4,7.0
2023-02-08,2023.1055,3.1,-28.2,-2.1,2.2,2.3,6.6
2023-02-09,2023.1082,1.5,-29.6,8.1,2.3,2.2,6.6
2023-02-10,2023.111,2.2,-30.6,8.2,2.3,2.4,6.7
2023-02-11,2023.1137,3.6,-28.3,2.9,2.3,2.3,6.8
2023-02-12,2023.1164,3.9,-28.5,-5.9,2.4,2.5,6.9
2023-02-13,2023.1192,1.3,-29.1,-1.0,2.2,2.3,6.8
2023-02-14,2023.1219,0.2,-29.9,-4.8,2.3,2.3,6.8
2023-02-15,2023.1247,1.0,-28.6,-3.8,2.2,2.2,6.6
2023-02-16,2023.1274,2.1,-29.6,1.2,2.2,2.2,6.6
2023-02-17,2023.1301,1.9,-30.4,-5.1,2.7,2.8,7.9
2023-02-18,2023.1329,0.8,-28.3,-2.9,2.2,2.3,6.8
2023-02-19,2023.1356,3.1,-27.0,-1.8,2.5,2.5,7.1
2023-02-20,2023.1384,2.4,-28.8,0.8,2.4,2.5,6.9
2023-02-21,2023.1411,1.8,-27.8,0.2,2.1,2.1,6.3
2023-02-22,2023.1438,0.9,-27.7,1.6,2.4,2.4,7.0
2023-02-23,2023.1466,1.8,-28.4,-1.9,2.4,2.4,6.8
2023-02-24,2023.1493,2.9,-30.7,-4.3,2.4,2.5,6.9
2023-02-25,2023.1521,2.3,-27.0,-3.3,2.3,2.5,6.6
2023-02-26,2023.1548,3.1,-28.1,-1.8,2.5,2.5,7.0
2023-02-27,2023.1575,3.8,-28.6,-3.2,2.3,2.3,6.6
2023-02-28,2023.1603,1.8,-27.7,-2.2,2.4,2.5,6.9
2023-03-01,2023.163,3.1,-28.4,-5.2,2.4,2.4,7.0
2023-03-02,2023.1658,1.1,-26.6,-4.1,2.4,2.6,7.1
2023-03-03,2023.1685,2.1,-27.5,-1.7,2.3,2.4,6.7
2023-03-04,2023.1712,2.9,-27.8,-4.3,2.2,2.3,6.5
2023-03-05,2023.174,2.2,-29.0,-0.9,2.2,2.2,6.6
2023-03-06,2023.1767,3.7,-28.7,2.3,2.4,2.5,7.1
2023-03-07,2023.1795,2.2,-30.0,-1.6,2.1,2.3,6.6
2023-03-08,2023.1822,1.4,-29.3,2.4,2.4,2.5,6.8
2023-03-09,2023.1849,4.3,-27.4,2.3,2.7,2.8,7.7
2023-03-10,2023.1877,2.1,-28.3,-3.7,2.4,2.4,7.3
2023-03-11,2023.1904,3.6,-26.4,-3.3,2.5,2.7,7.2
2023-03-12,2023.1932,0.6,-26.2,1.6,2.4,2.4,6.9
2023-03-13,2023.1959,4.2,-26.6,2.3,2.3,2.5,6.8
2023-03-14,2023.1986,3.0,-27.5,-0.9,2.5,2.6,7.2
2023-03-15,2023.2014,1.9,-27.1,0.7,2.4,2.5,7.1
2023-03-16,2023.2041,4.5,-28.3,0.2,2.7,2.9,7.6
2023-03-17,2023.2068,3.2,-26.0,-1.7,2.6,2.8,7.3
2023-03-18,2023.2096,2.7,-26.3,1.75,2.6,2.8,7.15
2023-03-19,2023.2123,1.5,-28.8,5.2,2.3,2.4,7.0
2023-03-20,2023.2151,3.0,-27.7,6.0,2.3,2.4,6.9
2023-03-21,2023.2178,3.6,-28.2,5.9,2.4,2.4,6.9
2023-03-22,2023.2205,2.2,-26.1,6.0,2.5,2.6,7.1
2023-03-23,2023.2233,3.0,-24.8,5.5,2.8,2.9,7.6
2023-03-24,2023.226,0.8,-25.3,1.2,2.2,2.1,6.5
2023-03-25,2023.2288,1.9,-27.2,3.4,2.4,2.6,7.0
2023-03-26,2023.2315,1.1,-26.2,7.3,2.3,2.4,6.9
2023-03-27,2023.2342,0.9,-26.0,2.6,2.6,2.7,7.3
2023-03-28,2023.237,1.8,-24.0,5.5,2.3,2.3,6.6
2023-03-29,2023.2397,1.9,-26.7,3.8,2.2,2.3,6.7
2023-03-30,2023.2425,2.3,-26.9,5.9,2.5,2.6,7.1
2023-03-31,2023.2452,2.2,-25.9,10.1,2.4,2.4,7.1
2023-04-01,2023.2479,4.1,-24.6,3.3,2.4,2.6,7.0
2023-04-02,2023.2507,3.4,-26.1,-0.6,2.5,2.6,7.1
2023-04-03,2023.2534,3.5,-26.0,1.9,2.6,2.7,7.3
2023-04-04,2023.2562,4.0,-24.9,-0.6,2.6,2.7,7.3
2023-04-05,2023.2589,2.6,-22.5,3.9,2.3,2.4,6.6
2023-04-06,2023.2616,1.4,-25.2,1.5,2.4,2.5,7.0
2023-04-07,2023.2644,1.9,-24.2,1.4,2.1,2.2,6.3
2023-04-08,2023.2671,2.1,-25.2,0.8,2.5,2.8,7.1
2023-04-09,2023.2699,2.4,-28.3,7.6,2.7,2.9,7.4
2023-04-10,2023.2726,2.4,-25.9,3.5,2.4,2.4,7.2
2023-04-11,2023.2753,1.9,-23.9,0.9,2.4,2.5,7.2
2023-04-12,2023.2781,1.9,-25.4,2.9,2.8,2.9,7.9
2023-04-13,2023.2808,1.8,-24.7,-0.4,2.5,2.7,7.3
2023-04-14,2023.2836,5.0,-23.7,-2.4,2.7,2.8,7.6
2023-04-15,2023.2863,2.8,-25.1,6.5,2.4,2.4,6.9
2023-04-16,2023.289,2.7,-26.5,7.9,2.8,2.9,8.0
2023-04-17,2023.2918,3.0,-26.0,4.9,2.4,2.5,7.1
2023-04-18,2023.2945,3.1,-25.6,5.7,2.6,2.6,7.5
2023-04-19,2023.2973,6.0,-26.7,2.1,2.9,3.0,8.1
2023-04-20,2023.3,2.7,-26.8,-0.1,2.7,2.8,7.5
2023-04-21,2023.3027,3.0,-24.5,0.3,2.4,2.3,6.9
2023-04-22,2023.3055,3.3,-22.4,-1.6,2.5,2.6,7.2
2023-04-23,2023.3082,3.6,-24.7,-4.7,2.6,2.5,7.2
2023-04-24,2023.311,2.5,-23.7,-5.0,2.9,2.7,7.6
2023-04-25,2023.3137,1.1,-26.5,2.1,2.6,2.6,7.3
2023-04-26,2023.3164,1.3,-26.0,-0.3,2.5,2.6,7.4
2023-04-27,2023.3192,3.4,-24.2,-2.3,2.4,2.3,7.2
2023-04-28,2023.3219,3.2,-23.5,2.8,2.4,2.4,7.0
2023-04-29,2023.3247,1.6,-24.9,5.3,2.7,2.6,7.7
2023-04-30,2023.3274,0.0,-25.0,8.1,2.5,2.5,7.5
2023-05-01,2023.3301,1.8,-24.4,6.2,2.6,2.5,7.5
2023-05-02,2023.3329,1.8,-24.7,2.6,2.2,2.2,6.7
2023-05-03,2023.3356,2.8,-24.8,0.4,2.4,2.4,7.1
2023-05-04,2023.3384,1.3,-24.6,0.5,2.5,2.5,7.1
2023-05-05,2023.3411,1.8,-24.1,-0.1,2.8,2.8,7.8
2023-05-06,2023.3438,4.4,-23.5,0.4,2.5,2.5,7.4
2023-05-07,2023.3466,2.4,-24.0,-0.0,3.1,3.0,8.3
2023-05-08,2023.3493,3.4,-24.0,0.1,2.6,2.6,7.7
2023-05-09,2023.3521,3.1,-23.2,-1.5,2.4,2.3,6.9
2023-05-10,2023.3548,3.0,-23.0,-1.1,2.4,2.5,7.2
2023-05-11,2023.3575,1.1,-24.0,-3.7,2.4,2.3,7.1
2023-05-12,2023.3603,1.1,-22.3,1.2,2.6,2.6,7.5
2023-05-13,2023.363,2.1,-23.4,7.1,2.4,2.4,7.2
2023-05-14,2023.3658,1.4,-23.8,4.8,2.9,2.9,7.9
2023-05-15,2023.3685,4.1,-24.2,5.3,2.8,2.8,8.2
2023-05-16,2023.3712,0.1,-24.8,3.1,2.6,2.5,7.8
2023-05-17,2023.374,1.4,-24.3,-1.1,2.5,2.4,7.3
2023-05-18,2023.3767,-0.5,-22.6,-1.2,2.8,2.7,8.2
2023-05-19,2023.3795,-0.1,-22.9,-1.4,2.7,2.6,7.9
2023-05-20,2023.3822,2.6,-21.7,-3.8,2.7,2.7,7.6
2023-05-21,2023.3849,2.3,-21.6,-2.1,2.5,2.5,7.4
2023-05-22,2023.3877,2.2,-21.8,-2.0,2.7,2.6,7.8
2023-05-23,2023.3904,2.6,-23.2,-2.8,2.7,2.6,8.0
2023-05-24,2023.3932,0.8,-23.9,-0.2,2.8,2.8,8.0
2023-05-25,2023.3959,1.8,-21.7,-0.6,2.7,2.5,7.5
2023-05-26,2023.3986,1.8,-23.1,1.5,2.6,2.6,7.6
2023-05-27,2023.4014,2.9,-21.1,1.0,2.6,2.5,7.3
2023-05-28,2023.4041,1.8,-22.3,0.1,2.6,2.5,7.7
2023-05-29,2023.4068,5.6,-23.5,-2.3,2.9,3.0,7.75
2023-05-30,2023.4096,2.7,-20.2,-4.7,2.7,2.5,7.8
2023-05-31,2023.4123,3.5,-20.2,-3.5,2.7,2.6,7.7
2023-06-01,2023.4151,1.8,-22.4,-0.1,2.8,2.7,7.8
2023-06-02,2023.4178,2.5,-21.5,0.35,2.9,2.9,7.75
2023-06-03,2023.4205,3.4,-24.1,0.8,2.6,2.7,7.7
2023-06-04,2023.4233,2.2,-22.0,0.6,2.9,3.0,8.3
2023-06-05,2023.426,1.2,-20.8,-4.4,2.9,3.2,8.6
2023-06-06,2023.4288,2.6,-21.9,0.1,2.6,2.7,7.6
2023-06-07,2023.4315,3.3,-21.7,4.6,2.7,2.7,8.0
2023-06-08,2023.4342,2.8,-22.5,3.9,2.6,2.7,7.8
2023-06-09,2023.437,1.7,-21.4,1.3,2.6,2.7,7.8
2023-06-10,2023.4397,2.1,-21.6,3.3,2.7,2.8,8.0
2023-06-11,2023.4425,1.1,-22.2,1.2,2.8,2.9,8.2
2023-06-12,2023.4452,3.4,-21.3,0.0,2.5,2.4,7.6
2023-06-13,2023.4479,1.8,-20.3,-0.8,3.0,3.1,8.6
2023-06-14,2023.4507,0.8,-21.3,1.43,2.6,2.5,8.23
2023-06-15,2023.4534,1.8,-19.8,3.67,2.6,2.6,7.87
2023-06-16,2023.4562,0.5,-19.9,5.9,2.5,2.4,7.5
2023-06-17,2023.4589,0.1,-20.4,9.3,2.6,2.5,8.1
2023-06-18,2023.4616,0.9,-21.2,9.0,2.5,2.5,7.5
2023-06-19,2023.4644,2.4,-19.4,3.0,2.9,3.0,8.4
2023-06-20,2023.4671,-0.3,-20.2,4.9,3.0,2.9,8.3
2023-06-21,2023.4699,1.7,-19.4,2.6,2.6,2.6,7.9
2023-06-22,2023.4726,-0.6,-17.9,9.9,3.4,3.3,10.2
2023-06-23,2023.4753,0.5,-19.4,7.3,3.3,3.2,9.6
2023-06-24,2023.4781,2.0,-19.3,-0.5,2.8,2.6,8.4
2023-06-25,2023.4808,0.5,-20.8,5.2,2.9,2.8,8.8
2023-06-26,2023.4836,-0.7,-17.6,12.0,2.8,2.9,8.2
2023-06-27,2023.4863,0.7,-19.9,6.9,3.0,2.8,8.4
2023-06-28,2023.489,2.1,-19.4,6.6,2.8,2.6,8.1
2023-06-29,2023.4918,0.7,-21.1,3.9,2.9,3.0,8.6
2023-06-30,2023.4945,0.3,-19.5,2.9,2.9,2.8,8.4
2023-07-01,2023.4973,0.9,-19.3,-1.2,2.8,2.7,8.5
2023-07-02,2023.5,3.1,-21.4,-4.6,3.6,3.6,11.3
2023-07-03,2023.5027,0.9,-18.9,3.3,2.9,2.8,8.9
2023-07-04,2023.5055,1.6,-20.1,-2.3,2.9,2.9,8.5
2023-07-05,2023.5082,2.5,-20.9,-1.7,2.8,2.7,7.9
2023-07-06,2023.511,-0.9,-18.7,5.1,2.6,2.5,7.6
2023-07-07,2023.5137,0.4,-20.9,4.7,2.8,2.6,7.7
2023-07-08,2023.5164,0.5,-19.6,4.2,3.0,2.7,8.2
2023-07-09,2023.5192,0.9,-18.4,5.8,2.7,2.6,8.0
2023-07-10,2023.5219,0.1,-19.3,7.5,2.8,2.8,8.2
2023-07-11,2023.5247,1.1,-20.3,-0.2,2.7,2.6,7.8
2023-07-12,2023.5274,-1.2,-19.1,4.1,2.9,2.8,9.0
2023-07-13,2023.5301,-0.2,-19.3,1.0,2.7,2.5,8.2
2023-07-14,2023.5329,1.5,-17.8,2.4,3.3,3.1,9.3
2023-07-15,2023.5356,0.4,-20.1,3.6,2.9,2.8,8.8
2023-07-16,2023.5384,0.4,-19.2,-4.0,2.7,2.6,8.3
2023-07-17,2023.5411,-2.0,-17.9,-0.5,2.9,2.8,8.4
2023-07-18,2023.5438,0.2,-19.3,0.8,2.9,2.7,8.2
2023-07-19,2023.5466,-1.2,-18.7,0.5,3.4,3.2,10.0
2023-07-20,2023.5493,-3.9,-16.6,8.3,3.1,3.0,9.1
2023-07-21,2023.5521,-0.7,-18.1,2.2,2.8,2.7,9.0
2023-07-22,2023.5548,-1.4,-21.3,4.3,3.2,3.4,9.5
2023-07-23,2023.5575,-1.3,-18.1,1.6,2.5,2.4,7.4
2023-07-24,2023.5603,-2.0,-17.8,3.0,3.1,3.4,9.2
2023-07-25,2023.563,-1.2,-15.9,0.2,2.7,2.7,8.3
2023-07-26,2023.5658,-0.3,-17.1,1.7,2.9,2.8,8.6
2023-07-27,2023.5685,1.2,-17.1,3.1,2.6,2.5,8.1
2023-07-28,2023.5712,-0.1,-15.9,5.05,3.0,2.9,7.85
2023-07-29,2023.574,-2.7,-16.7,7.0,2.5,2.5,7.6
2023-07-30,2023.5767,-1.8,-16.2,6.4,2.7,2.8,8.4
2023-07-31,2023.5795,-1.4,-18.1,2.5,2.9,2.8,8.7
2023-08-01,2023.5822,-3.3,-15.7,5.3,2.9,2.9,8.8
2023-08-02,2023.5849,-1.4,-15.7,6.8,2.7,2.8,8.3
2023-08-03,2023.5877,-3.3,-15.4,-0.2,3.3,3.3,9.4
2023-08-04,2023.5904,0.4,-14.7,3.2,2.8,2.7,8.3
2023-08-05,2023.5932,-1.2,-19.3,0.75,3.1,3.0,9.3
2023-08-06,2023.5959,0.6,-15.3,-1.7,3.4,3.4,10.3
2023-08-07,2023.5986,-0.7,-15.8,10.3,2.8,3.0,8.0
2023-08-08,2023.6014,-1.3,-13.9,7.5,3.2,3.3,9.6
2023-08-09,2023.6041,0.7,-16.0,2.5,2.8,2.8,8.4
2023-08-10,2023.6068,-2.3,-13.8,3.0,3.2,3.1,9.6
2023-08-11,2023.6096,-1.1,-12.4,-5.9,3.1,3.0,9.8
2023-08-12,2023.6123,-1.9,-15.8,2.7,3.1,3.0,9.4
2023-08-13,2023.6151,-1.1,-15.4,1.2,3.2,3.4,9.6
2023-08-14,2023.6178,-1.6,-14.7,1.9,2.9,2.8,8.6
2023-08-15,2023.6205,-2.0,-13.9,3.3,3.1,3.1,9.1
2023-08-16,2023.6233,1.1,-15.6,1.2,2.7,2.6,9.0
2023-08-17,2023.626,0.6,-14.4,-0.9,2.7,2.6,8.9
2023-08-18,2023.6288,-0.3,-14.7,-3.0,2.9,2.9,8.8
2023-08-19,2023.6315,-0.3,-13.6,2.4,2.4,2.3,7.2
2023-08-20,2023.6342,-0.3,-15.3,-0.0,2.5,2.5,7.7
2023-08-21,2023.637,-0.7,-16.4,4.3,2.8,2.7,8.2
2023-08-22,2023.6397,-1.4,-12.3,3.8,3.0,3.1,8.6
2023-08-23,2023.6425,-0.7,-13.8,1.6,2.8,2.7,8.1
2023-08-24,2023.6452,-0.1,-12.8,-0.2,2.9,2.8,8.5
2023-08-25,2023.6479,-0.8,-11.6,5.5,2.8,2.8,8.2
2023-08-26,2023.6507,-0.4,-14.1,-3.5,2.4,2.4,7.5
2023-08-27,2023.6534,-1.7,-14.7,3.3,3.1,2.9,8.8
2023-08-28,2023.6562,-1.7,-14.0,0.6,2.5,2.4,7.4
2023-08-29,2023.6589,0.4,-12.6,-0.2,2.8,2.7,8.6
2023-08-30,2023.6616,-0.7,-14.7,-1.1,2.7,2.8,8.3
2023-08-31,2023.6644,-0.2,-14.5,-4.7,2.4,2.4,7.4
2023-09-01,2023.6671,-1.0,-13.9,-4.0,2.6,2.5,8.0
2023-09-02,2023.6699,-0.9,-14.5,3.5,2.4,2.4,7.1
2023-09-03,2023.6726,0.0,-14.3,-0.3,2.5,2.4,7.5
2023-09-04,2023.6753,-1.3,-13.4,4.1,2.5,2.4,7.3
2023-09-05,2023.6781,0.0,-13.0,1.6,2.9,2.8,7.9
2023-09-06,2023.6808,-0.8,-12.4,-1.1,2.5,2.4,7.5
2023-09-07,2023.6836,-1.3,-14.3,-4.0,2.9,2.9,8.3
2023-09-08,2023.6863,-0.3,-14.1,0.4,2.4,2.5,7.5
2023-09-09,2023.689,-1.6,-14.8,0.1,2.5,2.5,7.6
2023-09-10,2023.6918,-1.5,-12.5,-0.2,2.7,2.7,7.7
2023-09-11,2023.6945,-1.9,-13.5,-1.6,2.8,2.8,8.4
2023-09-12,2023.6973,-2.3,-12.4,-1.9,2.3,2.2,7.0
2023-09-13,2023.7,-1.0,-13.8,3.6,2.5,2.5,7.6
2023-09-14,2023.7027,-2.2,-12.3,2.0,2.6,2.6,7.8
2023-09-15,2023.7055,-0.3,-11.6,-0.0,2.5,2.5,7.5
2023-09-16,2023.7082,-0.8,-12.7,1.4,2.9,2.9,8.8
2023-09-17,2023.711,-2.3,-12.8,0.4,2.4,2.4,7.2
2023-09-18,2023.7137,-0.9,-12.9,-0.9,2.6,2.8,7.7
2023-09-19,2023.7164,-0.9,-12.6,-1.6,2.3,2.3,6.7
2023-09-20,2023.7192,-1.1,-12.4,-0.8,2.4,2.5,7.2
2023-09-21,2023.7219,-1.4,-11.8,-1.73,2.6,2.5,7.4
2023-09-22,2023.7247,-2.7,-10.7,-2.67,2.6,2.7,7.6
2023-09-23,2023.7274,-1.4,-9.3,-3.6,2.6,2.6,7.8
2023-09-24,2023.7301,-1.5,-12.1,0.0,2.6,2.6,8.0
2023-09-25,2023.7329,-1.0,-10.9,-4.1,2.4,2.4,7.2
2023-09-26,2023.7356,-1.2,-10.7,0.7,2.4,2.4,7.1
2023-09-27,2023.7384,-0.9,-11.3,1.6,2.3,2.3,6.9
2023-09-28,2023.7411,1.3,-11.2,-0.7,2.3,2.3,6.9
2023-09-29,2023.7438,-1.2,-11.8,2.2,2.4,2.3,6.8
2023-09-30,2023.7466,-3.1,-11.2,3.1,2.5,2.6,7.2
2023-10-01,2023.7493,-1.9,-12.2,1.9,2.2,2.2,6.5
2023-10-02,2023.7521,-1.1,-8.2,1.9,3.2,3.4,7.0
2023-10-03,2023.7548,-0.9,-7.6,1.9,2.5,2.5,7.5
2023-10-04,2023.7575,-1.8,-11.8,2.0,2.8,2.9,7.6
2023-10-05,2023.7603,1.2,-8.7,0.75,2.7,2.9,7.2
2023-10-06,2023.763,-2.0,-10.1,-0.5,2.4,2.3,6.8
2023-10-07,2023.7658,-2.7,-8.3,1.5,2.7,2.9,7.4
2023-10-08,2023.7685,-1.9,-10.9,-3.0,2.6,2.6,7.5
2023-10-09,2023.7712,-1.8,-10.6,1.2,2.2,2.2,6.4
2023-10-10,2023.774,-1.9,-9.1,0.6,2.5,2.6,7.1
2023-10-11,2023.7767,-3.1,-9.2,-0.3,2.6,2.5,7.4
2023-10-12,2023.7795,-2.5,-10.2,2.4,2.8,2.8,7.9
2023-10-13,2023.7822,-1.0,-9.9,-0.6,2.6,2.9,7.7
2023-10-14,2023.7849,-3.1,-7.6,4.8,2.4,2.4,7.0
2023-10-15,2023.7877,-1.5,-6.6,5.4,2.6,2.7,7.3
2023-10-16,2023.7904,-0.1,-8.5,-0.4,2.5,2.5,6.9
2023-10-17,2023.7932,0.1,-10.8,-0.15,2.4,2.3,6.75
2023-10-18,2023.7959,-1.2,-8.1,0.1,2.2,2.2,6.6
2023-10-19,2023.7986,-1.4,-8.1,-1.6,2.6,2.7,7.3
2023-10-20,2023.8014,-2.4,-9.3,-2.2,2.4,2.3,6.9
2023-10-21,2023.8041,-1.1,-9.7,0.4,2.4,2.4,6.9
2023-10-22,2023.8068,-2.2,-8.6,4.5,2.4,2.3,6.9
2023-10-23,2023.8096,-2.2,-9.7,3.7,2.3,2.3,6.7
2023-10-24,2023.8123,-1.8,-9.2,1.9,2.4,2.4,6.8
2023-10-25,2023.8151,-2.1,-8.1,1.0,2.4,2.3,6.9
2023-10-26,2023.8178,-1.6,-9.7,1.8,2.2,2.2,6.6
2023-10-27,2023.8205,-1.1,-9.3,5.5,2.4,2.3,6.7
2023-10-28,2023.8233,-1.2,-9.0,3.6,2.7,2.7,7.3
2023-10-29,2023.826,-2.3,-8.4,0.7,2.4,2.4,7.0
2023-10-30,2023.8288,-2.2,-6.8,2.0,2.5,2.5,7.1
2023-10-31,2023.8315,-1.1,-8.5,5.7,2.4,2.4,6.7
2023-11-01,2023.8342,-1.2,-8.2,-2.1,2.4,2.4,6.9
2023-11-02,2023.837,0.7,-8.4,-0.2,2.3,2.4,6.8
2023-11-03,2023.8397,-0.8,-7.2,-3.1,2.5,2.4,7.2
2023-11-04,2023.8425,-0.3,-7.7,-3.75,2.4,2.3,7.05
2023-11-05,2023.8452,-2.0,-8.0,-4.4,2.4,2.4,6.9
2023-11-06,2023.8479,-2.7,-9.1,-4.7,2.4,2.3,6.8
2023-11-07,2023.8507,-1.4,-7.5,-0.4,2.5,2.5,7.0
2023-11-08,2023.8534,0.7,-8.7,1.2,2.7,2.6,7.3
2023-11-09,2023.8562,-0.4,-6.3,-0.1,2.3,2.2,6.5
2023-11-10,2023.8589,-1.6,-8.7,-3.8,2.4,2.3,6.6
2023-11-11,2023.8616,-0.9,-7.7,-3.2,2.4,2.3,6.9
2023-11-12,2023.8644,-2.0,-7.6,-6.8,2.3,2.2,6.7
2023-11-13,2023.8671,-1.1,-5.6,-3.9,2.6,2.5,7.1
2023-11-14,2023.8699,-2.2,-7.1,-4.6,2.2,2.1,6.4
2023-11-15,2023.8726,-2.6,-6.6,-9.3,2.5,2.4,7.0
2023-11-16,2023.8753,-1.9,-6.5,-7.0,2.4,2.3,6.8
2023-11-17,2023.8781,-2.3,-5.1,-1.3,2.4,2.2,6.6
2023-11-18,2023.8808,-1.7,-7.1,-0.8,2.3,2.1,6.5
2023-11-19,2023.8836,-4.4,-6.8,-1.1,2.5,2.3,7.0
2023-11-20,2023.8863,-0.8,-8.3,-3.1,2.4,2.2,7.0
2023-11-21,2023.889,-1.6,-6.0,-0.5,2.5,2.4,7.1
2023-11-22,2023.8918,-0.2,-5.6,-1.8,2.4,2.3,6.8
2023-11-23,2023.8945,-1.2,-4.7,2.7,2.3,2.3,6.8
2023-11-24,2023.8973,-3.6,-7.1,-0.8,2.4,2.4,6.9
2023-11-25,2023.9,-0.8,-6.7,-2.0,2.6,2.5,7.2
2023-11-26,2023.9027,-1.4,-6.9,-1.3,2.4,2.3,6.7
2023-11-27,2023.9055,-0.3,-5.1,-2.5,2.6,2.7,7.1
2023-11-28,2023.9082,-2.6,-5.3,-3.9,2.4,2.4,6.7
2023-11-29,2023.911,-1.6,-3.8,-3.6,2.4,2.3,6.8
2023-11-30,2023.9137,-1.4,-4.9,-4.9,2.2,2.1,6.4
2023-12-01,2023.9164,0.1,-3.9,-2.2,2.5,2.6,7.1
2023-12-02,2023.9192,-1.8,-5.3,-1.8,2.2,2.1,6.4
2023-12-03,2023.9219,-1.1,-4.0,1.2,2.3,2.3,6.7
2023-12-04,2023.9247,-2.5,-3.4,0.4,2.4,2.3,6.8
2023-12-05,2023.9274,-2.4,-3.0,-2.4,2.6,2.5,7.3
2023-12-06,2023.9301,-1.5,-4.6,-0.7,2.5,2.4,7.03
2023-12-07,2023.9329,-3.2,-6.2,1.0,2.6,2.5,6.77
2023-12-08,2023.9356,0.7,-3.5,2.7,2.2,2.1,6.5
2023-12-09,2023.9384,-0.3,-4.2,1.0,2.2,2.1,6.6
2023-12-10,2023.9411,-0.7,-4.1,-5.4,2.5,2.3,7.3
2023-12-11,2023.9438,-1.5,-3.2,0.6,2.1,2.0,6.4
2023-12-12,2023.9466,-0.8,-2.9,-2.2,2.2,2.0,6.4
2023-12-13,2023.9493,-1.1,-5.1,-5.0,2.2,2.1,6.4
2023-12-14,2023.9521,0.6,-4.9,-5.5,2.3,2.1,6.43
2023-12-15,2023.9548,-0.3,-3.1,-6.0,2.2,2.2,6.47
2023-12-16,2023.9575,-0.8,-3.6,-6.5,2.3,2.2,6.5
2023-12-17,2023.9603,-2.8,-3.7,-7.1,2.3,2.2,6.5
2023-12-18,2023.963,-0.2,-3.0,-6.9,2.2,2.1,6.4
2023-12-19,2023.9658,-0.1,-2.4,-6.4,2.1,2.0,6.1
2023-12-20,2023.9685,-2.3,-3.4,-6.7,2.2,2.1,6.5
2023-12-21,2023.9712,-1.7,-2.1,-8.1,2.2,2.2,6.6
2023-12-22,2023.974,-1.7,-1.8,-7.0,2.4,2.3,6.6
2023-12-23,2023.9767,-1.1,-4.6,-6.9,2.3,2.1,6.4
2023-12-24,2023.9795,-2.5,-2.8,1.4,2.3,2.2,6.7
2023-12-25,2023.9822,-3.0,-3.1,-2.7,2.2,2.1,6.4
2023-12-26,2023.9849,-2.2,-2.7,-0.7,2.2,2.2,6.5
2023-12-27,2023.9877,-2.4,-1.9,0.5,2.2,2.1,6.4
2023-12-28,2023.9904,-1.6,-2.6,-0.8,2.2,2.1,6.6
2023-12-29,2023.9932,-2.7,-0.8,3.7,2.2,2.2,6.4
2023-12-30,2023.9959,-2.6,-2.2,1.2,2.2,2.1,6.6
2023-12-31,2023.9986,-1.0,-2.5,-4.3,2.2,2.1,6.5
2024-01-01,2024.0014,-0.2,-2.1,-4.9,2.4,2.3,6.7
2024-01-02,2024.0041,-1.0,-1.1,0.5,2.2,2.1,6.3
2024-01-03,2024.0068,-1.1,0.1,1.1,2.5,2.4,7.0
2024-01-04,2024.0096,-0.8,-1.5,-0.6,2.2,2.1,6.5
2024-01-05,2024.0123,-1.1,-0.7,-2.0,2.3,2.1,6.6
2024-01-06,2024.015,-0.5,-1.9,0.0,2.3,2.2,6.6
2024-01-07,2024.0178,0.8,-3.2,2.2,2.4,2.3,7.1
2024-01-08,2024.0205,-1.7,-1.4,0.1,2.3,2.2,6.6
2024-01-09,2024.0232,-2.4,-1.5,2.7,2.3,2.1,6.5
2024-01-10,2024.026,0.7,-0.5,5.2,2.4,2.5,7.1
2024-01-11,2024.0287,-0.7,-1.6,3.8,2.4,2.3,7.0
2024-01-12,2024.0314,-0.7,-3.1,3.7,2.3,2.2,6.5
2024-01-13,2024.0342,-1.8,-0.1,3.8,2.6,2.5,7.0
2024-01-14,2024.0369,-0.3,-1.4,0.8,2.6,2.6,7.3
2024-01-15,2024.0396,-1.7,-3.4,3.3,2.3,2.2,6.7
2024-01-16,2024.0423,0.2,-2.0,3.5,2.5,2.5,7.0
2024-01-17,2024.0451,1.4,-0.8,0.3,2.4,2.3,6.8
2024-01-18,2024.0478,-0.3,0.5,1.9,2.3,2.3,6.9
2024-01-19,2024.0505,1.0,0.4,-7.1,2.5,2.3,7.1
2024-01-20,2024.0533,2.6,-1.6,-7.4,2.2,2.1,6.87
2024-01-21,2024.056,-0.1,0.6,-7.7,2.4,2.3,6.63
2024-01-22,2024.0587,-0.2,-0.4,-8.0,2.2,2.1,6.4
2024-01-23,2024.0615,1.0,-0.8,-6.6,2.3,2.2,6.6
2024-01-24,2024.0642,0.6,0.3,-7.1,2.5,2.5,7.1
2024-01-25,2024.0669,2.7,-1.4,-6.6,2.4,2.4,7.0
2024-01-26,2024.0697,2.4,1.1,-2.9,2.5,2.7,7.1
2024-01-27,2024.0724,-0.4,-0.5,-3.0,2.2,2.2,6.5
2024-01-28,2024.0751,1.0,0.8,-0.2,2.4,2.4,6.9
2024-01-29,2024.0779,-1.0,0.3,3.5,2.3,2.2,6.8
2024-01-30,2024.0806,0.3,-0.9,-0.5,2.4,2.3,6.9
2024-01-31,2024.0833,0.4,2.6,0.8,2.2,2.2,6.6
2024-02-01,2024.0861,1.3,2.2,0.1,2.4,2.5,6.9
2024-02-02,2024.0888,-0.7,2.7,-0.7,2.4,2.4,7.1
2024-02-03,2024.0915,0.5,2.5,3.7,2.6,2.6,7.1
2024-02-04,2024.0943,-0.7,0.5,5.8,2.4,2.4,7.0
2024-02-05,2024.097,-1.2,2.1,4.8,2.4,2.5,7.0
2024-02-06,2024.0997,-0.8,4.1,0.9,2.4,2.4,6.8
2024-02-07,2024.1025,0.7,3.1,2.2,2.4,2.4,7.2
2024-02-08,2024.1052,-0.1,2.0,2.1,2.3,2.4,6.9
2024-02-09,2024.1079,0.4,0.3,2.5,2.5,2.5,7.3
2024-02-10,2024.1107,-1.6,3.2,3.1,2.5,2.5,7.0
2024-02-11,2024.1134,0.3,1.2,3.3,2.6,2.7,7.1
2024-02-12,2024.1161,-0.3,0.4,3.5,2.4,2.4,6.9
2024-02-13,2024.1189,1.7,0.9,-2.6,2.8,2.9,7.6
2024-02-14,2024.1216,2.2,0.8,-2.9,2.6,2.8,7.5
2024-02-15,2024.1243,1.5,1.4,6.6,2.4,2.6,7.2
2024-02-16,2024.127,2.3,1.8,10.3,2.6,2.6,7.5
2024-02-17,2024.1298,2.3,1.8,3.3,2.5,2.6,7.0
2024-02-18,2024.1325,1.2,-0.2,3.1,2.4,2.4,7.0
2024-02-19,2024.1352,1.3,2.6,4.0,2.2,2.2,6.7
2024-02-20,2024.138,0.5,2.0,1.2,2.3,2.2,6.6
2024-02-21,2024.1407,3.6,2.9,-3.6,2.5,2.7,7.1
2024-02-22,2024.1434,3.4,4.1,-3.2,2.6,2.8,7.3
2024-02-23,2024.1462,2.5,2.8,-4.5,2.4,2.4,7.0
2024-02-24,2024.1489,2.3,3.8,-1.0,2.2,2.2,6.5
2024-02-25,2024.1516,1.8,2.8,-2.1,2.5,2.5,7.0
2024-02-26,2024.1544,2.1,3.2,-4.3,2.5,2.5,7.1
2024-02-27,2024.1571,3.2,4.4,-2.2,2.7,2.7,7.3
2024-02-28,2024.1598,1.9,5.1,-6.5,2.3,2.2,6.6
2024-02-29,2024.1626,0.7,4.0,-7.1,2.2,2.3,6.5
2024-03-01,2024.1653,2.4,3.8,-2.8,2.5,2.6,6.9
2024-03-02,2024.168,2.0,1.9,6.5,2.5,2.6,7.1
2024-03-03,2024.1708,3.4,1.6,6.6,2.4,2.5,6.8
2024-03-04,2024.1735,4.1,3.9,-1.0,2.4,2.5,6.8
2024-03-05,2024.1762,3.4,5.2,-3.3,2.5,2.5,6.9
2024-03-06,2024.179,3.3,4.0,-1.0,2.3,2.3,6.7
2024-03-07,2024.1817,1.4,6.4,0.2,2.3,2.4,6.6
2024-03-08,2024.1844,2.9,3.3,3.8,2.3,2.4,6.7
2024-03-09,2024.1872,3.8,4.0,-1.2,2.3,2.3,6.7
2024-03-10,2024.1899,3.4,2.1,-2.3,2.3,2.4,6.8
2024-03-11,2024.1926,1.4,5.0,4.5,2.3,2.3,6.7
2024-03-12,2024.1954,1.0,4.3,3.0,2.3,2.3,6.5
2024-03-13,2024.1981,0.9,3.1,5.0,2.3,2.5,6.9
2024-03-14,2024.2008,0.1,2.2,8.1,2.3,2.2,6.6
2024-03-15,2024.2036,1.1,2.8,2.7,2.3,2.3,6.8
2024-03-16,2024.2063,0.3,3.3,-3.9,2.2,2.3,6.6
2024-03-17,2024.209,0.7,3.6,-5.9,2.6,2.8,7.4
2024-03-18,2024.2117,1.1,3.6,-4.1,2.4,2.5,6.8
2024-03-19,2024.2145,0.4,4.9,-2.8,2.4,2.5,6.9
2024-03-20,2024.2172,-0.1,5.5,5.3,2.3,2.4,6.8
2024-03-21,2024.2199,-1.7,7.2,9.7,2.7,2.9,7.4
2024-03-22,2024.2227,-1.1,7.1,7.8,2.3,2.4,6.7
2024-03-23,2024.2254,-0.3,5.8,3.0,2.4,2.5,6.7
2024-03-24,2024.2281,0.2,7.8,3.4,2.6,2.6,7.1
2024-03-25,2024.2309,0.9,6.0,2.2,2.8,2.8,7.9
2024-03-26,2024.2336,1.4,7.5,-1.4,2.8,2.8,7.6
2024-03-27,2024.2363,1.4,4.1,4.4,2.4,2.5,6.9
2024-03-28,2024.2391,1.3,5.3,3.7,2.5,2.6,6.9
2024-03-29,2024.2418,0.6,4.9,2.5,2.7,2.8,7.3
2024-03-30,2024.2445,-2.1,8.0,4.2,2.5,2.6,7.2
2024-03-31,2024.2473,1.5,5.5,4.0,2.8,2.8,7.6
2024-04-01,2024.25,2.4,5.3,-0.2,2.2,2.2,6.5
2024-04-02,2024.2527,2.7,5.5,-1.9,2.5,2.5,7.2
2024-04-03,2024.2555,2.0,5.9,2.7,2.3,2.3,6.8
2024-04-04,2024.2582,0.7,5.8,6.1,2.4,2.4,6.8
2024-04-05,2024.2609,1.9,6.4,2.0,2.5,2.5,7.0
2024-04-06,2024.2637,1.7,6.7,0.7,2.4,2.5,7.3
2024-04-07,2024.2664,2.1,6.8,-0.1,2.4,2.5,7.0
2024-04-08,2024.2691,2.2,3.9,-0.1,2.6,2.6,7.3
2024-04-09,2024.2719,1.9,6.6,1.1,2.4,2.5,7.0
2024-04-10,2024.2746,1.9,5.2,0.7,2.4,2.4,7.1
2024-04-11,2024.2773,2.4,5.9,4.3,2.5,2.6,7.4
2024-04-12,2024.2801,1.3,7.0,5.8,2.6,2.6,7.6
2024-04-13,2024.2828,1.4,4.2,5.1,2.7,2.9,7.8
2024-04-14,2024.2855,1.4,5.9,4.8,2.4,2.5,7.1
2024-04-15,2024.2883,2.1,4.2,3.5,2.5,2.6,7.6
2024-04-16,2024.291,1.7,5.5,10.3,2.7,2.9,7.7
2024-04-17,2024.2937,3.6,5.8,7.7,2.3,2.3,6.9
2024-04-18,2024.2964,4.1,6.0,1.4,2.5,2.7,7.4
2024-04-19,2024.2992,1.6,5.1,5.4,2.5,2.5,7.3
2024-04-20,2024.3019,1.9,2.8,2.0,2.6,2.8,7.5
2024-04-21,2024.3046,2.9,5.3,2.1,2.6,2.7,7.7
2024-04-22,2024.3074,0.8,5.1,2.3,2.3,2.4,6.7
2024-04-23,2024.3101,2.6,4.2,3.0,2.5,2.7,7.4
2024-04-24,2024.3128,1.5,1.9,3.5,2.8,2.9,7.9
2024-04-25,2024.3156,0.2,5.7,2.9,2.4,2.6,7.2
2024-04-26,2024.3183,1.2,8.2,-0.9,2.9,3.0,8.3
2024-04-27,2024.321,0.9,4.5,-1.0,2.5,2.5,7.2
2024-04-28,2024.3238,1.9,5.2,-0.4,2.5,2.6,7.2
2024-04-29,2024.3265,2.6,5.8,-0.4,2.4,2.5,7.2
2024-04-30,2024.3292,3.2,6.7,-1.9,2.4,2.4,7.0
2024-05-01,2024.332,3.5,8.5,1.2,2.5,2.5,7.1
2024-05-02,2024.3347,2.6,7.3,-3.3,2.4,2.4,7.0
2024-05-03,2024.3374,1.2,6.3,-0.3,2.4,2.4,7.0
2024-05-04,2024.3402,1.1,6.9,0.4,2.5,2.5,7.2
2024-05-05,2024.3429,0.4,7.4,0.2,2.4,2.4,6.9
2024-05-06,2024.3456,1.8,5.9,1.5,2.6,2.6,7.5
2024-05-07,2024.3484,1.9,7.5,-0.1,2.4,2.3,6.8
2024-05-08,2024.3511,1.1,6.9,-0.7,2.6,2.6,7.3
2024-05-09,2024.3538,2.9,5.8,-2.1,2.7,2.7,7.8
2024-05-10,2024.3566,3.5,9.1,-4.3,2.6,2.6,7.7
2024-05-11,2024.3593,1.5,8.8,0.1,2.8,2.8,7.6
2024-05-12,2024.362,1.9,9.1,1.7,2.5,2.6,7.2
2024-05-13,2024.3648,1.8,9.1,1.4,2.6,2.6,7.2
2024-05-14,2024.3675,1.7,8.0,1.3,2.9,2.9,8.2
2024-05-15,2024.3702,3.0,8.0,-3.6,2.6,2.7,7.3
2024-05-16,2024.373,2.9,8.2,1.25,3.1,3.2,7.25
2024-05-17,2024.3757,3.3,8.1,6.1,2.5,2.5,7.2
2024-05-18,2024.3784,2.0,9.5,-2.1,2.5,2.6,7.5
2024-05-19,2024.3811,3.4,9.5,5.1,3.0,3.1,8.2
2024-05-20,2024.3839,0.7,9.5,0.6,2.4,2.4,7.3
2024-05-21,2024.3866,1.8,9.5,2.1,2.6,2.6,7.5
2024-05-22,2024.3893,1.2,11.6,2.8,3.1,3.2,8.4
2024-05-23,2024.3921,2.4,10.0,-0.1,2.7,2.7,7.9
2024-05-24,2024.3948,1.0,9.5,-1.7,2.5,2.5,7.3
2024-05-25,2024.3975,-0.2,8.8,3.0,2.6,2.6,7.8
2024-05-26,2024.4003,1.5,10.2,-0.5,2.6,2.6,7.8
2024-05-27,2024.403,0.2,10.3,0.5,2.8,2.7,8.0
2024-05-28,2024.4057,0.2,11.1,1.0,2.8,2.8,7.9
2024-05-29,2024.4085,-0.2,9.7,2.8,2.7,2.7,7.8
2024-05-30,2024.4112,1.0,8.7,1.2,2.3,2.3,6.9
2024-05-31,2024.4139,3.9,11.0,-3.6,2.7,2.8,7.7
2024-06-01,2024.4167,0.1,8.4,-1.2,2.4,2.4,7.1
2024-06-02,2024.4194,1.1,9.9,2.5,2.6,2.7,7.6
2024-06-03,2024.4221,1.2,8.7,0.4,2.8,3.0,7.9
2024-06-04,2024.4249,2.4,8.1,-4.8,2.6,2.6,7.7
2024-06-05,2024.4276,2.9,8.7,-1.8,2.8,2.8,7.8
2024-06-06,2024.4303,-1.8,9.7,-3.7,2.9,3.2,8.0
2024-06-07,2024.4331,-0.8,11.8,6.5,2.9,3.1,8.2
2024-06-08,2024.4358,1.9,9.5,-0.5,2.6,2.6,7.5
2024-06-09,2024.4385,-1.2,10.2,5.4,2.4,2.4,7.0
2024-06-10,2024.4413,1.8,11.7,3.2,3.0,3.0,8.4
2024-06-11,2024.444,0.8,10.8,0.8,3.0,2.9,8.6
2024-06-12,2024.4467,-0.3,12.3,3.6,2.8,2.7,7.8
2024-06-13,2024.4495,-0.1,12.1,0.7,2.8,2.7,8.5
2024-06-14,2024.4522,-0.8,11.0,-3.3,2.9,2.9,8.5
2024-06-15,2024.4549,-0.4,10.0,7.1,2.4,2.5,7.3
2024-06-16,2024.4577,-0.3,12.8,6.25,2.7,2.6,7.85
2024-06-17,2024.4604,-0.2,8.7,5.4,2.7,2.5,8.4
2024-06-18,2024.4631,-0.2,10.6,4.9,2.7,2.5,8.0
2024-06-19,,,,,,,
2024-06-20,2024.4686,-1.0,12.1,-3.6,3.1,3.2,8.8
2024-06-21,2024.4713,0.4,11.2,1.9,2.7,2.6,7.4
2024-06-22,2024.474,-1.2,13.0,2.4,2.7,2.6,7.7
2024-06-23,2024.4768,-0.3,11.5,7.5,2.8,2.8,7.8
2024-06-24,2024.4795,0.9,11.0,4.5,2.5,2.4,7.2
2024-06-25,2024.4822,1.0,13.1,0.6,2.7,2.7,7.6
2024-06-26,2024.485,0.4,11.4,5.6,2.6,2.5,7.6
2024-06-27,2024.4877,-1.0,9.5,1.7,2.8,2.7,8.3
2024-06-28,2024.4904,0.5,12.2,12.2,3.3,3.2,10.0
2024-06-29,2024.4932,-1.8,13.4,13.6,3.1,2.9,9.7
2024-06-30,2024.4959,-0.7,12.8,4.6,2.9,3.1,8.5
2024-07-01,2024.4986,-2.9,11.7,4.8,3.0,3.1,8.6
2024-07-02,2024.5014,-0.4,8.9,9.1,2.6,2.7,7.9
2024-07-03,2024.5041,-1.2,12.0,2.6,2.9,2.6,9.0
2024-07-04,2024.5068,-2.2,12.2,-4.6,2.7,2.7,8.3
2024-07-05,2024.5096,-0.4,12.8,3.2,2.8,2.7,8.2
2024-07-06,2024.5123,-1.2,11.7,4.1,2.5,2.5,7.5
2024-07-07,2024.515,0.2,11.4,0.4,2.8,2.9,8.2
2024-07-08,2024.5178,-1.6,12.9,-1.1,2.9,2.9,8.5
2024-07-09,2024.5205,-1.2,11.9,-6.2,2.8,2.7,8.9
2024-07-10,2024.5232,-3.0,13.4,5.6,2.9,2.9,9.1
2024-07-11,2024.526,-1.3,14.1,3.95,2.9,2.9,9.3
2024-07-12,2024.5287,-1.1,13.3,2.3,3.1,3.1,9.5
2024-07-13,2024.5314,2.0,15.4,4.2,2.8,2.9,8.4
2024-07-14,2024.5342,-1.2,14.1,3.7,3.0,3.0,9.0
2024-07-15,2024.5369,-0.2,15.1,1.7,2.9,2.9,9.2
2024-07-16,2024.5396,-1.2,10.6,-0.4,3.1,3.1,9.1
2024-07-17,2024.5423,-0.8,14.6,6.9,3.3,3.3,10.1
2024-07-18,2024.5451,-2.6,14.8,7.6,2.7,2.7,8.2
2024-07-19,2024.5478,-1.5,13.1,12.6,3.0,3.1,9.7
2024-07-20,2024.5505,-0.5,13.6,4.8,2.7,2.7,8.3
2024-07-21,2024.5533,-2.7,13.4,1.4,2.7,2.8,8.4
2024-07-22,2024.556,-1.5,14.2,2.0,2.6,2.7,8.1
2024-07-23,2024.5587,-3.2,14.7,2.4,2.9,2.9,8.8
2024-07-24,2024.5615,0.4,14.3,0.5,2.9,2.9,8.4
2024-07-25,2024.5642,0.2,13.7,2.1,3.0,3.1,8.6
2024-07-26,2024.5669,-0.3,16.1,6.6,2.5,2.5,7.5
2024-07-27,2024.5697,-2.3,18.5,1.05,2.9,2.8,8.5
2024-07-28,2024.5724,-1.8,14.0,-4.5,3.2,3.2,9.5
2024-07-29,2024.5751,-0.9,17.0,2.8,3.0,2.9,8.7
2024-07-30,2024.5779,-1.3,15.2,4.2,2.8,2.7,8.7
2024-07-31,2024.5806,-1.8,14.1,-3.3,3.3,3.3,9.5
2024-08-01,2024.5833,-2.1,16.8,8.2,2.8,2.9,8.2
2024-08-02,2024.5861,-2.0,13.8,-4.9,3.0,3.0,9.2
2024-08-03,2024.5888,-3.0,15.7,-3.5,3.3,3.6,9.6
2024-08-04,2024.5915,-3.0,17.2,-0.2,2.8,2.8,7.9
2024-08-05,2024.5943,1.1,15.5,3.5,2.7,2.8,8.2
2024-08-06,2024.597,2.1,16.5,-9.3,3.0,3.1,8.8
2024-08-07,2024.5997,-2.2,16.6,6.7,3.1,3.2,9.6
2024-08-08,2024.6025,0.5,17.5,-6.9,3.2,3.5,9.5
2024-08-09,2024.6052,-2.6,15.9,-5.2,2.9,2.9,8.4
2024-08-10,2024.6079,-1.2,15.6,-1.5,2.8,2.8,8.4
2024-08-11,2024.6107,-1.2,16.1,3.1,2.6,2.6,8.0
2024-08-12,,,,,,,
2024-08-13,,,,,,,
2024-08-14,,,,,,,
2024-08-15,,,,,,,
2024-08-16,,,,,,,
2024-08-17,,,,,,,
2024-08-18,,,,,,,
2024-08-19,,,,,,,
2024-08-20,,,,,,,
2024-08-21,,,,,,,
2024-08-22,,,,,,,
2024-08-23,,,,,,,
2024-08-24,,,,,,,
2024-08-25,,,,,,,
2024-08-26,,,,,,,
2024-08-27,,,,,,,
2024-08-28,,,,,,,
2024-08-29,,,,,,,
2024-08-30,,,,,,,
2024-08-31,,,,,,,
2024-09-01,,,,,,,
2024-09-02,,,,,,,
2024-09-03,,,,,,,
2024-09-04,,,,,,,
2024-09-05,,,,,,,
2024-09-06,,,,,,,
2024-09-07,,,,,,,
2024-09-08,,,,,,,
2024-09-09,,,,,,,
2024-09-10,,,,,,,
2024-09-11,,,,,,,
2024-09-12,,,,,,,
2024-09-13,,,,,,,
2024-09-14,,,,,,,
2024-09-15,,,,,,,
2024-09-16,,,,,,,
2024-09-17,,,,,,,
2024-09-18,,,,,,,
2024-09-19,,,,,,,
2024-09-20,,,,,,,
2024-09-21,,,,,,,
2024-09-22,,,,,,,
2024-09-23,,,,,,,
2024-09-24,,,,,,,
2024-09-25,,,,,,,
2024-09-26,,,,,,,
2024-09-27,,,,,,,
2024-09-28,,,,,,,
2024-09-29,,,,,,,
2024-09-30,,,,,,,
2024-10-01,,,,,,,
2024-10-02,,,,,,,
2024-10-03,,,,,,,
2024-10-04,,,,,,,
2024-10-05,,,,,,,
2024-10-06,,,,,,,
2024-10-07,,,,,,,
2024-10-08,,,,,,,
2024-10-09,,,,,,,
2024-10-10,,,,,,,
2024-10-11,,,,,,,
2024-10-12,,,,,,,
2024-10-13,,,,,,,
2024-10-14,,,,,,,
2024-10-15,,,,,,,
2024-10-16,,,,,,,
2024-10-17,,,,,,,
2024-10-18,,,,,,,
2024-10-19,,,,,,,
2024-10-20,,,,,,,
2024-10-21,,,,,,,
2024-10-22,,,,,,,
2024-10-23,,,,,,,
2024-10-24,,,,,,,
2024-10-25,,,,,,,
2024-10-26,,,,,,,
2024-10-27,,,,,,,
2024-10-28,,,,,,,
2024-10-29,,,,,,,
2024-10-30,,,,,,,
2024-10-31,,,,,,,
2024-11-01,,,,,,,
2024-11-02,,,,,,,
2024-11-03,,,,,,,
2024-11-04,,,,,,,
2024-11-05,,,,,,,
2024-11-06,,,,,,,
2024-11-07,,,,,,,
2024-11-08,,,,,,,
2024-11-09,,,,,,,
2024-11-10,,,,,,,
2024-11-11,,,,,,,
2024-11-12,,,,,,,
2024-11-13,,,,,,,
2024-11-14,,,,,,,
2024-11-15,,,,,,,
2024-11-16,,,,,,,
2024-11-17,,,,,,,
2024-11-18,,,,,,,
2024-11-19,,,,,,,
2024-11-20,,,,,,,
2024-11-21,,,,,,,
2024-11-22,,,,,,,
2024-11-23,,,,,,,
2024-11-24,,,,,,,
2024-11-25,,,,,,,
2024-11-26,,,,,,,
2024-11-27,,,,,,,
2024-11-28,,,,,,,
2024-11-29,,,,,,,
2024-11-30,,,,,,,
2024-12-01,,,,,,,
2024-12-02,,,,,,,
2024-12-03,,,,,,,
2024-12-04,,,,,,,
2024-12-05,,,,,,,
2024-12-06,,,,,,,
2024-12-07,,,,,,,
2024-12-08,,,,,,,
2024-12-09,,,,,,,
2024-12-10,,,,,,,
2024-12-11,2024.944,-1.3,24.8,-7.5,2.3,2.3,6.8
2024-12-12,2024.9467,-0.9,26.2,-7.2,2.2,2.1,6.6
2024-12-13,2024.9495,-2.3,27.8,-7.9,2.4,2.4,7.2
2024-12-14,2024.9522,-3.0,27.5,-4.0,2.4,2.3,6.8
2024-12-15,2024.9549,-2.6,27.0,-5.7,2.1,2.1,6.2
2024-12-16,2024.9577,-3.1,27.5,-4.0,2.1,2.1,6.3
2024-12-17,2024.9604,-1.6,26.5,-6.9,2.2,2.1,6.5
2024-12-18,2024.9631,-1.5,26.0,-3.7,2.6,2.5,7.3
2024-12-19,2024.9658,-1.2,27.8,-4.2,2.3,2.3,6.7
2024-12-20,2024.9686,-1.4,28.0,-1.9,2.4,2.4,7.0
2024-12-21,2024.9713,-1.7,28.3,-1.5,2.5,2.4,7.3
2024-12-22,2024.974,-1.2,26.2,-3.1,2.2,2.2,6.6
2024-12-23,2024.9768,-0.9,28.0,-3.4,2.5,2.4,7.2
2024-12-24,2024.9795,-2.3,28.8,-7.8,2.4,2.4,7.1
2024-12-25,2024.9822,-0.6,27.2,-8.1,2.2,2.1,6.5
2024-12-26,2024.985,-3.1,27.4,-14.1,2.7,2.7,7.4
2024-12-27,2024.9877,-0.6,27.7,-8.9,2.3,2.3,6.8
2024-12-28,2024.9904,-3.4,29.0,-5.9,2.2,2.3,6.6
2024-12-29,2024.9932,-2.1,28.5,-5.5,2.3,2.3,6.7
2024-12-30,2024.9959,-3.1,29.0,-3.8,2.5,2.5,6.9
2024-12-31,2024.9986,-2.4,30.1,-3.8,2.5,2.5,7.2
