YYYYMMDD,YYYY.DECM,N(m),E(m),U(m),sig_n(mm),sig_e(mm),sig_u(mm)
2010-08-19,2010.6315,-11.8,-408.1,-7.6,2.8,2.8,8.6
2010-08-20,2010.6342,-10.5,-407.2,-13.0,2.3,2.4,7.6
2010-08-21,2010.637,-11.5,-406.3,-4.4,2.2,2.3,7.2
2010-08-22,2010.6397,-11.1,-406.9,-5.7,2.0,2.0,6.5
2010-08-23,2010.6425,-9.7,-406.7,-5.5,1.9,1.9,6.0
2010-08-24,2010.6452,-9.1,-407.7,-0.4,2.0,2.0,6.4
2010-08-25,2010.6479,-9.8,-407.8,-2.0,2.1,2.1,6.9
2010-08-26,2010.6507,-9.5,-407.3,-3.3,2.0,2.0,6.3
2010-08-27,2010.6534,-9.1,-408.5,-4.0,1.9,1.9,6.0
2010-08-28,2010.6562,-9.8,-408.7,-5.5,2.1,2.0,6.6
2010-08-29,2010.6589,-8.8,-407.9,-5.4,2.2,2.2,7.3
2010-08-30,2010.6616,-9.1,-407.2,-5.8,2.3,2.4,7.5
2010-08-31,2010.6644,-7.7,-407.0,-8.5,2.0,2.0,6.7
2010-09-01,2010.6671,-9.2,-406.9,-8.6,1.9,1.9,6.2
2010-09-02,2010.6699,-9.6,-406.5,-9.5,2.1,2.2,6.9
2010-09-03,2010.6726,-7.6,-407.6,-10.4,2.1,2.1,6.8
2010-09-04,2010.6753,-8.3,-408.1,-8.9,2.4,2.2,7.8
2010-09-05,2010.6781,-6.8,-407.2,-12.3,2.1,2.1,7.0
2010-09-06,2010.6808,-7.3,-407.3,-12.8,2.0,2.0,6.6
2010-09-07,2010.6836,-8.1,-406.2,-7.3,1.9,1.9,6.0
2010-09-08,2010.6863,-8.3,-405.9,-5.6,1.9,1.9,5.9
2010-09-09,2010.689,-8.7,-407.6,-7.6,1.9,1.9,6.1
2010-09-10,2010.6918,-8.1,-408.2,0.3,2.0,1.9,6.3
2010-09-11,2010.6945,-7.9,-406.4,-3.8,2.0,1.9,6.3
2010-09-12,2010.6973,-8.6,-406.9,-4.9,1.9,1.9,6.1
2010-09-13,2010.7,-8.9,-408.5,-3.6,1.9,1.9,6.1
2010-09-14,2010.7027,-8.0,-408.1,-6.7,2.0,2.0,6.5
2010-09-15,2010.7055,-8.0,-406.5,-5.8,2.3,2.3,7.6
2010-09-16,2010.7082,-7.1,-408.5,-3.3,2.3,2.2,7.5
2010-09-17,2010.711,-8.5,-407.5,-8.1,2.1,2.0,6.8
2010-09-18,2010.7137,-8.1,-407.4,-1.4,2.0,2.0,6.7
2010-09-19,2010.7164,-9.2,-407.5,-9.1,2.0,1.9,6.7
2010-09-20,2010.7192,-9.1,-407.3,-12.6,2.1,2.1,6.8
2010-09-21,2010.7219,-8.3,-406.6,-14.8,2.2,2.2,6.9
2010-09-22,2010.7247,-8.5,-407.5,-6.9,1.9,1.9,6.2
2010-09-23,2010.7274,-8.1,-407.4,-6.3,2.1,2.0,6.8
2010-09-24,2010.7301,-8.9,-407.1,-8.7,1.8,1.8,5.6
2010-09-25,2010.7329,-8.0,-406.4,-10.2,1.8,1.8,5.8
2010-09-26,2010.7356,-7.4,-405.6,-8.0,1.9,2.0,6.2
2010-09-27,2010.7384,-8.0,-407.5,-11.7,1.9,1.9,6.1
2010-09-28,2010.7411,-7.8,-406.8,-11.5,2.0,2.1,6.6
2010-09-29,2010.7438,-8.2,-407.1,-11.5,2.0,2.1,6.5
2010-09-30,2010.7466,-7.2,-407.5,-14.7,2.0,2.1,6.5
2010-10-01,2010.7493,-8.5,-405.6,-13.2,1.9,2.0,6.0
2010-10-02,2010.7521,-8.7,-405.3,-11.7,1.9,1.9,5.7
2010-10-03,2010.7548,-8.8,-406.1,-11.4,1.7,1.6,5.2
2010-10-04,2010.7575,-9.9,-406.5,-8.6,1.9,1.9,5.9
2010-10-05,2010.7603,-9.1,-406.0,-8.9,1.9,1.9,6.0
2010-10-06,2010.763,-8.7,-406.3,-6.3,1.9,2.0,6.1
2010-10-07,2010.7658,-8.8,-407.0,-6.0,1.8,1.8,5.8
2010-10-08,2010.7685,-7.9,-406.4,-6.5,1.8,1.8,5.5
2010-10-09,2010.7712,-8.2,-407.3,-10.0,1.8,1.7,5.6
2010-10-10,2010.774,-7.6,-405.2,-8.4,1.8,1.8,5.8
2010-10-11,2010.7767,-8.5,-405.8,-11.1,1.8,1.9,5.7
2010-10-12,2010.7795,-9.0,-405.8,-11.1,1.8,1.8,5.6
2010-10-13,2010.7822,-9.1,-405.4,-10.3,1.9,1.9,5.9
2010-10-14,2010.7849,-8.0,-404.6,-12.6,2.0,2.0,6.3
2010-10-15,2010.7877,-8.4,-405.5,-7.6,1.8,1.8,5.9
2010-10-16,2010.7904,-8.2,-405.0,-11.1,1.7,1.7,5.4
2010-10-17,2010.7932,-8.7,-405.4,-11.2,1.8,1.8,5.8
2010-10-18,2010.7959,-9.0,-405.7,-11.4,1.8,1.8,5.8
2010-10-19,2010.7986,-8.3,-405.4,-5.8,1.9,1.9,6.0
2010-10-20,2010.8014,-9.1,-405.8,-8.1,1.9,2.0,6.1
2010-10-21,2010.8041,-8.0,-405.0,-3.8,1.8,1.7,5.7
2010-10-22,2010.8068,-7.0,-404.3,-6.5,1.7,1.7,5.4
2010-10-23,2010.8096,-8.4,-405.2,-10.1,1.9,1.9,5.9
2010-10-24,2010.8123,-7.6,-404.1,-15.0,1.8,1.8,5.6
2010-10-25,2010.8151,-8.0,-405.0,-15.5,1.7,1.7,5.6
2010-10-26,2010.8178,-8.2,-404.5,-15.4,1.9,1.8,5.6
2010-10-27,2010.8205,-8.0,-404.6,-15.3,1.8,1.8,5.6
2010-10-28,2010.8233,-8.6,-404.4,-13.2,1.7,1.7,5.4
2010-10-29,2010.826,-8.7,-404.5,-13.7,1.6,1.6,5.2
2010-10-30,2010.8288,-8.3,-404.0,-11.3,1.7,1.7,5.4
2010-10-31,2010.8315,-8.2,-404.3,-12.3,1.7,1.7,5.6
2010-11-01,2010.8342,-8.4,-404.8,-12.5,1.8,1.7,5.6
2010-11-02,2010.837,-9.1,-405.4,-17.8,1.7,1.6,5.5
2010-11-03,2010.8397,-8.1,-405.4,-13.3,1.7,1.7,5.4
2010-11-04,2010.8425,-9.2,-405.9,-6.6,1.9,1.8,5.9
2010-11-05,2010.8452,-8.4,-405.2,-8.8,1.9,1.9,6.3
2010-11-06,2010.8479,-8.2,-405.3,-11.0,1.7,1.6,5.4
2010-11-07,2010.8507,-8.9,-406.1,-14.7,1.7,1.7,5.6
2010-11-08,2010.8534,-8.2,-406.1,-17.9,1.8,1.8,5.8
2010-11-09,2010.8562,-8.5,-404.8,-14.2,1.7,1.6,5.3
2010-11-10,2010.8589,-7.7,-404.9,-18.1,1.8,1.8,5.9
2010-11-11,2010.8616,-8.0,-403.4,-9.7,1.7,1.6,5.4
2010-11-12,2010.8644,-8.8,-404.1,-10.6,1.7,1.6,5.5
2010-11-13,2010.8671,-9.4,-404.1,-12.4,1.6,1.6,5.4
2010-11-14,2010.8699,-8.6,-404.7,-14.5,1.6,1.6,5.2
2010-11-15,2010.8726,-8.5,-404.0,-9.4,1.7,1.6,5.5
2010-11-16,2010.8753,-8.6,-404.7,-7.4,1.7,1.7,5.7
2010-11-17,2010.8781,-6.7,-405.1,-9.9,1.8,1.7,5.9
2010-11-18,2010.8808,-8.1,-403.9,-6.6,1.6,1.5,5.2
2010-11-19,2010.8836,-7.4,-404.1,-6.8,1.8,1.7,5.4
2010-11-20,2010.8863,-6.5,-404.9,-7.0,1.7,1.7,5.6
2010-11-21,2010.889,-7.8,-403.7,-6.5,1.8,1.8,5.9
2010-11-22,2010.8918,-7.6,-404.2,-9.4,1.6,1.6,5.3
2010-11-23,2010.8945,-8.2,-403.5,-8.8,1.7,1.6,5.4
2010-11-24,2010.8973,-8.5,-404.2,-9.1,1.6,1.6,5.2
2010-11-25,2010.9,-7.6,-404.0,-9.2,1.6,1.6,5.2
2010-11-26,2010.9027,-7.9,-403.3,-7.3,1.6,1.6,5.2
2010-11-27,2010.9055,-6.8,-403.8,-10.5,1.7,1.7,5.4
2010-11-28,2010.9082,-6.4,-403.8,-9.5,1.6,1.6,5.3
2010-11-29,2010.911,-8.2,-404.1,-5.2,1.6,1.6,5.2
2010-11-30,2010.9137,-7.6,-404.4,-4.8,1.7,1.6,5.4
2010-12-01,2010.9164,-7.7,-402.6,-4.6,1.6,1.6,5.3
2010-12-02,2010.9192,-8.4,-401.9,-4.0,1.7,1.6,5.5
2010-12-03,2010.9219,-9.2,-403.9,-2.4,1.8,1.7,5.6
2010-12-04,2010.9247,-8.4,-404.4,-6.7,1.6,1.6,5.3
2010-12-05,2010.9274,-7.1,-402.5,-12.6,1.7,1.7,5.6
2010-12-06,2010.9301,-8.2,-403.2,-10.6,1.6,1.6,5.4
2010-12-07,2010.9329,-8.2,-403.3,-7.1,1.5,1.5,5.0
2010-12-08,2010.9356,-8.4,-402.6,-6.0,1.7,1.6,5.6
2010-12-09,2010.9384,-7.6,-401.6,-4.2,1.7,1.6,5.5
2010-12-10,2010.9411,-8.5,-402.0,-6.5,1.7,1.7,5.5
2010-12-11,2010.9438,-8.3,-401.2,-4.5,1.6,1.6,5.3
2010-12-12,2010.9466,-7.4,-401.3,-9.2,1.8,1.7,5.7
2010-12-13,2010.9493,-7.6,-401.1,-9.7,1.7,1.7,5.6
2010-12-14,2010.9521,-7.7,-400.5,-15.1,1.8,1.7,5.6
2010-12-15,2010.9548,-8.2,-400.9,-10.8,1.7,1.6,5.4
2010-12-16,2010.9575,-9.0,-401.0,-5.3,1.7,1.6,5.5
2010-12-17,2010.9603,-8.1,-401.8,-4.2,1.6,1.6,5.4
2010-12-18,2010.963,-7.1,-401.1,-6.2,1.6,1.6,5.4
2010-12-19,2010.9658,-8.8,-401.8,-5.8,1.6,1.5,5.2
2010-12-20,2010.9685,-8.0,-402.3,-10.1,1.7,1.6,5.4
2010-12-21,2010.9712,-8.6,-400.9,-8.4,1.6,1.5,5.2
2010-12-22,2010.974,-7.6,-399.6,-10.6,1.6,1.6,5.4
2010-12-23,2010.9767,-9.1,-400.0,-8.1,1.7,1.6,5.5
2010-12-24,2010.9795,-8.4,-400.9,-15.5,1.7,1.7,5.6
2010-12-25,2010.9822,-8.5,-401.1,-9.0,1.8,1.7,5.6
2010-12-26,2010.9849,-8.5,-401.6,-7.7,1.7,1.7,5.5
2010-12-27,2010.9877,-7.1,-401.7,-10.9,1.9,1.8,6.0
2010-12-28,2010.9904,-7.1,-401.3,-11.7,1.8,1.7,5.6
2010-12-29,2010.9932,-7.4,-399.6,-11.8,1.9,1.8,5.9
2010-12-30,2010.9959,-8.3,-400.7,-11.2,1.6,1.6,5.3
2010-12-31,2010.9986,-6.4,-400.6,-8.9,1.7,1.6,5.5
2011-01-01,2011.0014,-8.4,-400.4,-10.6,1.8,1.8,5.8
2011-01-02,2011.0041,-7.7,-400.9,-13.1,1.7,1.6,5.5
2011-01-03,2011.0068,-7.8,-400.5,-14.1,1.8,1.7,5.7
2011-01-04,2011.0096,-7.6,-399.9,-15.0,1.7,1.6,5.4
2011-01-05,2011.0123,-6.8,-400.4,-15.2,1.8,1.8,5.8
2011-01-06,2011.0151,-8.0,-401.9,-16.3,1.7,1.6,5.5
2011-01-07,2011.0178,-7.6,-400.8,-13.7,1.6,1.5,5.2
2011-01-08,2011.0205,-7.3,-399.1,-17.1,1.7,1.6,5.4
2011-01-09,2011.0233,-8.4,-401.4,-17.2,1.6,1.6,5.2
2011-01-10,2011.026,-8.4,-399.8,-11.0,1.8,1.7,5.6
2011-01-11,2011.0288,-8.8,-400.0,-6.8,1.6,1.5,5.1
2011-01-12,2011.0315,-8.8,-400.0,-6.1,1.6,1.5,5.1
2011-01-13,2011.0342,-7.7,-400.5,-10.5,1.7,1.7,5.6
2011-01-14,2011.037,-7.9,-399.2,-15.9,1.6,1.6,5.1
2011-01-15,2011.0397,-8.8,-398.9,-13.6,1.6,1.6,5.2
2011-01-16,2011.0425,-7.8,-399.1,-15.0,1.6,1.6,5.2
2011-01-17,2011.0452,-8.6,-398.8,-10.5,1.7,1.7,5.3
2011-01-18,2011.0479,-6.9,-398.6,-13.5,1.8,1.8,5.6
2011-01-19,2011.0507,-6.0,-400.2,-14.9,1.8,1.7,5.5
2011-01-20,2011.0534,-6.7,-398.4,-13.9,1.6,1.6,5.2
2011-01-21,2011.0562,-7.0,-398.3,-10.9,1.6,1.7,5.3
2011-01-22,2011.0589,-6.4,-398.2,-12.6,1.7,1.8,5.4
2011-01-23,2011.0616,-6.9,-399.0,-13.7,1.6,1.6,5.3
2011-01-24,2011.0644,-6.4,-397.8,-8.4,1.6,1.6,5.3
2011-01-25,2011.0671,-6.3,-397.7,-10.3,1.6,1.6,5.3
2011-01-26,2011.0699,-5.3,-396.9,-13.4,1.7,1.6,5.4
2011-01-27,2011.0726,-6.2,-396.4,-14.4,1.7,1.8,5.5
2011-01-28,2011.0753,-7.3,-396.8,-12.1,1.6,1.7,5.3
2011-01-29,2011.0781,-7.4,-396.3,-9.0,1.6,1.7,5.3
2011-01-30,2011.0808,-7.5,-396.0,-5.9,1.6,1.6,5.2
2011-01-31,2011.0836,-7.9,-396.1,-5.0,1.7,1.8,5.2
2011-02-01,2011.0863,-7.2,-395.9,-4.1,1.6,1.6,5.2
2011-02-02,2011.089,-6.7,-395.6,-2.8,1.7,1.8,5.5
2011-02-03,2011.0918,-6.2,-396.6,-3.2,1.8,1.8,6.0
2011-02-04,2011.0945,-8.2,-395.3,-0.05,1.7,1.8,5.55
2011-02-05,2011.0973,-7.6,-395.5,3.1,1.5,1.5,5.1
2011-02-06,2011.1,-6.9,-394.6,2.1,1.6,1.7,5.5
2011-02-07,2011.1027,-6.6,-397.1,5.1,1.7,1.7,5.5
2011-02-08,2011.1055,-6.9,-395.5,1.4,1.6,1.7,5.4
2011-02-09,2011.1082,-7.5,-395.1,0.5,1.5,1.5,5.1
2011-02-10,2011.111,-7.4,-395.4,-5.4,1.6,1.7,5.4
2011-02-11,2011.1137,-9.4,-393.7,-3.1,1.6,1.6,5.4
2011-02-12,2011.1164,-8.6,-397.0,-2.3,1.7,1.9,5.5
2011-02-13,2011.1192,-6.4,-394.6,-0.1,1.5,1.6,5.1
2011-02-14,2011.1219,-8.9,-397.1,0.5,2.9,3.6,10.0
2011-02-15,2011.1247,-7.1,-394.9,-0.2,1.8,1.9,5.8
2011-02-16,2011.1274,-8.8,-394.6,-2.9,1.7,1.8,5.5
2011-02-17,2011.1301,-7.8,-395.4,0.0,1.8,1.9,5.8
2011-02-18,2011.1329,-8.2,-394.6,-3.0,1.7,1.9,5.5
2011-02-19,2011.1356,-8.4,-395.1,-2.9,1.7,1.8,5.5
2011-02-20,2011.1384,-8.2,-395.0,-0.9,1.7,1.8,5.6
2011-02-21,2011.1411,-8.4,-393.6,-3.3,1.6,1.6,5.2
2011-02-22,2011.1438,-8.8,-393.6,-0.5,1.6,1.7,5.2
2011-02-23,2011.1466,-7.2,-394.0,0.7,1.5,1.5,5.0
2011-02-24,2011.1493,-7.9,-394.0,0.8,1.5,1.5,5.0
2011-02-25,2011.1521,-8.0,-393.0,-1.1,1.5,1.6,5.1
2011-02-26,2011.1548,-6.3,-392.7,-6.4,1.6,1.7,5.3
2011-02-27,2011.1575,-7.9,-393.7,-7.2,1.7,1.7,5.5
2011-02-28,2011.1603,-7.6,-394.1,-5.5,1.6,1.6,5.4
2011-03-01,2011.163,-7.8,-394.2,-2.9,1.6,1.7,5.3
2011-03-02,2011.1658,-7.2,-392.9,-4.7,1.7,1.9,6.0
2011-03-03,2011.1685,-7.4,-393.1,-3.5,1.6,1.6,5.2
2011-03-04,2011.1712,-8.1,-392.7,-0.3,1.5,1.5,4.9
2011-03-05,2011.174,-8.1,-393.4,-2.3,1.5,1.6,5.2
2011-03-06,2011.1767,-7.6,-393.3,-6.1,1.6,1.6,5.2
2011-03-07,2011.1795,-7.6,-392.8,-7.2,1.7,1.7,5.6
2011-03-08,2011.1822,-6.5,-393.2,-7.7,1.6,1.6,5.2
2011-03-09,2011.1849,-6.3,-391.0,-3.2,1.7,1.8,5.8
2011-03-10,2011.1877,-8.2,-391.9,-3.1,1.6,1.8,5.4
2011-03-11,,,,,,,
2011-03-12,2011.1932,-6.7,-391.0,-3.6,1.8,2.0,6.0
2011-03-13,2011.1959,-5.9,-390.7,-4.57,1.5,1.6,5.77
2011-03-14,2011.1986,-6.6,-389.7,-5.53,2.0,2.2,5.53
2011-03-15,2011.2014,-5.6,-389.7,-6.5,1.6,1.7,5.3
2011-03-16,2011.2041,-5.3,-390.7,-7.2,1.9,1.9,6.0
2011-03-17,2011.2068,-5.2,-389.6,-4.0,1.8,1.9,6.2
2011-03-18,2011.2096,-5.1,-390.5,-4.4,1.5,1.5,5.0
2011-03-19,2011.2123,-5.6,-389.8,-5.5,1.8,2.0,5.9
2011-03-20,2011.2151,-3.7,-389.7,-9.8,1.9,1.9,6.2
2011-03-21,2011.2178,-5.3,-389.6,-12.3,1.5,1.6,4.9
2011-03-22,2011.2205,-5.7,-389.9,-11.0,1.6,1.6,5.2
2011-03-23,2011.2233,-6.0,-389.7,-11.9,1.6,1.6,5.1
2011-03-24,2011.226,-5.9,-389.5,-10.2,1.6,1.7,5.2
2011-03-25,2011.2288,-6.2,-388.7,-6.2,1.5,1.6,5.0
2011-03-26,2011.2315,-6.6,-389.1,-4.8,1.6,1.6,5.1
2011-03-27,2011.2342,-5.6,-388.4,-7.5,1.6,1.8,5.2
2011-03-28,2011.237,-6.3,-389.5,-3.7,1.5,1.6,4.9
2011-03-29,2011.2397,-8.2,-388.4,-0.4,1.7,1.9,5.6
2011-03-30,2011.2425,-7.5,-388.9,-5.6,1.4,1.6,4.5
2011-03-31,2011.2452,-5.6,-388.0,-8.8,1.5,1.6,5.0
2011-04-01,2011.2479,-5.9,-388.5,-5.9,1.7,1.8,5.6
2011-04-02,2011.2507,-6.6,-389.4,-7.4,1.6,1.7,5.2
2011-04-03,2011.2534,-7.1,-390.0,-2.2,1.8,2.0,6.0
2011-04-04,2011.2562,-5.6,-390.7,-10.1,1.6,1.7,5.2
2011-04-05,2011.2589,-6.3,-389.7,-8.0,1.8,2.0,5.8
2011-04-06,2011.2616,-6.9,-388.1,-10.3,1.8,2.0,5.6
2011-04-07,2011.2644,-7.3,-389.5,-9.4,1.7,1.7,5.3
2011-04-08,2011.2671,-5.7,-388.9,-8.5,1.6,1.8,5.2
2011-04-09,2011.2699,-7.2,-389.2,-7.6,1.6,1.7,5.3
2011-04-10,2011.2726,-8.1,-389.4,-6.9,1.6,1.6,5.1
2011-04-11,2011.2753,-6.6,-390.5,-1.5,1.8,1.9,6.0
2011-04-12,2011.2781,-6.1,-392.1,-7.2,1.8,1.8,5.8
2011-04-13,2011.2808,-6.3,-389.7,-4.4,1.6,1.6,5.3
2011-04-14,2011.2836,-6.9,-389.8,-3.6,1.7,1.7,5.5
2011-04-15,2011.2863,-7.0,-390.2,-1.6,1.7,1.8,5.6
2011-04-16,2011.289,-6.8,-389.1,-3.7,1.8,1.8,5.8
2011-04-17,2011.2918,-5.9,-390.1,-3.9,1.9,1.9,6.1
2011-04-18,2011.2945,-5.5,-389.4,-3.0,1.8,1.8,5.9
2011-04-19,2011.2973,-6.9,-389.7,-3.4,1.8,1.9,5.8
2011-04-20,2011.3,-6.2,-388.8,-4.5,1.8,1.8,5.6
2011-04-21,2011.3027,-5.6,-387.8,-11.0,3.4,3.3,11.1
2011-04-22,2011.3055,-5.2,-389.2,-7.2,1.6,1.8,5.4
2011-04-23,2011.3082,-6.8,-389.8,-7.2,1.6,1.7,5.1
2011-04-24,2011.311,-6.5,-388.9,-4.2,1.7,1.8,5.6
2011-04-25,2011.3137,-6.3,-389.4,-3.0,1.9,2.0,6.3
2011-04-26,2011.3164,-5.4,-389.1,-4.7,1.9,2.0,6.1
2011-04-27,2011.3192,-8.5,-388.0,1.5,1.8,2.0,6.0
2011-04-28,2011.3219,-5.8,-390.2,1.4,1.9,1.9,6.1
2011-04-29,2011.3247,-5.1,-388.1,-2.6,1.9,1.9,6.3
2011-04-30,2011.3274,-6.8,-388.5,-2.1,1.9,1.9,6.0
2011-05-01,2011.3301,-5.5,-387.7,-7.1,1.8,1.9,5.8
2011-05-02,2011.3329,-6.7,-387.6,-3.5,2.0,2.1,6.6
2011-05-03,2011.3356,-5.5,-387.7,-4.7,2.1,2.2,6.5
2011-05-04,2011.3384,-6.4,-387.3,-0.5,1.8,1.8,5.8
2011-05-05,2011.3411,-6.5,-386.7,0.6,1.8,1.9,5.7
2011-05-06,2011.3438,-5.0,-386.9,-0.9,1.8,1.8,5.8
2011-05-07,2011.3466,-6.1,-387.4,3.9,1.9,1.9,6.1
2011-05-08,2011.3493,-6.6,-387.1,0.1,1.8,1.9,6.0
2011-05-09,2011.3521,-6.5,-386.6,1.5,2.0,2.1,6.7
2011-05-10,2011.3548,-7.8,-386.4,0.6,1.9,1.9,6.3
2011-05-11,2011.3575,-6.8,-386.8,-0.8,1.7,1.7,5.5
2011-05-12,2011.3603,-6.8,-386.1,0.2,1.8,1.8,5.9
2011-05-13,2011.363,-6.7,-386.1,-4.2,1.7,1.8,5.7
2011-05-14,2011.3658,-5.6,-387.5,-4.5,1.7,1.8,5.6
2011-05-15,2011.3685,-7.5,-385.1,-4.9,1.8,1.8,5.7
2011-05-16,2011.3712,-7.7,-386.9,-3.1,2.0,2.0,6.5
2011-05-17,2011.374,-7.4,-386.3,-5.7,2.0,2.0,6.5
2011-05-18,2011.3767,-5.2,-385.5,-4.0,2.0,2.0,6.5
2011-05-19,2011.3795,-5.2,-385.7,-2.9,1.9,1.9,6.0
2011-05-20,2011.3822,-4.0,-385.6,-7.6,2.0,2.0,6.4
2011-05-21,2011.3849,-6.5,-385.0,-1.7,2.0,1.9,6.5
2011-05-22,2011.3877,-6.9,-384.8,-10.0,2.1,2.1,6.9
2011-05-23,2011.3904,-6.3,-386.6,3.9,2.1,2.0,6.9
2011-05-24,2011.3932,-6.3,-385.2,-5.7,2.1,2.1,6.8
2011-05-25,2011.3959,-5.3,-384.9,-0.8,1.8,1.8,5.9
2011-05-26,2011.3986,-5.6,-384.5,0.1,1.7,1.7,5.5
2011-05-27,2011.4014,-5.3,-384.6,-0.2,1.8,1.8,5.9
2011-05-28,2011.4041,-4.3,-385.3,-2.8,2.1,2.1,6.6
2011-05-29,2011.4068,-4.9,-385.2,-4.5,2.0,2.1,6.3
2011-05-30,2011.4096,-6.4,-384.1,-0.4,1.8,1.8,5.6
2011-05-31,2011.4123,-5.3,-383.9,3.5,1.8,1.8,5.6
2011-06-01,2011.4151,-6.9,-385.6,4.3,2.0,2.1,6.3
2011-06-02,2011.4178,-6.8,-385.3,1.4,2.0,2.0,6.4
2011-06-03,2011.4205,-6.7,-384.8,-0.6,1.9,1.8,6.1
2011-06-04,2011.4233,-8.2,-384.7,-2.9,2.2,2.3,7.3
2011-06-05,2011.426,-5.3,-384.9,-2.2,2.2,2.2,7.1
2011-06-06,2011.4288,-7.0,-384.8,2.9,2.1,2.1,6.9
2011-06-07,2011.4315,-8.4,-382.6,1.1,2.3,2.3,7.5
2011-06-08,2011.4342,-8.3,-383.8,-1.3,2.2,2.4,7.3
2011-06-09,2011.437,-8.2,-383.8,4.6,2.2,2.3,7.3
2011-06-10,2011.4397,-6.9,-382.4,-0.1,1.9,2.0,6.3
2011-06-11,2011.4425,-6.3,-382.9,4.4,2.0,2.0,6.6
2011-06-12,2011.4452,-7.2,-380.9,4.0,2.1,2.2,6.8
2011-06-13,2011.4479,-6.6,-382.9,1.2,1.9,1.9,6.2
2011-06-14,2011.4507,-8.3,-384.0,-1.3,2.0,2.0,6.6
2011-06-15,2011.4534,-7.4,-384.6,-1.1,1.9,1.9,6.4
2011-06-16,2011.4562,-7.0,-382.0,-2.7,2.0,2.0,6.5
2011-06-17,2011.4589,-6.9,-383.7,-3.0,2.5,2.6,8.4
2011-06-18,2011.4616,-10.8,-383.2,-3.8,2.1,2.0,7.0
2011-06-19,2011.4644,-7.8,-385.3,1.6,2.0,1.9,6.6
2011-06-20,2011.4671,-9.7,-383.9,9.2,2.9,2.8,10.0
2011-06-21,2011.4699,-7.4,-383.5,-1.5,2.1,2.1,7.2
2011-06-22,2011.4726,-4.7,-381.3,-3.15,2.7,2.8,7.05
2011-06-23,2011.4753,-8.1,-381.8,-4.8,2.1,2.2,6.9
2011-06-24,2011.4781,-9.0,-382.1,-2.8,2.1,2.1,6.9
2011-06-25,2011.4808,-8.8,-381.9,-0.9,2.1,2.1,6.9
2011-06-26,2011.4836,-9.6,-381.4,1.4,2.2,2.2,7.3
2011-06-27,2011.4863,-10.3,-381.5,3.8,2.2,2.1,7.2
2011-06-28,2011.489,-11.4,-382.2,8.4,2.4,2.3,8.0
2011-06-29,2011.4918,-10.1,-379.8,-5.1,2.2,2.1,7.2
2011-06-30,2011.4945,-9.7,-380.9,1.4,2.4,2.3,7.8
2011-07-01,2011.4973,-8.5,-382.7,0.9,2.3,2.3,7.5
2011-07-02,2011.5,-9.5,-381.9,-2.2,2.2,2.1,7.3
2011-07-03,2011.5027,-10.0,-382.4,-3.7,2.4,2.2,8.1
2011-07-04,2011.5055,-7.5,-383.1,2.2,2.1,2.1,6.9
2011-07-05,2011.5082,-9.5,-383.0,-6.3,2.4,2.2,7.9
2011-07-06,2011.511,-10.0,-382.2,-4.7,2.5,2.5,7.9
2011-07-07,2011.5137,-7.2,-383.1,-2.6,2.0,1.9,6.5
2011-07-08,2011.5164,-8.4,-381.8,-2.8,1.9,1.9,6.2
2011-07-09,2011.5192,-8.0,-381.1,-7.6,2.1,2.0,6.7
2011-07-10,2011.5219,-10.6,-382.6,-3.6,2.2,2.1,7.2
2011-07-11,2011.5247,-10.2,-380.4,-2.4,2.1,2.0,6.8
2011-07-12,2011.5274,-8.6,-381.1,-3.2,2.0,2.0,6.6
2011-07-13,2011.5301,-11.1,-379.5,-4.2,2.3,2.2,7.4
2011-07-14,2011.5329,-9.6,-380.2,0.2,2.2,2.1,7.1
2011-07-15,2011.5356,-11.2,-381.1,-2.5,2.0,1.9,6.5
2011-07-16,2011.5384,-8.9,-381.4,5.0,2.2,2.1,7.1
2011-07-17,2011.5411,-10.1,-380.4,5.0,2.1,2.1,6.7
2011-07-18,2011.5438,-8.0,-379.4,4.9,1.9,1.8,6.1
2011-07-19,2011.5466,-9.5,-379.9,-1.8,2.2,2.2,7.1
2011-07-20,2011.5493,-9.1,-379.3,7.4,2.3,2.3,7.7
2011-07-21,2011.5521,-9.6,-380.5,6.5,2.3,2.5,7.6
2011-07-22,2011.5548,-7.4,-379.2,1.7,2.3,2.3,7.9
2011-07-23,2011.5575,-10.9,-378.9,5.2,2.4,2.4,8.3
2011-07-24,2011.5603,-9.9,-379.1,-2.1,2.1,2.2,7.1
2011-07-25,2011.563,-8.9,-378.9,0.5,2.2,2.3,7.5
2011-07-26,2011.5658,-11.2,-378.9,2.5,2.4,2.5,7.8
2011-07-27,2011.5685,-8.4,-381.2,-3.0,2.3,2.3,7.5
2011-07-28,2011.5712,-9.1,-378.3,-5.2,1.9,1.9,6.1
2011-07-29,2011.574,-9.4,-377.6,-0.1,2.2,2.3,7.5
2011-07-30,2011.5767,-8.9,-378.9,5.6,2.2,2.2,7.2
2011-07-31,2011.5795,-9.0,-378.8,-4.8,2.1,2.3,6.7
2011-08-01,2011.5822,-9.2,-379.4,1.0,2.0,2.1,6.8
2011-08-02,2011.5849,-9.1,-379.0,0.3,2.0,2.1,6.5
2011-08-03,2011.5877,-9.1,-378.0,-5.3,2.4,2.5,7.8
2011-08-04,2011.5904,-9.0,-376.8,-1.4,2.7,2.8,8.9
2011-08-05,2011.5932,-8.6,-379.4,-4.0,2.2,2.4,7.1
2011-08-06,2011.5959,-8.7,-380.0,-2.7,2.3,2.5,7.4
2011-08-07,2011.5986,-7.9,-378.1,-1.4,2.3,2.4,7.4
2011-08-08,2011.6014,-6.8,-377.3,-0.4,2.3,2.4,7.3
2011-08-09,2011.6041,-7.7,-379.2,3.3,2.1,2.2,6.8
2011-08-10,2011.6068,-9.4,-377.2,-1.4,2.2,2.3,7.1
2011-08-11,2011.6096,-7.8,-379.9,-6.9,2.4,2.5,8.0
2011-08-12,2011.6123,-7.6,-377.2,-5.0,2.6,2.7,8.8
2011-08-13,2011.6151,-5.4,-378.3,-3.4,2.6,2.6,8.4
2011-08-14,2011.6178,-8.7,-375.9,2.4,4.9,7.8,15.0
2011-08-15,2011.6205,-8.0,-376.9,0.5,2.5,2.5,8.0
2011-08-16,2011.6233,-6.9,-377.5,1.2,2.6,2.6,8.8
2011-08-17,2011.626,-7.7,-379.0,-3.8,2.2,2.3,7.3
2011-08-18,2011.6288,-7.6,-379.6,-10.3,2.1,2.2,6.8
2011-08-19,2011.6315,-8.1,-378.2,-7.3,2.3,2.3,7.3
2011-08-20,2011.6342,-8.8,-377.8,-2.7,2.6,2.9,8.7
2011-08-21,2011.637,-7.3,-377.9,-4.85,2.4,2.5,8.55
2011-08-22,2011.6397,-6.6,-378.0,-7.0,2.5,2.6,8.4
2011-08-23,2011.6425,-7.8,-377.2,-8.0,2.4,2.4,7.7
2011-08-24,2011.6452,-7.1,-377.1,-3.6,2.0,2.0,6.5
2011-08-25,2011.6479,-9.0,-375.8,-4.7,2.0,2.0,6.3
2011-08-26,2011.6507,-7.4,-377.6,-0.2,2.0,2.1,6.4
2011-08-27,2011.6534,-6.4,-378.2,-1.4,2.1,2.1,6.6
2011-08-28,2011.6562,-7.8,-375.4,-3.1,2.0,2.0,6.4
2011-08-29,2011.6589,-6.4,-376.6,1.1,2.1,2.2,7.0
2011-08-30,2011.6616,-6.7,-378.3,-5.1,2.1,2.1,6.8
2011-08-31,2011.6644,-5.5,-377.0,-0.6,2.3,2.5,7.8
2011-09-01,2011.6671,-7.1,-375.6,0.7,2.2,2.2,7.2
2011-09-02,2011.6699,-6.1,-378.7,-1.9,2.3,2.3,7.5
2011-09-03,2011.6726,-6.5,-377.2,-6.3,2.1,2.1,6.9
2011-09-04,2011.6753,-7.4,-375.6,-7.5,2.2,2.3,7.3
2011-09-05,2011.6781,-8.4,-378.0,-6.2,1.9,2.0,6.2
2011-09-06,2011.6808,-5.8,-377.5,-10.8,2.2,2.3,7.4
2011-09-07,2011.6836,-6.7,-376.2,-6.8,2.1,2.2,6.8
2011-09-08,2011.6863,-7.1,-376.4,-8.3,2.1,2.1,6.8
2011-09-09,2011.689,-7.6,-375.9,-9.3,2.0,2.1,6.5
2011-09-10,2011.6918,-7.5,-378.0,-5.6,2.1,2.2,7.0
2011-09-11,2011.6945,-5.7,-377.3,-6.6,2.0,2.1,6.6
2011-09-12,2011.6973,-4.9,-377.6,-5.9,2.0,2.1,6.7
2011-09-13,2011.7,-6.7,-376.5,-5.3,1.5,1.5,4.2
2011-09-14,2011.7027,-6.9,-377.1,-4.9,2.1,2.3,6.8
2011-09-15,2011.7055,-5.9,-377.0,-7.0,1.9,2.0,5.9
2011-09-16,2011.7082,-6.7,-376.9,-6.2,1.9,2.0,6.1
2011-09-17,2011.711,-4.7,-375.9,-10.2,2.1,2.2,6.6
2011-09-18,2011.7137,-7.4,-375.1,-6.8,1.9,2.0,6.0
2011-09-19,2011.7164,-6.7,-375.8,-5.9,2.0,2.2,6.4
2011-09-20,2011.7192,-6.6,-374.3,-6.7,1.9,2.0,6.2
2011-09-21,2011.7219,-5.9,-375.3,-10.1,2.1,2.2,6.6
2011-09-22,2011.7247,-7.3,-374.7,-8.8,1.9,2.1,5.9
2011-09-23,2011.7274,-7.2,-375.5,-4.0,1.9,2.0,5.9
2011-09-24,2011.7301,-6.7,-375.4,-8.1,1.9,2.1,6.1
2011-09-25,2011.7329,-7.6,-374.1,-4.9,2.0,2.2,6.3
2011-09-26,2011.7356,-7.3,-372.4,-6.2,2.1,2.3,6.9
2011-09-27,2011.7384,-6.9,-374.4,-11.7,2.0,2.1,6.4
2011-09-28,2011.7411,-6.0,-375.0,-11.93,2.0,2.0,6.3
2011-09-29,2011.7438,-4.1,-375.1,-12.17,1.9,2.0,6.2
2011-09-30,2011.7466,-6.1,-374.2,-12.4,2.0,2.0,6.1
2011-10-01,2011.7493,-5.5,-374.2,-11.9,1.9,2.0,5.9
2011-10-02,2011.7521,-5.7,-373.6,-8.6,1.9,2.0,6.1
2011-10-03,2011.7548,-6.9,-373.3,-9.8,1.9,1.9,5.9
2011-10-04,2011.7575,-8.4,-375.1,-8.8,1.9,2.0,5.9
2011-10-05,2011.7603,-7.4,-374.9,-8.9,2.1,2.2,6.5
2011-10-06,2011.763,-7.8,-374.4,-6.7,1.9,1.9,6.0
2011-10-07,2011.7658,-7.6,-374.1,-5.5,1.8,1.9,5.8
2011-10-08,2011.7685,-7.0,-374.0,-5.0,1.9,2.0,6.2
2011-10-09,2011.7712,-6.9,-375.6,-7.4,2.0,2.0,6.3
2011-10-10,2011.774,-6.8,-374.2,-8.1,2.0,2.1,6.2
2011-10-11,2011.7767,-7.6,-375.2,-14.1,2.0,2.1,6.5
2011-10-12,2011.7795,-6.3,-374.9,-11.3,2.1,2.2,6.6
2011-10-13,,,,,,,
2011-10-14,,,,,,,
2011-10-15,,,,,,,
2011-10-16,2011.7904,-7.0,-374.1,-8.8,1.8,1.8,5.9
2011-10-17,2011.7932,-8.0,-373.6,-6.9,1.7,1.7,5.7
2011-10-18,2011.7959,-7.3,-373.8,-8.1,1.8,1.9,6.0
2011-10-19,2011.7986,-7.4,-375.0,-7.1,1.7,1.8,5.6
2011-10-20,2011.8014,-8.5,-375.4,-5.9,1.7,1.7,5.4
2011-10-21,2011.8041,-7.6,-374.8,-10.9,1.8,1.9,5.8
2011-10-22,2011.8068,-9.0,-374.4,-11.4,1.8,1.8,5.8
2011-10-23,2011.8096,-7.8,-373.3,-9.6,1.6,1.7,5.4
2011-10-24,2011.8123,-7.2,-374.7,-8.6,1.8,1.8,5.8
2011-10-25,2011.8151,-7.3,-373.2,-8.3,1.8,1.9,5.9
2011-10-26,2011.8178,-7.1,-373.7,-10.4,1.6,1.6,5.4
2011-10-27,2011.8205,-7.8,-373.7,-8.1,1.8,1.8,5.8
2011-10-28,2011.8233,-8.7,-372.8,-5.3,1.7,1.8,5.6
2011-10-29,2011.826,-7.2,-374.3,-2.4,2.0,2.2,6.6
2011-10-30,2011.8288,-7.3,-374.2,-7.6,1.4,1.5,4.5
2011-10-31,2011.8315,-7.6,-373.9,-10.5,1.6,1.8,5.1
2011-11-01,2011.8342,-7.2,-373.1,-6.1,1.4,1.4,4.5
2011-11-02,2011.837,-6.9,-372.9,-3.0,1.5,1.6,4.6
2011-11-03,2011.8397,-7.3,-371.7,-7.7,1.7,1.9,5.1
2011-11-04,2011.8425,-5.8,-372.3,-6.6,1.5,1.7,4.7
2011-11-05,2011.8452,-7.0,-373.5,-7.4,1.8,1.8,5.7
2011-11-06,2011.8479,-6.8,-372.0,-8.65,2.1,2.2,5.6
2011-11-07,2011.8507,-7.7,-372.0,-9.9,1.7,1.7,5.5
2011-11-08,2011.8534,-8.3,-372.9,-4.7,1.9,2.0,5.9
2011-11-09,2011.8562,-7.1,-374.2,-1.5,1.9,2.0,6.0
2011-11-10,2011.8589,-7.2,-373.3,-7.0,1.9,2.0,6.3
2011-11-11,2011.8616,-7.6,-372.7,-8.4,2.0,2.1,6.3
2011-11-12,2011.8644,-7.4,-371.8,-8.0,1.8,1.8,5.7
2011-11-13,2011.8671,-6.9,-373.0,-6.1,1.9,1.9,5.9
2011-11-14,2011.8699,-8.2,-371.6,-7.6,1.7,1.7,5.6
2011-11-15,2011.8726,-8.4,-373.4,-6.2,1.8,1.8,5.6
2011-11-16,2011.8753,-6.9,-373.4,-4.7,1.9,2.0,6.0
2011-11-17,2011.8781,-6.4,-372.6,-5.7,1.9,1.9,5.9
2011-11-18,2011.8808,-6.1,-371.1,-8.5,1.9,1.9,6.0
2011-11-19,2011.8836,-6.5,-370.8,-5.3,1.9,1.9,5.9
2011-11-20,2011.8863,-7.8,-372.4,-9.3,1.9,1.9,6.0
2011-11-21,2011.889,-6.2,-370.8,-8.8,1.8,1.9,5.7
2011-11-22,2011.8918,-5.6,-369.9,-9.2,1.8,1.9,5.5
2011-11-23,2011.8945,-6.8,-370.9,-3.2,1.9,2.0,5.9
2011-11-24,2011.8973,-6.7,-371.6,-4.4,1.7,1.7,5.4
2011-11-25,2011.9,-6.8,-370.1,-1.8,1.9,2.0,6.0
2011-11-26,2011.9027,-7.1,-370.3,-1.8,1.8,1.9,5.8
2011-11-27,2011.9055,-7.2,-370.7,-4.5,1.8,1.9,5.7
2011-11-28,2011.9082,-6.6,-368.6,-7.1,1.8,2.0,5.6
2011-11-29,2011.911,-5.9,-370.0,-7.0,1.8,1.8,5.6
2011-11-30,2011.9137,-6.5,-370.4,-7.3,1.8,1.8,5.75
2011-12-01,2011.9164,-6.9,-369.4,-7.6,1.9,1.9,5.9
2011-12-02,2011.9192,-7.2,-369.9,-5.2,2.0,1.9,6.2
2011-12-03,2011.9219,-6.9,-369.4,-4.5,1.8,1.8,5.7
2011-12-04,2011.9247,-8.0,-369.2,-5.7,1.9,2.0,6.1
2011-12-05,2011.9274,-6.5,-368.3,-10.5,1.7,1.7,5.4
2011-12-06,2011.9301,-5.7,-369.2,-12.4,1.9,1.9,5.8
2011-12-07,2011.9329,-7.3,-369.6,-12.6,1.8,1.8,5.7
2011-12-08,2011.9356,-7.4,-367.3,-12.5,1.7,1.7,5.85
2011-12-09,2011.9384,-7.2,-369.8,-12.4,1.9,2.0,6.0
2011-12-10,2011.9411,-7.9,-369.7,-11.8,1.8,1.8,5.7
2011-12-11,2011.9438,-8.9,-369.0,-10.1,1.8,1.7,5.5
2011-12-12,2011.9466,-8.9,-368.7,-9.6,1.8,1.8,5.6
2011-12-13,2011.9493,-7.7,-368.9,-12.5,1.8,1.9,5.5
2011-12-14,2011.9521,-8.1,-368.7,-15.9,1.8,1.8,5.5
2011-12-15,2011.9548,-7.5,-370.2,-13.5,1.8,1.8,5.7
2011-12-16,2011.9575,-9.1,-370.3,-13.0,1.8,1.8,5.6
2011-12-17,2011.9603,-9.1,-369.5,-11.8,1.8,1.8,5.8
2011-12-18,2011.963,-8.7,-370.2,-9.7,1.9,1.8,5.9
2011-12-19,2011.9658,-7.8,-370.4,-10.4,1.8,1.7,5.5
2011-12-20,2011.9685,-7.3,-369.9,-16.1,1.8,1.8,5.7
2011-12-21,2011.9712,-7.9,-369.0,-16.7,1.9,1.9,5.8
2011-12-22,2011.974,-8.4,-369.5,-17.7,1.7,1.7,5.4
2011-12-23,2011.9767,-8.6,-368.5,-15.8,1.7,1.8,5.4
2011-12-24,2011.9795,-9.9,-370.2,-18.3,2.0,2.1,6.2
2011-12-25,2011.9822,-8.5,-370.0,-12.9,1.8,1.8,5.5
2011-12-26,2011.9849,-8.9,-369.0,-12.5,1.7,1.8,5.3
2011-12-27,2011.9877,-8.6,-368.8,-10.7,1.8,1.8,5.6
2011-12-28,2011.9904,-8.6,-368.9,-10.4,1.7,1.7,5.4
2011-12-29,2011.9932,-8.9,-368.9,-11.7,1.8,1.8,5.7
2011-12-30,2011.9959,-8.9,-369.6,-15.0,1.8,1.8,5.5
2011-12-31,2011.9986,-6.9,-368.0,-15.2,1.7,1.8,5.5
2012-01-01,2012.0014,-8.1,-369.1,-12.2,1.7,1.8,5.5
2012-01-02,2012.0041,-7.8,-367.1,-15.5,1.7,1.8,5.5
2012-01-03,2012.0068,-8.1,-367.3,-13.7,1.7,1.7,5.4
2012-01-04,2012.0096,-8.8,-366.6,-10.5,1.7,1.8,5.4
2012-01-05,2012.0123,-7.9,-367.0,-12.6,1.9,1.9,6.0
2012-01-06,2012.015,-5.8,-367.2,-12.8,1.6,1.6,5.2
2012-01-07,2012.0178,-7.4,-367.1,-16.1,1.7,1.8,5.5
2012-01-08,2012.0205,-7.1,-367.6,-15.9,1.7,1.8,5.4
2012-01-09,2012.0232,-5.7,-366.5,-15.6,1.8,1.8,5.5
2012-01-10,2012.026,-5.9,-365.2,-11.6,1.7,1.8,5.3
2012-01-11,2012.0287,-5.1,-366.1,-6.6,1.7,1.8,5.5
2012-01-12,2012.0314,-5.0,-365.9,-8.2,1.8,1.8,5.5
2012-01-13,2012.0342,-5.9,-365.7,-6.5,1.8,1.9,5.5
2012-01-14,2012.0369,-6.0,-366.4,-4.1,1.7,1.7,5.4
2012-01-15,2012.0396,-4.7,-366.4,-4.9,1.7,1.7,5.3
2012-01-16,2012.0423,-3.6,-367.0,-3.2,1.8,1.9,5.5
2012-01-17,2012.0451,-5.1,-365.6,-3.1,1.9,2.0,5.8
2012-01-18,2012.0478,-3.5,-364.6,-4.6,1.7,1.9,5.5
2012-01-19,2012.0505,-3.7,-364.4,-7.4,1.8,1.9,5.7
2012-01-20,2012.0533,-4.3,-364.6,-7.5,1.7,1.8,5.5
2012-01-21,2012.056,-2.9,-364.9,-10.6,1.7,1.8,5.3
2012-01-22,2012.0587,-4.4,-364.8,-7.4,1.6,1.7,5.2
2012-01-23,2012.0615,-5.4,-364.6,-9.9,1.8,1.9,5.7
2012-01-24,2012.0642,-6.4,-363.4,-9.9,1.8,1.9,5.7
2012-01-25,2012.0669,-5.8,-364.3,-8.4,1.9,2.0,5.9
2012-01-26,2012.0697,-6.2,-363.7,-9.1,1.7,1.8,5.5
2012-01-27,2012.0724,-5.7,-364.2,-10.8,1.7,1.9,5.5
2012-01-28,2012.0751,-4.4,-363.8,-10.1,1.6,1.7,5.3
2012-01-29,2012.0779,-5.7,-364.4,-7.3,1.8,2.0,5.9
2012-01-30,2012.0806,-6.4,-364.4,-7.8,1.9,2.2,6.2
2012-01-31,2012.0833,-6.1,-364.8,-6.8,1.7,1.9,5.6
2012-02-01,2012.0861,-5.9,-364.3,-9.4,1.7,1.8,5.5
2012-02-02,2012.0888,-6.6,-363.5,-7.0,1.8,2.0,5.9
2012-02-03,2012.0915,-8.4,-364.1,-1.4,1.7,1.8,5.5
2012-02-04,2012.0943,-7.2,-363.5,-1.5,1.8,2.0,5.65
2012-02-05,2012.097,-7.0,-362.8,-1.6,1.8,1.9,5.8
2012-02-06,2012.0997,-7.5,-363.2,-4.2,1.8,1.9,5.8
2012-02-07,2012.1025,-4.5,-363.9,-5.7,1.6,1.7,5.4
2012-02-08,2012.1052,-4.9,-363.5,-4.4,1.6,1.7,5.3
2012-02-09,2012.1079,-6.4,-362.6,-6.6,1.7,1.8,5.6
2012-02-10,2012.1107,-6.8,-362.8,-3.4,1.6,1.6,5.3
2012-02-11,2012.1134,-6.7,-363.7,-6.2,1.6,1.7,5.3
2012-02-12,2012.1161,-7.1,-363.2,-9.3,1.7,1.7,5.5
2012-02-13,2012.1189,-7.9,-361.7,-8.8,1.8,2.0,5.8
2012-02-14,2012.1216,-6.3,-362.5,-9.9,1.7,1.8,5.6
2012-02-15,2012.1243,-4.8,-363.3,-9.9,1.5,1.6,5.1
2012-02-16,2012.127,-6.3,-361.7,-10.1,1.5,1.6,5.1
2012-02-17,2012.1298,-6.5,-361.7,-6.8,1.6,1.7,5.3
2012-02-18,2012.1325,-7.2,-361.8,-6.1,1.7,1.8,5.6
2012-02-19,2012.1352,-7.1,-361.6,-3.6,1.9,1.9,6.3
2012-02-20,2012.138,-8.4,-362.1,-5.6,1.9,2.1,6.2
2012-02-21,2012.1407,-6.8,-361.8,-3.4,1.9,1.9,6.0
2012-02-22,2012.1434,-7.9,-362.2,-7.6,1.9,2.0,6.1
2012-02-23,2012.1462,-6.5,-360.7,-7.5,1.8,1.9,5.8
2012-02-24,2012.1489,-6.4,-361.2,-7.8,1.7,1.8,5.5
2012-02-25,2012.1516,-6.1,-362.3,-7.4,1.6,1.7,5.4
2012-02-26,2012.1544,-5.7,-360.3,-6.3,1.6,1.6,5.2
2012-02-27,2012.1571,-7.0,-362.5,-2.2,1.6,1.6,5.2
2012-02-28,2012.1598,-5.6,-363.2,-3.2,1.6,1.6,5.2
2012-02-29,2012.1626,-5.2,-362.3,-5.0,1.6,1.6,5.2
2012-03-01,2012.1653,-5.7,-362.0,-2.6,1.7,1.7,5.5
2012-03-02,2012.168,-5.8,-360.9,-4.0,1.7,1.8,5.7
2012-03-03,2012.1708,-5.6,-361.4,-5.6,1.7,1.8,5.5
2012-03-04,2012.1735,-5.9,-361.6,-1.9,1.7,1.8,5.6
2012-03-05,2012.1762,-4.6,-362.3,-4.7,1.7,1.8,5.4
2012-03-06,2012.179,-3.9,-362.6,-3.4,1.6,1.7,5.3
2012-03-07,2012.1817,-4.0,-362.6,-5.8,1.6,1.7,5.3
2012-03-08,2012.1844,-4.3,-362.5,-6.8,1.8,2.0,5.7
2012-03-09,2012.1872,-3.4,-362.3,-7.9,1.5,1.6,5.0
2012-03-10,2012.1899,-3.9,-363.1,-6.8,1.5,1.6,5.0
2012-03-11,2012.1926,-6.3,-361.4,-9.4,1.6,1.7,5.2
2012-03-12,2012.1954,-6.0,-361.4,-6.3,1.8,2.0,5.8
2012-03-13,2012.1981,-5.8,-360.3,-5.0,1.8,2.1,5.9
2012-03-14,2012.2008,-4.3,-359.6,-4.0,1.8,2.0,5.9
2012-03-15,2012.2036,-5.2,-360.6,-5.8,1.8,2.0,5.7
2012-03-16,2012.2063,-5.4,-362.7,-3.1,1.6,1.8,5.3
2012-03-17,2012.209,-3.6,-361.5,-3.1,1.9,2.3,6.2
2012-03-18,2012.2117,-4.2,-360.8,-2.2,1.8,2.0,5.8
2012-03-19,2012.2145,-4.4,-362.4,-3.4,1.8,1.9,5.7
2012-03-20,2012.2172,-3.8,-361.3,-5.8,1.6,1.7,5.2
2012-03-21,2012.2199,-4.5,-361.7,-8.8,1.7,1.8,5.4
2012-03-22,2012.2227,-4.7,-359.7,-7.7,1.8,2.0,5.55
2012-03-23,2012.2254,-5.0,-360.2,-6.6,1.8,2.0,5.7
2012-03-24,2012.2281,-5.8,-360.9,-10.1,1.6,1.7,5.2
2012-03-25,2012.2309,-7.0,-360.7,-8.5,1.6,1.8,5.3
2012-03-26,2012.2336,-6.5,-360.0,-8.5,1.6,1.8,5.4
2012-03-27,2012.2363,-6.5,-359.3,-8.7,1.7,1.8,5.6
2012-03-28,2012.2391,-4.8,-361.1,-13.0,1.8,1.9,5.9
2012-03-29,2012.2418,-4.9,-360.8,-12.4,1.7,1.8,5.6
2012-03-30,2012.2445,-6.4,-359.0,-10.9,1.7,1.7,5.4
2012-03-31,2012.2473,-7.3,-360.2,-4.3,1.7,1.8,5.7
2012-04-01,2012.25,-5.5,-360.9,-1.8,1.8,2.0,6.0
2012-04-02,2012.2527,-5.1,-360.5,-8.4,1.8,1.9,5.8
2012-04-03,2012.2555,-6.1,-360.7,-8.1,1.7,1.8,5.5
2012-04-04,2012.2582,-6.2,-359.9,-7.4,2.0,2.2,6.5
2012-04-05,2012.2609,-4.9,-360.3,-6.6,2.1,2.3,6.4
2012-04-06,2012.2637,-5.6,-360.5,-5.8,1.9,2.2,6.3
2012-04-07,2012.2664,-4.8,-359.6,-6.2,1.7,1.9,5.7
2012-04-08,2012.2691,-5.3,-360.2,-7.4,1.8,2.2,5.9
2012-04-09,2012.2719,-4.7,-359.8,-4.9,1.8,2.0,5.9
2012-04-10,2012.2746,-4.3,-359.2,-11.1,1.7,1.8,5.5
2012-04-11,2012.2773,-5.6,-359.0,-8.2,1.8,1.9,5.7
2012-04-12,2012.2801,-6.3,-360.1,-5.8,1.6,1.7,5.5
2012-04-13,2012.2828,-6.6,-359.4,-4.8,1.9,2.1,6.0
2012-04-14,2012.2855,-5.0,-359.2,-8.2,1.8,1.9,5.8
2012-04-15,2012.2883,-5.1,-359.9,-5.6,1.6,1.7,5.3
2012-04-16,2012.291,-6.5,-359.2,-1.5,1.9,2.1,6.2
2012-04-17,2012.2937,-6.6,-359.6,-4.0,1.9,2.1,6.2
2012-04-18,2012.2964,-6.2,-358.8,-5.8,1.7,1.8,5.7
2012-04-19,2012.2992,-6.5,-358.4,-7.0,2.0,2.1,6.5
2012-04-20,2012.3019,-7.0,-357.3,-1.6,1.6,1.7,5.3
2012-04-21,2012.3046,-6.9,-358.0,-4.8,1.8,1.9,5.8
2012-04-22,2012.3074,-5.1,-357.2,0.0,1.8,1.9,6.0
2012-04-23,2012.3101,-7.0,-357.4,-10.2,1.9,2.2,6.3
2012-04-24,2012.3128,-4.9,-357.5,-8.5,1.8,1.9,5.8
2012-04-25,2012.3156,-6.9,-357.3,-6.7,1.7,1.9,5.6
2012-04-26,2012.3183,-6.9,-356.7,-4.6,1.8,2.0,5.7
2012-04-27,2012.321,-7.3,-355.2,-0.1,1.9,2.1,6.1
2012-04-28,2012.3238,-6.7,-355.7,-2.3,1.1,1.2,3.3
2012-04-29,2012.3265,-6.5,-356.4,-2.8,1.7,1.8,5.5
2012-04-30,2012.3292,-6.7,-357.1,-0.3,1.8,1.9,5.8
2012-05-01,2012.332,-5.3,-356.6,-1.6,1.9,2.1,6.3
2012-05-02,2012.3347,-7.1,-355.9,-2.1,1.7,1.8,5.5
2012-05-03,2012.3374,-6.2,-354.7,-4.6,1.9,2.2,6.4
2012-05-04,2012.3402,-5.0,-356.2,-4.7,1.8,2.0,6.1
2012-05-05,2012.3429,-7.0,-355.4,-5.5,1.8,1.9,5.8
2012-05-06,2012.3456,-6.0,-355.0,-1.1,1.9,2.0,6.2
2012-05-07,2012.3484,-7.5,-355.2,-5.0,2.0,2.1,6.2
2012-05-08,2012.3511,-7.1,-355.4,-5.2,1.9,1.9,6.2
2012-05-09,2012.3538,-7.2,-354.8,-3.8,2.3,2.5,7.8
2012-05-10,2012.3566,-6.1,-356.7,-9.8,2.0,2.1,6.8
2012-05-11,2012.3593,-5.8,-356.0,-6.2,2.0,2.2,6.1
2012-05-12,2012.362,-7.0,-355.8,-2.6,1.6,1.7,5.4
2012-05-13,2012.3648,-5.9,-355.4,-2.6,1.8,2.0,5.9
2012-05-14,2012.3675,-7.2,-354.5,-4.5,1.8,2.0,5.9
2012-05-15,2012.3702,-7.8,-355.1,2.0,1.6,1.8,5.3
2012-05-16,2012.373,-7.2,-355.6,3.3,2.0,2.2,6.3
2012-05-17,2012.3757,-8.3,-354.5,0.9,1.8,1.9,6.1
2012-05-18,2012.3784,-7.4,-353.9,-1.5,1.8,1.9,5.9
2012-05-19,2012.3811,-6.6,-355.0,-3.6,2.5,2.6,8.6
2012-05-20,2012.3839,-6.7,-354.8,-4.6,2.2,2.3,7.4
2012-05-21,2012.3866,-7.4,-354.0,-0.9,1.9,2.1,6.4
2012-05-22,2012.3893,-5.9,-355.5,-0.2,1.9,2.1,6.2
2012-05-23,2012.3921,-8.6,-353.2,1.4,2.1,2.4,6.6
2012-05-24,2012.3948,-8.7,-354.0,1.8,2.0,2.2,6.5
2012-05-25,2012.3975,-7.5,-353.9,5.7,2.0,2.2,6.4
2012-05-26,2012.4003,-8.5,-352.4,1.3,2.2,2.5,7.0
2012-05-27,2012.403,-5.8,-353.5,-3.1,2.1,2.3,6.9
2012-05-28,2012.4057,-7.7,-352.2,-3.6,1.9,2.0,6.3
2012-05-29,2012.4085,-7.9,-352.6,-0.6,1.6,1.7,5.3
2012-05-30,2012.4112,-7.7,-352.5,-1.9,1.8,1.9,6.0
2012-05-31,2012.4139,-9.0,-353.6,-3.1,2.0,2.1,6.6
2012-06-01,2012.4167,-8.2,-350.6,0.6,2.1,2.2,6.7
2012-06-02,2012.4194,-8.2,-352.4,2.6,1.9,2.0,6.3
2012-06-03,2012.4221,-8.4,-352.6,-3.5,2.0,2.1,6.4
2012-06-04,2012.4249,-8.0,-353.8,0.0,1.9,2.0,6.3
2012-06-05,2012.4276,-8.9,-355.3,-6.0,2.3,2.5,7.8
2012-06-06,2012.4303,-8.6,-353.1,-6.5,2.3,2.4,7.6
2012-06-07,2012.4331,-8.2,-354.2,-2.4,2.2,2.3,7.1
2012-06-08,2012.4358,-8.0,-354.0,-5.2,1.9,2.0,6.2
2012-06-09,2012.4385,-6.8,-351.8,1.2,2.0,2.1,6.7
2012-06-10,2012.4413,-7.6,-352.7,-1.9,1.8,1.8,6.1
2012-06-11,2012.444,-8.2,-353.0,-2.8,1.8,1.9,6.1
2012-06-12,2012.4467,-10.5,-352.3,3.6,2.2,2.4,7.1
2012-06-13,2012.4495,-9.2,-351.7,-3.7,2.0,2.0,6.5
2012-06-14,2012.4522,-9.5,-352.9,0.7,2.2,2.2,7.4
2012-06-15,2012.4549,-10.0,-351.3,-0.0,2.0,2.1,6.7
2012-06-16,2012.4577,-10.8,-351.8,-0.7,2.3,2.3,7.5
2012-06-17,2012.4604,-10.0,-351.2,0.2,2.2,2.2,7.2
2012-06-18,2012.4631,-9.1,-353.0,3.2,2.3,2.3,7.6
2012-06-19,2012.4658,-10.7,-353.7,4.6,2.1,2.2,6.8
2012-06-20,2012.4686,-9.2,-351.5,6.3,2.1,2.1,6.9
2012-06-21,2012.4713,-6.9,-353.7,-2.1,2.1,2.1,6.7
2012-06-22,2012.474,-9.2,-352.0,4.2,2.4,2.5,7.9
2012-06-23,2012.4768,-9.0,-350.9,1.4,2.0,2.0,6.4
2012-06-24,2012.4795,-9.0,-352.3,-2.4,2.0,2.0,6.9
2012-06-25,2012.4822,-9.6,-351.9,4.6,2.1,2.2,7.0
2012-06-26,2012.485,-10.2,-350.3,1.5,2.0,2.0,6.6
2012-06-27,2012.4877,-9.3,-350.8,2.4,2.3,2.2,7.6
2012-06-28,2012.4904,-8.5,-350.4,2.6,2.1,2.1,6.9
2012-06-29,2012.4932,-11.4,-349.9,7.6,2.9,2.9,10.1
2012-06-30,2012.4959,-8.6,-350.1,3.9,2.4,2.5,8.0
2012-07-01,2012.4986,-8.4,-351.0,-3.7,2.2,2.2,7.3
2012-07-02,2012.5014,-10.0,-349.3,-2.8,2.6,2.6,9.1
2012-07-03,2012.5041,-8.1,-350.6,2.6,2.4,2.4,8.0
2012-07-04,2012.5068,-7.5,-350.5,2.6,2.4,2.4,7.8
2012-07-05,2012.5096,-8.9,-350.5,-1.5,2.0,2.1,6.7
2012-07-06,2012.5123,-9.7,-350.6,0.1,2.1,2.1,7.1
2012-07-07,2012.515,-8.3,-349.5,0.6,2.1,2.2,7.2
2012-07-08,2012.5178,-7.9,-349.3,2.7,2.4,2.5,8.1
2012-07-09,2012.5205,-8.3,-350.0,-1.2,2.0,2.2,6.5
2012-07-10,2012.5232,-9.1,-348.8,-2.0,2.2,2.2,7.3
2012-07-11,2012.526,-8.1,-349.2,-0.9,2.1,2.3,7.1
2012-07-12,2012.5287,-8.6,-347.4,-4.2,2.0,2.0,6.6
2012-07-13,2012.5314,-9.1,-349.2,0.4,2.4,2.5,7.9
2012-07-14,2012.5342,-8.0,-349.0,3.7,2.0,2.1,6.7
2012-07-15,2012.5369,-7.5,-347.9,-0.5,2.0,2.1,6.9
2012-07-16,2012.5396,-9.8,-348.2,-4.5,2.4,2.4,8.3
2012-07-17,2012.5423,-8.4,-348.1,0.8,1.8,2.0,6.2
2012-07-18,2012.5451,-8.6,-349.0,-2.5,2.1,2.3,6.9
2012-07-19,2012.5478,-9.4,-347.9,5.1,2.5,2.5,8.5
2012-07-20,2012.5505,-8.9,-346.6,0.2,2.4,2.5,8.1
2012-07-21,2012.5533,-7.6,-347.3,-0.5,2.1,2.2,7.0
2012-07-22,2012.556,-6.9,-348.7,-2.7,2.2,2.3,7.4
2012-07-23,2012.5587,-10.4,-347.8,-1.7,2.6,2.8,8.7
2012-07-24,2012.5615,-8.3,-347.7,-7.0,2.1,2.2,6.9
2012-07-25,2012.5642,-9.2,-345.1,-2.1,2.1,2.2,6.7
2012-07-26,2012.5669,-8.8,-348.0,-2.9,2.0,2.2,6.6
2012-07-27,2012.5697,-8.5,-345.9,-0.8,2.1,2.3,7.1
2012-07-28,2012.5724,-7.6,-346.3,0.7,2.1,2.3,7.1
2012-07-29,2012.5751,-8.6,-347.0,-1.0,2.5,2.6,8.5
2012-07-30,2012.5779,-7.4,-345.9,1.4,2.1,2.2,8.0
2012-07-31,2012.5806,-9.4,-346.4,3.8,2.3,2.4,7.5
2012-08-01,2012.5833,-8.3,-346.4,-1.8,2.2,2.4,7.3
2012-08-02,2012.5861,-9.8,-346.8,3.7,2.4,2.6,7.9
2012-08-03,2012.5888,-6.7,-344.2,-4.4,2.1,2.2,7.0
2012-08-04,2012.5915,-7.6,-344.2,-2.7,2.1,2.2,6.9
2012-08-05,2012.5943,-7.1,-346.5,-6.4,2.0,2.2,6.5
2012-08-06,2012.597,-8.8,-345.3,-8.0,2.0,2.1,8.0
2012-08-07,2012.5997,-7.4,-345.1,-9.6,2.8,2.9,9.5
2012-08-08,2012.6025,-7.2,-345.4,-0.9,2.3,2.4,7.8
2012-08-09,2012.6052,-8.5,-340.5,5.8,3.7,5.0,13.9
2012-08-10,,,,,,,
2012-08-11,2012.6107,-7.2,-345.2,-0.8,2.5,2.6,11.05
2012-08-12,2012.6134,-6.8,-345.5,-7.4,2.4,2.5,8.2
2012-08-13,2012.6161,-7.0,-345.8,-6.1,2.6,2.7,8.8
2012-08-14,2012.6189,-8.2,-344.8,-5.1,2.2,2.2,7.4
2012-08-15,2012.6216,-8.6,-345.1,0.6,2.2,2.3,7.4
2012-08-16,2012.6243,-8.4,-345.2,-5.1,2.1,2.3,6.8
2012-08-17,2012.627,-7.9,-345.2,-3.1,2.0,2.1,6.8
2012-08-18,2012.6298,-8.2,-346.2,-0.9,2.1,2.1,7.0
2012-08-19,2012.6325,-8.5,-346.1,-7.8,2.1,2.2,7.1
2012-08-20,2012.6352,-6.8,-343.7,-8.7,2.0,2.1,6.7
2012-08-21,2012.638,-8.1,-344.0,-13.0,1.8,1.9,5.9
2012-08-22,2012.6407,-9.1,-344.2,-7.8,1.9,2.1,6.3
2012-08-23,2012.6434,-9.0,-343.8,-6.0,2.0,2.1,6.6
2012-08-24,2012.6462,-7.5,-344.1,-6.8,2.0,2.1,6.5
2012-08-25,2012.6489,-8.2,-344.0,-0.9,2.1,2.3,6.9
2012-08-26,2012.6516,-8.7,-344.2,-8.1,1.8,1.9,5.9
2012-08-27,2012.6544,-7.1,-343.9,-0.6,2.1,2.2,6.8
2012-08-28,2012.6571,-7.4,-344.4,-6.4,2.0,2.1,6.7
2012-08-29,2012.6598,-9.6,-344.2,-1.7,2.1,2.2,6.8
2012-08-30,2012.6626,-7.4,-345.5,-11.7,2.2,2.4,7.5
2012-08-31,2012.6653,-7.1,-344.0,-11.9,2.4,2.7,8.1
2012-09-01,2012.668,-7.4,-344.1,-9.1,1.9,2.0,6.2
2012-09-02,2012.6708,-9.0,-342.2,-9.0,1.7,1.7,5.3
2012-09-03,2012.6735,-8.3,-343.0,-7.3,1.8,2.0,6.0
2012-09-04,2012.6762,-8.3,-344.1,-5.6,1.9,2.2,6.3
2012-09-05,2012.679,-9.1,-343.3,-4.6,2.0,2.3,6.6
2012-09-06,2012.6817,-6.9,-344.8,-5.7,2.2,2.3,7.2
2012-09-07,2012.6844,-8.0,-344.6,-7.2,2.1,2.5,6.7
2012-09-08,2012.6872,-7.3,-344.2,-5.9,1.9,2.1,6.3
2012-09-09,2012.6899,-9.9,-344.5,-6.9,2.0,2.2,6.8
2012-09-10,2012.6926,-8.5,-343.0,-7.0,2.0,2.1,6.6
2012-09-11,2012.6954,-7.6,-341.5,-9.35,1.9,2.0,6.4
2012-09-12,2012.6981,-8.8,-342.5,-11.7,1.9,2.1,6.2
2012-09-13,2012.7008,-8.6,-342.7,-10.3,1.9,2.1,6.2
2012-09-14,2012.7036,-8.4,-342.0,-9.2,1.9,2.1,6.0
2012-09-15,2012.7063,-6.7,-342.4,-7.3,1.7,1.8,5.5
2012-09-16,2012.709,-7.0,-342.0,-9.05,1.9,2.0,5.65
2012-09-17,2012.7117,-7.4,-343.1,-10.8,1.8,1.9,5.8
2012-09-18,2012.7145,-7.4,-341.7,-2.8,2.0,2.1,6.4
2012-09-19,2012.7172,-5.7,-342.7,-7.0,1.9,2.1,6.2
2012-09-20,2012.7199,-6.3,-343.6,-9.0,1.8,2.0,5.7
2012-09-21,2012.7227,-6.3,-343.8,-12.6,1.8,2.0,5.9
2012-09-22,2012.7254,-6.0,-343.3,-7.8,1.9,1.9,6.2
2012-09-23,2012.7281,-6.4,-342.7,-15.2,1.9,1.9,6.2
2012-09-24,2012.7309,-7.2,-342.5,-15.4,2.0,2.1,6.4
2012-09-25,2012.7336,-7.0,-343.6,-17.4,1.7,1.8,5.5
2012-09-26,2012.7363,-7.2,-343.2,-13.7,1.6,1.6,5.0
2012-09-27,2012.7391,-9.5,-342.7,-15.2,1.6,1.7,5.3
2012-09-28,2012.7418,-8.2,-342.4,-16.8,1.8,1.9,5.6
2012-09-29,2012.7445,-7.1,-342.9,-13.3,1.6,1.6,5.0
2012-09-30,2012.7473,-7.6,-342.9,-10.7,1.9,1.9,5.9
2012-10-01,2012.75,-8.6,-343.4,-7.7,1.9,2.0,6.1
2012-10-02,2012.7527,-6.6,-341.4,-9.8,1.9,2.0,6.0
2012-10-03,2012.7555,-6.6,-342.8,-14.9,1.9,2.0,6.0
2012-10-04,2012.7582,-6.7,-343.3,-11.1,1.7,1.8,5.5
2012-10-05,2012.7609,-8.3,-342.2,-10.9,1.6,1.6,5.2
2012-10-06,2012.7637,-8.2,-342.4,-5.6,1.9,1.9,5.9
2012-10-07,2012.7664,-8.6,-344.0,-15.4,1.7,1.7,5.5
2012-10-08,2012.7691,-7.2,-341.5,-14.7,1.9,2.0,6.2
2012-10-09,2012.7719,-8.7,-342.4,-12.4,1.7,1.8,5.5
2012-10-10,2012.7746,-7.1,-342.2,-11.6,1.8,1.9,5.7
2012-10-11,2012.7773,-7.3,-344.0,-11.3,1.6,1.6,5.1
2012-10-12,2012.7801,-7.7,-341.5,-10.4,1.9,2.0,6.0
2012-10-13,2012.7828,-7.7,-342.0,-9.6,1.6,1.7,5.2
2012-10-14,2012.7855,-6.0,-341.5,-9.6,1.8,1.9,5.8
2012-10-15,2012.7883,-6.5,-341.8,-15.2,1.9,1.9,6.2
2012-10-16,2012.791,-6.7,-342.3,-14.5,1.8,1.9,6.0
2012-10-17,2012.7937,-6.3,-341.6,-11.5,1.8,1.9,5.8
2012-10-18,2012.7964,-8.4,-342.6,-10.5,1.7,1.8,5.4
2012-10-19,2012.7992,-7.9,-342.2,-11.2,1.8,1.9,5.7
2012-10-20,2012.8019,-8.1,-341.1,-15.1,1.9,1.9,5.9
2012-10-21,2012.8046,-8.4,-341.5,-14.6,1.8,1.9,5.8
2012-10-22,2012.8074,-9.0,-341.7,-11.5,1.7,1.8,5.6
2012-10-23,2012.8101,-7.0,-341.5,-7.4,1.8,1.9,5.5
2012-10-24,2012.8128,-8.9,-341.7,-7.0,1.7,1.7,5.5
2012-10-25,2012.8156,-7.8,-340.9,-7.7,1.6,1.6,5.3
2012-10-26,2012.8183,-8.4,-340.2,-10.6,1.6,1.7,5.4
2012-10-27,2012.821,-7.6,-340.4,-12.9,1.8,1.9,5.8
2012-10-28,2012.8238,-7.3,-341.4,-12.5,1.9,2.0,6.0
2012-10-29,2012.8265,-6.4,-341.3,-15.9,1.7,1.8,5.5
2012-10-30,2012.8292,-8.2,-341.3,-13.0,1.6,1.6,5.1
2012-10-31,2012.832,-7.7,-341.2,-11.5,1.7,1.7,5.4
2012-11-01,2012.8347,-8.0,-341.0,-10.8,1.8,1.8,5.9
2012-11-02,2012.8374,-6.8,-340.3,-15.1,1.8,1.9,5.9
2012-11-03,2012.8402,-8.4,-340.4,-14.8,1.7,1.7,5.4
2012-11-04,2012.8429,-6.9,-338.9,-12.4,1.6,1.6,5.1
2012-11-05,2012.8456,-7.8,-340.3,-11.7,1.6,1.6,5.3
2012-11-06,2012.8484,-6.8,-341.1,-12.9,1.7,1.7,5.4
2012-11-07,2012.8511,-7.5,-340.0,-11.0,1.8,1.8,5.65
2012-11-08,2012.8538,-6.1,-340.5,-9.1,1.8,1.9,5.9
2012-11-09,2012.8566,-7.7,-340.1,-15.0,1.9,1.9,6.0
2012-11-10,2012.8593,-8.3,-339.5,-14.8,1.7,1.7,5.5
2012-11-11,2012.862,-8.6,-339.2,-12.6,1.6,1.7,5.4
2012-11-12,2012.8648,-8.8,-339.2,-9.0,1.6,1.5,5.2
2012-11-13,2012.8675,-9.0,-338.1,-6.1,1.8,1.9,5.7
2012-11-14,2012.8702,-8.5,-339.0,-10.7,1.7,1.8,5.6
2012-11-15,2012.873,-9.6,-338.7,-10.8,1.7,1.7,5.5
2012-11-16,2012.8757,-9.1,-339.9,-7.6,1.7,1.6,5.3
2012-11-17,2012.8784,-7.7,-338.6,-6.2,1.7,1.7,5.3
2012-11-18,2012.8811,-7.5,-339.5,-9.4,1.6,1.5,5.1
2012-11-19,2012.8839,-8.5,-338.5,-9.3,1.8,1.8,5.7
2012-11-20,2012.8866,-6.9,-338.9,-10.8,1.7,1.7,5.4
2012-11-21,2012.8893,-7.0,-339.9,-12.1,1.7,1.7,5.5
2012-11-22,2012.8921,-9.2,-338.8,-11.8,1.9,1.9,5.8
2012-11-23,2012.8948,-7.8,-339.4,-9.7,1.7,1.7,5.6
2012-11-24,2012.8975,-7.8,-338.5,-12.1,1.7,1.7,5.6
2012-11-25,2012.9003,-8.9,-337.2,-10.9,1.9,1.9,5.9
2012-11-26,2012.903,-9.3,-337.2,-7.9,1.5,1.5,5.0
2012-11-27,2012.9057,-9.2,-338.4,-9.6,1.7,1.8,5.5
2012-11-28,2012.9085,-8.4,-339.9,-10.1,1.6,1.6,5.2
2012-11-29,2012.9112,-8.9,-338.7,-6.0,1.5,1.4,4.9
2012-11-30,2012.9139,-8.4,-339.4,-8.6,1.6,1.5,5.3
2012-12-01,2012.9167,-9.4,-338.4,-7.8,1.7,1.6,5.5
2012-12-02,2012.9194,-8.8,-338.5,-14.2,1.7,1.8,5.6
2012-12-03,2012.9221,-8.1,-339.5,-11.6,1.5,1.5,5.0
2012-12-04,2012.9249,-8.5,-338.9,-10.3,1.5,1.4,5.1
2012-12-05,2012.9276,-9.3,-338.8,-15.3,1.7,1.6,5.5
2012-12-06,2012.9303,-7.9,-337.8,-12.9,1.6,1.5,5.4
2012-12-07,2012.9331,-8.6,-336.8,-8.8,1.6,1.5,5.1
2012-12-08,2012.9358,-8.1,-338.3,-9.8,1.5,1.5,5.0
2012-12-09,2012.9385,-9.1,-339.4,-13.0,1.7,1.6,5.3
2012-12-10,2012.9413,-9.7,-339.4,-14.0,1.8,1.8,5.8
2012-12-11,2012.944,-8.3,-337.8,-8.1,1.5,1.5,5.0
2012-12-12,2012.9467,-9.4,-338.5,-7.6,1.8,1.7,5.6
2012-12-13,2012.9495,-8.9,-339.1,-6.3,1.7,1.7,5.5
2012-12-14,2012.9522,-8.1,-339.0,-9.6,1.7,1.7,5.4
2012-12-15,2012.9549,-8.6,-338.1,-9.0,1.6,1.6,5.1
2012-12-16,2012.9577,-7.6,-340.7,-13.2,1.7,1.7,5.5
2012-12-17,2012.9604,-9.1,-337.7,-14.6,1.7,1.7,5.4
2012-12-18,2012.9631,-9.0,-337.0,-6.0,1.7,1.8,5.5
2012-12-19,2012.9658,-8.4,-337.7,-12.3,1.6,1.6,5.4
2012-12-20,2012.9686,-6.9,-338.8,-14.0,1.7,1.7,5.5
2012-12-21,2012.9713,-7.5,-336.6,-15.8,1.5,1.4,5.0
2012-12-22,2012.974,-7.6,-335.2,-15.9,1.6,1.7,5.2
2012-12-23,2012.9768,-9.0,-337.3,-10.7,1.7,1.8,5.5
2012-12-24,2012.9795,-7.7,-336.3,-8.7,1.6,1.7,5.4
2012-12-25,2012.9822,-8.6,-336.4,-7.3,1.6,1.6,5.2
2012-12-26,2012.985,-7.4,-337.2,-8.8,1.7,1.7,5.4
2012-12-27,2012.9877,-7.7,-337.2,-13.0,1.8,1.9,5.7
2012-12-28,2012.9904,-6.5,-338.0,-16.8,1.8,1.9,5.8
2012-12-29,2012.9932,-6.7,-335.5,-13.5,1.6,1.6,5.2
2012-12-30,2012.9959,-6.5,-335.4,-10.5,1.8,1.9,5.7
2012-12-31,2012.9986,-7.0,-334.8,-8.2,1.6,1.7,5.3
2013-01-01,2013.0014,-7.4,-335.2,-5.6,1.6,1.8,5.3
2013-01-02,2013.0041,-6.5,-335.4,-8.4,1.7,1.8,5.6
2013-01-03,2013.0068,-6.4,-334.5,-6.4,1.5,1.5,5.0
2013-01-04,2013.0096,-6.2,-334.7,-5.1,1.6,1.6,5.1
2013-01-05,2013.0123,-7.2,-333.5,-2.3,1.7,1.8,5.3
2013-01-06,2013.0151,-7.3,-333.8,-4.7,1.6,1.7,5.2
2013-01-07,2013.0178,-6.2,-333.6,-6.4,1.6,1.7,5.0
2013-01-08,2013.0205,-7.0,-332.6,-5.5,1.6,1.6,5.1
2013-01-09,2013.0233,-7.2,-334.4,-5.6,1.6,1.6,5.2
2013-01-10,2013.026,-6.4,-333.1,-4.1,1.7,1.8,5.6
2013-01-11,2013.0288,-8.4,-333.8,-3.9,1.6,1.7,5.2
2013-01-12,2013.0315,-7.3,-334.2,0.5,1.5,1.6,5.1
2013-01-13,2013.0342,-6.0,-334.6,-3.0,1.8,1.9,5.9
2013-01-14,2013.037,-7.7,-334.1,-9.5,1.6,1.6,5.2
2013-01-15,2013.0397,-7.0,-333.6,-8.4,1.7,1.8,5.3
2013-01-16,2013.0425,-7.3,-333.7,-5.2,1.7,1.8,5.4
2013-01-17,2013.0452,-6.9,-334.4,-6.4,1.6,1.7,5.2
2013-01-18,2013.0479,-6.4,-332.4,-6.1,1.6,1.7,5.2
2013-01-19,2013.0507,-7.1,-333.4,-9.1,1.5,1.5,4.9
2013-01-20,2013.0534,-7.5,-333.1,-8.8,1.7,1.9,5.6
2013-01-21,2013.0562,-8.1,-334.6,-8.3,1.6,1.7,5.2
2013-01-22,2013.0589,-8.2,-333.5,-5.9,1.6,1.7,5.2
2013-01-23,2013.0616,-8.6,-332.6,-7.1,1.5,1.6,5.0
2013-01-24,2013.0644,-9.3,-333.0,-9.2,1.6,1.6,5.1
2013-01-25,2013.0671,-9.3,-332.7,-6.5,1.7,1.8,5.6
2013-01-26,2013.0699,-8.7,-332.5,-8.9,1.5,1.5,4.9
2013-01-27,2013.0726,-9.2,-332.0,-6.6,1.5,1.6,5.0
2013-01-28,2013.0753,-9.2,-334.1,-7.8,1.5,1.6,5.1
2013-01-29,2013.0781,-8.5,-333.0,-6.3,1.6,1.6,5.2
2013-01-30,2013.0808,-8.0,-332.2,-7.4,1.7,1.8,5.7
2013-01-31,2013.0836,-7.9,-331.1,-6.2,1.7,1.8,5.4
2013-02-01,2013.0863,-8.1,-330.2,-9.2,1.7,1.8,5.5
2013-02-02,2013.089,-8.2,-331.9,-2.7,1.5,1.6,5.0
2013-02-03,2013.0918,-7.6,-331.8,-3.1,1.6,1.6,5.2
2013-02-04,2013.0945,-8.5,-332.3,-5.6,1.6,1.6,5.1
2013-02-05,2013.0973,-8.8,-330.7,-6.5,1.6,1.6,5.1
2013-02-06,2013.1,-7.0,-332.4,-10.7,1.7,1.8,5.6
2013-02-07,2013.1027,-7.2,-330.3,-11.2,1.7,1.8,5.5
2013-02-08,2013.1055,-7.8,-329.9,-11.2,1.7,1.8,5.3
2013-02-09,2013.1082,-7.4,-331.8,-7.4,1.7,1.8,5.6
2013-02-10,2013.111,-6.0,-331.2,-8.9,1.7,1.7,5.5
2013-02-11,2013.1137,-6.6,-332.0,-12.3,1.6,1.7,5.4
2013-02-12,2013.1164,-7.2,-331.9,-10.9,1.8,1.9,5.8
2013-02-13,2013.1192,-6.1,-330.8,-9.4,1.6,1.6,5.2
2013-02-14,2013.1219,-7.2,-331.0,-6.8,1.7,1.8,5.5
2013-02-15,2013.1247,-6.6,-329.4,-6.4,1.6,1.6,5.1
2013-02-16,2013.1274,-6.6,-330.7,-6.3,1.6,1.7,5.3
2013-02-17,2013.1301,-5.6,-331.7,-5.5,1.6,1.6,5.0
2013-02-18,2013.1329,-6.6,-330.6,-5.8,1.7,1.8,5.8
2013-02-19,2013.1356,-5.9,-330.2,-6.1,1.6,1.7,5.3
2013-02-20,2013.1384,-6.8,-329.5,-8.7,1.6,1.6,5.1
2013-02-21,2013.1411,-6.1,-330.3,-8.3,1.6,1.7,5.3
2013-02-22,2013.1438,-7.2,-330.0,-5.5,1.6,1.7,5.3
2013-02-23,2013.1466,-7.5,-330.1,-4.75,1.8,1.9,5.35
2013-02-24,2013.1493,-5.8,-330.4,-4.0,1.7,1.7,5.4
2013-02-25,2013.1521,-5.8,-329.9,-4.2,1.7,1.7,5.4
2013-02-26,2013.1548,-5.6,-329.7,-3.1,1.6,1.6,5.1
2013-02-27,2013.1575,-4.8,-330.1,-2.5,1.7,1.8,5.35
2013-02-28,2013.1603,-5.8,-330.8,-1.9,1.7,1.8,5.6
2013-03-01,2013.163,-4.8,-329.7,-8.5,1.8,1.9,5.8
2013-03-02,2013.1658,-4.6,-331.1,-5.2,1.7,1.8,5.4
2013-03-03,2013.1685,-4.5,-330.1,-6.8,1.8,1.9,5.6
2013-03-04,2013.1712,-6.2,-330.8,-2.2,1.8,1.9,5.8
2013-03-05,2013.174,-5.6,-330.1,-6.4,1.7,1.8,5.6
2013-03-06,2013.1767,-6.0,-330.5,-4.4,1.6,1.6,5.2
2013-03-07,2013.1795,-7.2,-329.4,0.4,1.8,1.8,5.7
2013-03-08,2013.1822,-5.8,-331.8,2.3,1.7,1.8,5.4
2013-03-09,2013.1849,-6.0,-330.4,1.5,1.6,1.7,5.45
2013-03-10,2013.1877,-5.4,-329.9,0.7,1.7,1.8,5.5
2013-03-11,2013.1904,-6.4,-330.3,-2.1,1.8,1.9,5.8
2013-03-12,2013.1932,-5.9,-330.4,-1.5,1.7,1.8,5.6
2013-03-13,2013.1959,-6.9,-328.7,0.5,1.9,2.1,6.2
2013-03-14,2013.1986,-7.1,-329.5,-2.0,1.8,1.9,5.7
2013-03-15,2013.2014,-5.8,-329.1,-5.2,1.8,2.0,5.8
2013-03-16,2013.2041,-4.9,-330.0,-6.1,1.8,2.0,5.9
2013-03-17,2013.2068,-6.4,-329.3,-4.2,1.8,1.9,5.8
2013-03-18,2013.2096,-6.2,-329.3,0.8,1.8,1.9,5.7
2013-03-19,2013.2123,-6.1,-328.7,-4.5,1.9,2.1,5.9
2013-03-20,2013.2151,-5.5,-329.2,2.2,1.7,1.7,5.4
2013-03-21,2013.2178,-5.6,-329.3,-3.4,1.8,1.8,5.7
2013-03-22,2013.2205,-5.6,-329.0,-0.2,1.7,1.7,5.3
2013-03-23,2013.2233,-5.9,-328.2,-1.8,1.8,1.9,5.7
2013-03-24,2013.226,-6.2,-328.7,0.6,1.9,1.9,6.0
2013-03-25,2013.2288,-5.1,-327.5,-0.8,1.7,1.9,5.5
2013-03-26,2013.2315,-5.8,-328.5,0.5,1.8,1.9,5.7
2013-03-27,2013.2342,-4.6,-328.8,-0.0,1.7,1.8,5.6
2013-03-28,2013.237,-4.4,-327.6,-0.3,2.1,2.2,6.4
2013-03-29,2013.2397,-3.4,-328.8,0.8,1.8,1.9,5.6
2013-03-30,2013.2425,-5.6,-328.5,-3.2,1.6,1.7,5.3
2013-03-31,2013.2452,-4.1,-328.9,-2.6,1.8,1.8,5.6
2013-04-01,2013.2479,-4.5,-327.6,-1.5,1.7,1.7,5.3
2013-04-02,2013.2507,-5.4,-329.0,0.5,1.9,2.0,6.2
2013-04-03,2013.2534,-4.7,-329.3,-0.8,1.9,1.9,6.0
2013-04-04,2013.2562,-4.0,-327.9,-6.2,2.0,2.1,6.5
2013-04-05,2013.2589,-5.8,-328.7,-6.7,1.8,1.9,5.8
2013-04-06,2013.2616,-5.7,-327.3,-4.8,1.7,1.8,5.5
2013-04-07,2013.2644,-4.7,-328.0,-5.3,1.8,1.8,5.6
2013-04-08,2013.2671,-4.1,-327.0,-9.9,1.7,1.8,5.5
2013-04-09,2013.2699,-5.5,-327.0,-5.3,1.8,1.9,5.9
2013-04-10,2013.2726,-5.6,-327.3,-10.3,1.9,2.0,6.0
2013-04-11,2013.2753,-5.1,-327.6,-6.9,1.7,1.7,5.4
2013-04-12,2013.2781,-5.5,-328.7,-6.2,1.8,1.8,5.7
2013-04-13,2013.2808,-5.0,-327.2,-0.8,1.9,2.1,6.1
2013-04-14,2013.2836,-5.4,-328.6,1.6,2.0,2.1,6.5
2013-04-15,2013.2863,-5.6,-327.0,3.9,1.8,1.8,5.7
2013-04-16,2013.289,-5.6,-326.6,2.8,1.8,1.8,5.7
2013-04-17,2013.2918,-4.9,-327.2,5.1,1.8,1.9,6.0
2013-04-18,2013.2945,-4.5,-328.2,-1.0,1.9,2.0,6.0
2013-04-19,2013.2973,-6.5,-326.6,-3.3,1.9,2.0,6.2
2013-04-20,2013.3,-5.7,-327.0,-7.0,1.8,1.8,5.9
2013-04-21,2013.3027,-5.5,-326.3,-4.0,1.8,1.8,5.9
2013-04-22,2013.3055,-6.0,-325.0,1.1,1.8,1.8,5.6
2013-04-23,2013.3082,-4.7,-325.3,-2.8,1.7,1.7,5.5
2013-04-24,2013.311,-5.9,-326.9,-1.1,1.8,1.8,5.7
2013-04-25,2013.3137,-6.8,-325.5,0.3,1.7,1.8,5.6
2013-04-26,2013.3164,-7.0,-325.7,3.9,1.9,2.0,6.1
2013-04-27,2013.3192,-5.8,-325.0,0.3,1.9,2.0,6.1
2013-04-28,2013.3219,-3.8,-325.5,0.9,2.2,2.3,7.2
2013-04-29,2013.3247,-6.5,-325.2,-3.4,1.8,1.8,5.9
2013-04-30,2013.3274,-6.2,-324.8,-2.3,1.8,1.8,5.7
2013-05-01,2013.3301,-5.2,-324.2,-1.0,1.8,2.0,5.9
2013-05-02,2013.3329,-6.8,-325.9,-5.4,1.8,1.8,5.7
2013-05-03,2013.3356,-6.2,-323.0,6.1,1.8,1.9,5.9
2013-05-04,2013.3384,-5.9,-324.1,2.8,1.9,1.9,6.0
2013-05-05,2013.3411,-6.0,-323.9,-0.3,1.9,2.0,6.1
2013-05-06,2013.3438,-5.8,-323.4,0.4,2.2,2.3,7.1
2013-05-07,2013.3466,-5.3,-325.0,-0.4,1.9,1.9,6.0
2013-05-08,2013.3493,-6.4,-324.0,-1.7,1.8,1.9,5.9
2013-05-09,2013.3521,-7.9,-323.1,-1.8,1.8,2.1,5.9
2013-05-10,2013.3548,-7.7,-323.4,4.1,1.9,2.1,6.1
2013-05-11,2013.3575,-7.6,-325.5,0.9,1.9,2.0,6.1
2013-05-12,2013.3603,-6.6,-323.8,-1.1,1.8,1.9,5.7
2013-05-13,2013.363,-7.3,-324.3,1.3,1.9,2.1,6.1
2013-05-14,2013.3658,-6.0,-323.6,-0.1,2.1,2.4,6.7
2013-05-15,2013.3685,-7.8,-323.8,-2.6,2.2,2.2,7.3
2013-05-16,2013.3712,-7.1,-323.4,-6.4,1.9,1.9,6.3
2013-05-17,2013.374,-9.5,-325.3,-2.4,1.9,2.0,6.3
2013-05-18,2013.3767,-8.2,-322.8,-0.3,1.9,2.0,6.4
2013-05-19,2013.3795,-9.1,-324.9,2.0,2.0,2.1,6.5
2013-05-20,2013.3822,-8.4,-325.6,4.3,2.0,2.1,6.6
2013-05-21,2013.3849,-8.6,-324.8,-0.1,2.0,2.1,6.8
2013-05-22,2013.3877,-8.4,-323.8,0.7,2.0,2.2,6.7
2013-05-23,2013.3904,-9.5,-321.7,-2.0,2.1,2.2,7.3
2013-05-24,2013.3932,-10.2,-322.7,-0.1,1.9,2.1,6.3
2013-05-25,2013.3959,-8.5,-323.9,4.5,1.8,1.9,6.0
2013-05-26,2013.3986,-9.5,-323.3,-3.4,1.9,2.1,6.1
2013-05-27,2013.4014,-8.1,-325.8,3.3,1.8,1.9,5.9
2013-05-28,2013.4041,-7.7,-324.3,-5.2,1.9,2.0,6.4
2013-05-29,2013.4068,-8.3,-325.3,-3.7,1.8,1.9,6.1
2013-05-30,2013.4096,-8.4,-324.1,4.9,2.1,2.3,6.8
2013-05-31,2013.4123,-8.1,-323.1,-0.0,2.1,2.2,6.7
2013-06-01,2013.4151,-8.6,-323.0,2.4,1.9,1.9,6.4
2013-06-02,2013.4178,-8.9,-322.3,3.2,1.9,1.9,6.1
2013-06-03,2013.4205,-9.5,-323.3,3.6,1.9,2.0,6.1
2013-06-04,2013.4233,-9.7,-325.0,-0.2,2.2,2.2,7.2
2013-06-05,2013.426,-10.3,-321.0,5.1,2.2,2.2,7.2
2013-06-06,2013.4288,-10.3,-322.7,3.4,2.2,2.3,7.2
2013-06-07,2013.4315,-9.8,-324.2,-0.9,2.1,2.1,7.0
2013-06-08,2013.4342,-9.4,-322.7,-4.0,2.3,2.3,7.6
2013-06-09,2013.437,-10.3,-322.3,-8.1,2.2,2.3,7.3
2013-06-10,2013.4397,-10.8,-322.0,1.9,1.9,2.1,6.3
2013-06-11,2013.4425,-10.0,-321.1,6.5,2.0,2.1,6.6
2013-06-12,2013.4452,-9.4,-321.3,2.1,2.4,2.5,7.9
2013-06-13,2013.4479,-10.2,-322.6,5.0,2.2,2.2,7.1
2013-06-14,2013.4507,-9.3,-322.5,7.3,2.1,2.3,6.9
2013-06-15,2013.4534,-9.7,-322.5,3.1,2.2,2.3,7.1
2013-06-16,2013.4562,-9.9,-322.2,8.2,1.9,1.9,6.4
2013-06-17,2013.4589,-9.6,-321.1,7.1,2.2,2.2,7.2
2013-06-18,2013.4616,-10.4,-321.6,9.3,2.2,2.4,7.4
2013-06-19,2013.4644,-10.2,-321.4,2.8,2.0,2.1,6.7
2013-06-20,2013.4671,-9.5,-320.9,-4.5,2.4,2.5,8.4
2013-06-21,2013.4699,-10.0,-320.9,1.1,2.6,2.6,8.7
2013-06-22,2013.4726,-9.8,-319.8,0.2,2.3,2.4,7.7
2013-06-23,2013.4753,-8.6,-319.2,-4.3,2.2,2.4,7.4
2013-06-24,2013.4781,-11.3,-320.2,3.7,2.3,2.4,7.7
2013-06-25,2013.4808,-10.7,-320.1,-1.8,2.4,2.6,8.3
2013-06-26,2013.4836,-9.4,-320.8,0.6,2.1,2.3,6.8
2013-06-27,2013.4863,-11.5,-319.8,0.2,2.1,2.4,7.0
2013-06-28,2013.489,-10.8,-320.9,4.6,2.1,2.2,6.8
2013-06-29,2013.4918,-9.6,-319.4,2.5,2.0,2.2,6.5
2013-06-30,2013.4945,-9.5,-319.3,3.7,2.1,2.3,7.1
2013-07-01,2013.4973,-10.0,-319.2,-1.3,2.0,2.2,6.8
2013-07-02,2013.5,-9.5,-322.1,-0.5,2.4,2.6,8.1
2013-07-03,2013.5027,-10.4,-320.9,3.6,2.1,2.4,6.9
2013-07-04,2013.5055,-10.4,-319.6,-1.4,2.5,2.7,8.6
2013-07-05,2013.5082,-8.3,-320.6,-2.1,2.4,2.7,8.2
2013-07-06,2013.511,-9.0,-321.3,-0.1,2.2,2.4,7.4
2013-07-07,2013.5137,-8.5,-321.3,0.6,2.1,2.3,7.3
2013-07-08,2013.5164,-10.5,-321.3,-1.1,2.3,2.5,7.7
2013-07-09,2013.5192,-9.6,-320.0,0.7,2.0,2.1,6.6
2013-07-10,2013.5219,-9.7,-319.1,-1.6,2.2,2.4,7.5
2013-07-11,2013.5247,-8.2,-320.8,-1.7,2.6,2.7,8.7
2013-07-12,2013.5274,-8.8,-318.7,2.8,2.1,2.3,7.0
2013-07-13,2013.5301,-8.5,-318.8,0.2,2.1,2.3,6.8
2013-07-14,2013.5329,-9.5,-319.2,0.2,2.5,2.7,8.4
2013-07-15,2013.5356,-9.6,-320.7,4.7,2.2,2.4,7.7
2013-07-16,2013.5384,-8.5,-318.0,3.0,2.5,2.7,8.3
2013-07-17,2013.5411,-9.8,-318.9,-5.3,2.3,2.4,7.7
2013-07-18,2013.5438,-9.4,-318.7,4.2,2.4,2.7,7.9
2013-07-19,2013.5466,-9.6,-318.0,0.2,2.3,2.4,7.5
2013-07-20,2013.5493,-9.1,-317.4,-4.3,2.1,2.2,6.8
2013-07-21,2013.5521,-7.7,-317.8,0.8,2.2,2.4,7.1
2013-07-22,2013.5548,-9.0,-319.1,0.4,2.4,2.6,8.0
2013-07-23,2013.5575,-8.2,-320.0,-2.6,2.1,2.2,6.7
2013-07-24,2013.5603,-10.1,-319.1,-5.2,2.2,2.3,7.2
2013-07-25,2013.563,-9.2,-318.3,-5.4,2.3,2.4,7.6
2013-07-26,2013.5658,-8.7,-318.9,-4.8,2.3,2.6,7.7
2013-07-27,2013.5685,-7.8,-317.7,-4.2,2.5,2.6,8.7
2013-07-28,2013.5712,-9.0,-317.0,-4.8,2.1,2.3,7.1
2013-07-29,2013.574,-8.8,-317.7,-0.8,2.5,2.6,8.5
2013-07-30,2013.5767,-11.3,-316.4,3.7,2.4,2.6,8.3
2013-07-31,2013.5795,-8.6,-316.6,-1.3,2.0,2.1,6.7
2013-08-01,2013.5822,-10.7,-316.3,-1.8,2.2,2.4,7.4
2013-08-02,2013.5849,-9.8,-318.6,-3.8,2.1,2.4,6.9
2013-08-03,2013.5877,-9.7,-318.1,-2.8,2.1,2.3,6.9
2013-08-04,2013.5904,-10.3,-317.1,-0.6,2.2,2.4,7.3
2013-08-05,2013.5932,-9.8,-318.4,-5.0,2.1,2.3,7.0
2013-08-06,2013.5959,-7.4,-317.0,-7.2,2.3,2.5,7.7
2013-08-07,2013.5986,-9.0,-316.7,-5.7,2.5,2.7,8.5
2013-08-08,2013.6014,-10.8,-316.6,-7.6,2.2,2.4,7.3
2013-08-09,2013.6041,-10.3,-316.2,-3.3,2.1,2.2,6.9
2013-08-10,2013.6068,-8.4,-315.9,-3.2,2.4,2.5,7.9
2013-08-11,2013.6096,-8.4,-316.9,-4.8,2.0,2.2,6.7
2013-08-12,2013.6123,-9.1,-316.5,2.1,2.4,2.6,8.0
2013-08-13,2013.6151,-9.1,-315.7,4.8,2.2,2.2,7.4
2013-08-14,2013.6178,-8.1,-316.0,-1.3,2.0,2.2,6.7
2013-08-15,2013.6205,-6.5,-317.7,-2.7,2.1,2.3,7.1
2013-08-16,2013.6233,-9.2,-315.4,-5.6,2.4,2.5,8.2
2013-08-17,2013.626,-9.0,-316.8,-1.9,2.1,2.4,7.3
2013-08-18,2013.6288,-6.9,-316.1,0.6,2.4,2.6,8.2
2013-08-19,2013.6315,-9.7,-317.1,-10.2,1.9,2.1,6.3
2013-08-20,2013.6342,-11.0,-316.1,-1.9,2.5,2.7,8.4
2013-08-21,2013.637,-9.3,-316.2,-4.6,2.7,2.8,9.2
2013-08-22,2013.6397,-9.1,-315.0,-3.5,2.4,2.8,8.2
2013-08-23,2013.6425,-10.0,-315.7,-6.2,2.1,2.4,7.1
2013-08-24,2013.6452,-9.5,-313.9,-6.5,2.1,2.3,6.9
2013-08-25,2013.6479,-8.0,-314.2,-1.65,2.5,2.7,7.2
2013-08-26,2013.6507,-9.9,-315.5,3.2,2.3,2.5,7.5
2013-08-27,2013.6534,-9.2,-313.7,-9.8,2.2,2.4,7.3
2013-08-28,2013.6562,-8.3,-315.5,-2.7,2.1,2.3,6.9
2013-08-29,2013.6589,-9.4,-315.5,-4.4,2.4,2.8,7.5
2013-08-30,2013.6616,-9.6,-314.4,-4.6,2.1,2.3,6.7
2013-08-31,2013.6644,-9.0,-316.2,-6.7,2.1,2.3,6.7
2013-09-01,2013.6671,-9.5,-316.5,-8.3,2.0,2.2,6.5
2013-09-02,2013.6699,-8.2,-314.7,-9.8,2.0,2.1,6.3
2013-09-03,2013.6726,-6.5,-313.2,-9.7,2.0,2.1,6.5
2013-09-04,2013.6753,-8.0,-313.6,-8.8,2.1,2.3,6.8
2013-09-05,2013.6781,-7.5,-310.9,-13.7,2.3,2.5,7.5
2013-09-06,2013.6808,-8.5,-312.1,-11.1,2.0,2.2,6.5
2013-09-07,2013.6836,-8.7,-313.1,-11.0,2.1,2.2,6.5
2013-09-08,2013.6863,-6.2,-312.1,-13.0,2.4,2.6,8.0
2013-09-09,2013.689,-7.2,-312.5,-13.5,2.3,2.4,7.5
2013-09-10,2013.6918,-8.6,-310.9,-11.8,2.3,2.6,7.1
2013-09-11,2013.6945,-10.2,-312.3,-11.4,2.2,2.4,7.2
2013-09-12,2013.6973,-9.1,-313.5,-9.3,2.0,2.1,6.3
2013-09-13,2013.7,-8.5,-312.4,-5.6,2.1,2.3,6.7
2013-09-14,2013.7027,-9.8,-313.2,-8.8,1.8,1.9,5.9
2013-09-15,2013.7055,-8.7,-313.6,-4.8,2.0,2.1,6.1
2013-09-16,2013.7082,-7.8,-312.2,-5.6,2.0,2.1,6.4
2013-09-17,2013.711,-9.2,-312.5,-15.4,2.1,2.2,6.9
2013-09-18,2013.7137,-7.6,-313.5,-9.4,2.3,2.5,7.3
2013-09-19,2013.7164,-9.5,-313.4,-9.3,2.3,2.4,7.2
2013-09-20,2013.7192,-8.3,-315.1,-10.1,2.1,2.3,6.7
2013-09-21,2013.7219,-6.4,-314.5,-16.4,1.9,2.1,6.2
2013-09-22,2013.7247,-8.8,-314.3,-11.4,1.8,1.9,5.8
2013-09-23,2013.7274,-8.3,-313.2,-14.5,2.1,2.2,6.7
2013-09-24,2013.7301,-7.8,-314.0,-12.1,1.9,2.1,6.2
2013-09-25,2013.7329,-9.5,-313.3,-12.6,2.0,2.1,6.2
2013-09-26,2013.7356,-9.7,-314.3,-9.9,1.8,1.9,5.7
2013-09-27,2013.7384,-8.9,-314.0,-8.4,1.7,1.8,5.5
2013-09-28,2013.7411,-9.9,-313.4,-12.6,1.7,1.7,5.4
2013-09-29,2013.7438,-9.8,-314.0,-11.5,1.9,2.0,6.0
2013-09-30,2013.7466,-9.3,-312.9,-13.1,2.0,2.1,6.6
2013-10-01,2013.7493,-8.9,-313.5,-12.3,1.9,2.0,6.2
2013-10-02,2013.7521,-8.0,-314.3,-11.8,1.9,2.0,5.9
2013-10-03,2013.7548,-8.9,-313.6,-7.8,1.9,2.0,6.0
2013-10-04,2013.7575,-9.5,-314.0,-7.8,1.9,2.0,6.2
2013-10-05,2013.7603,-8.5,-313.4,-11.4,1.6,1.6,5.3
2013-10-06,2013.763,-8.2,-312.8,-10.3,1.8,1.9,6.0
2013-10-07,2013.7658,-8.7,-312.9,-11.7,1.7,1.8,5.5
2013-10-08,2013.7685,-9.0,-313.5,-6.2,1.9,1.9,5.9
2013-10-09,2013.7712,-8.1,-313.9,-9.8,2.0,2.1,6.4
2013-10-10,2013.774,-6.2,-313.0,-11.8,1.8,1.9,5.9
2013-10-11,2013.7767,-8.0,-313.7,-6.8,2.0,2.1,6.3
2013-10-12,2013.7795,-7.0,-313.3,-11.6,1.7,1.8,5.6
2013-10-13,2013.7822,-7.5,-312.6,-15.4,1.8,1.9,5.9
2013-10-14,2013.7849,-8.4,-312.1,-13.6,1.8,1.9,5.8
2013-10-15,2013.7877,-7.9,-312.3,-11.4,2.1,2.2,6.6
2013-10-16,2013.7904,-6.9,-313.0,-9.8,1.8,1.9,5.7
2013-10-17,2013.7932,-7.1,-312.5,-14.9,1.8,1.8,5.6
2013-10-18,2013.7959,-8.0,-311.1,-14.9,1.8,1.8,5.7
2013-10-19,2013.7986,-6.5,-312.7,-16.7,1.9,2.0,6.0
2013-10-20,2013.8014,-7.7,-312.2,-14.4,1.9,2.0,6.1
2013-10-21,2013.8041,-8.0,-311.4,-13.9,1.8,1.9,5.8
2013-10-22,2013.8068,-8.2,-311.9,-15.3,1.8,1.9,5.8
2013-10-23,2013.8096,-7.7,-311.1,-12.7,1.8,1.9,5.8
2013-10-24,2013.8123,-6.6,-311.8,-12.6,1.6,1.6,5.2
2013-10-25,2013.8151,-6.7,-310.3,-11.1,1.7,1.8,5.4
2013-10-26,2013.8178,-6.9,-310.9,-9.3,1.7,1.8,5.6
2013-10-27,2013.8205,-7.8,-311.2,-7.8,1.7,1.7,5.5
2013-10-28,2013.8233,-8.6,-309.4,-9.1,1.9,2.0,6.1
2013-10-29,2013.826,-7.2,-310.2,-12.1,1.9,2.0,6.1
2013-10-30,2013.8288,-9.3,-310.2,-11.5,1.9,2.0,6.0
2013-10-31,2013.8315,-7.7,-310.7,-11.4,1.9,1.9,6.0
2013-11-01,2013.8342,-9.3,-308.6,-14.2,2.0,2.2,6.2
2013-11-02,2013.837,-8.8,-310.4,-9.4,1.9,1.9,5.8
2013-11-03,2013.8397,-8.7,-310.8,-13.2,1.7,1.7,5.3
2013-11-04,2013.8425,-8.4,-310.4,-14.9,1.9,1.9,5.9
2013-11-05,2013.8452,-9.4,-309.7,-16.4,1.9,1.9,5.8
2013-11-06,2013.8479,-8.6,-309.1,-13.8,1.8,1.8,5.5
2013-11-07,2013.8507,-7.1,-310.2,-8.9,1.8,1.8,5.7
2013-11-08,2013.8534,-7.5,-310.4,-14.0,2.0,2.0,6.2
2013-11-09,2013.8562,-7.9,-309.9,-10.8,1.9,1.9,6.0
2013-11-10,2013.8589,-8.6,-310.1,-15.0,1.9,1.9,6.2
2013-11-11,2013.8616,-8.2,-310.0,-12.6,1.8,1.9,5.8
2013-11-12,2013.8644,-8.8,-310.4,-12.0,1.6,1.6,5.2
2013-11-13,2013.8671,-8.7,-309.4,-14.1,1.9,1.9,5.7
2013-11-14,2013.8699,-9.8,-310.3,-13.4,1.9,1.9,5.9
2013-11-15,2013.8726,-8.9,-308.9,-12.4,1.8,1.9,5.7
2013-11-16,2013.8753,-9.8,-310.1,-18.1,1.9,1.9,5.8
2013-11-17,2013.8781,-9.8,-309.5,-13.2,1.8,1.8,5.5
2013-11-18,2013.8808,-9.1,-309.9,-12.6,1.6,1.6,5.2
2013-11-19,2013.8836,-9.0,-310.2,-15.3,1.9,1.9,5.7
2013-11-20,2013.8863,-8.6,-310.4,-13.1,1.9,1.9,5.8
2013-11-21,2013.889,-8.6,-310.4,-12.1,1.9,1.9,5.9
2013-11-22,2013.8918,-8.9,-310.2,-16.9,1.8,1.8,5.8
2013-11-23,2013.8945,-9.8,-310.0,-14.9,1.9,1.8,5.9
2013-11-24,2013.8973,-10.2,-310.2,-13.2,1.8,1.8,5.7
2013-11-25,2013.9,-10.2,-308.9,-10.6,1.9,1.9,5.9
2013-11-26,2013.9027,-9.1,-310.1,-13.7,1.6,1.6,5.3
2013-11-27,2013.9055,-11.8,-309.9,-15.9,1.8,1.7,5.7
2013-11-28,2013.9082,-10.9,-309.5,-9.9,1.7,1.7,5.6
2013-11-29,2013.911,-11.3,-310.4,-8.9,1.8,1.8,5.7
2013-11-30,2013.9137,-11.9,-309.7,-10.5,1.9,1.9,5.9
2013-12-01,2013.9164,-11.9,-309.7,-10.5,1.9,1.9,6.0
2013-12-02,2013.9192,-10.5,-309.6,-6.9,1.7,1.7,5.5
2013-12-03,2013.9219,-10.4,-309.6,-8.6,1.8,1.8,5.5
2013-12-04,2013.9247,-10.3,-310.5,-9.5,1.8,1.8,5.6
2013-12-05,2013.9274,-10.2,-309.3,-6.6,1.8,1.8,5.6
2013-12-06,2013.9301,-9.4,-310.3,-5.8,1.6,1.6,5.2
2013-12-07,2013.9329,-8.4,-308.4,-8.8,1.8,1.8,5.8
2013-12-08,2013.9356,-10.1,-309.6,-10.0,1.7,1.7,5.5
2013-12-09,2013.9384,-7.9,-308.8,-10.1,1.7,1.8,5.5
2013-12-10,2013.9411,-8.1,-309.4,-9.7,1.8,1.8,5.6
2013-12-11,2013.9438,-8.8,-307.3,-8.0,1.7,1.7,5.4
2013-12-12,2013.9466,-9.5,-308.8,-7.7,1.8,1.9,5.9
2013-12-13,2013.9493,-8.8,-307.6,-10.0,1.6,1.7,5.3
2013-12-14,2013.9521,-7.1,-307.3,-13.0,1.7,1.8,5.4
2013-12-15,2013.9548,-9.0,-306.6,-10.4,1.7,1.8,5.4
2013-12-16,2013.9575,-8.7,-307.3,-9.5,1.7,1.8,5.4
2013-12-17,2013.9603,-8.8,-308.0,-10.1,1.7,1.9,5.5
2013-12-18,2013.963,-7.0,-307.7,-8.0,1.6,1.7,5.2
2013-12-19,2013.9658,-6.8,-308.0,-8.9,1.7,1.9,5.6
2013-12-20,2013.9685,-7.3,-308.1,-10.4,1.6,1.6,5.2
2013-12-21,2013.9712,-7.7,-307.0,-9.0,1.6,1.6,5.25
2013-12-22,2013.974,-7.9,-307.3,-7.6,1.7,1.8,5.3
2013-12-23,2013.9767,-8.3,-308.3,-11.6,1.7,1.8,5.5
2013-12-24,2013.9795,-6.9,-306.4,-9.0,1.6,1.7,5.3
2013-12-25,2013.9822,-8.2,-307.2,-11.5,1.8,1.9,5.7
2013-12-26,2013.9849,-7.7,-306.6,-8.3,1.7,1.9,5.6
2013-12-27,2013.9877,-7.4,-307.3,-9.3,1.7,1.9,5.5
2013-12-28,2013.9904,-8.6,-308.3,-6.4,1.6,1.6,5.1
2013-12-29,2013.9932,-8.3,-307.5,-5.1,1.6,1.7,5.3
2013-12-30,2013.9959,-6.7,-306.9,-8.5,1.6,1.6,5.2
2013-12-31,2013.9986,-6.7,-307.3,-7.87,1.7,1.8,5.33
2014-01-01,2014.0014,-8.6,-306.6,-7.23,1.9,2.1,5.47
2014-01-02,2014.0041,-7.9,-308.2,-6.6,1.8,1.9,5.6
2014-01-03,2014.0068,-7.8,-306.6,-5.6,1.7,1.8,5.5
2014-01-04,2014.0096,-8.0,-307.3,-3.1,1.8,1.9,5.8
2014-01-05,2014.0123,-6.9,-306.7,-6.3,1.7,1.8,5.5
2014-01-06,2014.0151,-6.9,-305.2,-9.4,1.6,1.6,5.1
2014-01-07,2014.0178,-7.0,-305.3,-10.0,1.6,1.6,5.2
2014-01-08,2014.0205,-8.5,-305.5,-8.9,1.7,1.8,5.6
2014-01-09,2014.0233,-7.4,-305.1,-6.0,1.9,2.1,6.2
2014-01-10,2014.026,-7.1,-305.1,-10.8,1.8,2.0,5.8
2014-01-11,2014.0288,-6.9,-304.2,-14.7,1.7,1.8,5.7
2014-01-12,2014.0315,-8.5,-305.4,-9.8,1.6,1.6,5.3
2014-01-13,2014.0342,-7.6,-306.7,-9.0,1.6,1.8,5.3
2014-01-14,2014.037,-8.9,-304.9,-11.3,1.6,1.6,5.1
2014-01-15,2014.0397,-7.0,-305.7,-10.2,1.7,1.8,5.5
2014-01-16,2014.0425,-8.8,-303.7,-10.4,1.8,1.9,5.8
2014-01-17,2014.0452,-8.2,-304.4,-9.8,1.7,1.8,5.6
2014-01-18,2014.0479,-7.2,-304.5,-15.8,1.6,1.6,5.2
2014-01-19,2014.0507,-7.0,-303.0,-14.6,1.7,1.8,5.6
2014-01-20,2014.0534,-9.2,-303.2,-11.9,1.7,1.7,5.4
2014-01-21,2014.0562,-9.1,-304.0,-5.2,1.6,1.6,5.2
2014-01-22,2014.0589,-9.7,-303.0,-3.2,1.8,2.0,5.9
2014-01-23,2014.0616,-8.0,-305.0,-8.8,1.9,2.0,6.0
2014-01-24,2014.0644,-8.2,-303.6,-4.7,1.9,2.0,6.2
2014-01-25,2014.0671,-8.6,-301.8,-1.2,1.7,1.8,5.6
2014-01-26,2014.0699,-8.6,-301.9,-5.3,1.7,1.8,5.6
2014-01-27,2014.0726,-7.3,-303.2,-4.1,1.9,1.9,6.0
2014-01-28,2014.0753,-8.7,-303.4,-4.1,1.6,1.6,5.2
2014-01-29,2014.0781,-7.6,-303.9,-1.8,1.8,1.9,5.7
2014-01-30,2014.0808,-7.0,-303.8,0.0,1.8,1.9,5.6
2014-01-31,2014.0836,-8.1,-303.4,-1.7,1.8,2.0,5.9
2014-02-01,2014.0863,-6.0,-303.4,-1.6,1.9,2.2,6.2
2014-02-02,2014.089,-4.9,-304.1,-5.4,1.9,2.0,6.1
2014-02-03,2014.0918,-6.1,-302.8,-3.6,1.8,1.9,5.7
2014-02-04,2014.0945,-5.8,-302.9,-1.5,1.6,1.7,5.3
2014-02-05,2014.0973,-4.8,-302.7,-2.8,1.9,2.1,6.3
2014-02-06,2014.1,-4.4,-302.6,-5.7,1.8,1.9,5.9
2014-02-07,2014.1027,-5.7,-302.9,-1.7,1.9,2.1,6.1
2014-02-08,2014.1055,-4.8,-304.3,-6.3,1.7,1.8,5.6
2014-02-09,2014.1082,-5.3,-302.9,-6.7,1.8,2.0,5.8
2014-02-10,2014.111,-5.2,-302.4,-7.5,1.8,2.0,5.8
2014-02-11,2014.1137,-5.0,-302.5,-7.2,1.7,1.8,5.3
2014-02-12,2014.1164,-5.5,-302.1,-7.1,1.8,2.0,5.9
2014-02-13,2014.1192,-6.7,-302.1,-7.1,1.8,2.0,5.8
2014-02-14,2014.1219,-5.1,-301.4,-2.5,2.0,2.2,6.3
2014-02-15,2014.1247,-6.2,-301.1,-5.8,1.8,1.9,5.7
2014-02-16,2014.1274,-5.0,-302.0,-8.8,2.0,2.2,6.1
2014-02-17,2014.1301,-5.1,-300.4,-10.9,1.9,2.1,6.0
2014-02-18,2014.1329,-8.4,-301.5,-7.3,1.8,1.9,5.7
2014-02-19,2014.1356,-7.1,-301.6,-5.8,1.7,1.9,5.5
2014-02-20,2014.1384,-7.0,-301.3,-0.5,1.8,1.9,5.7
2014-02-21,2014.1411,-6.0,-301.3,-4.6,1.8,1.9,5.7
2014-02-22,2014.1438,-6.0,-302.2,-6.3,1.7,1.8,5.5
2014-02-23,2014.1466,-6.0,-302.4,-6.6,1.8,1.9,5.6
2014-02-24,2014.1493,-6.7,-301.8,-8.5,1.8,1.9,5.7
2014-02-25,2014.1521,-5.9,-302.0,-12.2,1.9,2.1,6.2
2014-02-26,2014.1548,-6.9,-302.2,-11.0,1.7,1.8,5.6
2014-02-27,2014.1575,-5.7,-302.9,-8.0,1.9,2.0,6.1
2014-02-28,2014.1603,-6.3,-300.5,-11.0,1.9,2.0,6.1
2014-03-01,2014.163,-6.9,-300.9,-13.4,1.7,1.8,5.4
2014-03-02,2014.1658,-7.0,-300.3,-11.2,1.9,2.0,5.9
2014-03-03,2014.1685,-6.6,-299.7,-13.2,1.9,2.1,6.15
2014-03-04,2014.1712,-6.8,-300.0,-15.2,2.0,2.2,6.4
2014-03-05,2014.174,-6.5,-300.8,-13.3,1.7,1.8,5.5
2014-03-06,2014.1767,-6.7,-300.7,-11.9,1.8,2.0,5.8
2014-03-07,2014.1795,-7.2,-301.0,-9.9,2.0,2.3,6.4
2014-03-08,2014.1822,-8.1,-300.6,-10.2,1.9,2.1,6.1
2014-03-09,2014.1849,-8.7,-299.6,-8.1,1.7,1.8,5.4
2014-03-10,2014.1877,-7.8,-300.9,-8.7,1.7,1.9,5.6
2014-03-11,2014.1904,-7.8,-301.0,-11.8,1.7,1.8,5.6
2014-03-12,2014.1932,-7.6,-301.2,-9.9,1.8,2.0,6.0
2014-03-13,2014.1959,-7.2,-301.5,-2.3,1.8,1.9,5.7
2014-03-14,2014.1986,-7.8,-299.6,-3.0,1.8,1.9,5.8
2014-03-15,2014.2014,-8.0,-300.2,-0.1,1.7,1.8,5.5
2014-03-16,2014.2041,-6.3,-300.3,-5.6,1.9,2.0,6.0
2014-03-17,2014.2068,-5.2,-300.2,-2.5,1.7,1.8,5.5
2014-03-18,2014.2096,-4.9,-301.7,-2.7,2.0,2.2,6.3
2014-03-19,2014.2123,-5.6,-298.4,-7.4,1.9,2.2,6.2
2014-03-20,2014.2151,-5.6,-299.7,-7.2,1.9,2.0,5.9
2014-03-21,2014.2178,-5.8,-298.6,-4.5,1.8,2.0,5.9
2014-03-22,2014.2205,-6.8,-299.4,-6.3,1.8,1.9,5.9
2014-03-23,2014.2233,-4.9,-300.9,-1.4,1.8,1.9,5.7
2014-03-24,2014.226,-6.7,-298.2,-3.0,1.8,2.0,5.9
2014-03-25,2014.2288,-5.5,-299.4,0.3,1.8,1.9,5.8
2014-03-26,2014.2315,-5.6,-299.9,-0.9,1.8,2.0,5.9
2014-03-27,2014.2342,-4.5,-298.3,0.1,1.9,2.0,6.0
2014-03-28,2014.237,-5.8,-297.9,-1.7,2.1,2.3,6.8
2014-03-29,2014.2397,-4.7,-298.1,-2.3,1.8,1.9,5.7
2014-03-30,2014.2425,-5.9,-298.3,-2.9,2.0,2.3,6.6
2014-03-31,2014.2452,-6.5,-297.6,-9.8,2.0,2.2,5.9
2014-04-01,2014.2479,-5.4,-297.7,-4.2,2.0,2.1,6.3
2014-04-02,2014.2507,-4.9,-298.8,-6.1,2.0,2.1,6.4
2014-04-03,2014.2534,-6.6,-297.4,-8.4,1.8,1.8,5.7
2014-04-04,2014.2562,-6.8,-297.5,-6.9,1.8,1.9,5.7
2014-04-05,2014.2589,-6.8,-297.7,-2.8,1.9,2.0,6.0
2014-04-06,2014.2616,-6.5,-297.2,-1.6,1.7,1.8,5.5
2014-04-07,2014.2644,-7.0,-296.9,0.9,1.8,1.8,5.8
2014-04-08,2014.2671,-6.1,-297.4,1.3,1.7,1.7,5.4
2014-04-09,2014.2699,-5.9,-298.0,-4.5,1.8,1.9,5.9
2014-04-10,2014.2726,-6.5,-297.4,-2.8,2.0,2.3,6.5
2014-04-11,2014.2753,-6.1,-296.5,-1.1,1.8,1.9,5.9
2014-04-12,2014.2781,-6.9,-296.0,-2.6,1.7,1.8,5.7
2014-04-13,2014.2808,-6.2,-298.0,-1.5,1.9,2.0,6.3
2014-04-14,2014.2836,-6.2,-296.9,3.7,2.2,2.3,6.9
2014-04-15,2014.2863,-5.0,-296.6,-4.4,1.9,2.1,6.2
2014-04-16,2014.289,-5.1,-297.9,-5.2,2.2,2.2,7.1
2014-04-17,2014.2918,-5.3,-298.4,-8.4,1.9,2.1,6.3
2014-04-18,2014.2945,-5.7,-298.6,-8.8,1.8,1.9,5.7
2014-04-19,2014.2973,-5.2,-296.4,-3.6,1.9,2.0,6.2
2014-04-20,2014.3,-6.2,-298.2,-7.5,1.8,1.8,5.8
2014-04-21,2014.3027,-6.8,-295.0,-7.0,1.9,2.0,6.1
2014-04-22,2014.3055,-7.2,-296.4,-1.0,2.1,2.4,6.7
2014-04-23,2014.3082,-6.2,-298.3,-0.9,1.9,2.1,6.3
2014-04-24,2014.311,-4.9,-295.4,-7.1,1.8,1.9,5.8
2014-04-25,2014.3137,-6.5,-297.0,-6.4,1.8,1.7,5.6
2014-04-26,2014.3164,-5.3,-296.0,-4.3,1.8,2.0,5.9
2014-04-27,2014.3192,-6.0,-295.7,-3.6,1.9,2.1,6.2
2014-04-28,2014.3219,-7.6,-298.1,-3.9,2.0,2.2,6.2
2014-04-29,2014.3247,-8.4,-298.1,2.3,1.9,2.2,6.1
2014-04-30,2014.3274,-8.0,-296.6,-7.5,2.2,2.4,7.2
2014-05-01,2014.3301,-7.7,-296.0,-6.0,1.8,1.9,5.7
2014-05-02,2014.3329,-5.6,-296.9,-3.4,1.9,2.0,5.9
2014-05-03,2014.3356,-6.6,-295.4,-4.1,1.9,2.2,6.2
2014-05-04,2014.3384,-7.2,-296.1,-6.2,2.1,2.4,6.6
2014-05-05,2014.3411,-9.2,-295.1,-4.1,2.0,2.2,6.4
2014-05-06,2014.3438,-9.6,-296.3,-0.6,1.8,1.9,5.8
2014-05-07,2014.3466,-7.6,-294.2,-0.5,1.9,2.1,6.3
2014-05-08,2014.3493,-7.7,-294.9,0.0,2.1,2.1,6.7
2014-05-09,2014.3521,-7.2,-295.4,-5.3,1.9,2.0,6.4
2014-05-10,2014.3548,-8.7,-296.1,-5.8,1.8,1.9,6.1
2014-05-11,2014.3575,-9.3,-293.9,2.6,2.0,2.1,6.5
2014-05-12,2014.3603,-8.9,-296.0,1.7,1.9,2.0,6.2
2014-05-13,2014.363,-8.8,-293.8,0.0,1.9,2.1,6.5
2014-05-14,2014.3658,-8.2,-295.8,-1.9,1.9,2.0,6.2
2014-05-15,2014.3685,-9.0,-294.2,2.5,1.9,2.0,6.2
2014-05-16,2014.3712,-9.2,-296.7,-2.6,2.0,2.1,6.5
2014-05-17,2014.374,-10.1,-295.2,0.1,2.1,2.3,6.6
2014-05-18,2014.3767,-9.5,-294.7,-4.1,2.0,2.2,6.6
2014-05-19,2014.3795,-9.5,-294.5,-0.3,1.9,2.0,6.1
2014-05-20,2014.3822,-11.3,-294.7,2.1,1.8,1.9,5.9
2014-05-21,2014.3849,-11.0,-294.4,4.5,2.1,2.3,6.7
2014-05-22,2014.3877,-10.3,-294.7,0.5,2.1,2.2,6.8
2014-05-23,2014.3904,-11.2,-294.7,-2.3,2.3,2.3,7.4
2014-05-24,2014.3932,-11.1,-292.5,-4.2,1.9,2.0,6.1
2014-05-25,2014.3959,-11.1,-295.5,-3.4,2.2,2.3,6.9
2014-05-26,2014.3986,-10.8,-296.0,0.6,1.9,2.1,6.2
2014-05-27,2014.4014,-11.6,-294.5,4.1,1.9,1.9,6.0
2014-05-28,2014.4041,-12.0,-295.3,8.1,2.1,2.3,6.7
2014-05-29,2014.4068,-10.5,-293.9,4.1,2.1,2.2,6.7
2014-05-30,2014.4096,-11.6,-295.5,5.2,2.0,2.1,6.3
2014-05-31,2014.4123,-10.6,-296.2,2.7,2.2,2.4,7.1
2014-06-01,2014.4151,-9.2,-294.1,1.9,2.1,2.3,6.6
2014-06-02,2014.4178,-9.3,-292.4,3.5,2.2,2.2,7.1
2014-06-03,2014.4205,-10.3,-294.0,0.2,2.0,2.1,6.5
2014-06-04,2014.4233,-9.4,-293.8,2.1,2.0,2.0,6.4
2014-06-05,2014.426,-8.1,-293.9,-1.5,2.2,2.3,7.1
2014-06-06,2014.4288,-11.7,-292.9,6.2,2.1,2.2,6.8
2014-06-07,2014.4315,-9.2,-293.7,0.1,2.1,2.3,6.9
2014-06-08,2014.4342,-9.6,-292.0,1.5,2.3,2.5,7.4
2014-06-09,2014.437,-10.6,-292.8,0.5,2.0,2.1,6.5
2014-06-10,2014.4397,-9.8,-292.8,2.1,2.0,2.2,6.5
2014-06-11,2014.4425,-8.7,-292.7,-2.7,2.2,2.6,7.0
2014-06-12,2014.4452,-9.7,-291.8,0.1,2.0,2.1,6.6
2014-06-13,2014.4479,-7.4,-291.3,-3.7,2.4,2.6,7.6
2014-06-14,2014.4507,-8.8,-293.5,-2.0,2.3,2.7,7.7
2014-06-15,2014.4534,-8.1,-291.9,1.3,2.2,2.4,7.8
2014-06-16,2014.4562,-7.9,-290.4,-2.3,2.2,2.6,7.0
2014-06-17,2014.4589,-7.0,-292.2,-1.9,2.3,2.5,7.5
2014-06-18,2014.4616,-7.1,-292.8,-2.8,2.2,2.3,7.3
2014-06-19,2014.4644,-8.7,-289.8,2.0,2.3,2.5,7.7
2014-06-20,2014.4671,-8.1,-290.0,-2.5,2.0,2.1,6.6
2014-06-21,2014.4699,-6.4,-291.1,-0.3,2.1,2.2,7.0
2014-06-22,2014.4726,-6.3,-290.6,-1.9,2.1,2.3,6.8
2014-06-23,2014.4753,-8.8,-290.8,-3.8,2.0,2.1,6.5
2014-06-24,2014.4781,-8.7,-291.0,0.9,2.0,2.1,6.6
2014-06-25,2014.4808,-6.5,-291.2,-0.8,2.4,2.6,7.8
2014-06-26,2014.4836,-7.0,-290.8,-5.5,2.8,3.0,9.7
2014-06-27,2014.4863,-7.6,-290.9,-2.4,2.2,2.3,7.2
2014-06-28,2014.489,-8.1,-290.6,3.6,2.7,2.8,9.3
2014-06-29,2014.4918,-7.5,-291.6,-2.4,2.8,3.0,9.1
2014-06-30,2014.4945,-6.6,-290.7,-1.5,2.0,2.1,6.5
2014-07-01,2014.4973,-6.6,-290.7,-7.8,2.5,2.6,8.3
2014-07-02,2014.5,-8.5,-288.8,-1.9,2.1,2.2,6.6
2014-07-03,2014.5027,-7.1,-289.1,1.9,2.2,2.4,7.2
2014-07-04,2014.5055,-8.7,-288.8,4.8,2.1,2.2,6.8
2014-07-05,2014.5082,-7.2,-292.4,2.0,2.1,2.3,6.5
2014-07-06,2014.511,-7.2,-290.5,-4.0,2.1,2.2,6.9
2014-07-07,2014.5137,-8.4,-288.6,0.6,2.7,3.1,8.1
2014-07-08,2014.5164,-7.7,-289.0,1.1,2.1,2.2,6.8
2014-07-09,2014.5192,-7.7,-289.5,-7.4,2.4,2.6,7.8
2014-07-10,2014.5219,-9.7,-287.9,-3.5,2.6,2.9,8.5
2014-07-11,2014.5247,-7.4,-290.0,-7.9,2.1,2.3,6.8
2014-07-12,2014.5274,-7.4,-290.0,-5.8,2.4,2.5,8.3
2014-07-13,2014.5301,-9.1,-288.6,-2.9,2.2,2.4,7.3
2014-07-14,2014.5329,-9.1,-288.5,-0.7,1.9,2.1,6.3
2014-07-15,2014.5356,-10.7,-288.5,-5.0,2.0,2.2,6.5
2014-07-16,2014.5384,-8.5,-289.0,-2.4,2.2,2.2,7.3
2014-07-17,2014.5411,-9.5,-287.7,2.8,2.0,2.2,6.8
2014-07-18,2014.5438,-9.3,-289.7,-1.7,2.1,2.1,6.9
2014-07-19,2014.5466,-9.6,-291.1,-4.8,2.3,2.5,7.9
2014-07-20,2014.5493,-9.5,-287.8,-2.8,2.5,2.6,8.6
2014-07-21,2014.5521,-11.5,-289.5,-6.0,2.3,2.4,7.7
2014-07-22,2014.5548,-13.1,-288.1,-11.8,2.2,2.3,7.3
2014-07-23,2014.5575,-12.5,-287.4,-9.4,2.2,2.4,7.4
2014-07-24,2014.5603,-11.9,-290.0,-3.4,2.3,2.6,7.8
2014-07-25,2014.563,-11.3,-289.5,-3.5,2.3,2.5,7.6
2014-07-26,2014.5658,-7.7,-289.7,-9.1,2.5,2.6,8.6
2014-07-27,2014.5685,-10.4,-290.1,-6.4,2.3,2.5,7.6
2014-07-28,2014.5712,-11.7,-289.6,-2.5,2.2,2.6,7.1
2014-07-29,2014.574,-11.5,-289.0,1.4,2.4,2.7,7.7
2014-07-30,2014.5767,-8.6,-289.6,-0.2,2.3,2.6,7.5
2014-07-31,2014.5795,-9.7,-289.7,-5.2,2.2,2.4,7.6
2014-08-01,2014.5822,-9.8,-288.2,-10.3,2.3,2.5,7.6
2014-08-02,2014.5849,-10.0,-289.2,-7.7,2.3,2.6,7.4
2014-08-03,2014.5877,-9.3,-288.0,-4.8,2.5,2.8,8.2
2014-08-04,2014.5904,-11.2,-289.2,-1.6,2.5,2.6,8.4
2014-08-05,2014.5932,-8.5,-286.9,-10.7,2.7,2.9,9.5
2014-08-06,2014.5959,-12.2,-288.3,-5.8,2.3,2.5,7.8
2014-08-07,2014.5986,-9.1,-286.0,-3.1,2.4,2.6,8.1
2014-08-08,2014.6014,-10.5,-288.5,-3.7,2.3,2.5,7.4
2014-08-09,2014.6041,-9.2,-286.2,-1.2,2.1,2.2,6.7
2014-08-10,2014.6068,-9.7,-289.0,2.3,2.2,2.4,7.0
2014-08-11,2014.6096,-9.4,-286.4,-6.7,2.2,2.3,7.4
2014-08-12,2014.6123,-9.2,-286.5,-5.7,2.5,2.6,8.5
2014-08-13,2014.6151,-10.3,-285.5,-1.9,2.1,2.3,7.0
2014-08-14,2014.6178,-8.1,-287.6,-1.2,2.1,2.2,6.9
2014-08-15,2014.6205,-7.3,-285.5,0.6,1.9,2.0,6.2
2014-08-16,2014.6233,-7.1,-284.8,-1.3,2.0,2.1,6.6
2014-08-17,2014.626,-10.1,-285.9,-3.1,2.4,2.5,7.9
2014-08-18,2014.6288,-9.4,-286.8,-5.5,2.1,2.3,7.3
2014-08-19,2014.6315,-9.0,-286.0,-4.7,2.4,2.6,7.9
2014-08-20,2014.6342,-9.3,-282.8,-2.4,2.8,2.9,9.6
2014-08-21,2014.637,-8.8,-286.1,-7.6,2.4,2.5,7.7
2014-08-22,2014.6397,-9.5,-284.2,-8.5,2.2,2.2,7.0
2014-08-23,2014.6425,-8.7,-284.8,-1.6,2.5,2.5,8.4
2014-08-24,2014.6452,-8.7,-284.8,-3.3,2.2,2.4,7.2
2014-08-25,2014.6479,-9.1,-283.8,-5.0,2.1,2.2,7.1
2014-08-26,2014.6507,-8.6,-285.2,-6.8,2.0,2.1,6.3
2014-08-27,2014.6534,-8.0,-284.5,-3.5,1.9,2.0,6.0
2014-08-28,2014.6562,-8.7,-283.1,-8.6,2.2,2.3,7.4
2014-08-29,2014.6589,-8.8,-284.0,-10.9,2.2,2.2,7.2
2014-08-30,2014.6616,-10.0,-282.3,-6.7,2.2,2.4,7.1
2014-08-31,2014.6644,-7.9,-283.1,-4.9,1.9,2.0,6.1
2014-09-01,2014.6671,-9.7,-285.3,-7.2,2.1,2.1,6.6
2014-09-02,2014.6699,-9.4,-286.6,-3.6,2.4,2.5,7.9
2014-09-03,2014.6726,-8.7,-284.2,-8.0,2.0,2.1,6.3
2014-09-04,2014.6753,-11.0,-284.6,2.9,2.1,2.1,6.7
2014-09-05,2014.6781,-9.7,-285.1,-0.7,2.3,2.5,7.6
2014-09-06,2014.6808,-10.1,-286.3,-3.1,2.6,2.8,8.8
2014-09-07,2014.6836,-9.6,-283.5,-2.9,2.2,2.4,7.2
2014-09-08,2014.6863,-8.5,-285.8,-7.9,2.3,2.6,7.3
2014-09-09,2014.689,-8.8,-284.7,0.7,2.1,2.2,6.8
2014-09-10,2014.6918,-9.8,-285.1,-1.7,2.4,2.6,7.9
2014-09-11,2014.6945,-9.8,-283.7,-3.2,2.2,2.4,7.2
2014-09-12,2014.6973,-9.2,-284.7,-10.8,2.1,2.2,6.9
2014-09-13,2014.7,-9.7,-284.0,-5.3,2.1,2.2,7.2
2014-09-14,2014.7027,-8.2,-283.8,-7.6,2.1,2.3,6.9
2014-09-15,2014.7055,-9.9,-283.6,-4.7,2.0,2.1,6.6
2014-09-16,2014.7082,-10.0,-284.3,-6.8,1.8,1.9,5.8
2014-09-17,2014.711,-10.8,-283.3,-7.6,1.8,2.0,5.8
2014-09-18,2014.7137,-10.5,-285.4,-6.8,1.9,2.0,6.0
2014-09-19,2014.7164,-10.2,-284.4,-6.0,2.1,2.3,6.8
2014-09-20,2014.7192,-9.9,-283.8,-4.4,2.0,2.0,6.3
2014-09-21,2014.7219,-9.7,-282.8,-7.8,1.9,2.0,6.3
2014-09-22,2014.7247,-8.8,-284.3,-5.5,2.1,2.2,6.5
2014-09-23,2014.7274,-9.6,-283.4,-3.7,2.0,2.2,6.3
2014-09-24,2014.7301,-12.1,-283.2,-5.4,1.8,1.8,5.5
2014-09-25,2014.7329,-9.1,-283.8,-10.0,1.8,1.9,5.7
2014-09-26,2014.7356,-8.8,-283.6,-11.2,1.9,1.9,6.0
2014-09-27,2014.7384,-7.6,-282.5,-5.7,1.9,2.0,6.2
2014-09-28,2014.7411,-9.4,-283.2,-10.6,2.1,2.3,6.6
2014-09-29,2014.7438,-8.3,-283.1,-9.9,1.8,1.9,5.7
2014-09-30,2014.7466,-7.4,-282.8,-8.7,2.1,2.1,6.5
2014-10-01,2014.7493,-8.8,-283.3,-5.8,2.1,2.2,6.4
2014-10-02,2014.7521,-7.7,-282.9,-6.6,2.0,2.1,6.4
2014-10-03,2014.7548,-7.4,-283.1,-8.3,2.2,2.5,7.2
2014-10-04,2014.7575,-8.5,-282.8,-11.3,2.1,2.5,6.6
2014-10-05,2014.7603,-7.0,-283.4,-12.0,1.9,2.0,6.0
2014-10-06,2014.763,-7.5,-283.6,-6.9,2.0,2.1,6.2
2014-10-07,2014.7658,-6.6,-281.0,-7.5,1.8,1.9,5.7
2014-10-08,2014.7685,-6.2,-282.8,-6.1,1.9,2.0,5.8
2014-10-09,2014.7712,-7.0,-282.8,-7.3,2.0,2.0,6.2
2014-10-10,2014.774,-6.1,-282.8,-13.6,1.9,2.0,6.0
2014-10-11,2014.7767,-6.1,-280.1,-14.1,1.9,2.0,6.0
2014-10-12,2014.7795,-7.7,-280.7,-12.9,2.0,2.0,6.2
2014-10-13,2014.7822,-5.8,-281.2,-12.0,1.9,2.1,6.0
2014-10-14,2014.7849,-6.6,-280.6,-9.2,1.9,1.9,5.7
2014-10-15,2014.7877,-6.9,-281.2,-11.7,1.9,1.9,5.9
2014-10-16,2014.7904,-7.8,-279.8,-7.9,1.7,1.7,5.3
2014-10-17,2014.7932,-6.6,-281.3,-6.5,1.8,1.8,5.5
2014-10-18,2014.7959,-7.6,-280.4,-4.8,2.0,2.1,6.3
2014-10-19,2014.7986,-8.6,-280.6,-8.9,1.9,1.9,6.1
2014-10-20,2014.8014,-8.6,-280.8,-8.1,2.0,2.0,6.2
2014-10-21,2014.8041,-10.0,-280.9,-9.2,2.1,2.2,6.4
2014-10-22,2014.8068,-9.1,-279.6,-9.9,1.8,1.9,5.7
2014-10-23,2014.8096,-8.5,-280.2,-4.6,1.9,1.9,5.8
2014-10-24,2014.8123,-7.6,-279.8,-6.4,1.9,2.0,5.9
2014-10-25,2014.8151,-8.0,-280.5,-2.6,1.9,2.1,5.9
2014-10-26,2014.8178,-6.8,-281.8,-5.5,2.0,2.2,6.1
2014-10-27,2014.8205,-8.3,-280.8,-7.1,1.9,2.0,5.9
2014-10-28,2014.8233,-7.1,-282.2,-6.9,1.9,2.0,5.8
2014-10-29,2014.826,-6.9,-282.7,-10.4,1.9,1.8,5.8
2014-10-30,2014.8288,-6.8,-282.2,-12.2,1.8,1.8,5.9
2014-10-31,2014.8315,-7.2,-281.8,-13.0,2.1,2.2,6.5
2014-11-01,2014.8342,-7.8,-282.2,-13.4,1.9,1.9,5.8
2014-11-02,2014.837,-8.2,-280.1,-12.7,1.9,2.0,6.0
2014-11-03,2014.8397,-8.2,-280.9,-6.2,1.7,1.7,5.4
2014-11-04,2014.8425,-10.4,-281.4,-10.3,1.8,1.8,5.5
2014-11-05,2014.8452,-8.1,-281.8,-10.1,1.7,1.7,5.4
2014-11-06,2014.8479,-8.2,-280.7,-9.8,1.8,1.8,5.6
2014-11-07,2014.8507,-8.8,-280.0,-5.9,1.8,1.8,5.7
2014-11-08,2014.8534,-6.6,-280.6,-9.3,1.9,2.0,6.1
2014-11-09,2014.8562,-7.5,-281.0,-13.2,1.8,1.8,5.6
2014-11-10,2014.8589,-7.5,-280.2,-15.8,2.0,2.0,6.3
2014-11-11,2014.8616,-8.1,-280.3,-10.0,2.0,2.0,6.5
2014-11-12,2014.8644,-8.0,-280.7,-12.5,1.8,1.8,5.6
2014-11-13,2014.8671,-9.0,-280.5,-12.1,1.9,2.0,5.9
2014-11-14,2014.8699,-8.8,-280.1,-14.9,1.8,1.8,5.8
2014-11-15,2014.8726,-8.9,-279.4,-13.1,1.8,1.8,5.6
2014-11-16,2014.8753,-9.0,-280.1,-14.0,1.9,1.9,5.8
2014-11-17,2014.8781,-9.2,-281.5,-13.9,1.7,1.8,5.5
2014-11-18,2014.8808,-10.9,-279.6,-12.1,1.8,1.9,5.7
2014-11-19,2014.8836,-9.0,-279.5,-9.9,1.7,1.7,5.4
2014-11-20,2014.8863,-9.2,-279.4,-10.0,1.7,1.7,5.3
2014-11-21,2014.889,-10.2,-281.0,-11.0,1.8,1.8,5.7
2014-11-22,2014.8918,-10.2,-279.6,-9.9,1.8,1.8,5.6
2014-11-23,2014.8945,-10.2,-279.9,-10.2,1.9,2.0,6.1
2014-11-24,2014.8973,-10.3,-281.4,-7.7,1.8,1.9,5.7
2014-11-25,2014.9,-9.7,-281.3,-7.8,1.7,1.8,5.5
2014-11-26,2014.9027,-8.4,-280.4,-8.1,1.9,2.1,6.2
2014-11-27,2014.9055,-9.0,-280.4,-6.9,1.8,1.8,5.6
2014-11-28,2014.9082,-8.1,-280.3,-9.0,1.7,1.8,5.5
2014-11-29,2014.911,-7.3,-280.9,-13.2,1.8,1.8,5.7
2014-11-30,2014.9137,-8.5,-279.1,-11.6,1.7,1.8,5.5
2014-12-01,2014.9164,-9.2,-278.4,-7.6,1.8,1.9,5.7
2014-12-02,2014.9192,-7.4,-279.6,-9.3,1.7,1.8,5.6
2014-12-03,2014.9219,-7.8,-279.6,-8.8,1.9,2.0,5.9
2014-12-04,2014.9247,-9.4,-279.7,-6.7,1.8,1.9,5.6
2014-12-05,2014.9274,-8.2,-280.0,-8.2,1.6,1.7,5.3
2014-12-06,2014.9301,-9.4,-278.2,-5.2,1.8,1.9,5.7
2014-12-07,2014.9329,-9.0,-278.8,-2.8,1.7,1.7,5.5
2014-12-08,2014.9356,-7.0,-278.7,-10.2,1.6,1.7,5.3
2014-12-09,2014.9384,-7.3,-278.0,-13.7,1.7,1.9,5.6
2014-12-10,2014.9411,-7.3,-278.1,-15.4,1.9,2.1,6.0
2014-12-11,2014.9438,-8.8,-277.7,-13.3,1.7,1.8,5.4
2014-12-12,2014.9466,-8.4,-278.5,-10.3,1.7,1.8,5.4
2014-12-13,2014.9493,-8.2,-278.1,-15.2,1.8,1.9,5.8
2014-12-14,2014.9521,-7.6,-278.3,-13.0,1.9,2.0,6.0
2014-12-15,2014.9548,-7.6,-276.6,-12.2,1.7,1.9,5.5
2014-12-16,2014.9575,-8.9,-275.4,-13.2,1.8,1.9,5.9
2014-12-17,2014.9603,-8.9,-276.9,-7.5,1.7,1.8,5.5
2014-12-18,2014.963,-8.6,-276.4,-7.2,1.8,1.9,5.6
2014-12-19,2014.9658,-8.4,-276.4,-5.0,1.8,1.9,6.0
2014-12-20,2014.9685,-8.8,-276.3,-9.1,1.8,1.9,5.7
2014-12-21,2014.9712,-9.2,-276.2,-5.9,1.9,2.1,6.0
2014-12-22,2014.974,-8.8,-276.1,-5.5,1.6,1.7,5.2
2014-12-23,2014.9767,-8.4,-276.4,-5.9,1.7,1.9,5.5
2014-12-24,2014.9795,-8.0,-275.5,-3.3,1.6,1.7,5.1
2014-12-25,2014.9822,-6.0,-275.6,-2.4,1.8,1.9,5.8
2014-12-26,2014.9849,-10.3,-274.5,-5.3,1.8,1.9,5.5
2014-12-27,2014.9877,-7.4,-277.0,-6.3,1.7,1.8,5.4
2014-12-28,2014.9904,-8.6,-275.8,-4.7,1.7,1.8,5.4
2014-12-29,2014.9932,-7.1,-275.2,-1.1,1.8,1.9,5.6
2014-12-30,2014.9959,-8.4,-274.0,-5.3,1.8,1.9,5.7
2014-12-31,2014.9986,-7.9,-275.1,-5.8,1.8,1.9,5.7
2015-01-01,2015.0014,-9.4,-275.4,-4.8,1.9,1.9,5.9
2015-01-02,2015.0041,-9.8,-275.1,-1.0,1.7,1.7,5.4
2015-01-03,2015.0068,-8.5,-275.5,-1.2,1.8,1.8,5.6
2015-01-04,2015.0096,-9.0,-273.9,-1.7,1.7,1.7,5.4
2015-01-05,2015.0123,-7.4,-274.9,-5.6,1.8,1.9,5.9
2015-01-06,2015.0151,-8.7,-275.4,-8.9,1.7,1.7,5.3
2015-01-07,2015.0178,-7.4,-275.3,-10.5,1.9,2.0,6.1
2015-01-08,2015.0205,-8.2,-273.7,-7.0,1.8,1.9,5.6
2015-01-09,2015.0233,-9.1,-273.9,-4.8,1.7,1.8,5.5
2015-01-10,2015.026,-7.6,-273.1,-6.9,1.9,2.0,6.0
2015-01-11,2015.0288,-8.6,-273.0,-6.8,1.8,1.9,5.7
2015-01-12,2015.0315,-7.5,-273.3,-7.4,1.8,2.0,6.0
2015-01-13,2015.0342,-8.0,-273.1,-7.5,1.9,2.1,6.0
2015-01-14,2015.037,-8.6,-273.2,-6.4,1.8,2.0,5.8
2015-01-15,2015.0397,-7.5,-273.1,-9.5,1.7,1.8,5.5
2015-01-16,2015.0425,-8.0,-274.0,-9.23,1.8,1.9,5.53
2015-01-17,2015.0452,-7.7,-272.7,-8.97,1.7,1.8,5.57
2015-01-18,2015.0479,-8.1,-273.5,-8.7,1.7,1.8,5.6
2015-01-19,2015.0507,-7.2,-274.9,-11.2,1.8,1.9,5.7
2015-01-20,2015.0534,-6.5,-272.2,-8.3,1.8,1.9,5.5
2015-01-21,2015.0562,-8.0,-273.6,-9.2,1.7,1.8,5.5
2015-01-22,2015.0589,-6.5,-273.4,-5.6,1.8,1.9,5.7
2015-01-23,2015.0616,-6.5,-273.9,-9.5,1.8,1.9,5.7
2015-01-24,2015.0644,-5.9,-274.4,-9.0,1.8,1.9,5.8
2015-01-25,2015.0671,-5.6,-275.1,-11.1,1.9,1.9,5.9
2015-01-26,2015.0699,-3.9,-273.1,-10.3,1.8,1.9,5.6
2015-01-27,2015.0726,-5.0,-273.3,-11.3,1.9,2.0,6.0
2015-01-28,2015.0753,-4.8,-272.1,-8.8,1.8,1.8,5.4
2015-01-29,2015.0781,-4.9,-272.2,-9.1,1.9,2.1,5.8
2015-01-30,2015.0808,-5.2,-272.8,-8.9,1.7,1.8,5.3
2015-01-31,2015.0836,-4.7,-272.9,-6.7,1.8,1.9,5.7
2015-02-01,2015.0863,-4.9,-273.6,-8.5,1.8,1.9,5.7
2015-02-02,2015.089,-4.6,-271.9,-11.7,1.9,2.1,6.0
2015-02-03,2015.0918,-4.1,-272.0,-14.1,1.8,1.9,5.7
2015-02-04,2015.0945,-4.1,-272.3,-16.0,1.7,1.8,5.4
2015-02-05,2015.0973,-4.1,-272.4,-14.8,1.7,1.8,5.5
2015-02-06,2015.1,-2.7,-270.5,-15.2,2.0,2.2,6.1
2015-02-07,2015.1027,-4.4,-270.5,-10.3,1.8,1.9,5.6
2015-02-08,2015.1055,-5.4,-271.1,-8.9,1.8,1.9,5.6
2015-02-09,2015.1082,-5.2,-272.0,-7.2,1.9,2.0,5.9
2015-02-10,2015.111,-6.0,-273.3,-7.7,1.8,2.0,5.6
2015-02-11,2015.1137,-5.2,-271.6,-6.3,1.8,1.9,5.8
2015-02-12,2015.1164,-6.2,-273.7,-6.3,1.7,1.8,5.87
2015-02-13,2015.1192,-6.3,-273.5,-6.3,1.8,1.9,5.93
2015-02-14,2015.1219,-6.3,-272.4,-6.3,1.9,2.0,6.0
2015-02-15,2015.1247,-6.1,-271.6,-9.0,1.8,1.9,5.7
2015-02-16,2015.1274,-4.9,-271.8,-3.4,1.7,1.7,5.4
2015-02-17,2015.1301,-5.1,-273.0,-4.8,1.7,1.7,5.4
2015-02-18,2015.1329,-5.1,-272.9,-7.5,1.8,1.9,5.7
2015-02-19,2015.1356,-4.7,-272.8,-7.6,1.8,1.8,5.7
2015-02-20,2015.1384,-4.4,-273.6,-12.6,1.9,1.9,6.2
2015-02-21,2015.1411,-6.3,-271.6,-8.1,1.9,1.9,5.9
2015-02-22,2015.1438,-5.3,-271.6,-5.4,1.9,2.0,6.1
2015-02-23,2015.1466,-6.2,-271.2,-7.0,1.9,2.0,6.2
2015-02-24,2015.1493,-2.9,-271.5,-6.0,1.9,2.0,5.9
2015-02-25,2015.1521,-4.6,-270.6,-2.7,1.8,1.9,5.8
2015-02-26,2015.1548,-4.2,-271.2,-3.1,1.9,2.0,5.9
2015-02-27,2015.1575,-2.4,-273.1,-11.1,1.8,1.8,5.6
2015-02-28,2015.1603,-5.5,-272.0,-9.0,1.8,1.9,5.9
2015-03-01,2015.163,-5.5,-270.8,-8.0,1.8,1.9,5.8
2015-03-02,2015.1658,-2.8,-271.3,-3.0,1.8,1.9,5.6
2015-03-03,2015.1685,-4.4,-270.3,-3.2,1.8,1.8,5.7
2015-03-04,2015.1712,-4.3,-270.3,-3.0,1.7,1.8,5.6
2015-03-05,2015.174,-3.1,-272.0,-3.6,1.9,2.0,6.1
2015-03-06,2015.1767,-2.9,-270.6,-4.9,1.9,2.1,6.1
2015-03-07,2015.1795,-3.8,-269.8,-5.0,1.7,1.8,5.5
2015-03-08,2015.1822,-3.6,-268.8,-6.6,1.9,2.0,6.0
2015-03-09,2015.1849,-3.4,-269.3,-6.5,1.8,1.9,5.6
2015-03-10,2015.1877,-3.9,-269.8,-6.9,1.7,1.8,5.4
2015-03-11,2015.1904,-5.4,-269.3,-3.1,1.7,1.8,5.4
2015-03-12,2015.1932,-3.6,-271.2,-4.6,1.8,1.9,5.9
2015-03-13,2015.1959,-3.8,-270.1,-3.6,1.8,1.9,5.8
2015-03-14,2015.1986,-5.5,-270.5,-4.7,1.9,1.9,6.0
2015-03-15,2015.2014,-4.3,-268.8,-0.9,1.9,2.0,6.0
2015-03-16,2015.2041,-3.9,-269.3,-5.2,1.7,1.7,5.6
2015-03-17,2015.2068,-2.7,-271.2,-0.1,1.9,2.1,6.1
2015-03-18,2015.2096,-3.8,-270.8,-4.0,1.9,1.9,6.1
2015-03-19,2015.2123,-5.1,-269.8,-8.5,1.9,2.2,6.0
2015-03-20,2015.2151,-5.0,-268.9,-7.6,1.8,1.8,5.9
2015-03-21,2015.2178,-5.0,-268.1,-4.7,1.9,2.0,6.1
2015-03-22,2015.2205,-3.9,-268.3,-7.2,1.9,2.1,6.2
2015-03-23,2015.2233,-4.5,-268.3,-2.4,1.9,1.9,5.9
2015-03-24,2015.226,-4.5,-267.5,0.4,2.1,2.3,6.8
2015-03-25,2015.2288,-5.7,-266.6,-3.8,1.9,1.9,5.9
2015-03-26,2015.2315,-5.6,-266.8,-4.6,2.1,2.4,6.8
2015-03-27,2015.2342,-4.5,-269.0,-2.6,2.0,2.2,6.3
2015-03-28,2015.237,-3.7,-269.7,-1.75,1.9,2.0,6.05
2015-03-29,2015.2397,-5.1,-267.1,-0.9,1.9,1.9,5.8
2015-03-30,2015.2425,-4.4,-268.0,0.27,2.1,2.1,5.97
2015-03-31,2015.2452,-5.9,-266.4,1.43,2.2,2.2,6.13
2015-04-01,2015.2479,-5.9,-266.6,2.6,2.1,2.2,6.3
2015-04-02,2015.2507,-3.8,-267.8,3.6,1.8,1.8,5.7
2015-04-03,2015.2534,-3.6,-267.3,0.5,2.2,2.3,7.1
2015-04-04,2015.2562,-3.0,-266.1,-1.3,2.1,2.3,6.6
2015-04-05,2015.2589,-4.7,-266.2,-6.4,2.1,2.3,6.6
2015-04-06,2015.2616,-2.0,-264.7,-3.9,1.9,2.0,6.2
2015-04-07,2015.2644,-4.0,-266.3,-6.7,1.8,1.8,5.9
2015-04-08,2015.2671,-3.7,-266.5,-4.5,1.9,2.0,6.1
2015-04-09,2015.2699,-4.2,-265.6,-8.4,2.0,2.1,6.3
2015-04-10,2015.2726,-4.3,-266.5,-11.4,1.9,2.0,6.1
2015-04-11,2015.2753,-4.9,-265.7,-9.7,1.8,1.9,6.0
2015-04-12,2015.2781,-5.0,-266.2,-8.0,1.9,2.1,5.9
2015-04-13,2015.2808,-5.9,-266.5,-5.7,1.9,2.0,6.1
2015-04-14,2015.2836,-4.8,-267.5,0.3,1.9,2.0,6.3
2015-04-15,2015.2863,-5.5,-265.9,0.5,1.9,2.0,5.9
2015-04-16,2015.289,-4.5,-267.4,-0.8,2.0,2.2,6.3
2015-04-17,2015.2918,-4.0,-267.8,-3.6,1.9,2.0,6.0
2015-04-18,2015.2945,-4.3,-265.9,-1.9,2.0,2.2,6.5
2015-04-19,2015.2973,-5.0,-266.2,-9.6,1.9,2.0,6.1
2015-04-20,2015.3,-5.4,-264.7,-5.8,1.8,1.9,5.9
2015-04-21,2015.3027,-5.9,-265.7,-8.0,2.1,2.3,6.6
2015-04-22,2015.3055,-5.7,-266.0,-4.7,1.8,1.8,5.7
2015-04-23,2015.3082,-6.0,-265.2,-9.1,1.9,2.0,6.1
2015-04-24,2015.311,-7.0,-266.3,-5.7,1.9,1.9,6.0
2015-04-25,2015.3137,-6.1,-265.4,-1.3,1.9,2.0,6.0
2015-04-26,2015.3164,-6.7,-266.6,-2.4,1.9,2.0,6.0
2015-04-27,2015.3192,-6.4,-267.9,1.5,1.8,2.0,5.9
2015-04-28,2015.3219,-6.8,-269.6,-4.8,1.8,1.9,5.9
2015-04-29,2015.3247,-7.3,-266.5,-4.0,1.9,2.0,6.3
2015-04-30,2015.3274,-7.5,-266.6,-2.9,1.9,2.0,6.2
2015-05-01,2015.3301,-6.6,-266.7,-2.4,1.9,2.0,6.3
2015-05-02,2015.3329,-6.8,-264.8,-4.3,2.1,2.3,6.9
2015-05-03,2015.3356,-7.7,-265.9,-4.4,1.9,2.0,6.0
2015-05-04,2015.3384,-7.7,-267.5,-2.5,1.9,2.1,6.0
2015-05-05,2015.3411,-8.5,-267.1,-4.3,2.3,2.5,7.3
2015-05-06,2015.3438,-9.8,-266.0,-0.7,2.4,2.6,8.0
2015-05-07,2015.3466,-9.4,-267.5,-5.3,2.1,2.3,6.9
2015-05-08,2015.3493,-8.3,-265.1,-5.5,2.2,2.3,7.0
2015-05-09,2015.3521,-9.2,-266.6,-4.1,2.2,2.3,7.5
2015-05-10,2015.3548,-8.5,-266.0,-4.2,2.1,2.3,6.4
2015-05-11,2015.3575,-9.7,-267.3,-2.6,1.8,2.0,5.9
2015-05-12,2015.3603,-10.2,-268.1,-1.0,2.2,2.4,6.7
2015-05-13,2015.363,-9.7,-267.2,-1.2,2.0,2.2,6.6
2015-05-14,2015.3658,-10.7,-266.2,0.1,2.1,2.3,6.6
2015-05-15,2015.3685,-10.1,-264.8,-0.2,1.9,1.9,6.0
2015-05-16,2015.3712,-10.3,-264.6,1.35,2.2,2.3,6.15
2015-05-17,2015.374,-9.5,-264.1,2.9,2.0,2.1,6.3
2015-05-18,2015.3767,-10.1,-265.7,1.1,1.9,2.0,6.1
2015-05-19,2015.3795,-9.9,-265.7,0.1,2.1,2.3,6.9
2015-05-20,2015.3822,-9.0,-264.3,-4.1,2.3,2.3,7.7
2015-05-21,2015.3849,-10.2,-266.2,-0.3,2.0,2.1,6.7
2015-05-22,2015.3877,-8.4,-264.7,-4.0,2.2,2.2,7.0
2015-05-23,2015.3904,-8.6,-264.0,5.1,2.0,2.1,6.5
2015-05-24,2015.3932,-10.5,-264.7,3.65,2.1,2.1,6.55
2015-05-25,2015.3959,-9.4,-263.6,2.2,2.1,2.2,6.6
2015-05-26,2015.3986,-9.4,-266.3,-1.3,2.2,2.3,7.0
2015-05-27,2015.4014,-8.6,-263.7,1.7,2.1,2.3,6.7
2015-05-28,2015.4041,-11.0,-264.3,-3.4,2.1,2.2,6.9
2015-05-29,2015.4068,-9.7,-264.0,0.5,2.3,2.4,7.4
2015-05-30,2015.4096,-8.9,-265.2,-2.4,2.1,2.2,7.1
2015-05-31,2015.4123,-9.2,-263.0,4.3,2.0,2.1,6.5
2015-06-01,2015.4151,-8.6,-265.0,-1.0,2.0,2.1,6.3
2015-06-02,2015.4178,-7.9,-263.8,-7.7,1.9,2.0,6.3
2015-06-03,2015.4205,-7.9,-263.8,-4.1,2.2,2.3,7.0
2015-06-04,2015.4233,-9.3,-263.1,-3.4,2.1,2.3,6.8
2015-06-05,2015.426,-8.6,-262.5,-3.1,2.1,2.2,6.7
2015-06-06,2015.4288,-8.7,-263.0,-6.7,2.2,2.3,7.2
2015-06-07,2015.4315,-9.5,-260.2,-2.0,2.3,2.6,7.3
2015-06-08,2015.4342,-7.1,-264.0,-2.0,2.1,2.2,6.9
2015-06-09,2015.437,-7.6,-263.1,-6.2,2.2,2.4,7.4
2015-06-10,2015.4397,-6.5,-262.1,-6.8,2.0,2.1,6.5
2015-06-11,2015.4425,-8.1,-263.6,-2.5,2.3,2.7,7.5
2015-06-12,2015.4452,-8.1,-261.1,0.2,2.2,2.3,6.9
2015-06-13,2015.4479,-8.4,-261.1,-2.6,2.1,2.3,6.7
2015-06-14,2015.4507,-9.2,-261.7,-1.4,2.0,2.1,6.3
2015-06-15,2015.4534,-10.0,-263.4,-2.0,2.1,2.3,7.0
2015-06-16,2015.4562,-9.3,-263.0,-6.5,2.1,2.1,6.5
2015-06-17,2015.4589,-9.1,-264.4,-8.4,2.2,2.3,6.9
2015-06-18,2015.4616,-9.2,-262.5,-7.4,2.1,2.2,7.1
2015-06-19,2015.4644,-10.2,-260.1,-4.0,2.4,2.4,7.7
2015-06-20,2015.4671,-11.2,-261.4,0.3,2.3,2.3,7.4
2015-06-21,2015.4699,-8.3,-260.5,-5.7,2.3,2.4,7.2
2015-06-22,2015.4726,-9.1,-260.9,0.7,2.0,2.0,6.1
2015-06-23,2015.4753,-8.2,-261.4,-7.1,2.2,2.3,6.9
2015-06-24,2015.4781,-8.9,-260.0,-3.7,2.2,2.2,6.8
2015-06-25,2015.4808,-9.0,-261.4,4.2,2.1,2.3,7.2
2015-06-26,2015.4836,-9.8,-261.9,1.8,2.5,2.5,8.5
2015-06-27,2015.4863,-8.6,-261.3,3.1,2.5,2.6,8.2
2015-06-28,2015.489,-7.7,-261.4,-1.4,2.5,2.6,8.3
2015-06-29,2015.4918,-7.7,-260.5,-4.6,2.6,2.6,8.7
2015-06-30,2015.4945,-8.6,-259.6,2.2,2.3,2.4,7.4
2015-07-01,2015.4973,-8.3,-261.5,-1.8,2.4,2.3,8.2
2015-07-02,2015.5,-8.3,-261.1,-8.6,2.2,2.3,7.1
2015-07-03,2015.5027,-8.3,-259.4,-4.3,2.2,2.3,7.4
2015-07-04,2015.5055,-10.0,-259.5,-1.7,2.6,2.6,8.7
2015-07-05,2015.5082,-8.2,-260.8,-0.3,2.4,2.5,7.6
2015-07-06,2015.511,-9.3,-260.7,-6.9,2.1,2.2,7.1
2015-07-07,2015.5137,-8.0,-260.1,-1.9,3.0,3.0,10.4
2015-07-08,2015.5164,-10.7,-259.9,-5.2,2.3,2.5,7.6
2015-07-09,2015.5192,-9.6,-259.8,-5.0,2.1,2.2,6.6
2015-07-10,2015.5219,-8.6,-259.7,3.1,2.0,2.1,6.4
2015-07-11,2015.5247,-8.5,-263.1,-7.1,2.7,2.9,9.4
2015-07-12,2015.5274,-9.3,-259.4,-7.7,2.2,2.4,7.3
2015-07-13,2015.5301,-7.9,-260.1,-7.0,2.2,2.4,7.1
2015-07-14,2015.5329,-9.6,-259.0,-4.0,2.1,2.2,6.8
2015-07-15,2015.5356,-8.1,-260.3,-9.7,2.5,2.5,8.3
2015-07-16,2015.5384,-9.6,-261.4,-5.1,2.3,2.6,7.8
2015-07-17,2015.5411,-9.2,-258.1,-10.8,2.4,2.5,7.7
2015-07-18,2015.5438,-10.4,-258.9,1.2,2.0,2.1,6.5
2015-07-19,2015.5466,-9.7,-260.2,-3.5,2.2,2.4,7.0
2015-07-20,2015.5493,-8.8,-258.4,-10.6,2.4,2.6,7.8
2015-07-21,2015.5521,-7.4,-260.8,-5.8,2.3,2.6,7.8
2015-07-22,2015.5548,-8.3,-259.3,-6.0,2.3,2.4,7.4
2015-07-23,2015.5575,-10.1,-259.8,-7.5,2.3,2.4,7.6
2015-07-24,2015.5603,-9.6,-258.4,-5.1,2.3,2.4,7.4
2015-07-25,2015.563,-8.2,-258.7,-0.2,1.9,2.0,6.3
2015-07-26,2015.5658,-9.1,-258.9,0.4,2.1,2.1,7.0
2015-07-27,2015.5685,-11.6,-257.7,-0.4,2.3,2.3,7.3
2015-07-28,2015.5712,-8.4,-260.3,-1.9,3.1,3.2,10.5
2015-07-29,2015.574,-9.1,-258.6,-1.6,2.4,2.5,7.6
2015-07-30,2015.5767,-10.2,-257.4,0.1,2.2,2.3,6.9
2015-07-31,2015.5795,-9.8,-256.3,1.1,2.2,2.2,7.2
2015-08-01,2015.5822,-8.3,-257.4,-2.5,3.1,3.0,10.2
2015-08-02,2015.5849,-8.2,-258.1,-1.0,2.6,2.5,8.1
2015-08-03,2015.5877,-8.0,-258.1,-6.0,2.2,2.2,7.2
2015-08-04,2015.5904,-8.3,-256.3,-6.9,2.2,2.3,6.9
2015-08-05,2015.5932,-8.2,-256.3,-7.5,2.2,2.2,6.7
2015-08-06,2015.5959,-7.8,-255.9,-5.6,2.1,2.1,6.4
2015-08-07,2015.5986,-7.9,-255.4,-9.7,2.3,2.4,7.3
2015-08-08,2015.6014,-7.5,-256.8,-10.0,2.2,2.2,6.7
2015-08-09,2015.6041,-6.9,-256.0,-7.8,2.7,2.7,8.5
2015-08-10,2015.6068,-6.9,-255.3,-5.8,2.8,2.8,8.9
2015-08-11,2015.6096,-7.1,-255.6,-5.8,2.4,2.5,7.6
2015-08-12,2015.6123,-6.6,-256.0,-9.2,2.6,2.6,8.4
2015-08-13,2015.6151,-6.6,-256.7,-6.5,2.4,2.3,7.3
2015-08-14,2015.6178,-7.8,-254.4,-3.9,2.4,2.3,7.5
2015-08-15,2015.6205,-7.7,-256.3,-8.6,2.4,2.5,7.8
2015-08-16,2015.6233,-8.7,-255.8,-10.2,2.1,2.2,6.6
2015-08-17,2015.626,-7.4,-255.0,-8.9,2.2,2.2,6.8
2015-08-18,2015.6288,-6.6,-255.7,-10.2,2.1,2.1,6.6
2015-08-19,2015.6315,-6.4,-254.3,-12.2,2.0,1.9,6.1
2015-08-20,2015.6342,-5.9,-255.6,-9.3,2.0,2.1,6.3
2015-08-21,2015.637,-8.3,-254.4,-8.8,2.0,1.9,6.2
2015-08-22,2015.6397,-7.2,-255.1,-14.1,2.3,2.3,7.1
2015-08-23,2015.6425,-9.3,-254.1,-0.2,2.2,2.2,6.9
2015-08-24,2015.6452,-8.7,-255.5,-5.9,1.9,1.9,6.3
2015-08-25,2015.6479,-10.6,-254.5,-5.8,2.2,2.3,7.0
2015-08-26,2015.6507,-8.1,-256.9,-6.2,2.1,2.0,6.7
2015-08-27,2015.6534,-8.5,-255.1,-7.9,2.1,2.2,6.7
2015-08-28,2015.6562,-9.8,-255.6,-3.3,2.1,2.1,6.9
2015-08-29,2015.6589,-8.5,-255.5,-10.8,2.3,2.3,7.2
2015-08-30,2015.6616,-7.3,-254.4,-8.7,2.1,2.1,6.6
2015-08-31,2015.6644,-8.0,-254.9,-6.0,2.0,2.0,6.2
2015-09-01,2015.6671,-8.6,-255.6,-10.2,2.0,2.0,6.3
2015-09-02,2015.6699,-8.9,-254.6,-11.1,2.2,2.2,7.3
2015-09-03,2015.6726,-9.6,-254.9,-10.6,2.2,2.3,7.2
2015-09-04,2015.6753,-8.2,-255.2,-12.9,2.2,2.2,7.1
2015-09-05,2015.6781,-6.5,-254.9,-13.5,2.2,2.2,7.3
2015-09-06,2015.6808,-8.4,-254.5,-9.8,2.1,2.0,6.6
2015-09-07,2015.6836,-8.9,-254.5,-13.7,2.2,2.2,7.0
2015-09-08,2015.6863,-8.4,-254.7,-11.5,2.0,1.9,6.3
2015-09-09,2015.689,-8.4,-255.9,-11.0,2.1,2.1,6.8
2015-09-10,2015.6918,-8.1,-254.9,-11.13,1.9,1.9,6.4
2015-09-11,2015.6945,-9.0,-255.6,-11.27,2.2,2.1,6.0
2015-09-12,2015.6973,-9.6,-253.5,-11.4,1.8,1.8,5.6
2015-09-13,2015.7,-8.7,-253.9,-12.8,1.9,1.8,5.8
2015-09-14,2015.7027,-7.4,-254.6,-11.7,1.8,1.7,5.7
2015-09-15,2015.7055,-7.9,-254.4,-14.8,1.9,1.8,5.9
2015-09-16,2015.7082,-7.8,-254.9,-14.4,1.8,1.7,5.5
2015-09-17,2015.711,-8.4,-253.4,-13.6,1.9,1.9,5.9
2015-09-18,2015.7137,-6.4,-255.0,-13.3,2.1,2.2,6.7
2015-09-19,2015.7164,-7.6,-254.4,-12.0,1.9,2.1,6.1
2015-09-20,2015.7192,-7.5,-252.8,-5.6,1.8,1.8,5.7
2015-09-21,2015.7219,-8.1,-253.9,-10.4,2.1,2.2,6.6
2015-09-22,2015.7247,-7.1,-254.1,-8.4,2.1,2.1,6.6
2015-09-23,2015.7274,-7.7,-253.9,-13.4,1.9,1.9,6.2
2015-09-24,2015.7301,-8.9,-252.5,-10.0,2.1,2.1,6.6
2015-09-25,2015.7329,-7.5,-252.6,-12.3,1.9,1.8,6.0
2015-09-26,2015.7356,-7.4,-253.7,-10.8,2.0,2.1,6.2
2015-09-27,2015.7384,-6.5,-252.7,-10.7,1.9,2.0,6.2
2015-09-28,2015.7411,-6.5,-251.7,-13.6,2.0,2.1,6.4
2015-09-29,2015.7438,-6.7,-253.1,-14.2,1.9,1.9,6.2
2015-09-30,2015.7466,-8.9,-252.5,-13.5,2.0,1.9,6.1
2015-10-01,2015.7493,-7.9,-252.2,-12.8,1.9,2.0,6.0
2015-10-02,2015.7521,-7.8,-253.7,-12.6,2.0,2.0,6.1
2015-10-03,2015.7548,-8.1,-252.7,-13.8,2.0,2.1,6.3
2015-10-04,2015.7575,-6.9,-253.4,-13.7,2.0,2.0,6.1
2015-10-05,2015.7603,-7.6,-254.1,-12.9,1.9,1.9,6.1
2015-10-06,2015.763,-7.6,-252.2,-11.7,1.8,1.8,5.7
2015-10-07,2015.7658,-7.9,-252.7,-13.6,1.9,1.9,5.9
2015-10-08,2015.7685,-8.0,-250.7,-15.2,1.7,1.6,5.3
2015-10-09,2015.7712,-9.0,-251.0,-15.2,2.0,2.0,6.2
2015-10-10,2015.774,-8.3,-252.0,-14.3,1.8,1.8,5.3
2015-10-11,2015.7767,-7.7,-252.7,-14.55,1.9,1.9,5.45
2015-10-12,2015.7795,-9.4,-252.6,-14.8,1.8,1.8,5.6
2015-10-13,2015.7822,-9.2,-251.5,-18.0,1.9,1.9,5.9
2015-10-14,2015.7849,-8.5,-252.2,-9.8,1.8,1.9,5.8
2015-10-15,2015.7877,-8.3,-254.2,-13.3,1.8,1.8,5.7
2015-10-16,2015.7904,-9.0,-251.5,-11.0,1.9,1.9,6.0
2015-10-17,2015.7932,-8.6,-252.4,-12.6,1.9,1.9,5.9
2015-10-18,2015.7959,-8.2,-252.0,-9.3,2.0,2.1,6.3
2015-10-19,2015.7986,-8.7,-251.6,-8.6,2.1,2.2,6.4
2015-10-20,2015.8014,-7.5,-251.5,-13.4,1.9,1.8,5.8
2015-10-21,2015.8041,-9.9,-252.2,-10.4,1.9,2.0,6.1
2015-10-22,2015.8068,-9.3,-252.0,-13.8,1.7,1.7,5.5
2015-10-23,2015.8096,-8.3,-251.3,-10.4,1.9,1.9,6.1
2015-10-24,2015.8123,-9.9,-250.9,-12.5,1.9,1.9,5.8
2015-10-25,2015.8151,-8.2,-251.2,-15.1,1.9,1.9,6.0
2015-10-26,2015.8178,-8.8,-250.7,-13.1,2.0,2.0,6.2
2015-10-27,2015.8205,-7.3,-251.1,-12.9,1.9,1.9,5.8
2015-10-28,2015.8233,-8.5,-250.4,-13.48,2.0,2.0,5.78
2015-10-29,2015.826,-7.7,-251.6,-14.05,1.9,1.9,5.75
2015-10-30,2015.8288,-6.7,-250.0,-14.62,1.8,1.7,5.72
2015-10-31,2015.8315,-9.6,-249.2,-15.2,1.8,1.8,5.7
2015-11-01,2015.8342,-8.8,-250.9,-11.3,1.7,1.6,5.2
2015-11-02,2015.837,-9.0,-250.2,-8.7,1.8,1.8,5.4
2015-11-03,2015.8397,-8.5,-250.4,-8.8,1.9,1.9,5.9
2015-11-04,2015.8425,-9.2,-251.6,-10.9,2.1,2.1,6.5
2015-11-05,2015.8452,-7.9,-251.1,-12.9,1.8,1.8,5.7
2015-11-06,2015.8479,-8.7,-250.7,-15.3,1.7,1.7,5.4
2015-11-07,2015.8507,-9.0,-251.8,-15.0,1.8,1.8,5.7
2015-11-08,2015.8534,-8.2,-249.8,-14.8,1.8,1.9,5.7
2015-11-09,2015.8562,-9.0,-249.7,-11.7,1.9,1.8,5.7
2015-11-10,2015.8589,-10.0,-249.6,-10.6,1.7,1.7,5.5
2015-11-11,2015.8616,-9.6,-249.6,-12.9,1.9,2.0,6.0
2015-11-12,2015.8644,-9.7,-249.3,-11.2,1.8,1.7,5.6
2015-11-13,2015.8671,-9.2,-250.0,-7.1,1.8,1.7,5.6
2015-11-14,2015.8699,-9.0,-250.0,-10.1,1.8,1.8,5.6
2015-11-15,2015.8726,-9.1,-248.5,-9.8,1.8,1.9,5.8
2015-11-16,2015.8753,-8.4,-249.5,-12.6,1.9,1.9,5.9
2015-11-17,2015.8781,-9.4,-249.7,-11.3,1.9,1.9,6.0
2015-11-18,2015.8808,-9.2,-250.0,-11.8,1.9,2.1,6.2
2015-11-19,2015.8836,-9.4,-249.7,-12.4,1.7,1.8,5.4
2015-11-20,2015.8863,-9.2,-248.9,-8.0,1.8,1.8,5.8
2015-11-21,2015.889,-9.5,-248.1,-10.3,1.8,1.9,5.8
2015-11-22,2015.8918,-7.8,-249.4,-11.6,1.8,1.8,5.7
2015-11-23,2015.8945,-7.9,-249.1,-17.8,1.8,1.8,5.6
2015-11-24,2015.8973,-8.9,-248.9,-14.5,1.7,1.7,5.3
2015-11-25,2015.9,-8.7,-249.8,-11.7,1.7,1.7,5.5
2015-11-26,2015.9027,-8.7,-248.8,-7.6,1.7,1.7,5.2
2015-11-27,2015.9055,-10.3,-248.4,-7.6,2.0,2.0,6.2
2015-11-28,2015.9082,-9.2,-247.6,-8.1,1.8,1.9,5.7
2015-11-29,2015.911,-9.4,-247.7,-8.0,1.9,1.9,5.8
2015-11-30,2015.9137,-8.8,-248.2,-10.0,2.0,2.1,6.4
2015-12-01,2015.9164,-8.9,-248.1,-11.1,1.9,1.9,6.0
2015-12-02,2015.9192,-7.8,-247.5,-7.7,1.9,1.9,5.9
2015-12-03,2015.9219,-8.3,-248.3,-10.3,1.9,2.0,6.0
2015-12-04,2015.9247,-8.5,-247.7,-9.8,1.8,1.8,5.6
2015-12-05,2015.9274,-9.7,-248.2,-8.4,1.9,1.9,6.0
2015-12-06,2015.9301,-9.3,-245.9,-7.45,2.0,2.1,5.8
2015-12-07,2015.9329,-7.8,-246.1,-6.5,1.8,1.8,5.6
2015-12-08,2015.9356,-8.4,-246.3,-5.6,1.7,1.7,5.5
2015-12-09,2015.9384,-9.0,-245.0,-4.5,1.7,1.8,5.6
2015-12-10,2015.9411,-7.0,-246.6,-3.9,2.0,2.0,6.2
2015-12-11,2015.9438,-8.2,-246.0,-4.5,1.9,2.1,5.8
2015-12-12,2015.9466,-7.4,-245.7,-11.4,1.7,1.7,5.5
2015-12-13,2015.9493,-8.1,-247.3,-11.4,1.9,1.9,5.8
2015-12-14,2015.9521,-7.3,-246.5,-12.8,1.8,1.8,5.5
2015-12-15,2015.9548,-7.5,-245.0,-12.7,1.7,1.8,5.5
2015-12-16,2015.9575,-8.5,-246.0,-13.0,1.7,1.7,5.4
2015-12-17,2015.9603,-7.8,-246.1,-11.8,1.8,1.8,5.6
2015-12-18,2015.963,-8.5,-245.1,-9.9,1.8,1.9,5.6
2015-12-19,2015.9658,-7.8,-245.4,-10.0,1.8,1.9,5.6
2015-12-20,2015.9685,-8.2,-245.4,-10.8,1.8,1.8,5.4
2015-12-21,2015.9712,-7.6,-245.4,-12.7,1.7,1.7,5.3
2015-12-22,2015.974,-7.9,-245.0,-9.0,1.7,1.7,5.4
2015-12-23,2015.9767,-8.0,-244.7,-12.7,1.6,1.5,5.1
2015-12-24,2015.9795,-8.9,-244.3,-10.5,1.8,1.9,5.6
2015-12-25,2015.9822,-9.5,-244.3,-5.9,1.8,1.9,5.5
2015-12-26,2015.9849,-7.8,-243.7,-8.4,1.6,1.6,5.2
2015-12-27,2015.9877,-8.7,-244.5,-10.0,1.6,1.6,5.2
2015-12-28,2015.9904,-8.9,-244.1,-11.9,1.7,1.7,5.3
2015-12-29,2015.9932,-7.6,-244.2,-10.7,1.6,1.6,5.3
2015-12-30,2015.9959,-6.7,-244.5,-11.7,1.7,1.7,5.4
2015-12-31,2015.9986,-8.2,-245.4,-11.1,1.8,1.8,5.6
2016-01-01,2016.0014,-6.5,-245.1,-8.9,1.7,1.7,5.4
2016-01-02,2016.0041,-7.3,-244.6,-10.8,1.6,1.7,5.3
2016-01-03,2016.0068,-7.2,-245.9,-11.0,1.8,1.9,5.8
2016-01-04,2016.0096,-6.5,-244.0,-12.6,1.8,1.8,5.6
2016-01-05,2016.0123,-6.4,-244.1,-11.2,1.7,1.8,5.7
2016-01-06,2016.015,-5.7,-243.1,-11.6,1.8,1.9,5.6
2016-01-07,2016.0178,-6.6,-244.9,-8.3,1.8,1.9,5.7
2016-01-08,2016.0205,-7.3,-244.2,-8.1,1.8,1.8,5.6
2016-01-09,2016.0232,-5.8,-245.3,-7.8,1.7,1.8,5.5
2016-01-10,2016.026,-5.5,-244.0,-9.1,1.8,1.8,5.6
2016-01-11,2016.0287,-5.6,-244.3,-10.4,1.7,1.7,5.3
2016-01-12,2016.0314,-5.4,-245.7,-12.2,1.8,2.6,5.9
2016-01-13,2016.0342,-7.8,-243.2,-13.4,1.7,1.8,5.5
2016-01-14,2016.0369,-6.8,-244.7,-7.0,1.6,1.7,5.4
2016-01-15,2016.0396,-5.4,-244.0,-6.3,1.7,1.7,5.4
2016-01-16,2016.0423,-5.0,-243.6,-8.1,1.8,1.9,5.7
2016-01-17,2016.0451,-5.7,-243.1,-8.7,1.8,1.8,5.6
2016-01-18,2016.0478,-4.7,-244.4,-8.2,1.6,1.7,5.3
2016-01-19,2016.0505,-5.7,-244.0,-10.6,1.9,2.0,6.2
2016-01-20,2016.0533,-5.0,-242.4,-6.4,1.8,1.9,5.8
2016-01-21,2016.056,-4.8,-243.6,-8.25,1.8,1.8,5.75
2016-01-22,2016.0587,-4.5,-242.5,-10.1,1.7,1.8,5.7
2016-01-23,2016.0615,-3.7,-242.9,-11.95,1.8,1.8,5.65
2016-01-24,2016.0642,-5.3,-242.2,-13.8,1.8,1.9,5.6
2016-01-25,2016.0669,-6.5,-242.5,-12.0,1.7,1.7,5.5
2016-01-26,2016.0697,-6.2,-242.8,-7.5,1.8,1.8,5.7
2016-01-27,2016.0724,-5.3,-243.8,-8.5,1.7,1.7,5.5
2016-01-28,2016.0751,-4.2,-242.6,-11.1,1.7,1.7,5.7
2016-01-29,2016.0779,-6.2,-242.6,-8.8,1.8,1.8,5.7
2016-01-30,2016.0806,-5.7,-243.3,-11.1,1.7,1.6,5.4
2016-01-31,2016.0833,-4.9,-242.7,-13.2,1.8,1.8,5.9
2016-02-01,2016.0861,-6.5,-244.0,-10.9,1.6,1.6,5.2
2016-02-02,2016.0888,-5.5,-243.3,-9.4,1.7,1.7,5.5
2016-02-03,2016.0915,-5.6,-242.9,-12.3,1.7,1.7,5.6
2016-02-04,2016.0943,-6.2,-243.4,-12.8,1.7,1.8,5.7
2016-02-05,2016.097,-6.2,-242.0,-13.8,1.8,1.8,5.7
2016-02-06,2016.0997,-5.6,-242.6,-12.6,1.7,1.7,5.5
2016-02-07,2016.1025,-6.6,-242.1,-7.9,1.8,1.8,5.7
2016-02-08,2016.1052,-7.7,-243.2,-6.6,1.7,1.7,5.5
2016-02-09,2016.1079,-5.8,-242.9,-5.0,1.8,1.8,5.7
2016-02-10,2016.1107,-4.9,-240.4,-4.4,1.8,1.9,5.8
2016-02-11,2016.1134,-3.1,-241.2,-9.2,1.8,1.9,5.8
2016-02-12,2016.1161,-3.5,-241.3,-14.1,1.7,1.6,5.3
2016-02-13,2016.1189,-3.6,-241.8,-12.6,1.7,1.7,5.4
2016-02-14,2016.1216,-4.2,-242.6,-14.3,1.7,1.7,5.4
2016-02-15,2016.1243,-5.3,-241.7,-12.3,1.7,1.7,5.4
2016-02-16,2016.127,-3.7,-242.9,-8.9,1.9,2.1,6.2
2016-02-17,2016.1298,-4.7,-242.6,-11.6,1.8,1.8,5.8
2016-02-18,2016.1325,-4.4,-242.5,-12.9,1.8,1.8,5.6
2016-02-19,2016.1352,-5.3,-242.6,-10.2,1.7,1.8,5.5
2016-02-20,2016.138,-5.4,-242.2,-6.9,1.8,1.9,5.9
2016-02-21,2016.1407,-5.2,-241.2,-3.9,1.9,1.8,6.0
2016-02-22,2016.1434,-4.5,-241.6,-13.3,1.7,1.7,5.5
2016-02-23,2016.1462,-4.9,-240.6,-10.4,1.8,1.9,5.8
2016-02-24,2016.1489,-5.0,-241.3,-10.1,1.8,1.8,5.7
2016-02-25,2016.1516,-5.9,-241.4,-9.8,1.9,2.0,6.2
2016-02-26,2016.1544,-4.9,-240.9,-6.6,1.9,1.9,6.0
2016-02-27,2016.1571,-5.5,-241.2,-8.9,1.7,1.7,5.4
2016-02-28,2016.1598,-6.5,-240.2,-8.7,1.8,1.9,5.9
2016-02-29,2016.1626,-6.1,-241.1,-6.5,1.8,1.8,5.8
2016-03-01,2016.1653,-4.5,-242.8,-3.8,1.8,1.8,5.6
2016-03-02,2016.168,-6.3,-240.3,-6.0,1.7,1.7,5.5
2016-03-03,2016.1708,-5.5,-240.7,-7.0,1.8,1.8,6.1
2016-03-04,2016.1735,-4.2,-240.1,-8.6,1.9,1.9,6.3
2016-03-05,2016.1762,-4.9,-239.8,-3.0,1.9,1.9,6.0
2016-03-06,2016.179,-4.6,-240.1,-4.2,1.8,1.8,5.7
2016-03-07,2016.1817,-4.2,-239.2,-4.8,1.7,1.8,5.6
2016-03-08,2016.1844,-3.4,-239.8,-8.1,1.9,1.9,6.0
2016-03-09,2016.1872,-4.8,-240.1,-12.5,1.9,1.9,6.2
2016-03-10,2016.1899,-5.2,-239.7,-8.0,1.8,1.7,5.7
2016-03-11,2016.1926,-5.0,-238.9,-5.7,1.8,1.8,5.7
2016-03-12,2016.1954,-3.5,-238.1,-7.1,1.9,1.9,6.0
2016-03-13,2016.1981,-6.2,-238.6,-2.5,1.9,2.1,6.0
2016-03-14,2016.2008,-6.0,-238.2,-3.2,2.0,1.9,6.2
2016-03-15,2016.2036,-7.2,-238.9,-0.5,2.0,2.0,6.5
2016-03-16,2016.2063,-5.1,-238.9,-0.8,1.8,1.7,5.6
2016-03-17,2016.209,-6.5,-238.9,3.4,2.0,2.0,6.1
2016-03-18,2016.2117,-5.5,-238.4,2.6,1.8,1.7,5.8
2016-03-19,2016.2145,-5.5,-236.8,3.4,2.0,2.0,6.4
2016-03-20,2016.2172,-5.4,-237.7,0.4,1.8,1.8,5.8
2016-03-21,2016.2199,-4.8,-236.6,-1.8,1.8,1.7,5.8
2016-03-22,2016.2227,-4.8,-239.1,-8.1,2.0,2.0,6.5
2016-03-23,2016.2254,-4.2,-237.1,-9.1,1.8,1.8,5.8
2016-03-24,2016.2281,-5.2,-236.6,-4.7,1.9,1.9,5.9
2016-03-25,2016.2309,-5.1,-237.3,-5.8,1.9,1.9,6.1
2016-03-26,2016.2336,-5.8,-236.9,0.1,1.9,1.9,5.9
2016-03-27,2016.2363,-4.7,-236.8,-4.3,2.0,1.9,6.5
2016-03-28,2016.2391,-5.3,-236.9,-6.2,2.1,2.2,6.7
2016-03-29,2016.2418,-5.6,-237.3,-2.3,2.0,2.0,6.2
2016-03-30,2016.2445,-4.9,-236.1,-1.7,2.0,1.9,6.3
2016-03-31,2016.2473,-5.0,-236.8,-3.4,1.9,1.9,5.9
2016-04-01,2016.25,-5.9,-237.1,-1.8,1.9,1.9,6.1
2016-04-02,2016.2527,-4.3,-236.2,-3.6,1.8,1.7,5.5
2016-04-03,2016.2555,-6.3,-235.9,-1.4,1.9,1.9,6.2
2016-04-04,2016.2582,-4.6,-237.7,-1.8,1.9,1.9,6.0
2016-04-05,2016.2609,-4.7,-239.1,-6.4,1.8,1.8,5.8
2016-04-06,2016.2637,-4.1,-239.0,-3.2,2.1,2.1,6.5
2016-04-07,2016.2664,-6.2,-238.0,-2.0,1.8,1.8,5.8
2016-04-08,2016.2691,-4.5,-238.7,-2.6,2.0,2.0,6.3
2016-04-09,2016.2719,-4.0,-237.6,-7.1,1.9,1.9,6.1
2016-04-10,2016.2746,-4.1,-237.8,-2.7,1.9,1.9,6.1
2016-04-11,2016.2773,-5.4,-237.1,-2.1,1.9,1.8,6.0
2016-04-12,2016.2801,-6.1,-237.6,-0.8,1.9,1.8,5.9
2016-04-13,2016.2828,-4.9,-236.2,-0.0,1.9,2.0,6.0
2016-04-14,2016.2855,-6.5,-236.6,-7.5,2.1,2.3,6.6
2016-04-15,2016.2883,-5.6,-237.7,-9.2,2.3,2.3,7.4
2016-04-16,2016.291,-5.8,-235.9,-7.3,2.0,2.0,6.3
2016-04-17,2016.2937,-5.5,-237.5,-4.2,1.9,1.8,5.9
2016-04-18,2016.2964,-5.7,-236.3,-1.3,2.0,1.9,6.3
2016-04-19,2016.2992,-6.2,-236.9,-3.7,1.9,1.8,6.0
2016-04-20,2016.3019,-6.4,-237.4,-6.2,2.0,2.0,6.2
2016-04-21,2016.3046,-4.6,-236.3,-0.1,1.9,1.9,5.9
2016-04-22,2016.3074,-6.4,-237.3,-0.3,2.1,2.1,6.6
2016-04-23,2016.3101,-6.2,-237.1,-1.2,2.0,2.0,6.2
2016-04-24,2016.3128,-5.3,-237.2,1.5,1.9,1.9,6.2
2016-04-25,2016.3156,-8.0,-236.9,-6.2,2.1,2.1,6.6
2016-04-26,2016.3183,-5.6,-237.3,-7.7,1.8,1.7,5.6
2016-04-27,2016.321,-5.8,-237.0,-7.0,1.9,1.9,6.1
2016-04-28,2016.3238,-6.4,-237.1,-3.2,2.1,2.1,6.7
2016-04-29,2016.3265,-7.6,-238.2,-1.3,2.1,1.9,6.4
2016-04-30,2016.3292,-7.1,-237.3,-2.4,2.0,2.0,6.4
2016-05-01,2016.332,-7.1,-236.0,-11.5,2.1,2.0,6.6
2016-05-02,2016.3347,-6.4,-236.5,-5.7,1.9,1.8,5.9
2016-05-03,2016.3374,-6.9,-235.7,-0.8,1.9,1.9,6.1
2016-05-04,2016.3402,-6.4,-236.2,1.6,1.9,1.8,5.9
2016-05-05,2016.3429,-7.0,-237.6,-2.6,2.4,2.4,7.7
2016-05-06,2016.3456,-8.8,-236.3,-0.6,2.0,2.0,6.3
2016-05-07,2016.3484,-8.6,-235.6,0.0,2.2,2.1,6.9
2016-05-08,2016.3511,-6.3,-234.5,-6.2,2.2,2.1,7.2
2016-05-09,2016.3538,-6.2,-235.8,-0.7,2.0,1.9,6.2
2016-05-10,2016.3566,-7.9,-234.9,2.1,2.0,1.9,6.3
2016-05-11,2016.3593,-7.8,-235.8,-2.7,2.2,2.2,6.8
2016-05-12,2016.362,-7.8,-234.2,-0.3,2.0,2.0,6.4
2016-05-13,2016.3648,-8.3,-234.7,0.8,2.1,2.1,6.7
2016-05-14,2016.3675,-9.0,-234.3,-7.6,1.9,1.8,5.9
2016-05-15,2016.3702,-8.6,-233.8,-1.5,2.0,2.0,6.2
2016-05-16,2016.373,-8.6,-233.9,-1.8,2.1,2.1,6.7
2016-05-17,2016.3757,-8.2,-234.3,-2.6,2.1,2.1,7.0
2016-05-18,2016.3784,-5.7,-234.6,-2.2,2.0,1.9,6.5
2016-05-19,2016.3811,-5.5,-235.7,-6.6,2.1,2.4,6.8
2016-05-20,2016.3839,-5.5,-234.2,-9.7,2.1,2.2,6.6
2016-05-21,2016.3866,-3.6,-234.9,-11.7,2.0,2.0,6.3
2016-05-22,2016.3893,-5.4,-233.6,-12.7,2.2,2.1,7.0
2016-05-23,2016.3921,-5.4,-233.1,-2.1,1.9,2.0,6.3
2016-05-24,2016.3948,-5.0,-234.8,-6.4,2.1,2.0,6.6
2016-05-25,2016.3975,-6.1,-233.0,-6.6,1.9,2.0,6.1
2016-05-26,2016.4003,-7.5,-232.7,-0.1,2.0,2.0,6.3
2016-05-27,2016.403,-5.5,-232.5,-6.3,2.1,2.1,6.5
2016-05-28,2016.4057,-8.0,-232.2,-2.5,2.2,2.4,6.9
2016-05-29,2016.4085,-8.2,-232.7,-3.2,1.9,1.8,6.0
2016-05-30,2016.4112,-6.8,-233.3,-5.6,2.2,2.3,6.9
2016-05-31,2016.4139,-7.1,-231.6,-7.3,2.0,2.0,6.2
2016-06-01,2016.4167,-7.3,-230.9,-12.7,2.5,2.4,8.3
2016-06-02,2016.4194,-6.5,-233.5,-8.2,2.4,2.3,7.8
2016-06-03,2016.4221,-7.5,-231.8,-7.9,2.2,2.1,7.1
2016-06-04,2016.4249,-7.7,-233.0,-6.5,2.2,2.2,6.8
2016-06-05,2016.4276,-8.2,-231.3,-9.6,2.2,2.1,6.9
2016-06-06,2016.4303,-7.2,-231.0,-12.4,2.3,2.3,7.4
2016-06-07,2016.4331,-8.5,-232.3,-10.2,2.5,2.4,8.1
2016-06-08,2016.4358,-6.8,-229.4,-8.8,2.6,2.5,8.4
2016-06-09,2016.4385,-5.9,-231.2,-7.5,2.5,2.4,8.1
2016-06-10,2016.4413,-7.5,-230.0,-2.4,2.5,2.4,8.1
2016-06-11,2016.444,-8.5,-230.8,-5.1,2.3,2.2,7.4
2016-06-12,2016.4467,-8.6,-231.1,-3.7,2.1,2.1,6.9
2016-06-13,2016.4495,-6.2,-231.0,-4.0,2.0,1.9,6.5
2016-06-14,2016.4522,-5.3,-230.4,-7.7,2.1,2.0,6.8
2016-06-15,2016.4549,-6.7,-231.5,-0.1,2.2,2.2,7.0
2016-06-16,2016.4577,-7.6,-230.0,2.5,2.3,2.1,7.4
2016-06-17,2016.4604,-7.5,-232.2,-1.3,2.2,2.3,7.1
2016-06-18,2016.4631,-6.7,-230.7,-5.0,2.3,2.2,7.5
2016-06-19,2016.4658,-8.4,-229.6,-5.2,2.5,2.5,8.4
2016-06-20,2016.4686,-7.2,-232.0,-11.2,2.3,2.2,7.6
2016-06-21,2016.4713,-8.5,-231.8,-4.4,2.1,2.0,6.8
2016-06-22,2016.474,-7.2,-231.1,-7.0,2.0,1.9,6.4
2016-06-23,2016.4768,-9.6,-229.9,-1.9,2.1,2.0,7.0
2016-06-24,2016.4795,-8.5,-231.7,-9.5,2.4,2.3,7.6
2016-06-25,2016.4822,-7.2,-231.1,-8.9,2.4,2.3,7.9
2016-06-26,2016.485,-6.1,-229.9,-10.2,2.3,2.2,7.2
2016-06-27,2016.4877,-7.2,-229.9,-7.9,1.9,1.8,6.2
2016-06-28,2016.4904,-8.5,-228.8,-4.3,2.1,2.0,6.6
2016-06-29,2016.4932,-8.2,-230.2,-7.3,2.3,2.1,7.6
2016-06-30,2016.4959,-8.2,-230.5,-3.8,2.2,2.1,7.2
2016-07-01,2016.4986,-9.5,-227.6,-4.5,2.1,2.0,6.7
2016-07-02,2016.5014,-9.1,-227.5,-5.3,2.3,2.2,7.4
2016-07-03,2016.5041,-9.1,-230.5,-2.8,2.1,2.1,6.7
2016-07-04,2016.5068,-8.5,-229.9,1.1,2.1,2.0,6.8
2016-07-05,2016.5096,-8.3,-228.9,-4.2,2.2,2.1,7.2
2016-07-06,2016.5123,-9.9,-228.1,0.2,2.9,2.9,9.7
2016-07-07,2016.515,-8.7,-227.2,-4.8,2.2,2.0,7.0
2016-07-08,2016.5178,-10.3,-227.6,1.0,2.4,2.4,7.7
2016-07-09,2016.5205,-9.0,-227.8,-3.9,2.6,2.4,8.4
2016-07-10,2016.5232,-8.3,-228.0,-1.4,2.8,2.6,9.2
2016-07-11,2016.526,-7.6,-227.0,-5.6,2.1,2.0,6.7
2016-07-12,2016.5287,-7.6,-228.2,-6.6,2.6,2.4,8.4
2016-07-13,2016.5314,-8.3,-227.5,-3.2,2.4,2.3,7.7
2016-07-14,2016.5342,-9.3,-228.9,-6.5,2.1,2.0,6.7
2016-07-15,2016.5369,-9.1,-228.4,0.4,2.4,2.2,7.5
2016-07-16,2016.5396,-9.2,-226.0,-9.1,2.3,2.2,7.2
2016-07-17,2016.5423,-9.3,-226.5,-3.9,2.4,2.3,7.8
2016-07-18,2016.5451,-8.7,-226.8,0.7,2.5,2.5,8.1
2016-07-19,2016.5478,-9.7,-227.1,-0.5,2.6,2.5,8.2
2016-07-20,2016.5505,-8.8,-226.0,-6.0,2.4,2.3,7.6
2016-07-21,2016.5533,-7.6,-228.2,-5.3,2.8,2.7,8.8
2016-07-22,2016.556,-8.6,-225.9,-6.5,2.7,2.5,8.6
2016-07-23,2016.5587,-8.0,-225.8,-2.8,2.4,2.3,7.3
2016-07-24,2016.5615,-8.5,-225.8,-10.9,2.7,2.4,8.6
2016-07-25,2016.5642,-7.0,-227.0,-3.5,2.2,2.1,7.0
2016-07-26,2016.5669,-6.9,-226.8,-7.6,2.7,2.6,8.6
2016-07-27,2016.5697,-6.6,-227.3,-5.0,2.0,1.9,6.5
2016-07-28,2016.5724,-8.0,-226.0,-1.2,2.4,2.2,7.7
2016-07-29,2016.5751,-8.0,-226.4,4.0,2.5,2.3,7.9
2016-07-30,2016.5779,-8.6,-223.5,-1.9,2.3,2.3,7.1
2016-07-31,2016.5806,-8.0,-226.8,2.4,2.5,2.2,7.8
2016-08-01,2016.5833,-8.7,-225.6,3.1,2.1,1.9,6.6
2016-08-02,2016.5861,-9.1,-226.3,-3.9,2.2,2.0,7.1
2016-08-03,2016.5888,-6.7,-226.1,-2.3,2.3,2.2,7.3
2016-08-04,2016.5915,-7.5,-227.9,-11.3,2.4,2.2,7.3
2016-08-05,2016.5943,-6.9,-226.3,-2.6,2.4,2.2,7.7
2016-08-06,2016.597,-7.2,-225.4,3.3,2.7,2.5,8.6
2016-08-07,2016.5997,-7.1,-226.1,-3.5,2.3,2.2,7.4
2016-08-08,2016.6025,-8.2,-226.2,-2.9,2.2,2.1,7.0
2016-08-09,2016.6052,-7.9,-227.5,-5.6,3.2,2.9,10.6
2016-08-10,2016.6079,-8.1,-224.6,-9.7,2.7,2.5,9.0
2016-08-11,2016.6107,-7.8,-224.9,-10.2,2.5,2.4,8.1
2016-08-12,2016.6134,-7.8,-226.2,-6.1,2.1,1.9,6.7
2016-08-13,2016.6161,-7.5,-226.6,-9.2,2.6,2.5,8.4
2016-08-14,2016.6189,-8.4,-226.7,-10.5,2.1,2.0,6.9
2016-08-15,2016.6216,-7.1,-225.6,-8.5,2.7,2.5,9.0
2016-08-16,2016.6243,-8.4,-226.5,-1.4,2.5,2.2,8.0
2016-08-17,2016.627,-10.0,-227.5,-6.2,2.4,2.3,7.7
2016-08-18,2016.6298,-6.8,-224.9,-9.5,2.3,2.1,7.3
2016-08-19,2016.6325,-8.9,-225.7,-8.9,2.5,2.3,8.0
2016-08-20,2016.6352,-9.5,-224.1,-2.4,3.0,2.8,10.1
2016-08-21,2016.638,-7.8,-226.0,-4.0,2.5,2.3,7.8
2016-08-22,2016.6407,-7.6,-224.3,-12.7,2.1,2.0,6.7
2016-08-23,2016.6434,-7.7,-223.5,-4.6,2.6,2.3,8.3
2016-08-24,2016.6462,-8.9,-224.8,-7.3,2.4,2.2,7.3
2016-08-25,2016.6489,-7.9,-223.7,-10.6,2.4,2.2,7.8
2016-08-26,2016.6516,-7.5,-223.2,-7.6,2.3,2.1,7.3
2016-08-27,2016.6544,-7.9,-223.5,-3.4,2.7,2.4,8.7
2016-08-28,2016.6571,-7.7,-223.6,-9.1,2.1,1.9,6.6
2016-08-29,2016.6598,-8.0,-223.9,-11.0,2.0,1.8,6.3
2016-08-30,2016.6626,-7.7,-223.9,-9.3,2.1,1.9,6.6
2016-08-31,2016.6653,-8.5,-223.7,-5.3,2.2,2.0,6.9
2016-09-01,2016.668,-6.9,-226.4,-10.8,2.2,2.0,6.8
2016-09-02,2016.6708,-6.9,-224.4,-12.6,2.3,2.0,7.2
2016-09-03,2016.6735,-7.6,-223.8,-8.4,2.4,2.3,7.3
2016-09-04,2016.6762,-6.5,-223.2,-12.7,2.4,2.2,7.4
2016-09-05,2016.679,-7.7,-224.4,-12.6,2.0,1.8,6.1
2016-09-06,2016.6817,-6.8,-222.9,-7.1,2.4,2.3,7.3
2016-09-07,2016.6844,-6.9,-223.0,-11.4,1.9,1.8,5.9
2016-09-08,2016.6872,-7.2,-224.1,-11.7,2.0,1.8,6.1
2016-09-09,2016.6899,-8.5,-221.7,-14.0,2.5,2.3,6.5
2016-09-10,2016.6926,-7.5,-222.9,-16.3,2.2,2.2,6.9
2016-09-11,2016.6954,-6.5,-221.5,-13.1,2.1,2.0,6.5
2016-09-12,2016.6981,-6.2,-222.0,-11.7,2.1,2.0,6.3
2016-09-13,2016.7008,-7.0,-222.5,-16.4,2.2,2.1,6.7
2016-09-14,2016.7036,-8.4,-222.4,-11.7,2.3,2.2,7.3
2016-09-15,2016.7063,-9.2,-221.3,-8.3,2.3,2.2,7.2
2016-09-16,2016.709,-7.2,-221.7,-17.9,2.3,2.2,7.5
2016-09-17,2016.7117,-8.7,-220.4,-8.4,2.3,2.2,7.1
2016-09-18,2016.7145,-8.1,-222.9,-10.2,2.1,2.0,6.6
2016-09-19,2016.7172,-6.9,-222.6,-10.4,2.0,1.9,6.2
2016-09-20,2016.7199,-6.6,-223.6,-13.5,2.5,2.3,7.7
2016-09-21,2016.7227,-8.8,-223.0,-12.95,2.4,2.3,7.0
2016-09-22,2016.7254,-7.9,-221.6,-12.4,2.1,1.8,6.3
2016-09-23,2016.7281,-9.6,-222.4,-13.6,2.6,2.5,7.9
2016-09-24,2016.7309,-8.7,-223.5,-11.2,2.2,2.1,6.8
2016-09-25,2016.7336,-9.1,-222.1,-9.9,1.9,1.7,5.7
2016-09-26,2016.7363,-8.9,-221.9,-11.5,2.4,2.4,7.3
2016-09-27,2016.7391,-8.7,-219.7,-11.7,2.1,2.0,6.4
2016-09-28,2016.7418,-9.5,-220.6,-11.3,2.0,1.8,6.0
2016-09-29,2016.7445,-9.1,-222.0,-9.2,1.9,1.8,5.9
2016-09-30,2016.7473,-8.6,-220.5,-10.3,2.1,2.0,6.3
2016-10-01,2016.75,-7.1,-219.9,-12.1,2.1,2.0,6.3
2016-10-02,2016.7527,-8.1,-222.2,-9.0,2.0,1.9,6.0
2016-10-03,2016.7555,-7.2,-222.2,-13.8,1.9,1.7,5.8
2016-10-04,2016.7582,-8.0,-222.6,-17.2,2.3,2.2,7.0
2016-10-05,2016.7609,-7.2,-220.8,-15.3,2.2,2.1,6.6
2016-10-06,2016.7637,-7.1,-221.3,-16.1,1.9,1.8,5.9
2016-10-07,2016.7664,-6.4,-220.1,-14.0,1.9,1.9,5.9
2016-10-08,2016.7691,-7.1,-221.1,-14.5,1.9,1.8,6.0
2016-10-09,2016.7719,-8.4,-218.6,-12.5,1.9,1.8,5.7
2016-10-10,2016.7746,-7.6,-220.0,-15.0,1.9,1.8,5.9
2016-10-11,2016.7773,-7.2,-220.8,-11.4,2.0,1.9,6.0
2016-10-12,2016.7801,-8.4,-220.8,-9.8,1.9,1.8,5.9
2016-10-13,2016.7828,-8.7,-220.2,-9.9,1.8,1.7,5.5
2016-10-14,2016.7855,-8.1,-220.6,-10.5,1.8,1.7,5.7
2016-10-15,2016.7883,-8.6,-219.6,-16.0,2.0,1.9,6.2
2016-10-16,2016.791,-7.3,-220.5,-14.9,1.9,1.8,5.9
2016-10-17,2016.7937,-7.4,-221.4,-9.9,2.1,1.9,6.5
2016-10-18,2016.7964,-8.4,-219.2,-8.2,1.8,1.6,5.4
2016-10-19,2016.7992,-7.8,-221.0,-8.9,1.9,1.8,5.9
2016-10-20,2016.8019,-7.1,-220.1,-13.6,2.0,1.9,6.4
2016-10-21,2016.8046,-8.0,-220.3,-15.6,1.9,1.7,5.6
2016-10-22,2016.8074,-7.9,-220.4,-12.6,1.8,1.6,5.7
2016-10-23,2016.8101,-7.4,-219.9,-13.0,1.9,1.7,5.7
2016-10-24,2016.8128,-8.7,-219.6,-13.8,1.9,1.8,5.9
2016-10-25,2016.8156,-8.2,-218.8,-11.7,1.9,1.8,5.9
2016-10-26,2016.8183,-8.5,-220.9,-13.8,2.0,1.9,6.2
2016-10-27,2016.821,-8.2,-219.7,-19.6,1.8,1.6,5.4
2016-10-28,2016.8238,-7.7,-219.2,-20.8,1.9,1.8,5.9
2016-10-29,2016.8265,-8.4,-217.8,-16.1,1.8,1.6,5.6
2016-10-30,2016.8292,-6.8,-219.2,-16.5,2.0,1.9,6.1
2016-10-31,2016.832,-7.9,-218.4,-17.7,1.9,1.7,5.7
2016-11-01,2016.8347,-8.3,-219.5,-18.1,1.9,1.8,5.9
2016-11-02,2016.8374,-10.7,-218.6,-13.2,1.8,1.7,5.7
2016-11-03,2016.8402,-8.9,-219.5,-10.9,1.9,1.8,5.8
2016-11-04,2016.8429,-8.0,-219.6,-5.4,1.9,1.8,5.9
2016-11-05,2016.8456,-6.0,-218.4,-13.5,2.0,1.9,6.3
2016-11-06,2016.8484,-8.0,-218.0,-17.5,1.8,1.6,5.6
2016-11-07,2016.8511,-6.7,-217.4,-16.2,1.8,1.7,5.6
2016-11-08,2016.8538,-7.0,-217.6,-15.4,1.8,1.8,5.8
2016-11-09,2016.8566,-7.8,-217.4,-13.2,1.8,1.7,5.8
2016-11-10,2016.8593,-8.5,-217.8,-11.6,1.9,1.8,5.8
2016-11-11,2016.862,-9.2,-217.6,-9.6,1.8,1.7,5.6
2016-11-12,2016.8648,-8.3,-217.2,-11.4,1.9,1.8,5.6
2016-11-13,2016.8675,-7.2,-218.3,-11.1,1.9,1.9,5.9
2016-11-14,2016.8702,-7.2,-218.3,-14.2,1.9,1.8,5.8
2016-11-15,2016.873,-7.2,-217.9,-12.0,1.8,1.7,5.5
2016-11-16,2016.8757,-8.2,-217.9,-10.5,1.9,1.8,5.9
2016-11-17,2016.8784,-8.8,-217.7,-10.0,2.0,1.9,6.2
2016-11-18,2016.8811,-8.1,-216.7,-15.8,2.3,2.2,7.8
2016-11-19,2016.8839,-9.0,-217.9,-9.2,1.9,1.9,6.0
2016-11-20,2016.8866,-8.1,-217.6,-12.0,1.8,1.8,5.7
2016-11-21,2016.8893,-6.2,-218.0,-14.5,1.8,1.6,5.5
2016-11-22,2016.8921,-7.7,-216.5,-14.6,1.7,1.6,5.3
2016-11-23,2016.8948,-8.2,-216.8,-10.9,1.7,1.6,5.4
2016-11-24,2016.8975,-8.9,-216.3,-9.4,1.8,1.6,5.5
2016-11-25,2016.9003,-8.4,-217.1,-9.1,1.8,1.7,5.6
2016-11-26,2016.903,-10.3,-217.7,-11.0,1.8,1.7,5.6
2016-11-27,2016.9057,-8.0,-216.6,-8.2,1.9,1.8,5.9
2016-11-28,2016.9085,-8.9,-218.1,-14.2,1.8,1.7,5.6
2016-11-29,2016.9112,-9.1,-217.0,-12.3,1.8,1.7,5.5
2016-11-30,2016.9139,-9.2,-216.2,-11.1,1.7,1.6,5.2
2016-12-01,2016.9167,-10.1,-217.0,-9.7,1.8,1.6,5.4
2016-12-02,2016.9194,-8.9,-217.6,-10.7,1.9,1.8,5.8
2016-12-03,2016.9221,-8.8,-217.2,-10.4,1.7,1.6,5.3
2016-12-04,2016.9249,-8.6,-216.8,-10.9,1.7,1.6,5.5
2016-12-05,2016.9276,-9.7,-216.9,-8.6,1.7,1.6,5.5
2016-12-06,2016.9303,-10.2,-216.9,-9.6,1.9,1.8,6.0
2016-12-07,2016.9331,-11.1,-215.2,-9.02,1.6,1.5,5.9
2016-12-08,2016.9358,-9.5,-216.1,-8.44,1.8,1.7,5.8
2016-12-09,2016.9385,-9.1,-215.5,-7.86,1.7,1.6,5.7
2016-12-10,2016.9413,-9.5,-215.3,-7.28,1.7,1.6,5.6
2016-12-11,2016.944,-9.5,-215.5,-6.7,1.8,1.7,5.5
2016-12-12,2016.9467,-9.7,-215.9,-9.0,1.7,1.6,5.3
2016-12-13,2016.9495,-8.2,-216.5,-11.5,1.7,1.6,5.3
2016-12-14,2016.9522,-8.8,-215.9,-9.9,1.8,1.7,5.4
2016-12-15,2016.9549,-10.1,-216.6,-9.6,1.7,1.7,5.6
2016-12-16,2016.9577,-9.6,-215.6,-5.7,1.7,1.6,5.4
2016-12-17,2016.9604,-8.8,-214.2,-5.5,1.9,1.9,5.9
2016-12-18,2016.9631,-8.2,-216.0,-5.9,1.9,1.9,6.0
2016-12-19,2016.9658,-9.8,-215.6,-8.0,1.9,1.8,5.9
2016-12-20,2016.9686,-8.3,-215.9,-12.7,1.8,1.8,5.6
2016-12-21,2016.9713,-7.9,-215.8,-12.3,1.8,1.8,5.7
2016-12-22,2016.974,-8.6,-215.1,-7.3,2.0,2.0,6.1
2016-12-23,2016.9768,-9.4,-216.2,-1.4,1.7,1.7,5.4
2016-12-24,2016.9795,-8.0,-217.5,-7.3,1.8,1.8,5.6
2016-12-25,2016.9822,-9.2,-217.0,-8.4,1.9,1.9,5.9
2016-12-26,2016.985,-8.5,-215.0,-10.1,1.7,1.7,5.4
2016-12-27,2016.9877,-8.3,-215.2,-5.0,1.9,1.9,5.8
2016-12-28,2016.9904,-9.5,-215.7,-8.3,1.9,1.9,5.8
2016-12-29,2016.9932,-8.8,-214.5,-6.8,1.6,1.5,5.3
2016-12-30,2016.9959,-7.7,-215.4,-5.4,1.9,1.9,6.1
2016-12-31,2016.9986,-7.8,-214.2,-1.7,1.7,1.7,5.4
2017-01-01,2017.0014,-7.9,-215.2,-2.2,1.7,1.7,5.5
2017-01-02,2017.0041,-8.2,-215.0,-1.9,1.6,1.6,5.2
2017-01-03,2017.0068,-8.5,-214.6,2.5,1.7,1.7,5.5
2017-01-04,2017.0096,-7.2,-215.0,0.3,1.8,1.8,5.7
2017-01-05,2017.0123,-5.1,-214.1,-2.0,1.9,1.9,6.1
2017-01-06,2017.0151,-5.4,-214.1,-3.5,1.8,1.7,5.4
2017-01-07,2017.0178,-7.2,-214.4,-2.0,1.8,1.8,5.7
2017-01-08,2017.0205,-6.7,-212.8,-5.5,1.8,1.7,5.7
2017-01-09,2017.0233,-6.0,-213.8,-11.7,1.8,1.7,5.5
2017-01-10,2017.026,-6.6,-213.7,-9.3,1.8,1.8,5.7
2017-01-11,2017.0288,-6.5,-213.8,-11.3,1.7,1.6,5.3
2017-01-12,2017.0315,-6.8,-213.5,-5.6,1.9,1.9,5.8
2017-01-13,2017.0342,-5.9,-213.5,-8.3,1.8,1.7,5.5
2017-01-14,2017.037,-5.6,-213.0,-12.1,1.9,1.9,6.0
2017-01-15,2017.0397,-4.9,-213.4,-14.8,2.0,2.0,6.2
2017-01-16,2017.0425,-6.6,-212.4,-14.3,1.9,1.8,5.8
2017-01-17,2017.0452,-7.4,-212.6,-14.1,1.7,1.6,5.2
2017-01-18,2017.0479,-8.0,-212.1,-17.7,1.8,1.7,5.6
2017-01-19,2017.0507,-8.7,-211.2,-15.2,1.8,1.7,5.6
2017-01-20,2017.0534,-7.3,-211.9,-16.5,1.8,1.8,5.8
2017-01-21,2017.0562,-8.7,-212.1,-13.2,1.8,1.7,5.5
2017-01-22,2017.0589,-7.3,-211.4,-9.5,1.8,1.6,5.5
2017-01-23,2017.0616,-7.5,-210.9,-8.4,1.8,1.7,5.6
2017-01-24,2017.0644,-8.4,-211.9,-5.0,1.8,1.7,5.6
2017-01-25,2017.0671,-7.7,-212.5,-6.3,1.8,1.7,5.8
2017-01-26,2017.0699,-7.4,-212.0,-7.5,1.7,1.6,5.5
2017-01-27,2017.0726,-6.3,-213.2,-3.6,1.8,1.7,5.6
2017-01-28,2017.0753,-6.9,-212.6,-6.8,1.7,1.6,5.5
2017-01-29,2017.0781,-5.8,-212.1,-9.0,1.8,1.8,5.7
2017-01-30,2017.0808,-6.1,-212.6,-5.9,1.7,1.7,5.5
2017-01-31,2017.0836,-5.1,-211.1,-7.0,1.9,1.8,5.7
2017-02-01,2017.0863,-5.6,-210.9,-5.5,1.8,1.7,5.5
2017-02-02,2017.089,-6.3,-211.0,-8.5,1.7,1.7,5.5
2017-02-03,2017.0918,-5.8,-210.6,0.5,1.9,1.9,6.1
2017-02-04,2017.0945,-5.8,-209.8,-1.7,1.9,1.9,5.9
2017-02-05,2017.0973,-5.4,-210.1,1.7,1.8,1.7,5.5
2017-02-06,2017.1,-4.5,-210.4,-8.1,1.9,1.8,5.9
2017-02-07,2017.1027,-5.8,-210.5,-13.4,1.7,1.6,5.5
2017-02-08,2017.1055,-5.6,-210.5,-11.9,1.7,1.6,5.2
2017-02-09,2017.1082,-4.7,-211.4,-8.3,1.9,1.9,6.0
2017-02-10,2017.111,-5.5,-209.5,-9.5,1.9,1.8,5.8
2017-02-11,2017.1137,-5.4,-209.7,-5.9,1.7,1.6,5.3
2017-02-12,2017.1164,-6.2,-211.0,-9.4,1.6,1.5,5.1
2017-02-13,2017.1192,-5.9,-210.0,-10.5,1.8,1.8,5.7
2017-02-14,2017.1219,-5.9,-211.6,-7.3,1.9,1.9,6.0
2017-02-15,2017.1247,-5.6,-210.8,-5.5,1.9,1.9,6.1
2017-02-16,2017.1274,-6.0,-210.2,-4.6,1.9,1.9,6.2
2017-02-17,2017.1301,-6.5,-208.5,-2.6,1.9,1.8,5.9
2017-02-18,2017.1329,-7.9,-211.0,-0.3,1.8,1.8,5.7
2017-02-19,2017.1356,-6.7,-209.7,0.4,1.7,1.6,5.3
2017-02-20,2017.1384,-5.7,-210.0,-5.1,1.7,1.7,5.5
2017-02-21,2017.1411,-5.8,-209.7,-7.6,1.9,1.8,6.0
2017-02-22,2017.1438,-5.4,-209.4,-7.6,1.8,1.8,5.7
2017-02-23,2017.1466,-6.4,-208.4,-8.3,1.7,1.6,5.2
2017-02-24,2017.1493,-5.7,-207.8,-10.1,1.7,1.6,5.3
2017-02-25,2017.1521,-5.2,-207.6,-8.8,1.9,1.8,5.9
2017-02-26,2017.1548,-5.4,-207.5,-7.5,1.7,1.6,5.2
2017-02-27,2017.1575,-4.2,-208.0,-8.0,1.9,1.8,5.8
2017-02-28,2017.1603,-5.0,-207.7,-12.4,2.0,1.9,6.2
2017-03-01,2017.163,-4.3,-208.5,-8.4,1.8,1.8,5.7
2017-03-02,2017.1658,-5.5,-207.4,-4.2,1.7,1.6,5.2
2017-03-03,2017.1685,-5.3,-208.0,-4.5,1.9,1.9,6.0
2017-03-04,2017.1712,-6.1,-208.5,-7.9,1.8,1.8,5.6
2017-03-05,2017.174,-4.9,-208.1,-9.8,1.8,1.8,5.8
2017-03-06,2017.1767,-5.5,-208.2,-9.4,1.9,1.9,6.1
2017-03-07,2017.1795,-5.5,-208.5,-8.3,1.8,1.8,5.7
2017-03-08,2017.1822,-6.6,-207.2,-7.4,1.9,1.8,5.8
2017-03-09,2017.1849,-7.5,-208.5,-4.4,1.6,1.5,5.2
2017-03-10,2017.1877,-6.4,-207.5,-4.4,1.7,1.6,5.3
2017-03-11,2017.1904,-5.3,-207.5,-5.0,1.8,1.7,5.6
2017-03-12,2017.1932,-4.8,-207.6,-6.0,1.8,1.7,5.6
2017-03-13,2017.1959,-6.4,-208.3,-6.4,1.7,1.6,5.4
2017-03-14,2017.1986,-5.7,-207.3,-6.0,1.7,1.6,5.4
2017-03-15,2017.2014,-6.1,-208.6,-9.0,1.7,1.7,5.5
2017-03-16,2017.2041,-5.2,-207.7,-10.2,1.9,1.8,5.8
2017-03-17,2017.2068,-4.1,-207.4,-5.9,1.8,1.7,5.5
2017-03-18,2017.2096,-4.7,-206.3,-8.5,1.8,1.8,5.6
2017-03-19,2017.2123,-5.9,-207.7,-10.7,1.8,1.6,5.4
2017-03-20,2017.2151,-5.5,-206.9,-8.5,1.8,1.7,5.6
2017-03-21,2017.2178,-4.5,-207.8,-4.8,2.1,2.1,6.5
2017-03-22,2017.2205,-4.6,-206.8,-7.2,2.0,1.9,6.1
2017-03-23,2017.2233,-5.9,-208.2,-9.35,2.0,2.0,6.05
2017-03-24,2017.226,-5.9,-207.4,-11.5,1.9,1.9,6.0
2017-03-25,2017.2288,-6.0,-207.7,-12.9,1.8,1.8,5.8
2017-03-26,2017.2315,-7.0,-207.1,-8.7,1.8,1.7,5.7
2017-03-27,2017.2342,-6.2,-207.4,-6.8,1.7,1.7,5.4
2017-03-28,2017.237,-6.2,-207.7,-5.6,1.9,1.9,6.0
2017-03-29,2017.2397,-4.6,-207.1,-8.7,2.1,2.0,6.3
2017-03-30,2017.2425,-6.0,-206.9,-8.6,1.8,1.8,5.7
2017-03-31,2017.2452,-6.4,-207.3,-6.8,1.9,1.9,5.9
2017-04-01,2017.2479,-5.9,-207.3,-5.0,2.0,1.9,6.0
2017-04-02,2017.2507,-4.7,-208.1,-6.6,2.0,2.0,6.2
2017-04-03,2017.2534,-7.8,-207.3,-3.8,2.0,2.0,6.2
2017-04-04,2017.2562,-6.1,-207.9,-3.5,2.1,2.0,6.5
2017-04-05,2017.2589,-6.4,-206.8,-3.5,2.0,2.0,6.3
2017-04-06,2017.2616,-5.1,-208.6,-2.3,2.1,2.0,6.3
2017-04-07,2017.2644,-6.0,-208.2,-5.7,2.1,2.1,6.4
2017-04-08,2017.2671,-5.1,-207.9,-4.6,1.8,1.7,5.6
2017-04-09,2017.2699,-3.2,-207.6,-6.8,1.8,1.7,5.8
2017-04-10,2017.2726,-3.8,-207.2,-6.2,2.2,2.1,6.7
2017-04-11,2017.2753,-5.0,-207.9,-8.7,2.2,2.0,6.9
2017-04-12,2017.2781,-5.0,-207.3,-8.0,2.1,2.0,6.6
2017-04-13,2017.2808,-7.6,-208.1,-5.4,1.9,1.8,6.65
2017-04-14,2017.2836,-5.6,-209.0,-2.8,2.1,2.0,6.7
2017-04-15,2017.2863,-6.0,-207.5,-9.2,1.9,1.8,6.0
2017-04-16,2017.289,-5.9,-206.6,-3.1,2.0,1.9,6.2
2017-04-17,2017.2918,-7.6,-208.5,0.2,2.0,1.9,6.3
2017-04-18,2017.2945,-6.9,-207.9,-1.6,2.1,2.0,6.6
2017-04-19,2017.2973,-6.4,-206.4,-6.7,2.1,2.0,6.5
2017-04-20,2017.3,-7.4,-206.2,-3.8,1.8,1.7,5.8
2017-04-21,2017.3027,-8.1,-204.9,-1.3,1.9,1.8,6.0
2017-04-22,2017.3055,-9.5,-205.2,-0.3,1.8,1.7,5.8
2017-04-23,2017.3082,-8.2,-206.8,-0.3,1.9,2.0,6.1
2017-04-24,2017.311,-7.3,-205.6,-8.8,2.2,2.1,6.9
2017-04-25,2017.3137,-5.1,-205.3,-10.0,1.8,1.8,5.8
2017-04-26,2017.3164,-5.5,-205.5,-10.9,1.9,1.9,6.1
2017-04-27,2017.3192,-6.3,-207.7,-7.2,2.1,2.0,6.6
2017-04-28,2017.3219,-7.0,-206.3,-4.8,2.1,2.0,6.6
2017-04-29,2017.3247,-6.9,-207.2,-5.3,2.1,2.1,6.5
2017-04-30,2017.3274,-7.2,-206.0,-3.4,1.8,1.7,6.0
2017-05-01,2017.3301,-6.7,-204.1,-6.1,2.0,1.9,6.6
2017-05-02,2017.3329,-6.1,-205.3,-7.4,2.2,2.1,6.45
2017-05-03,2017.3356,-6.5,-204.9,-8.7,2.0,2.0,6.3
2017-05-04,2017.3384,-6.5,-204.4,-7.9,1.9,1.9,6.2
2017-05-05,2017.3411,-6.8,-203.7,-7.9,1.8,1.7,5.7
2017-05-06,2017.3438,-7.8,-205.1,-6.5,1.8,1.8,5.9
2017-05-07,2017.3466,-6.1,-204.4,-2.7,1.8,1.8,5.7
2017-05-08,2017.3493,-7.4,-204.8,-8.6,2.1,2.0,6.7
2017-05-09,2017.3521,-6.0,-204.5,-7.5,2.0,2.0,6.5
2017-05-10,2017.3548,-6.5,-203.6,-10.4,2.0,1.9,6.2
2017-05-11,2017.3575,-7.1,-203.2,-10.1,2.0,2.0,6.3
2017-05-12,2017.3603,-7.7,-203.5,-4.6,2.1,2.1,6.9
2017-05-13,2017.363,-7.1,-204.1,-8.7,2.3,2.2,7.5
2017-05-14,2017.3658,-7.3,-203.5,-11.1,2.0,1.9,6.5
2017-05-15,2017.3685,-8.1,-202.3,-6.9,2.0,1.9,6.3
2017-05-16,2017.3712,-7.4,-203.0,-1.5,2.0,1.9,6.3
2017-05-17,2017.374,-6.3,-202.2,-8.7,2.2,2.1,6.9
2017-05-18,2017.3767,-8.0,-203.5,-2.0,2.2,2.2,6.9
2017-05-19,2017.3795,-6.5,-201.4,-2.4,2.0,1.9,6.2
2017-05-20,2017.3822,-6.6,-202.7,-3.8,2.1,2.1,6.7
2017-05-21,2017.3849,-7.2,-202.7,-5.3,2.0,1.9,6.3
2017-05-22,2017.3877,-6.2,-202.3,-5.2,2.1,2.0,6.6
2017-05-23,2017.3904,-7.1,-201.6,-5.0,2.1,2.1,6.8
2017-05-24,2017.3932,-7.6,-202.4,-9.2,2.0,1.9,6.5
2017-05-25,2017.3959,-7.9,-202.7,-2.5,2.1,2.1,6.7
2017-05-26,2017.3986,-7.7,-202.1,-3.9,2.1,2.1,6.4
2017-05-27,2017.4014,-6.7,-201.7,-5.8,2.0,1.9,6.2
2017-05-28,2017.4041,-8.3,-201.6,-1.4,2.0,2.0,6.3
2017-05-29,2017.4068,-7.1,-200.8,-8.4,2.0,2.0,6.5
2017-05-30,2017.4096,-7.4,-201.8,-2.7,2.1,2.1,6.6
2017-05-31,2017.4123,-6.4,-201.4,-1.1,2.1,2.0,6.6
2017-06-01,2017.4151,-6.0,-202.1,-0.2,2.3,2.3,7.3
2017-06-02,2017.4178,-7.1,-202.1,-4.8,1.8,1.8,5.9
2017-06-03,2017.4205,-8.6,-201.8,-3.9,2.3,2.2,7.6
2017-06-04,2017.4233,-9.2,-202.7,-6.0,2.1,2.0,6.5
2017-06-05,2017.426,-6.7,-201.6,-10.6,1.9,1.9,6.2
2017-06-06,2017.4288,-7.6,-201.2,-7.8,2.2,2.1,7.3
2017-06-07,2017.4315,-7.3,-202.3,-7.7,2.1,2.0,6.9
2017-06-08,2017.4342,-7.6,-201.7,-14.4,2.4,2.3,8.1
2017-06-09,2017.437,-8.1,-200.7,-7.1,2.4,2.4,7.9
2017-06-10,2017.4397,-7.9,-200.1,-11.1,2.2,2.3,6.8
2017-06-11,2017.4425,-8.3,-200.4,-10.6,2.3,2.3,7.4
2017-06-12,2017.4452,-6.4,-201.9,-8.1,2.2,2.1,6.9
2017-06-13,2017.4479,-7.0,-201.4,-5.0,2.1,2.2,7.0
2017-06-14,2017.4507,-9.4,-201.6,-6.1,2.1,2.1,6.9
2017-06-15,2017.4534,-10.1,-200.0,-6.6,2.1,2.0,6.7
2017-06-16,2017.4562,-8.2,-198.9,2.1,2.1,2.1,6.8
2017-06-17,2017.4589,-9.0,-199.2,-4.4,1.9,1.9,6.2
2017-06-18,2017.4616,-7.9,-198.7,-12.5,2.2,2.2,7.3
2017-06-19,2017.4644,-7.1,-199.5,-8.8,2.3,2.2,7.4
2017-06-20,2017.4671,-9.0,-199.3,-2.6,2.1,2.0,6.8
2017-06-21,2017.4699,-6.8,-200.1,-8.5,2.2,2.2,7.4
2017-06-22,2017.4726,-10.4,-198.4,-3.8,2.4,2.4,7.5
2017-06-23,2017.4753,-8.1,-199.5,-9.2,2.6,2.5,8.6
2017-06-24,2017.4781,-7.5,-198.1,-5.8,2.4,2.3,7.8
2017-06-25,2017.4808,-9.3,-197.6,-3.2,2.1,2.1,6.7
2017-06-26,2017.4836,-8.9,-198.3,-2.4,2.1,2.1,6.9
2017-06-27,2017.4863,-8.9,-196.6,-5.8,2.4,2.3,7.8
2017-06-28,2017.489,-8.7,-199.5,-4.2,2.3,2.2,7.4
2017-06-29,2017.4918,-8.6,-197.9,-5.8,2.4,2.2,7.7
2017-06-30,2017.4945,-8.2,-198.3,2.1,2.2,2.1,7.2
2017-07-01,2017.4973,-9.0,-197.5,-0.9,2.2,2.1,7.1
2017-07-02,2017.5,-7.8,-199.0,-8.1,2.1,2.0,6.9
2017-07-03,2017.5027,-7.9,-198.8,-3.2,2.2,2.1,6.9
2017-07-04,2017.5055,-8.7,-196.8,0.7,2.0,1.8,6.1
2017-07-05,2017.5082,-7.6,-196.3,-6.9,2.4,2.3,7.4
2017-07-06,2017.511,-10.5,-198.3,0.3,2.5,2.5,7.9
2017-07-07,2017.5137,-8.7,-195.8,-1.4,2.3,2.2,7.2
2017-07-08,2017.5164,-9.5,-196.7,-1.4,2.5,2.5,7.7
2017-07-09,2017.5192,-7.8,-196.5,-6.6,2.6,2.5,8.1
2017-07-10,2017.5219,-8.6,-198.9,-7.1,2.1,2.0,6.8
2017-07-11,2017.5247,-7.3,-197.5,-4.1,2.3,2.2,7.2
2017-07-12,2017.5274,-7.3,-196.1,-4.3,2.2,2.1,6.9
2017-07-13,2017.5301,-7.6,-196.2,-1.1,2.0,1.8,6.1
2017-07-14,2017.5329,-6.6,-195.7,-2.0,2.2,2.2,7.2
2017-07-15,2017.5356,-7.8,-195.4,-0.7,2.4,2.3,7.4
2017-07-16,2017.5384,-6.6,-196.2,-2.3,2.2,2.0,6.9
2017-07-17,2017.5411,-6.9,-197.1,-0.6,2.1,1.9,6.6
2017-07-18,2017.5438,-5.5,-193.3,-1.9,2.7,2.6,8.5
2017-07-19,2017.5466,-7.7,-196.5,-2.7,2.4,2.2,7.4
2017-07-20,2017.5493,-5.9,-196.5,-1.7,2.7,2.6,8.5
2017-07-21,2017.5521,-7.8,-195.4,-4.9,2.6,2.5,8.2
2017-07-22,2017.5548,-6.8,-194.8,-6.6,2.3,2.1,7.4
2017-07-23,2017.5575,-7.6,-195.5,-6.5,2.4,2.3,7.5
2017-07-24,2017.5603,-7.7,-195.6,-2.2,2.5,2.3,8.2
2017-07-25,2017.563,-7.5,-196.2,-2.2,2.4,2.2,7.5
2017-07-26,2017.5658,-7.6,-195.6,-4.9,2.4,2.2,7.5
2017-07-27,2017.5685,-9.8,-196.5,-5.7,2.5,2.4,7.6
2017-07-28,2017.5712,-9.7,-193.5,-8.1,2.2,2.0,6.9
2017-07-29,2017.574,-7.6,-195.0,-9.7,2.2,2.1,7.0
2017-07-30,2017.5767,-8.4,-196.3,-6.3,2.0,1.9,6.5
2017-07-31,2017.5795,-8.2,-194.1,-8.2,2.3,2.2,7.5
2017-08-01,2017.5822,-8.3,-195.0,-12.8,2.3,2.1,7.4
2017-08-02,2017.5849,-8.6,-195.9,-7.0,2.7,2.5,8.9
2017-08-03,2017.5877,-6.9,-195.2,-9.1,2.2,2.0,6.8
2017-08-04,2017.5904,-8.0,-196.9,-7.7,2.2,2.1,7.1
2017-08-05,2017.5932,-7.6,-195.2,-5.5,2.4,2.2,7.6
2017-08-06,2017.5959,-6.6,-196.4,-9.9,2.7,2.6,8.7
2017-08-07,2017.5986,-9.5,-195.9,-7.7,2.3,2.1,7.3
2017-08-08,2017.6014,-9.1,-194.9,-3.8,2.3,2.2,7.2
2017-08-09,2017.6041,-8.3,-194.7,-12.1,2.3,2.2,7.4
2017-08-10,2017.6068,-5.1,-194.4,-6.8,2.2,2.1,6.9
2017-08-11,2017.6096,-6.3,-194.7,-6.9,2.3,2.1,7.1
2017-08-12,2017.6123,-6.1,-195.2,-3.9,2.2,2.1,7.0
2017-08-13,2017.6151,-8.4,-194.5,-5.0,2.1,1.9,6.5
2017-08-14,2017.6178,-7.1,-193.6,-6.6,2.2,2.2,6.9
2017-08-15,2017.6205,-6.6,-194.8,-9.8,2.3,2.2,7.3
2017-08-16,2017.6233,-8.3,-193.6,-4.0,2.3,2.1,7.2
2017-08-17,2017.626,-8.5,-193.9,-3.0,2.3,2.1,7.2
2017-08-18,2017.6288,-7.0,-194.3,-6.5,2.4,2.2,7.7
2017-08-19,2017.6315,-7.9,-193.9,-12.1,2.5,2.3,8.0
2017-08-20,2017.6342,-8.4,-193.4,-12.3,2.6,2.5,8.5
2017-08-21,2017.637,-7.0,-193.3,-11.0,2.2,2.0,6.9
2017-08-22,2017.6397,-5.8,-194.9,-12.4,2.2,2.0,6.8
2017-08-23,2017.6425,-6.6,-193.2,-11.05,2.7,2.4,7.2
2017-08-24,2017.6452,-5.7,-194.0,-9.7,2.4,2.2,7.6
2017-08-25,2017.6479,-6.4,-193.7,-6.7,2.3,2.2,7.3
2017-08-26,2017.6507,-5.0,-193.6,-5.2,2.3,2.2,7.3
2017-08-27,2017.6534,-5.5,-192.8,-12.9,2.1,2.0,6.7
2017-08-28,2017.6562,-5.7,-193.1,-7.0,2.2,2.1,7.0
2017-08-29,2017.6589,-6.3,-193.1,-10.0,2.0,1.9,6.6
2017-08-30,2017.6616,-5.9,-193.3,-17.4,2.2,2.1,7.0
2017-08-31,2017.6644,-8.7,-193.0,-6.4,2.1,1.9,6.8
2017-09-01,2017.6671,-7.0,-192.8,-5.5,2.1,1.9,6.5
2017-09-02,2017.6699,-6.1,-192.2,-6.2,2.0,1.8,6.2
2017-09-03,2017.6726,-6.2,-191.3,-5.1,2.4,2.4,7.4
2017-09-04,2017.6753,-7.5,-191.8,-8.2,2.2,2.1,7.0
2017-09-05,2017.6781,-4.7,-192.8,-9.5,2.2,2.1,6.8
2017-09-06,2017.6808,-8.3,-192.7,-3.1,1.8,1.7,5.6
2017-09-07,2017.6836,-8.3,-192.4,-5.5,2.3,2.2,7.3
2017-09-08,2017.6863,-6.6,-191.7,-11.6,2.7,2.5,8.7
2017-09-09,2017.689,-7.2,-192.8,-8.6,2.2,2.0,6.8
2017-09-10,2017.6918,-6.9,-192.5,-8.5,2.3,2.2,7.1
2017-09-11,2017.6945,-6.8,-193.5,-7.7,2.9,2.5,9.1
2017-09-12,2017.6973,-8.0,-192.4,-10.1,2.1,2.0,6.5
2017-09-13,2017.7,-6.2,-192.5,-11.9,1.9,1.7,6.0
2017-09-14,2017.7027,-6.2,-193.7,-11.5,2.1,1.9,6.5
2017-09-15,2017.7055,-7.2,-194.5,-9.1,2.2,2.0,7.0
2017-09-16,2017.7082,-8.7,-191.9,-6.1,2.3,2.0,7.2
2017-09-17,2017.711,-8.6,-191.6,-6.4,2.0,1.9,6.3
2017-09-18,2017.7137,-7.2,-192.7,-9.5,2.4,2.2,7.3
2017-09-19,2017.7164,-7.5,-191.2,-9.0,2.0,1.9,6.2
2017-09-20,2017.7192,-6.0,-193.1,-10.5,2.1,2.0,6.4
2017-09-21,2017.7219,-8.5,-192.6,-6.0,2.3,2.2,6.9
2017-09-22,2017.7247,-7.3,-191.4,-7.5,2.1,1.9,6.3
2017-09-23,2017.7274,-6.7,-191.2,-4.1,2.1,1.9,6.5
2017-09-24,2017.7301,-5.5,-192.0,-8.9,2.2,1.9,6.9
2017-09-25,2017.7329,-3.1,-191.0,-7.3,2.0,1.8,6.2
2017-09-26,2017.7356,-7.0,-189.5,-11.9,2.0,1.9,6.3
2017-09-27,2017.7384,-4.7,-192.2,-5.7,2.0,1.8,6.1
2017-09-28,2017.7411,-6.1,-191.6,-4.6,2.1,2.0,6.4
2017-09-29,2017.7438,-7.2,-189.6,-7.3,2.0,1.9,6.1
2017-09-30,2017.7466,-5.4,-191.2,-10.5,1.9,1.7,5.8
2017-10-01,2017.7493,-6.0,-191.2,-10.2,1.9,1.8,6.0
2017-10-02,2017.7521,-6.5,-190.9,-11.6,1.8,1.6,5.4
2017-10-03,2017.7548,-6.9,-191.6,-10.8,2.0,1.8,6.2
2017-10-04,2017.7575,-6.7,-190.2,-9.3,2.2,2.1,6.5
2017-10-05,2017.7603,-6.3,-191.3,-7.9,1.9,1.8,6.0
2017-10-06,2017.763,-6.8,-191.4,-13.5,2.0,1.9,6.2
2017-10-07,2017.7658,-5.5,-192.2,-15.2,1.7,1.6,5.3
2017-10-08,2017.7685,-5.4,-191.6,-15.0,2.1,1.9,5.6
2017-10-09,2017.7712,-7.5,-190.3,-14.8,1.9,1.7,5.9
2017-10-10,2017.774,-7.9,-191.4,-14.6,2.0,1.9,6.2
2017-10-11,2017.7767,-8.2,-190.3,-18.4,2.0,1.8,6.1
2017-10-12,2017.7795,-7.4,-190.5,-14.5,1.8,1.5,5.4
2017-10-13,2017.7822,-9.4,-189.5,-13.5,2.0,1.9,6.3
2017-10-14,2017.7849,-7.6,-190.1,-14.1,1.7,1.5,5.4
2017-10-15,2017.7877,-7.4,-187.8,-9.8,1.9,1.7,5.8
2017-10-16,2017.7904,-8.2,-188.7,-12.6,1.8,1.6,5.5
2017-10-17,2017.7932,-8.9,-189.5,-13.0,1.8,1.6,5.7
2017-10-18,2017.7959,-9.7,-189.0,-10.1,1.7,1.6,5.5
2017-10-19,2017.7986,-7.9,-189.6,-12.8,1.9,1.8,6.1
2017-10-20,2017.8014,-9.3,-189.6,-15.5,1.9,1.8,6.0
2017-10-21,2017.8041,-8.4,-189.1,-14.6,2.0,1.9,6.1
2017-10-22,2017.8068,-7.7,-188.3,-11.8,1.9,1.8,5.6
2017-10-23,2017.8096,-8.6,-189.7,-10.7,1.9,1.8,5.9
2017-10-24,2017.8123,-8.2,-189.0,-11.3,1.9,1.7,5.8
2017-10-25,2017.8151,-8.3,-189.2,-12.4,1.8,1.8,5.8
2017-10-26,2017.8178,-9.7,-188.3,-12.3,1.8,1.7,5.6
2017-10-27,2017.8205,-8.1,-188.7,-16.0,1.7,1.6,5.5
2017-10-28,2017.8233,-7.6,-188.3,-14.1,1.7,1.6,5.4
2017-10-29,2017.826,-8.5,-188.7,-13.4,1.7,1.6,5.5
2017-10-30,2017.8288,-7.7,-187.5,-9.7,1.9,1.9,5.9
2017-10-31,2017.8315,-7.6,-188.6,-7.1,1.6,1.5,5.2
2017-11-01,2017.8342,-6.9,-188.2,-10.8,2.0,1.9,6.3
2017-11-02,2017.837,-8.1,-186.9,-8.4,1.9,1.8,6.0
2017-11-03,2017.8397,-7.0,-187.9,-9.6,1.9,1.9,6.0
2017-11-04,2017.8425,-8.4,-189.4,-6.1,1.9,1.9,6.0
2017-11-05,2017.8452,-7.8,-188.3,-11.8,1.9,1.7,6.0
2017-11-06,2017.8479,-8.0,-189.5,-10.1,1.9,1.9,6.0
2017-11-07,2017.8507,-8.9,-188.7,-6.7,2.0,1.8,6.2
2017-11-08,2017.8534,-8.6,-186.2,-11.2,1.9,1.8,6.2
2017-11-09,2017.8562,-7.6,-188.5,-8.9,2.0,1.9,6.5
2017-11-10,2017.8589,-8.4,-187.8,-7.1,2.0,1.8,6.4
2017-11-11,2017.8616,-7.7,-187.5,-7.6,2.0,2.0,6.6
2017-11-12,2017.8644,-7.1,-186.2,-7.6,1.9,1.9,6.0
2017-11-13,2017.8671,-7.3,-187.8,-5.5,1.8,1.8,5.7
2017-11-14,2017.8699,-8.3,-186.5,-4.5,1.7,1.6,5.3
2017-11-15,2017.8726,-7.7,-188.8,-3.4,2.0,1.9,6.0
2017-11-16,2017.8753,-7.5,-188.9,-4.2,1.9,1.8,5.9
2017-11-17,2017.8781,-8.3,-187.1,-9.1,1.9,1.8,5.8
2017-11-18,2017.8808,-8.0,-186.5,-10.9,1.9,1.8,5.9
2017-11-19,2017.8836,-9.3,-186.4,-12.5,1.9,1.9,6.0
2017-11-20,2017.8863,-8.7,-188.5,-14.3,1.7,1.6,5.4
2017-11-21,2017.889,-10.3,-187.0,-14.0,1.9,1.8,5.7
2017-11-22,2017.8918,-8.1,-187.0,-13.6,1.8,1.7,5.5
2017-11-23,2017.8945,-8.4,-186.6,-14.9,1.7,1.6,5.4
2017-11-24,2017.8973,-8.6,-186.3,-14.4,1.7,1.6,5.3
2017-11-25,2017.9,-9.8,-186.5,-9.6,1.8,1.6,5.5
2017-11-26,2017.9027,-9.7,-186.9,-10.5,1.7,1.6,5.4
2017-11-27,2017.9055,-9.0,-186.6,-14.4,1.9,1.8,5.8
2017-11-28,2017.9082,-8.6,-186.4,-13.5,1.9,1.8,5.9
2017-11-29,2017.911,-8.1,-186.7,-18.8,1.8,1.7,5.5
2017-11-30,2017.9137,-8.2,-186.6,-14.4,1.7,1.5,5.3
2017-12-01,2017.9164,-8.7,-186.9,-12.4,1.8,1.7,5.5
2017-12-02,2017.9192,-8.5,-187.7,-14.8,1.7,1.6,5.4
2017-12-03,2017.9219,-8.7,-186.3,-13.0,1.9,1.9,5.9
2017-12-04,2017.9247,-8.5,-185.8,-10.1,1.8,1.7,5.7
2017-12-05,2017.9274,-8.8,-186.1,-7.5,1.7,1.6,5.2
2017-12-06,2017.9301,-8.1,-185.3,-7.8,1.6,1.5,5.2
2017-12-07,2017.9329,-8.0,-184.3,-8.6,1.7,1.6,5.4
2017-12-08,2017.9356,-10.6,-185.8,-6.0,1.8,1.7,5.6
2017-12-09,2017.9384,-9.7,-185.8,-6.6,1.8,1.6,5.6
2017-12-10,2017.9411,-7.9,-186.2,-5.5,1.8,1.7,5.7
2017-12-11,2017.9438,-9.2,-186.4,-5.3,1.9,1.9,6.0
2017-12-12,2017.9466,-8.8,-186.3,-4.2,1.7,1.6,5.5
2017-12-13,2017.9493,-9.4,-185.2,-4.9,1.7,1.6,5.3
2017-12-14,2017.9521,-8.0,-186.5,-10.7,1.8,1.7,5.6
2017-12-15,2017.9548,-7.5,-185.6,-13.2,1.9,1.9,6.1
2017-12-16,2017.9575,-8.3,-185.1,-13.9,1.8,1.7,5.6
2017-12-17,2017.9603,-8.6,-184.8,-11.9,1.9,1.9,6.1
2017-12-18,2017.963,-7.4,-184.9,-11.3,1.7,1.6,5.4
2017-12-19,2017.9658,-8.3,-184.4,-9.5,1.8,1.8,5.7
2017-12-20,2017.9685,-7.9,-184.1,-7.5,1.9,1.8,5.9
2017-12-21,2017.9712,-8.8,-183.8,-2.3,1.7,1.7,5.5
2017-12-22,2017.974,-6.8,-185.1,-6.3,1.7,1.6,5.5
2017-12-23,2017.9767,-7.7,-184.3,-5.8,1.8,1.7,5.5
2017-12-24,2017.9795,-7.2,-183.3,-2.6,1.9,1.9,6.0
2017-12-25,2017.9822,-8.2,-183.0,-0.1,1.8,1.7,5.5
2017-12-26,2017.9849,-8.3,-182.4,3.3,1.8,1.7,5.5
2017-12-27,2017.9877,-6.4,-184.5,0.6,2.0,2.0,6.5
2017-12-28,2017.9904,-7.7,-183.7,-7.9,1.8,1.8,5.8
2017-12-29,2017.9932,-5.3,-184.2,-10.3,1.7,1.6,5.3
2017-12-30,2017.9959,-6.1,-183.8,-5.9,1.8,1.7,5.6
2017-12-31,2017.9986,-7.5,-184.6,-7.7,1.8,1.7,5.6
2018-01-01,2018.0014,-7.1,-183.9,-9.8,1.8,1.8,5.6
2018-01-02,2018.0041,-6.6,-182.5,-9.5,1.8,1.8,5.7
2018-01-03,2018.0068,-6.9,-181.4,-3.9,1.9,1.8,5.9
2018-01-04,2018.0096,-6.3,-182.1,-3.6,1.7,1.6,5.4
2018-01-05,2018.0123,-7.7,-181.8,-5.8,1.9,1.8,5.9
2018-01-06,2018.0151,-6.9,-182.5,-8.9,1.7,1.6,5.3
2018-01-07,2018.0178,-6.5,-182.1,-10.6,1.8,1.7,5.6
2018-01-08,2018.0205,-7.6,-182.7,-13.0,1.9,1.8,5.7
2018-01-09,2018.0233,-7.0,-184.1,-10.6,1.8,1.6,5.5
2018-01-10,2018.026,-7.9,-181.4,-10.0,1.9,1.8,5.8
2018-01-11,2018.0288,-7.8,-180.9,-7.6,1.9,1.9,6.0
2018-01-12,2018.0315,-7.9,-181.8,-6.8,1.8,1.7,5.7
2018-01-13,2018.0342,-8.3,-181.4,-3.6,1.9,1.8,5.7
2018-01-14,2018.037,-8.0,-182.4,-6.5,1.8,1.7,5.7
2018-01-15,2018.0397,-8.7,-182.2,-3.1,1.9,1.8,6.0
2018-01-16,2018.0425,-7.4,-184.3,-5.7,1.8,1.7,5.7
2018-01-17,2018.0452,-7.7,-182.9,-6.5,1.7,1.6,5.5
2018-01-18,2018.0479,-6.2,-183.0,-9.8,1.8,1.7,5.6
2018-01-19,2018.0507,-6.1,-183.0,-9.2,1.8,1.8,5.7
2018-01-20,2018.0534,-5.4,-181.6,-11.9,2.0,1.9,6.2
2018-01-21,2018.0562,-5.6,-181.9,-4.8,1.8,1.7,5.5
2018-01-22,2018.0589,-5.3,-181.3,-6.5,1.7,1.6,5.5
2018-01-23,2018.0616,-4.8,-181.3,-3.6,1.8,1.8,5.7
2018-01-24,2018.0644,-4.0,-179.9,-7.7,1.9,1.9,6.0
2018-01-25,2018.0671,-5.9,-180.4,-8.7,1.7,1.6,5.4
2018-01-26,2018.0699,-4.3,-181.2,-8.8,1.9,1.9,6.1
2018-01-27,2018.0726,-4.9,-180.2,-11.4,1.9,1.9,6.1
2018-01-28,2018.0753,-6.0,-181.0,-7.8,2.1,2.1,6.5
2018-01-29,2018.0781,-6.4,-182.5,-12.2,1.8,1.7,5.6
2018-01-30,2018.0808,-5.8,-182.5,-11.8,1.8,1.9,5.8
2018-01-31,2018.0836,-5.6,-181.5,-7.7,1.9,1.9,6.2
2018-02-01,2018.0863,-6.2,-182.5,-14.8,1.9,1.9,6.0
2018-02-02,2018.089,-6.1,-180.2,-11.4,1.8,1.8,5.7
2018-02-03,2018.0918,-5.4,-180.5,-12.1,1.8,1.8,5.7
2018-02-04,2018.0945,-4.8,-179.5,-12.1,1.9,1.9,6.1
2018-02-05,2018.0973,-6.0,-179.0,-10.6,1.9,1.8,6.0
2018-02-06,2018.1,-5.0,-179.9,-7.7,1.9,1.7,5.8
2018-02-07,2018.1027,-5.4,-181.3,-7.3,1.9,1.8,5.9
2018-02-08,2018.1055,-4.6,-181.1,-8.1,1.9,1.8,6.1
2018-02-09,2018.1082,-5.0,-179.7,-12.1,1.9,1.8,5.9
2018-02-10,2018.111,-5.4,-179.1,-9.4,1.7,1.7,5.6
2018-02-11,2018.1137,-6.4,-178.5,-9.3,1.8,1.7,5.6
2018-02-12,2018.1164,-7.2,-179.2,-4.2,1.9,1.8,5.9
2018-02-13,2018.1192,-6.5,-178.4,-3.2,2.0,2.0,6.6
2018-02-14,2018.1219,-6.0,-177.8,-8.8,2.0,1.9,6.3
2018-02-15,2018.1247,-6.1,-177.8,-4.5,2.0,1.9,6.3
2018-02-16,2018.1274,-6.1,-179.4,-9.6,1.8,1.8,5.9
2018-02-17,2018.1301,-5.2,-177.3,-7.0,1.8,1.8,5.8
2018-02-18,2018.1329,-4.6,-178.8,-7.9,1.8,1.7,5.8
2018-02-19,2018.1356,-4.5,-177.5,-8.2,1.9,1.9,6.3
2018-02-20,2018.1384,-4.8,-177.8,-10.2,1.9,1.9,6.3
2018-02-21,2018.1411,-6.3,-177.7,-6.9,1.9,1.9,6.2
2018-02-22,2018.1438,-5.4,-178.0,-9.7,1.9,1.9,6.2
2018-02-23,2018.1466,-4.9,-177.3,-8.7,1.9,1.8,6.0
2018-02-24,2018.1493,-5.1,-178.4,-9.0,1.8,1.7,5.7
2018-02-25,2018.1521,-5.9,-177.1,-6.2,1.7,1.6,5.3
2018-02-26,2018.1548,-6.3,-175.9,-8.8,1.9,1.9,6.1
2018-02-27,2018.1575,-5.5,-178.4,-7.8,1.9,1.9,6.2
2018-02-28,2018.1603,-5.9,-179.7,-7.3,2.1,2.0,6.5
2018-03-01,2018.163,-6.1,-178.8,-6.28,2.1,2.0,6.4
2018-03-02,2018.1658,-5.6,-178.9,-5.25,1.9,1.9,6.3
2018-03-03,2018.1685,-5.1,-178.6,-4.22,1.9,1.8,6.2
2018-03-04,2018.1712,-3.9,-179.7,-3.2,1.9,1.9,6.1
2018-03-05,2018.174,-6.4,-178.9,-5.9,2.1,2.1,6.8
2018-03-06,2018.1767,-4.3,-177.8,-7.6,1.9,1.9,6.2
2018-03-07,2018.1795,-5.0,-177.2,-10.8,1.8,1.8,5.7
2018-03-08,2018.1822,-5.7,-177.7,-8.4,2.1,2.2,6.7
2018-03-09,2018.1849,-6.3,-176.5,-4.7,1.8,1.7,5.7
2018-03-10,2018.1877,-6.6,-177.7,-5.6,1.7,1.6,5.5
2018-03-11,2018.1904,-6.7,-178.0,-0.2,1.7,1.6,5.6
2018-03-12,2018.1932,-6.3,-178.3,-0.9,1.8,1.7,5.6
2018-03-13,2018.1959,-8.0,-177.2,-2.0,1.8,1.7,5.6
2018-03-14,2018.1986,-5.3,-177.0,0.1,1.9,1.9,6.0
2018-03-15,2018.2014,-4.9,-176.8,-2.4,1.9,1.9,6.1
2018-03-16,2018.2041,-3.7,-178.2,-0.9,1.9,1.9,6.1
2018-03-17,2018.2068,-4.2,-177.2,-3.5,1.9,1.8,6.0
2018-03-18,2018.2096,-4.0,-177.4,-5.7,1.9,1.8,6.3
2018-03-19,2018.2123,-3.6,-176.8,-4.5,2.0,2.0,6.5
2018-03-20,2018.2151,-4.5,-176.7,-5.4,2.0,1.9,6.2
2018-03-21,2018.2178,-5.0,-177.3,-2.2,1.8,1.7,5.6
2018-03-22,2018.2205,-5.5,-177.4,1.3,1.9,1.7,6.0
2018-03-23,2018.2233,-4.4,-176.0,-1.8,2.1,2.0,6.4
2018-03-24,2018.226,-5.8,-177.7,-2.1,1.9,1.8,5.8
2018-03-25,2018.2288,-6.5,-176.9,-1.9,1.9,1.7,5.9
2018-03-26,2018.2315,-6.2,-177.6,0.5,1.8,1.6,5.5
2018-03-27,2018.2342,-5.5,-177.3,-0.3,1.8,1.7,5.8
2018-03-28,2018.237,-5.9,-176.8,2.3,1.9,1.8,5.8
2018-03-29,2018.2397,-3.5,-178.4,-0.2,2.0,1.9,6.2
2018-03-30,2018.2425,-5.2,-176.4,-1.5,1.9,1.8,6.2
2018-03-31,2018.2452,-5.5,-178.1,0.1,2.0,1.9,6.4
2018-04-01,2018.2479,-4.5,-179.6,2.1,1.9,1.8,6.0
2018-04-02,2018.2507,-3.6,-178.4,-5.6,2.0,1.9,6.3
2018-04-03,2018.2534,-4.1,-177.2,-0.9,1.8,1.6,5.8
2018-04-04,2018.2562,-4.4,-177.3,-8.5,1.9,1.7,6.0
2018-04-05,2018.2589,-5.8,-176.9,-9.5,1.9,1.7,5.9
2018-04-06,2018.2616,-7.5,-176.0,-7.5,1.9,1.7,5.8
2018-04-07,2018.2644,-7.1,-176.5,-4.5,1.9,1.8,6.0
2018-04-08,2018.2671,-7.9,-174.8,-0.3,1.8,1.7,5.7
2018-04-09,2018.2699,-8.1,-176.6,-0.9,1.9,1.8,6.1
2018-04-10,2018.2726,-7.0,-176.2,-2.6,1.9,1.8,6.3
2018-04-11,2018.2753,-6.8,-175.2,-2.2,1.8,1.7,5.9
2018-04-12,2018.2781,-7.4,-174.7,-9.5,1.9,1.8,6.2
2018-04-13,2018.2808,-6.7,-176.0,-3.8,1.9,1.9,6.2
2018-04-14,2018.2836,-7.7,-174.9,-4.6,1.7,1.6,5.4
2018-04-15,2018.2863,-6.9,-175.8,2.1,1.9,1.8,6.0
2018-04-16,2018.289,-7.5,-175.7,3.5,1.8,1.8,5.9
2018-04-17,2018.2918,-7.6,-175.3,-1.1,2.0,1.9,6.3
2018-04-18,2018.2945,-7.7,-175.4,5.5,2.0,2.0,6.6
2018-04-19,2018.2973,-6.8,-174.6,3.7,2.0,1.9,6.5
2018-04-20,2018.3,-6.9,-172.5,0.7,1.9,1.9,6.2
2018-04-21,2018.3027,-7.1,-174.9,1.4,1.9,1.8,6.1
2018-04-22,2018.3055,-5.8,-173.6,-5.3,2.0,1.9,6.3
2018-04-23,2018.3082,-6.8,-174.4,-5.8,1.9,1.9,6.1
2018-04-24,2018.311,-7.5,-173.7,-5.4,1.8,1.8,5.9
2018-04-25,2018.3137,-7.7,-175.6,-4.5,1.9,1.9,6.2
2018-04-26,2018.3164,-6.3,-174.5,-4.0,1.9,1.8,6.0
2018-04-27,2018.3192,-6.9,-173.8,-2.7,1.9,1.8,5.9
2018-04-28,2018.3219,-4.9,-174.7,-6.5,1.9,1.9,6.4
2018-04-29,2018.3247,-5.7,-173.7,-8.1,1.9,1.9,6.3
2018-04-30,2018.3274,-6.5,-172.6,-5.0,1.9,1.9,6.3
2018-05-01,2018.3301,-5.9,-173.2,-4.5,1.9,1.9,6.1
2018-05-02,2018.3329,-7.1,-173.3,-4.1,1.9,1.9,6.1
2018-05-03,2018.3356,-5.9,-173.4,-5.6,1.9,1.8,6.0
2018-05-04,2018.3384,-5.8,-173.7,0.3,2.1,2.0,6.6
2018-05-05,2018.3411,-6.2,-173.2,-3.2,1.9,1.8,6.1
2018-05-06,2018.3438,-6.1,-173.2,-1.9,2.0,2.0,6.4
2018-05-07,2018.3466,-7.3,-172.4,-1.1,2.1,2.0,6.7
2018-05-08,2018.3493,-5.3,-174.2,-7.6,2.0,1.9,6.4
2018-05-09,2018.3521,-6.5,-172.8,-6.4,1.8,1.8,6.0
2018-05-10,2018.3548,-6.6,-175.2,-10.5,1.9,1.8,5.9
2018-05-11,2018.3575,-6.0,-173.1,-6.4,1.9,1.9,6.2
2018-05-12,2018.3603,-6.7,-173.4,1.3,1.9,1.9,6.1
2018-05-13,2018.363,-5.7,-173.5,4.2,2.1,2.1,6.5
2018-05-14,2018.3658,-7.0,-172.9,-0.6,2.2,2.2,7.3
2018-05-15,2018.3685,-5.1,-174.4,-2.2,2.1,2.1,6.8
2018-05-16,2018.3712,-5.1,-172.7,-2.6,2.1,2.0,6.9
2018-05-17,2018.374,-5.6,-173.8,-1.3,2.2,2.2,7.2
2018-05-18,2018.3767,-6.7,-173.3,-6.3,2.0,1.9,6.5
2018-05-19,2018.3795,-6.2,-174.6,-5.1,2.0,1.9,6.4
2018-05-20,2018.3822,-5.9,-173.2,-7.3,2.0,2.0,6.5
2018-05-21,2018.3849,-6.3,-172.9,-12.0,2.0,2.0,6.6
2018-05-22,2018.3877,-6.1,-174.2,-5.7,2.0,2.1,6.6
2018-05-23,2018.3904,-7.4,-173.5,-1.7,1.8,1.7,5.9
2018-05-24,2018.3932,-6.8,-172.5,-4.7,1.8,1.8,6.0
2018-05-25,2018.3959,-6.5,-172.4,-8.2,1.9,1.8,5.8
2018-05-26,2018.3986,-7.0,-173.1,-11.7,1.8,1.7,5.6
2018-05-27,2018.4014,-7.7,-172.0,-4.8,1.9,1.8,6.1
2018-05-28,2018.4041,-6.8,-171.3,-5.2,1.9,1.9,6.0
2018-05-29,2018.4068,-6.4,-171.5,-10.3,2.2,2.1,7.1
2018-05-30,2018.4096,-7.1,-170.9,-8.8,2.2,2.3,7.5
2018-05-31,2018.4123,-8.4,-173.6,-9.6,2.0,2.0,6.5
2018-06-01,2018.4151,-8.3,-172.8,-8.2,2.0,2.0,6.5
2018-06-02,2018.4178,-7.9,-173.4,-6.3,1.9,1.8,6.0
2018-06-03,2018.4205,-9.2,-172.8,-5.6,2.2,2.3,7.0
2018-06-04,2018.4233,-9.9,-171.1,-3.2,2.2,2.2,7.3
2018-06-05,2018.426,-7.6,-173.0,-7.6,2.0,1.9,6.3
2018-06-06,2018.4288,-7.5,-172.0,-6.9,2.2,2.2,7.1
2018-06-07,2018.4315,-7.7,-171.0,-7.8,2.1,2.0,6.7
2018-06-08,2018.4342,-5.7,-171.5,-6.7,2.2,2.2,7.2
2018-06-09,2018.437,-7.6,-169.7,-2.7,2.0,1.9,6.5
2018-06-10,2018.4397,-9.7,-170.1,1.7,2.0,1.9,6.5
2018-06-11,2018.4425,-8.8,-168.5,-1.4,2.0,2.0,6.5
2018-06-12,2018.4452,-8.6,-169.9,-1.33,2.3,2.3,6.8
2018-06-13,2018.4479,-8.3,-168.4,-1.27,2.5,2.6,7.1
2018-06-14,2018.4507,-8.2,-168.9,-1.2,2.2,2.3,7.4
2018-06-15,2018.4534,-6.2,-169.8,-6.3,1.9,1.8,6.0
2018-06-16,2018.4562,-8.5,-167.9,-3.4,2.2,2.2,7.2
2018-06-17,2018.4589,-7.8,-167.4,2.3,2.5,2.4,8.0
2018-06-18,2018.4616,-6.7,-169.7,-1.8,2.2,2.2,6.9
2018-06-19,2018.4644,-9.1,-169.1,-3.4,3.0,3.0,10.0
2018-06-20,2018.4671,-9.3,-168.1,0.2,2.5,2.5,8.1
2018-06-21,2018.4699,-8.1,-170.1,3.6,2.3,2.2,7.5
2018-06-22,2018.4726,-7.5,-169.4,-4.1,2.3,2.2,7.4
2018-06-23,2018.4753,-7.6,-169.7,-1.6,2.2,2.3,7.2
2018-06-24,2018.4781,-7.2,-168.3,6.4,2.6,2.6,8.4
2018-06-25,2018.4808,-7.6,-170.6,-3.9,2.2,2.1,7.0
2018-06-26,2018.4836,-6.6,-169.6,1.2,2.1,2.0,6.8
2018-06-27,2018.4863,-7.5,-169.1,0.1,2.3,2.3,7.3
2018-06-28,2018.489,-8.7,-167.6,4.8,2.2,2.1,6.9
2018-06-29,2018.4918,-7.3,-167.9,1.6,2.4,2.4,7.5
2018-06-30,2018.4945,-7.9,-167.2,-5.1,2.1,2.0,6.7
2018-07-01,2018.4973,-6.9,-169.4,-7.0,2.2,2.1,7.1
2018-07-02,2018.5,-7.6,-167.0,-4.4,2.0,1.9,6.6
2018-07-03,2018.5027,-6.8,-168.8,-1.9,2.2,2.1,7.0
2018-07-04,2018.5055,-6.6,-167.4,-10.1,2.5,2.3,8.3
2018-07-05,2018.5082,-7.7,-166.8,-4.8,2.2,2.2,7.0
2018-07-06,2018.511,-6.0,-168.8,-5.9,2.4,2.3,7.8
2018-07-07,2018.5137,-5.5,-167.5,-6.3,2.3,2.2,7.4
2018-07-08,2018.5164,-6.7,-166.0,-8.4,2.1,2.1,6.7
2018-07-09,2018.5192,-8.7,-167.2,-7.3,2.2,2.0,7.0
2018-07-10,2018.5219,-7.5,-166.0,-8.2,2.4,2.2,7.6
2018-07-11,2018.5247,-7.3,-167.0,-6.0,2.4,2.3,7.7
2018-07-12,2018.5274,-5.9,-166.8,-3.0,2.2,2.0,6.9
2018-07-13,2018.5301,-7.4,-165.1,-1.9,2.2,2.1,6.8
2018-07-14,2018.5329,-7.0,-164.8,-14.0,2.5,2.3,8.2
2018-07-15,2018.5356,-9.2,-166.4,-12.5,2.2,2.1,7.3
2018-07-16,2018.5384,-10.1,-165.7,-3.7,2.2,2.0,7.0
2018-07-17,2018.5411,-8.3,-165.7,-7.4,2.4,2.3,7.9
2018-07-18,2018.5438,-8.4,-166.6,-13.8,2.5,2.4,8.1
2018-07-19,2018.5466,-8.3,-166.4,-13.4,2.7,2.6,9.0
2018-07-20,2018.5493,-7.8,-165.8,-9.4,2.5,2.3,7.9
2018-07-21,2018.5521,-7.7,-167.6,-7.7,2.2,2.0,7.2
2018-07-22,2018.5548,-8.1,-166.0,-6.3,2.1,2.0,7.0
2018-07-23,2018.5575,-9.6,-166.1,-2.4,2.1,1.9,6.6
2018-07-24,2018.5603,-9.6,-167.4,-1.5,2.4,2.2,7.5
2018-07-25,2018.563,-8.8,-167.0,-4.1,2.5,2.3,8.1
2018-07-26,2018.5658,-7.7,-164.9,-6.0,2.3,2.0,7.5
2018-07-27,2018.5685,-10.2,-164.8,-4.0,2.4,2.3,7.7
2018-07-28,2018.5712,-8.4,-164.4,-7.2,2.3,2.1,7.5
2018-07-29,2018.574,-8.2,-167.5,-6.0,2.5,2.3,8.2
2018-07-30,2018.5767,-6.3,-166.0,-8.7,2.8,2.6,9.4
2018-07-31,2018.5795,-7.8,-165.4,-4.2,2.2,2.1,6.8
2018-08-01,2018.5822,-6.5,-166.0,-10.3,2.4,2.4,7.7
2018-08-02,2018.5849,-11.4,-165.4,-1.2,2.8,2.7,8.8
2018-08-03,2018.5877,-8.7,-163.2,-1.1,2.7,2.5,8.7
2018-08-04,2018.5904,-8.0,-165.9,-10.9,3.2,3.0,10.7
2018-08-05,2018.5932,-7.9,-164.5,-4.7,2.3,2.2,7.3
2018-08-06,2018.5959,-7.6,-165.7,-7.2,2.1,2.0,6.8
2018-08-07,2018.5986,-6.2,-165.0,-12.2,2.3,2.2,7.7
2018-08-08,2018.6014,-6.7,-165.6,-6.2,2.2,2.1,7.1
2018-08-09,2018.6041,-8.2,-164.7,-8.5,2.6,2.5,8.1
2018-08-10,2018.6068,-8.7,-166.2,-3.6,2.4,2.2,7.5
2018-08-11,2018.6096,-7.9,-165.3,-5.3,2.4,2.3,7.5
2018-08-12,2018.6123,-7.0,-165.6,-6.7,2.7,2.6,8.5
2018-08-13,2018.6151,-6.2,-164.4,-7.5,2.2,2.1,6.9
2018-08-14,2018.6178,-5.4,-165.1,-11.4,2.6,2.4,8.1
2018-08-15,2018.6205,-7.8,-164.3,-13.8,2.4,2.2,7.5
2018-08-16,2018.6233,-6.7,-162.6,-11.1,2.4,2.3,7.5
2018-08-17,2018.626,-5.6,-164.7,-13.7,2.4,2.2,7.4
2018-08-18,2018.6288,-5.6,-164.0,-6.9,2.5,2.3,7.8
2018-08-19,2018.6315,-6.2,-163.5,-9.1,3.0,2.8,9.9
2018-08-20,2018.6342,-7.9,-162.1,-7.3,2.6,2.3,8.4
2018-08-21,2018.637,-6.9,-162.3,-11.6,2.3,2.2,7.3
2018-08-22,2018.6397,-6.4,-164.1,-13.1,2.4,2.2,7.3
2018-08-23,2018.6425,-7.8,-163.2,-8.5,2.1,1.9,6.7
2018-08-24,2018.6452,-7.6,-162.5,-10.1,2.2,2.0,7.0
2018-08-25,2018.6479,-8.4,-163.6,-2.4,2.5,2.3,8.1
2018-08-26,2018.6507,-7.0,-163.1,-7.8,2.4,2.2,7.5
2018-08-27,2018.6534,-7.3,-163.4,-4.5,2.2,2.0,6.9
2018-08-28,2018.6562,-8.2,-163.4,-5.3,2.6,2.4,8.4
2018-08-29,2018.6589,-5.7,-164.6,-13.6,3.1,2.8,10.2
2018-08-30,2018.6616,-5.3,-163.3,-5.4,2.1,1.9,6.7
2018-08-31,2018.6644,-6.1,-164.3,-12.1,2.4,2.2,7.9
2018-09-01,2018.6671,-7.8,-164.8,-8.0,2.4,2.2,7.8
2018-09-02,2018.6699,-5.2,-163.6,-9.4,2.4,2.3,7.6
2018-09-03,2018.6726,-5.5,-162.7,-9.5,2.4,2.3,7.6
2018-09-04,2018.6753,-5.7,-163.3,-10.0,2.1,1.9,6.4
2018-09-05,2018.6781,-5.4,-163.8,-5.3,2.3,2.1,7.1
2018-09-06,2018.6808,-4.2,-163.5,-7.7,1.9,1.8,5.8
2018-09-07,2018.6836,-6.0,-162.8,-5.5,2.0,1.8,6.1
2018-09-08,2018.6863,-7.1,-164.0,-6.6,2.2,2.1,6.7
2018-09-09,2018.689,-6.4,-163.0,-13.6,2.0,1.9,6.1
2018-09-10,2018.6918,-5.4,-163.2,-9.4,2.1,2.0,6.6
2018-09-11,2018.6945,-5.6,-163.7,-9.7,2.1,2.0,6.5
2018-09-12,2018.6973,-5.0,-163.9,-8.8,2.2,2.0,6.7
2018-09-13,2018.7,-5.7,-163.0,-12.0,2.0,1.8,6.4
2018-09-14,2018.7027,-5.2,-161.8,-15.3,2.3,2.2,7.2
2018-09-15,2018.7055,-4.9,-162.9,-13.5,2.2,2.1,7.0
2018-09-16,2018.7082,-5.8,-163.4,-10.9,2.3,2.1,7.2
2018-09-17,2018.711,-6.4,-161.9,-11.9,2.1,1.9,6.6
2018-09-18,2018.7137,-5.4,-162.6,-10.8,2.0,1.9,6.3
2018-09-19,2018.7164,-7.4,-162.8,-10.5,1.9,1.8,5.8
2018-09-20,2018.7192,-5.4,-161.6,-13.4,2.0,1.9,6.2
2018-09-21,2018.7219,-6.4,-161.8,-12.7,1.9,1.8,6.0
2018-09-22,2018.7247,-6.1,-161.8,-14.4,2.0,1.9,6.2
2018-09-23,2018.7274,-7.2,-161.6,-8.1,1.9,1.8,6.2
2018-09-24,2018.7301,-5.8,-162.2,-9.3,2.0,1.9,6.2
2018-09-25,2018.7329,-6.8,-163.4,-8.0,1.8,1.7,5.8
2018-09-26,2018.7356,-6.8,-160.7,-12.0,1.9,1.7,6.0
2018-09-27,2018.7384,-7.6,-160.5,-13.9,1.9,1.8,5.8
2018-09-28,2018.7411,-6.3,-160.7,-14.9,1.8,1.7,5.7
2018-09-29,2018.7438,-6.6,-162.3,-14.1,1.8,1.7,5.7
2018-09-30,2018.7466,-6.5,-161.8,-17.6,1.9,1.8,5.9
2018-10-01,2018.7493,-8.2,-160.8,-15.4,1.9,1.8,5.9
2018-10-02,2018.7521,-6.9,-161.9,-14.6,1.9,1.8,5.9
2018-10-03,2018.7548,-7.5,-162.6,-14.6,1.9,1.9,6.0
2018-10-04,2018.7575,-7.5,-161.4,-15.1,1.9,1.8,5.9
2018-10-05,2018.7603,-5.9,-160.2,-16.0,1.9,1.8,5.8
2018-10-06,2018.763,-6.7,-160.3,-14.6,1.7,1.6,5.3
2018-10-07,2018.7658,-7.3,-162.1,-18.5,1.9,1.8,5.8
2018-10-08,2018.7685,-6.5,-160.4,-17.1,1.7,1.6,5.5
2018-10-09,2018.7712,-7.7,-159.3,-13.6,1.7,1.6,5.5
2018-10-10,2018.774,-6.4,-159.0,-12.1,1.8,1.7,5.6
2018-10-11,2018.7767,-8.1,-159.1,-8.8,1.8,1.7,5.5
2018-10-12,2018.7795,-7.8,-158.8,-8.9,1.8,1.8,5.7
2018-10-13,2018.7822,-8.0,-158.5,-10.0,1.9,1.9,5.9
2018-10-14,2018.7849,-6.1,-159.1,-9.8,1.9,1.9,5.9
2018-10-15,2018.7877,-6.7,-158.1,-9.2,1.9,1.9,5.9
2018-10-16,2018.7904,-6.9,-157.5,-7.4,1.9,1.9,6.1
2018-10-17,2018.7932,-8.1,-159.9,-5.9,1.9,1.8,6.0
2018-10-18,2018.7959,-7.6,-158.7,-6.3,1.9,1.8,6.0
2018-10-19,2018.7986,-7.0,-158.4,-8.9,1.9,1.9,6.1
2018-10-20,2018.8014,-7.3,-159.0,-11.9,1.9,1.9,6.1
2018-10-21,2018.8041,-8.1,-156.6,-10.4,1.8,1.8,5.6
2018-10-22,2018.8068,-7.8,-158.7,-8.9,1.9,1.8,5.8
2018-10-23,2018.8096,-8.3,-159.2,-6.2,1.9,1.9,6.0
2018-10-24,2018.8123,-7.6,-158.1,-9.5,1.9,1.8,5.8
2018-10-25,2018.8151,-6.8,-159.0,-12.9,1.8,1.8,5.8
2018-10-26,2018.8178,-7.3,-158.5,-9.3,1.9,1.8,5.9
2018-10-27,2018.8205,-8.1,-159.1,-7.6,1.9,2.0,6.1
2018-10-28,2018.8233,-7.0,-159.1,-11.5,1.8,1.8,5.7
2018-10-29,2018.826,-7.9,-159.5,-12.4,1.9,1.8,6.0
2018-10-30,2018.8288,-7.9,-158.6,-10.6,1.8,1.7,5.7
2018-10-31,2018.8315,-7.5,-158.6,-7.7,1.8,1.7,5.6
2018-11-01,2018.8342,-7.8,-158.5,-4.3,1.8,1.8,5.8
2018-11-02,2018.837,-7.0,-158.2,-6.1,1.8,1.7,5.7
2018-11-03,2018.8397,-6.4,-158.6,-8.9,1.9,1.9,6.0
2018-11-04,2018.8425,-6.5,-158.2,-9.7,1.9,1.9,5.9
2018-11-05,2018.8452,-6.9,-157.3,-9.2,1.8,1.8,5.7
2018-11-06,2018.8479,-6.8,-158.0,-14.4,2.0,1.9,6.3
2018-11-07,2018.8507,-7.7,-158.5,-9.4,1.8,1.8,5.6
2018-11-08,2018.8534,-7.9,-157.3,-5.1,2.0,2.1,6.4
2018-11-09,2018.8562,-8.5,-157.3,-6.1,1.8,1.7,5.8
2018-11-10,2018.8589,-8.9,-156.8,-7.6,1.8,1.7,5.7
2018-11-11,2018.8616,-7.8,-157.2,-10.6,1.9,1.8,5.8
2018-11-12,2018.8644,-7.6,-157.7,-6.6,1.9,1.8,5.8
2018-11-13,2018.8671,-7.3,-157.5,-8.8,1.8,1.8,5.8
2018-11-14,2018.8699,-6.5,-156.1,-10.4,2.1,2.0,5.9
2018-11-15,2018.8726,-7.4,-158.1,-12.0,2.1,2.0,6.0
2018-11-16,2018.8753,-6.0,-157.0,-13.6,1.9,1.9,6.1
2018-11-17,2018.8781,-8.6,-155.8,-11.3,1.9,1.8,5.8
2018-11-18,2018.8808,-7.6,-156.5,-11.8,2.0,2.0,6.5
2018-11-19,2018.8836,-7.3,-155.6,-9.6,2.0,1.9,6.1
2018-11-20,2018.8863,-8.0,-155.2,-10.5,1.9,1.9,6.2
2018-11-21,2018.889,-8.0,-155.5,-9.1,1.9,1.9,6.1
2018-11-22,2018.8918,-8.8,-154.8,-4.5,1.8,1.7,5.5
2018-11-23,2018.8945,-9.0,-155.8,-8.1,2.0,2.1,6.3
2018-11-24,2018.8973,-7.8,-156.4,-6.0,1.9,1.9,6.0
2018-11-25,2018.9,-8.1,-156.4,-5.0,1.8,1.7,5.7
2018-11-26,2018.9027,-8.3,-155.7,-9.3,1.8,1.8,5.7
2018-11-27,2018.9055,-8.0,-155.6,-8.0,1.8,1.7,5.7
2018-11-28,2018.9082,-7.1,-155.8,-7.8,1.8,1.8,5.8
2018-11-29,2018.911,-7.7,-156.1,-4.6,1.8,1.8,5.7
2018-11-30,2018.9137,-6.2,-156.2,-6.8,2.0,1.9,6.2
2018-12-01,2018.9164,-6.7,-156.0,-5.1,1.8,1.7,5.7
2018-12-02,2018.9192,-5.7,-156.5,-8.2,1.9,1.9,5.9
2018-12-03,2018.9219,-6.4,-154.8,-5.2,1.9,2.0,6.1
2018-12-04,2018.9247,-6.9,-156.0,-10.6,1.7,1.6,5.5
2018-12-05,2018.9274,-5.1,-155.6,-11.3,1.9,1.9,6.1
2018-12-06,2018.9301,-6.2,-154.2,-11.3,1.9,2.0,6.2
2018-12-07,2018.9329,-4.6,-153.5,-4.5,2.0,2.0,6.2
2018-12-08,2018.9356,-6.1,-154.2,-6.2,1.8,1.8,5.7
2018-12-09,2018.9384,-6.1,-153.3,-6.7,1.7,1.6,5.3
2018-12-10,2018.9411,-5.9,-154.2,-7.3,1.8,1.8,5.7
2018-12-11,2018.9438,-6.5,-152.6,-7.9,1.8,1.7,5.8
2018-12-12,2018.9466,-6.8,-153.8,-8.0,1.8,1.7,5.6
2018-12-13,2018.9493,-7.1,-153.2,-6.9,1.9,1.8,5.8
2018-12-14,2018.9521,-6.0,-153.3,-9.5,1.6,1.6,5.3
2018-12-15,2018.9548,-6.4,-154.4,-7.4,1.9,1.9,6.0
2018-12-16,2018.9575,-6.0,-154.2,-6.8,1.9,1.9,6.2
2018-12-17,2018.9603,-6.7,-153.6,-8.7,1.9,1.9,6.0
2018-12-18,2018.963,-7.4,-153.1,-3.8,1.9,1.9,5.9
2018-12-19,2018.9658,-5.7,-154.3,-1.4,2.0,1.9,6.3
2018-12-20,2018.9685,-7.1,-154.6,-4.0,1.8,1.7,5.8
2018-12-21,2018.9712,-6.3,-153.0,-6.3,1.9,1.8,6.1
2018-12-22,2018.974,-6.6,-153.6,-4.75,2.1,2.0,5.95
2018-12-23,2018.9767,-6.0,-153.3,-3.2,1.9,1.8,5.8
2018-12-24,2018.9795,-5.6,-154.7,-8.3,1.9,1.8,5.8
2018-12-25,2018.9822,-4.9,-153.5,-6.7,1.8,1.7,5.7
2018-12-26,2018.9849,-6.7,-153.7,-12.2,2.0,1.9,6.2
2018-12-27,2018.9877,-3.7,-151.6,-12.6,1.9,1.8,5.9
2018-12-28,2018.9904,-4.7,-152.8,-14.7,1.7,1.5,5.2
2018-12-29,2018.9932,-5.7,-152.2,-12.6,1.9,1.9,5.9
2018-12-30,2018.9959,-5.9,-152.7,-10.6,1.9,1.9,6.1
2018-12-31,2018.9986,-6.2,-152.7,-12.5,1.7,1.6,5.3
2019-01-01,2019.0014,-5.2,-152.9,-9.2,1.8,1.7,5.6
2019-01-02,2019.0041,-6.1,-152.5,-8.0,1.7,1.7,5.5
2019-01-03,2019.0068,-6.3,-152.1,-12.3,1.9,1.8,5.8
2019-01-04,2019.0096,-6.3,-152.5,-8.7,2.0,2.1,6.4
2019-01-05,2019.0123,-6.8,-153.0,-7.6,1.9,1.8,5.8
2019-01-06,2019.0151,-5.7,-152.6,-10.0,1.8,1.7,5.5
2019-01-07,2019.0178,-6.5,-151.9,-6.5,1.9,1.8,5.8
2019-01-08,2019.0205,-6.1,-152.5,-6.0,1.9,1.9,6.0
2019-01-09,2019.0233,-6.1,-151.6,-7.2,1.9,1.8,5.9
2019-01-10,2019.026,-7.0,-152.5,-3.3,2.0,2.0,6.4
2019-01-11,2019.0288,-6.5,-151.8,-6.6,1.9,1.8,5.9
2019-01-12,2019.0315,-5.7,-154.0,-7.5,1.7,1.6,5.4
2019-01-13,2019.0342,-6.4,-152.4,-10.9,1.7,1.5,5.2
2019-01-14,2019.037,-5.8,-151.7,-14.1,1.9,1.9,6.1
2019-01-15,2019.0397,-6.5,-151.7,-10.7,1.9,1.9,6.0
2019-01-16,2019.0425,-7.5,-150.8,-4.8,1.7,1.6,5.4
2019-01-17,2019.0452,-6.7,-151.4,-3.1,1.9,1.9,5.9
2019-01-18,2019.0479,-6.9,-150.2,-5.6,1.7,1.5,5.2
2019-01-19,2019.0507,-6.1,-151.7,-10.6,1.6,1.5,5.2
2019-01-20,2019.0534,-5.9,-151.3,-10.9,1.8,1.7,5.5
2019-01-21,2019.0562,-5.9,-150.1,-4.0,1.7,1.6,5.3
2019-01-22,2019.0589,-5.2,-149.9,-6.9,1.8,1.8,5.6
2019-01-23,2019.0616,-4.2,-150.9,-7.4,1.9,1.8,5.7
2019-01-24,2019.0644,-4.1,-151.2,-10.2,1.8,1.7,5.8
2019-01-25,2019.0671,-4.6,-151.2,-11.7,1.8,1.7,5.7
2019-01-26,2019.0699,-5.4,-150.0,-10.3,1.9,1.9,5.8
2019-01-27,2019.0726,-6.6,-150.4,-9.7,1.7,1.6,5.2
2019-01-28,2019.0753,-5.2,-151.4,-7.0,1.6,1.5,5.1
2019-01-29,2019.0781,-4.0,-150.7,-9.2,1.8,1.7,5.6
2019-01-30,2019.0808,-6.2,-150.0,-10.8,1.7,1.6,5.3
2019-01-31,2019.0836,-5.0,-150.1,-10.0,1.8,1.7,5.6
2019-02-01,2019.0863,-5.0,-150.8,-3.3,1.8,1.6,5.5
2019-02-02,2019.089,-5.2,-149.3,-10.2,1.7,1.6,5.5
2019-02-03,2019.0918,-5.7,-149.0,-8.9,1.8,1.7,5.6
2019-02-04,2019.0945,-4.5,-149.7,-10.2,1.8,1.6,5.5
2019-02-05,2019.0973,-4.2,-148.8,-7.0,1.8,1.7,5.6
2019-02-06,2019.1,-4.8,-148.7,-7.1,1.9,1.8,5.9
2019-02-07,2019.1027,-4.7,-150.3,-11.3,1.9,1.9,6.1
2019-02-08,2019.1055,-4.5,-149.3,-9.6,1.8,1.7,5.7
2019-02-09,2019.1082,-5.0,-149.4,-10.1,1.7,1.6,5.2
2019-02-10,2019.111,-5.1,-148.7,-9.8,1.7,1.6,5.2
2019-02-11,2019.1137,-6.2,-148.2,-7.8,1.9,1.8,6.0
2019-02-12,2019.1164,-3.6,-148.2,-6.6,1.8,1.7,5.6
2019-02-13,2019.1192,-4.7,-148.6,-12.4,1.9,1.8,5.9
2019-02-14,2019.1219,-5.5,-148.2,-8.8,1.8,1.7,5.7
2019-02-15,2019.1247,-5.9,-148.0,-7.4,1.8,1.6,5.6
2019-02-16,2019.1274,-5.4,-147.7,-5.6,1.9,1.8,5.9
2019-02-17,2019.1301,-5.6,-148.7,-4.8,1.9,1.9,5.7
2019-02-18,2019.1329,-6.3,-147.1,-4.7,1.9,1.8,5.7
2019-02-19,2019.1356,-6.5,-149.0,-4.6,1.8,1.8,5.7
2019-02-20,2019.1384,-6.6,-148.9,-6.0,2.0,2.0,6.3
2019-02-21,2019.1411,-3.1,-148.9,-10.5,1.7,1.6,5.2
2019-02-22,2019.1438,-3.7,-148.6,-11.1,1.8,1.6,5.3
2019-02-23,2019.1466,-2.5,-149.2,-8.0,1.9,1.8,5.8
2019-02-24,2019.1493,-4.6,-148.4,-7.5,1.7,1.6,5.3
2019-02-25,2019.1521,-3.6,-147.8,-5.5,1.8,1.7,5.5
2019-02-26,2019.1548,-3.1,-146.9,-4.3,1.9,1.9,5.8
2019-02-27,2019.1575,-5.3,-148.6,-3.3,1.8,1.7,5.7
2019-02-28,2019.1603,-5.5,-148.4,0.8,2.0,1.9,6.1
2019-03-01,2019.163,-6.0,-147.7,1.1,1.7,1.6,5.4
2019-03-02,2019.1658,-5.4,-149.4,0.85,1.8,1.7,5.6
2019-03-03,2019.1685,-5.1,-148.5,0.6,1.9,1.8,5.8
2019-03-04,2019.1712,-5.0,-150.0,0.9,2.0,1.9,6.0
2019-03-05,2019.174,-4.2,-149.4,-2.1,1.9,1.8,5.7
2019-03-06,2019.1767,-3.2,-149.8,-1.5,1.8,1.7,5.5
2019-03-07,2019.1795,-5.4,-149.4,-0.9,2.0,1.9,6.2
2019-03-08,2019.1822,-4.4,-149.0,-0.6,1.9,1.7,5.6
2019-03-09,2019.1849,-3.6,-149.1,-7.0,1.9,1.8,5.9
2019-03-10,2019.1877,-3.7,-149.0,-8.0,2.0,1.9,6.0
2019-03-11,2019.1904,-4.8,-149.1,-5.5,1.7,1.6,5.2
2019-03-12,2019.1932,-4.7,-150.0,-5.9,2.0,2.0,6.1
2019-03-13,2019.1959,-6.0,-149.1,-7.8,1.8,1.6,5.4
2019-03-14,2019.1986,-3.4,-149.9,-6.8,2.0,1.9,6.2
2019-03-15,2019.2014,-3.6,-148.7,-7.5,2.1,1.9,6.3
2019-03-16,2019.2041,-4.0,-147.7,-6.8,1.9,1.7,5.8
2019-03-17,2019.2068,-5.0,-148.9,-3.4,1.7,1.6,5.3
2019-03-18,2019.2096,-4.6,-147.4,0.0,2.0,2.2,6.2
2019-03-19,2019.2123,-4.6,-147.5,-3.0,1.9,1.7,5.9
2019-03-20,2019.2151,-3.4,-149.2,-6.8,2.0,2.0,6.2
2019-03-21,2019.2178,-2.6,-148.3,-4.1,2.1,2.0,6.3
2019-03-22,2019.2205,-2.6,-149.2,-9.5,1.9,1.8,5.9
2019-03-23,2019.2233,-4.2,-148.3,-5.5,2.1,1.9,6.3
2019-03-24,2019.226,-4.7,-148.7,-8.7,1.9,1.8,5.9
2019-03-25,2019.2288,-6.2,-148.4,-2.7,2.0,1.9,6.0
2019-03-26,2019.2315,-5.2,-147.9,-4.5,1.9,1.8,5.8
2019-03-27,2019.2342,-4.1,-147.9,-10.2,1.9,1.9,6.2
2019-03-28,2019.237,-5.2,-147.7,-4.2,1.9,1.8,5.9
2019-03-29,2019.2397,-6.4,-145.7,-6.9,2.0,1.9,6.0
2019-03-30,2019.2425,-8.6,-146.7,-3.3,2.1,2.0,6.2
2019-03-31,2019.2452,-6.3,-146.8,-4.7,1.9,1.8,5.6
2019-04-01,2019.2479,-6.0,-147.4,-5.0,1.9,1.8,5.6
2019-04-02,2019.2507,-6.5,-148.0,-4.2,2.0,2.0,6.1
2019-04-03,2019.2534,-5.7,-146.8,-7.6,2.1,2.1,6.3
2019-04-04,2019.2562,-7.3,-147.5,-5.7,2.0,1.9,6.1
2019-04-05,2019.2589,-5.5,-147.0,-7.9,2.1,2.0,6.5
2019-04-06,2019.2616,-6.1,-146.8,-1.9,1.9,1.8,5.8
2019-04-07,2019.2644,-5.4,-147.2,-5.1,2.1,2.1,6.7
2019-04-08,2019.2671,-5.0,-145.8,-7.7,2.1,2.2,6.7
2019-04-09,2019.2699,-5.4,-145.5,-5.5,2.2,2.2,6.7
2019-04-10,2019.2726,-4.1,-147.6,-4.1,1.9,1.9,6.0
2019-04-11,2019.2753,-5.7,-146.6,-2.0,1.9,1.9,6.3
2019-04-12,2019.2781,-5.5,-145.0,-5.9,2.0,1.9,6.1
2019-04-13,2019.2808,-5.4,-146.1,-8.7,2.2,2.0,6.6
2019-04-14,2019.2836,-7.4,-146.8,-6.0,2.2,2.2,6.9
2019-04-15,2019.2863,-7.7,-147.6,-0.9,2.1,2.2,6.6
2019-04-16,2019.289,-5.8,-145.5,-0.52,2.1,2.1,6.7
2019-04-17,2019.2918,-5.4,-145.2,-0.15,2.1,2.1,6.8
2019-04-18,2019.2945,-5.8,-144.9,0.22,2.1,2.1,6.9
2019-04-19,2019.2973,-5.4,-145.9,0.6,2.3,2.4,7.0
2019-04-20,2019.3,-3.6,-146.8,-4.6,2.1,2.1,6.5
2019-04-21,2019.3027,-4.4,-144.4,-3.77,2.0,1.9,6.57
2019-04-22,2019.3055,-5.3,-146.3,-2.93,2.1,2.0,6.63
2019-04-23,2019.3082,-6.8,-145.8,-2.1,2.1,2.2,6.7
2019-04-24,2019.311,-6.7,-146.1,-1.1,1.9,1.9,6.0
2019-04-25,2019.3137,-7.2,-145.4,0.8,2.1,2.1,6.7
2019-04-26,2019.3164,-6.1,-144.6,-0.7,2.1,2.1,6.2
2019-04-27,2019.3192,-4.2,-146.1,-4.9,2.0,2.0,6.3
2019-04-28,2019.3219,-5.1,-143.5,-6.5,2.1,2.0,6.4
2019-04-29,2019.3247,-5.5,-144.4,-4.7,2.0,1.9,6.1
2019-04-30,2019.3274,-5.9,-145.5,-5.3,2.2,2.2,6.6
2019-05-01,2019.3301,-6.6,-147.4,-2.4,2.8,3.4,8.1
2019-05-02,2019.3329,-5.1,-144.3,-5.4,2.1,2.0,6.4
2019-05-03,2019.3356,-3.3,-144.7,-6.4,2.4,2.6,7.4
2019-05-04,2019.3384,-2.7,-145.7,-9.3,2.1,2.0,6.3
2019-05-05,2019.3411,-5.5,-145.2,-9.9,2.1,2.1,6.4
2019-05-06,2019.3438,-4.2,-144.3,-9.4,2.1,2.0,6.83
2019-05-07,2019.3466,-4.0,-143.0,-8.9,2.1,2.0,7.27
2019-05-08,2019.3493,-5.8,-143.6,-8.4,2.4,2.3,7.7
2019-05-09,2019.3521,-5.7,-142.6,-11.7,2.1,2.0,6.6
2019-05-10,2019.3548,-5.8,-142.1,-10.4,2.3,2.3,7.3
2019-05-11,2019.3575,-5.8,-143.0,-9.2,2.3,2.3,7.2
2019-05-12,2019.3603,-6.3,-143.2,-11.2,2.0,2.0,6.2
2019-05-13,2019.363,-5.9,-143.6,-8.0,1.9,1.9,6.1
2019-05-14,2019.3658,-5.8,-141.6,-9.3,2.0,2.0,6.5
2019-05-15,2019.3685,-6.8,-143.9,-5.6,2.1,2.1,6.7
2019-05-16,2019.3712,-8.0,-142.8,-2.9,2.2,2.2,7.0
2019-05-17,2019.374,-6.3,-143.5,-9.3,2.3,2.3,7.1
2019-05-18,2019.3767,-8.0,-142.4,-9.9,2.3,2.3,6.9
2019-05-19,2019.3795,-7.6,-142.3,-1.0,2.2,2.2,6.6
2019-05-20,2019.3822,-7.9,-143.6,-6.0,2.1,2.0,6.2
2019-05-21,2019.3849,-8.7,-142.2,-6.9,2.0,2.0,6.2
2019-05-22,2019.3877,-8.8,-140.8,-1.0,2.0,2.0,6.3
2019-05-23,2019.3904,-7.2,-141.3,2.9,2.0,2.0,6.3
2019-05-24,2019.3932,-7.7,-141.9,-2.9,2.1,2.2,6.6
2019-05-25,2019.3959,-6.5,-140.2,-4.8,2.4,2.4,7.8
2019-05-26,2019.3986,-5.8,-142.1,-3.4,2.5,2.4,7.9
2019-05-27,2019.4014,-6.1,-141.6,-8.7,2.4,2.4,8.0
2019-05-28,2019.4041,-8.5,-142.6,-6.3,3.1,4.3,9.3
2019-05-29,2019.4068,-7.6,-141.5,-5.2,2.1,2.1,6.6
2019-05-30,2019.4096,-6.9,-141.0,-2.5,2.2,2.1,7.0
2019-05-31,2019.4123,-8.0,-142.1,-2.1,2.1,2.1,6.5
2019-06-01,2019.4151,-8.3,-141.4,-2.2,1.9,1.9,5.9
2019-06-02,2019.4178,-7.5,-142.2,-0.5,2.1,2.1,6.5
2019-06-03,2019.4205,-9.2,-141.8,-1.2,2.4,2.4,7.3
2019-06-04,2019.4233,-8.5,-140.9,-0.8,2.2,2.1,6.9
2019-06-05,2019.426,-9.0,-139.4,3.0,2.4,2.3,7.2
2019-06-06,2019.4288,-6.6,-140.6,-1.1,2.2,2.1,6.8
2019-06-07,2019.4315,-6.3,-139.3,-9.1,2.8,2.6,8.6
2019-06-08,2019.4342,-8.4,-139.8,-4.4,2.4,2.3,7.5
2019-06-09,2019.437,-8.4,-142.9,-6.3,3.4,3.9,10.5
2019-06-10,,,,,,,
2019-06-11,,,,,,,
2019-06-12,2019.4452,-6.3,-139.1,0.9,2.4,2.3,7.3
2019-06-13,2019.4479,-6.2,-141.2,-1.0,2.3,2.1,7.0
2019-06-14,2019.4507,-5.8,-140.3,-8.1,2.5,2.4,7.9
2019-06-15,2019.4534,-6.0,-138.7,-9.5,2.5,2.4,7.9
2019-06-16,2019.4562,-5.8,-139.7,-4.5,2.3,2.2,7.0
2019-06-17,2019.4589,-5.6,-137.3,-6.7,2.4,2.3,7.3
2019-06-18,2019.4616,-3.4,-138.5,-5.6,2.3,2.2,7.2
2019-06-19,2019.4644,-4.4,-138.9,0.0,2.4,2.3,7.6
2019-06-20,2019.4671,-4.3,-137.1,-4.1,2.3,2.2,7.0
2019-06-21,2019.4699,-8.1,-137.4,-7.8,2.2,2.3,6.9
2019-06-22,2019.4726,-6.1,-135.9,-7.5,2.3,2.3,7.3
2019-06-23,2019.4753,-6.1,-138.1,-9.7,2.4,2.3,7.3
2019-06-24,2019.4781,-5.6,-138.1,-10.7,2.5,2.4,7.9
2019-06-25,2019.4808,-6.2,-135.5,-8.1,2.8,2.8,9.4
2019-06-26,2019.4836,-5.9,-137.2,-5.4,2.3,2.1,7.2
2019-06-27,2019.4863,-7.3,-138.2,-6.4,2.6,2.5,8.6
2019-06-28,2019.489,-4.6,-136.5,-17.0,2.5,2.5,8.2
2019-06-29,2019.4918,-6.0,-138.5,-7.4,2.4,2.4,7.3
2019-06-30,2019.4945,-9.2,-137.6,-5.7,2.5,2.4,7.8
2019-07-01,2019.4973,-8.6,-137.5,-6.7,2.2,2.1,6.6
2019-07-02,2019.5,-9.8,-138.4,-6.2,2.1,2.0,6.6
2019-07-03,2019.5027,-7.6,-136.4,-2.6,2.2,2.1,7.0
2019-07-04,2019.5055,-8.2,-136.9,-1.4,2.3,2.2,7.3
2019-07-05,2019.5082,-8.4,-136.3,-2.1,2.6,2.4,8.1
2019-07-06,2019.511,-5.6,-134.8,-10.6,2.3,2.2,7.1
2019-07-07,2019.5137,-8.9,-130.6,-7.15,3.9,5.4,7.55
2019-07-08,2019.5164,-7.4,-136.9,-3.7,2.6,2.5,8.0
2019-07-09,2019.5192,-8.5,-132.4,1.9,3.0,2.9,9.4
2019-07-10,,,,,,,
2019-07-11,2019.5247,-10.6,-136.3,-9.4,2.3,2.2,7.2
2019-07-12,2019.5274,-10.9,-139.9,-8.8,2.8,2.6,8.8
2019-07-13,2019.5301,-9.5,-133.9,-12.3,2.7,2.5,8.7
2019-07-14,2019.5329,-10.1,-136.8,-3.9,2.7,2.6,8.5
2019-07-15,2019.5356,-11.0,-135.0,-6.0,3.2,3.9,9.5
2019-07-16,,,,,,,
2019-07-17,2019.5411,-8.8,-144.8,-5.9,2.7,2.9,8.1
2019-07-18,2019.5438,-9.0,-134.4,-7.8,2.8,2.6,8.8
2019-07-19,2019.5466,-8.1,-135.5,-3.4,2.9,2.8,8.8
2019-07-20,2019.5493,-8.6,-133.2,-3.1,2.4,2.3,7.2
2019-07-21,2019.5521,-7.7,-134.9,-7.4,2.8,2.8,8.8
2019-07-22,2019.5548,-10.1,-134.8,-8.6,2.4,2.2,7.8
2019-07-23,2019.5575,-6.6,-133.7,-10.2,2.5,2.4,8.0
2019-07-24,2019.5603,-8.9,-135.0,-6.6,2.4,2.4,7.7
2019-07-25,2019.563,-6.9,-135.8,-7.1,2.4,2.3,7.8
2019-07-26,,,,,,,
2019-07-27,2019.5685,-7.8,-136.2,-8.9,2.2,2.1,6.8
2019-07-28,2019.5712,-9.0,-135.7,-2.7,2.4,2.3,7.5
2019-07-29,2019.574,-7.4,-134.9,-9.8,2.4,2.4,7.6
2019-07-30,2019.5767,-9.1,-134.5,-2.5,2.0,1.9,6.2
2019-07-31,2019.5795,-6.9,-133.4,-7.8,2.4,2.5,7.3
2019-08-01,2019.5822,-7.1,-135.5,-5.6,2.3,2.2,6.9
2019-08-02,2019.5849,-7.8,-135.0,-1.6,2.4,2.2,7.4
2019-08-03,2019.5877,-8.0,-132.8,-11.3,2.4,2.2,7.6
2019-08-04,2019.5904,-5.8,-131.1,-12.25,2.6,2.4,7.7
2019-08-05,2019.5932,-6.9,-135.6,-13.2,2.6,2.5,7.8
2019-08-06,2019.5959,-6.2,-133.4,-10.4,2.3,2.2,7.2
2019-08-07,2019.5986,-5.5,-133.8,-9.8,2.6,2.6,8.4
2019-08-08,2019.6014,-5.6,-134.1,-12.3,2.9,2.8,9.3
2019-08-09,2019.6041,-9.4,-134.2,-6.6,2.4,2.2,7.7
2019-08-10,2019.6068,-8.0,-133.6,-5.2,2.5,2.6,7.9
2019-08-11,2019.6096,-5.6,-133.1,-9.4,2.4,2.3,7.8
2019-08-12,2019.6123,-8.0,-132.4,-3.6,2.8,2.7,9.0
2019-08-13,2019.6151,-7.2,-133.5,-5.8,2.4,2.2,7.4
2019-08-14,2019.6178,-8.0,-133.8,-3.2,2.4,2.4,7.2
2019-08-15,2019.6205,-6.8,-135.9,-4.3,2.6,2.6,8.3
2019-08-16,2019.6233,-9.5,-132.5,-8.5,2.3,2.2,7.0
2019-08-17,2019.626,-9.2,-132.6,-4.0,2.1,1.9,6.5
2019-08-18,2019.6288,-6.9,-132.8,-5.7,2.3,2.2,7.2
2019-08-19,2019.6315,-7.4,-134.6,-5.9,2.3,2.2,7.2
2019-08-20,2019.6342,-5.4,-132.9,-6.5,3.0,2.8,9.4
2019-08-21,2019.637,-7.8,-133.7,-8.1,2.5,2.3,7.9
2019-08-22,2019.6397,-8.4,-136.5,-9.2,2.7,2.5,9.0
2019-08-23,2019.6425,-7.3,-134.3,-9.6,2.1,2.0,6.5
2019-08-24,2019.6452,-6.7,-133.4,-7.1,2.2,2.0,7.0
2019-08-25,2019.6479,-5.9,-132.0,-10.7,2.2,2.2,6.9
2019-08-26,2019.6507,-7.1,-132.6,-5.7,2.3,2.2,7.0
2019-08-27,2019.6534,-5.2,-134.7,-11.1,2.2,2.0,6.9
2019-08-28,2019.6562,-5.7,-131.8,-9.8,2.4,2.4,7.7
2019-08-29,2019.6589,-8.2,-133.0,-6.1,2.2,2.0,6.9
2019-08-30,2019.6616,-6.4,-132.1,-6.8,2.1,1.9,6.6
2019-08-31,2019.6644,-6.3,-135.7,-10.0,2.2,2.0,6.9
2019-09-01,2019.6671,-6.4,-134.2,-5.3,2.3,2.1,7.1
2019-09-02,2019.6699,-5.6,-132.6,-9.7,2.2,2.2,6.7
2019-09-03,2019.6726,-7.3,-133.0,-5.3,2.2,2.1,6.8
2019-09-04,2019.6753,-7.7,-135.4,-7.6,2.2,2.1,6.9
2019-09-05,2019.6781,-5.7,-132.7,-13.2,2.4,2.3,7.2
2019-09-06,2019.6808,-6.5,-134.1,-7.5,2.4,2.4,7.4
2019-09-07,2019.6836,-5.2,-132.1,-3.6,2.6,2.5,8.1
2019-09-08,2019.6863,-4.6,-134.4,-11.0,2.0,1.8,6.2
2019-09-09,2019.689,-5.0,-134.2,-14.6,2.5,2.3,7.6
2019-09-10,2019.6918,-6.7,-133.6,-8.4,2.4,2.2,7.6
2019-09-11,2019.6945,-6.5,-135.0,-9.65,2.1,2.0,7.4
2019-09-12,2019.6973,-6.2,-132.3,-10.9,2.3,2.1,7.2
2019-09-13,2019.7,-8.3,-130.6,-11.9,2.4,2.2,7.3
2019-09-14,2019.7027,-7.6,-131.8,-16.7,2.4,2.3,7.3
2019-09-15,2019.7055,-7.6,-133.9,-10.0,2.0,1.9,6.2
2019-09-16,2019.7082,-7.1,-130.9,-10.5,2.2,2.1,6.9
2019-09-17,2019.711,-6.9,-132.9,-11.8,2.3,2.2,7.2
2019-09-18,2019.7137,-7.4,-133.3,-15.0,2.2,2.1,6.7
2019-09-19,2019.7164,-8.1,-133.1,-16.5,2.1,2.0,6.35
2019-09-20,2019.7192,-6.5,-133.2,-18.0,1.9,1.8,6.0
2019-09-21,2019.7219,-7.9,-132.3,-17.1,2.0,1.8,6.0
2019-09-22,2019.7247,-8.2,-131.6,-12.7,2.1,2.1,6.3
2019-09-23,,,,,,,
2019-09-24,2019.7301,-9.6,-131.8,-14.6,2.0,1.8,6.0
2019-09-25,2019.7329,-8.2,-130.9,-15.5,1.9,1.8,5.7
2019-09-26,2019.7356,-9.1,-132.3,-11.7,1.8,1.7,5.5
2019-09-27,2019.7384,-9.3,-130.7,-9.9,1.8,1.7,5.6
2019-09-28,2019.7411,-8.3,-129.6,-10.6,2.1,1.9,6.3
2019-09-29,2019.7438,-9.2,-129.6,-4.4,1.9,1.8,5.8
2019-09-30,2019.7466,-9.7,-130.6,-4.0,2.2,2.2,6.7
2019-10-01,2019.7493,-6.7,-131.3,-9.5,2.1,2.1,6.5
2019-10-02,2019.7521,-7.9,-131.5,-7.5,1.9,1.9,6.0
2019-10-03,2019.7548,-7.6,-130.4,-7.8,4.0,4.2,23.2
2019-10-04,2019.7575,-6.4,-130.6,-8.2,1.9,1.9,6.0
2019-10-05,2019.7603,-6.3,-130.8,-11.7,2.0,2.0,6.3
2019-10-06,2019.763,-7.2,-130.2,-11.7,2.0,2.1,6.3
2019-10-07,2019.7658,-7.6,-131.9,-7.2,2.1,2.0,6.5
2019-10-08,2019.7685,-9.1,-131.3,-4.9,2.1,2.1,6.5
2019-10-09,2019.7712,-7.4,-130.6,-7.6,2.1,2.1,6.4
2019-10-10,2019.774,-7.5,-132.2,-8.3,2.0,2.0,6.2
2019-10-11,2019.7767,-8.5,-130.0,-10.9,2.0,1.9,6.2
2019-10-12,2019.7795,-8.7,-130.1,-13.8,2.0,1.9,6.2
2019-10-13,2019.7822,-8.5,-129.8,-12.1,2.0,1.9,6.2
2019-10-14,2019.7849,-6.1,-130.5,-12.2,2.0,2.0,6.2
2019-10-15,2019.7877,-9.3,-130.2,-12.0,1.9,1.9,6.0
2019-10-16,2019.7904,-8.6,-130.1,-14.8,2.0,1.9,6.5
2019-10-17,2019.7932,-7.9,-130.8,-12.3,1.8,1.7,5.4
2019-10-18,2019.7959,-6.9,-130.1,-7.2,1.9,1.8,5.7
2019-10-19,2019.7986,-8.5,-130.4,-9.1,1.9,1.8,5.9
2019-10-20,2019.8014,-8.5,-129.9,-6.5,1.9,1.8,5.8
2019-10-21,2019.8041,-8.8,-130.8,-8.0,1.9,1.9,5.9
2019-10-22,2019.8068,-7.7,-129.1,-10.9,1.9,1.8,5.8
2019-10-23,2019.8096,-6.8,-129.3,-13.5,1.8,1.7,5.8
2019-10-24,2019.8123,-6.6,-129.9,-13.6,1.9,1.9,6.0
2019-10-25,2019.8151,-9.4,-130.4,-13.2,1.9,1.8,5.7
2019-10-26,2019.8178,-8.7,-128.8,-7.4,2.0,1.9,6.1
2019-10-27,2019.8205,-8.3,-128.6,-10.3,1.9,1.7,5.9
2019-10-28,2019.8233,-8.3,-129.2,-9.9,1.9,1.8,5.9
2019-10-29,2019.826,-8.3,-129.8,-11.2,1.9,1.8,5.9
2019-10-30,2019.8288,-9.3,-129.6,-10.4,1.9,1.8,5.8
2019-10-31,2019.8315,-7.9,-128.0,-7.7,2.0,2.0,6.2
2019-11-01,2019.8342,-9.0,-128.1,-10.9,1.9,1.8,5.7
2019-11-02,2019.837,-8.4,-128.9,-8.6,1.8,1.7,5.9
2019-11-03,2019.8397,-10.3,-128.9,-13.2,1.8,1.7,5.6
2019-11-04,2019.8425,-8.5,-128.8,-14.2,1.9,1.8,5.7
2019-11-05,2019.8452,-7.4,-128.4,-12.7,2.1,2.0,6.7
2019-11-06,2019.8479,-8.7,-128.5,-10.3,1.8,1.8,5.6
2019-11-07,2019.8507,-8.4,-128.1,-9.0,1.8,1.8,5.8
2019-11-08,2019.8534,-8.3,-128.4,-16.1,2.0,1.9,6.4
2019-11-09,2019.8562,-8.8,-129.1,-13.8,1.9,1.9,5.9
2019-11-10,2019.8589,-9.0,-130.1,-6.6,1.8,1.8,5.9
2019-11-11,2019.8616,-8.2,-129.4,-12.1,1.8,1.7,5.6
2019-11-12,2019.8644,-8.7,-129.0,-11.85,2.1,2.1,5.5
2019-11-13,2019.8671,-8.7,-128.4,-11.6,1.8,1.7,5.4
2019-11-14,2019.8699,-8.3,-127.0,-7.5,2.0,2.0,6.2
2019-11-15,2019.8726,-8.8,-127.4,-8.6,2.2,2.2,6.9
2019-11-16,2019.8753,-7.0,-127.0,-11.1,1.8,1.7,5.5
2019-11-17,2019.8781,-7.7,-126.4,-14.4,1.8,1.7,5.5
2019-11-18,2019.8808,-7.9,-124.8,-10.4,2.1,2.1,6.8
2019-11-19,2019.8836,-6.6,-125.4,-10.3,1.9,1.8,6.1
2019-11-20,2019.8863,-8.8,-125.5,-6.6,1.8,1.7,5.6
2019-11-21,2019.889,-7.5,-126.5,-5.3,1.9,1.9,6.1
2019-11-22,2019.8918,-6.9,-126.5,-7.6,2.0,1.9,6.2
2019-11-23,2019.8945,-4.4,-125.5,-14.9,1.8,1.8,5.7
2019-11-24,2019.8973,-5.5,-125.5,-10.5,1.8,1.8,5.7
2019-11-25,2019.9,-4.9,-125.0,-7.4,1.8,1.7,5.5
2019-11-26,2019.9027,-4.6,-125.3,-10.3,1.9,1.8,5.9
2019-11-27,2019.9055,-5.5,-125.0,-9.1,1.8,1.8,5.7
2019-11-28,2019.9082,-6.2,-124.7,-10.2,1.9,1.7,5.8
2019-11-29,2019.911,-5.8,-123.2,-11.0,2.0,1.9,6.2
2019-11-30,2019.9137,-5.7,-125.1,-15.4,1.9,1.8,5.9
2019-12-01,2019.9164,-5.7,-123.8,-14.4,2.0,1.9,6.2
2019-12-02,2019.9192,-5.8,-123.4,-13.6,1.9,1.9,6.1
2019-12-03,2019.9219,-5.4,-124.0,-14.4,2.0,2.1,6.5
2019-12-04,2019.9247,-6.9,-121.7,-16.6,1.9,1.9,6.0
2019-12-05,2019.9274,-5.9,-122.5,-12.5,1.8,1.7,5.7
2019-12-06,2019.9301,-6.2,-123.3,-11.3,1.8,1.7,5.7
2019-12-07,2019.9329,-6.0,-122.4,-14.4,2.0,2.0,6.4
2019-12-08,2019.9356,-7.0,-123.7,-8.2,2.2,2.1,6.7
2019-12-09,2019.9384,-7.0,-123.8,-8.7,2.0,1.9,6.2
2019-12-10,2019.9411,-6.7,-123.7,-7.6,1.9,1.9,6.0
2019-12-11,2019.9438,-6.9,-124.3,-6.9,2.0,2.1,6.3
2019-12-12,2019.9466,-7.7,-122.5,-2.9,2.2,2.0,6.7
2019-12-13,2019.9493,-7.9,-124.0,-4.9,2.0,2.0,6.1
2019-12-14,2019.9521,-5.6,-124.1,-4.4,2.1,2.1,6.6
2019-12-15,2019.9548,-6.3,-123.5,-7.2,2.0,1.9,6.2
2019-12-16,2019.9575,-6.0,-123.8,-9.2,2.1,2.1,6.4
2019-12-17,2019.9603,-5.9,-122.4,-12.0,2.1,2.0,6.2
2019-12-18,2019.963,-5.8,-123.5,-12.7,2.1,2.2,6.5
2019-12-19,2019.9658,-6.5,-122.9,-6.3,2.0,2.0,6.2
2019-12-20,2019.9685,-6.0,-123.8,-5.0,2.0,1.9,6.3
2019-12-21,2019.9712,-6.4,-122.6,-3.4,2.0,2.0,6.2
2019-12-22,2019.974,-6.3,-122.6,-5.4,2.1,2.1,6.6
2019-12-23,2019.9767,-6.1,-123.6,-7.0,1.9,1.8,6.0
2019-12-24,2019.9795,-6.1,-122.6,-6.6,2.1,2.0,6.4
2019-12-25,2019.9822,-7.7,-122.1,-9.1,1.9,1.8,6.0
2019-12-26,2019.9849,-6.0,-123.1,-9.1,1.8,1.7,5.6
2019-12-27,2019.9877,-5.8,-120.6,-7.0,2.0,1.9,6.2
2019-12-28,2019.9904,-6.9,-122.4,-3.7,1.9,1.8,5.9
2019-12-29,2019.9932,-5.1,-121.5,-9.0,2.2,2.2,6.9
2019-12-30,2019.9959,-5.2,-122.2,-8.6,2.1,2.1,6.4
2019-12-31,2019.9986,-6.3,-121.9,-6.9,2.1,2.0,6.5
2020-01-01,2020.0014,-6.0,-122.0,-11.4,1.9,1.8,5.8
2020-01-02,2020.0041,-7.4,-121.8,-10.7,1.9,1.9,5.9
2020-01-03,2020.0068,-6.7,-120.6,-5.8,1.9,1.9,6.0
2020-01-04,2020.0096,-6.6,-121.6,-6.3,1.8,1.8,5.7
2020-01-05,2020.0123,-6.7,-120.8,-4.2,1.8,1.8,5.6
2020-01-06,2020.015,-6.7,-120.0,-8.8,1.7,1.7,5.3
2020-01-07,2020.0178,-5.4,-120.4,-7.0,1.7,1.7,5.3
2020-01-08,2020.0205,-6.0,-120.2,-3.9,1.8,1.7,5.5
2020-01-09,2020.0232,-4.5,-120.3,-2.7,1.9,1.9,5.8
2020-01-10,2020.026,-6.7,-121.5,-6.1,2.0,2.0,6.0
2020-01-11,2020.0287,-6.1,-121.0,-7.3,1.9,1.9,5.9
2020-01-12,2020.0314,-6.0,-119.5,-3.3,1.8,1.7,5.6
2020-01-13,2020.0342,-5.6,-119.2,-1.8,2.0,2.1,5.55
2020-01-14,2020.0369,-5.0,-121.6,-0.3,1.8,1.7,5.5
2020-01-15,2020.0396,-5.3,-121.8,-6.2,1.8,1.7,5.6
2020-01-16,2020.0423,-4.5,-120.6,-10.2,1.8,1.7,5.4
2020-01-17,2020.0451,-5.3,-120.5,-5.7,1.8,1.7,5.6
2020-01-18,2020.0478,-5.6,-120.5,-5.1,1.8,1.8,5.6
2020-01-19,2020.0505,-6.6,-118.8,-2.4,1.8,1.7,5.5
2020-01-20,2020.0533,-6.1,-119.1,-3.3,1.8,1.7,5.6
2020-01-21,2020.056,-5.6,-118.0,-2.5,1.9,1.9,5.8
2020-01-22,2020.0587,-5.9,-119.0,-3.6,1.9,1.8,5.8
2020-01-23,2020.0615,-6.1,-118.1,-6.9,1.7,1.6,5.3
2020-01-24,2020.0642,-5.9,-119.1,-7.4,2.0,2.1,6.3
2020-01-25,2020.0669,-5.8,-119.2,-5.3,1.8,1.7,5.5
2020-01-26,2020.0697,-5.2,-118.7,-5.8,1.8,1.8,5.6
2020-01-27,2020.0724,-4.6,-118.4,-5.4,1.7,1.6,5.2
2020-01-28,2020.0751,-6.2,-118.2,-5.2,1.9,1.9,5.8
2020-01-29,2020.0779,-5.8,-119.9,-4.7,1.8,1.8,5.6
2020-01-30,2020.0806,-5.4,-118.2,-5.4,1.8,1.8,5.4
2020-01-31,2020.0833,-6.0,-118.4,-8.2,1.8,1.8,5.6
2020-02-01,2020.0861,-6.5,-119.0,-8.2,1.9,1.9,5.8
2020-02-02,2020.0888,-6.6,-117.5,-7.7,1.8,1.8,5.5
2020-02-03,2020.0915,-6.4,-118.5,-3.1,2.0,2.0,5.9
2020-02-04,2020.0943,-6.3,-117.8,-8.6,1.9,1.9,5.8
2020-02-05,2020.097,-6.4,-117.6,-7.3,1.8,1.7,5.4
2020-02-06,2020.0997,-6.0,-118.1,-12.0,1.8,1.8,5.5
2020-02-07,2020.1025,-5.5,-118.6,-11.4,1.9,1.9,5.55
2020-02-08,2020.1052,-6.0,-119.6,-10.8,1.8,1.8,5.6
2020-02-09,2020.1079,-6.8,-120.0,-4.0,2.1,2.1,6.2
2020-02-10,2020.1107,-5.5,-121.3,-2.8,1.9,1.9,5.8
2020-02-11,2020.1134,-7.6,-121.6,-1.3,1.7,1.7,5.3
2020-02-12,2020.1161,-5.6,-122.1,-4.2,2.0,2.0,5.9
2020-02-13,2020.1189,-4.1,-120.7,-5.7,2.0,2.0,5.9
2020-02-14,2020.1216,-4.2,-119.8,-12.8,2.1,2.1,6.4
2020-02-15,2020.1243,-3.3,-122.3,-11.9,1.9,1.8,5.7
2020-02-16,2020.127,-4.0,-119.6,-9.0,1.8,1.7,5.4
2020-02-17,2020.1298,-5.6,-119.4,-12.9,2.0,2.0,6.1
2020-02-18,2020.1325,-5.9,-118.8,-7.2,1.8,1.7,5.4
2020-02-19,2020.1352,-4.7,-122.0,-11.8,2.0,1.9,6.0
2020-02-20,2020.138,-4.3,-121.8,-11.2,1.8,1.8,5.6
2020-02-21,2020.1407,-4.6,-121.3,-6.8,1.9,1.8,5.7
2020-02-22,2020.1434,-5.7,-121.1,-3.5,1.8,1.7,5.5
2020-02-23,2020.1462,-6.3,-122.2,1.0,2.0,2.0,6.0
2020-02-24,2020.1489,-6.4,-120.6,-3.1,1.9,1.9,5.8
2020-02-25,2020.1516,-6.6,-121.8,-3.4,1.8,1.8,5.5
2020-02-26,2020.1544,-4.7,-121.3,-6.1,1.8,1.7,5.5
2020-02-27,2020.1571,-6.3,-117.4,-1.9,1.9,1.9,5.8
2020-02-28,2020.1598,-4.5,-117.9,-4.1,1.8,1.8,5.6
2020-02-29,2020.1626,-6.3,-119.4,-9.7,2.0,1.9,6.0
2020-03-01,2020.1653,-7.1,-120.0,-9.4,1.8,1.7,5.5
2020-03-02,2020.168,-8.8,-119.8,-9.3,2.1,2.1,6.3
2020-03-03,2020.1708,-8.6,-120.0,-9.6,1.8,1.8,5.5
2020-03-04,2020.1735,-7.5,-118.8,-5.9,2.0,2.0,6.1
2020-03-05,2020.1762,-8.3,-119.5,-3.7,1.9,1.9,5.9
2020-03-06,2020.179,-7.7,-120.1,-0.2,2.0,1.9,6.0
2020-03-07,2020.1817,-7.3,-120.8,-1.4,1.9,1.8,5.8
2020-03-08,2020.1844,-7.9,-121.9,-8.6,2.0,1.9,6.2
2020-03-09,2020.1872,-5.4,-121.9,-6.5,2.0,1.9,6.0
2020-03-10,2020.1899,-7.6,-119.2,-6.2,2.0,2.0,6.2
2020-03-11,2020.1926,-7.6,-118.2,-3.5,1.9,1.9,5.9
2020-03-12,2020.1954,-6.9,-120.2,-7.1,2.0,2.0,5.9
2020-03-13,2020.1981,-7.9,-120.2,-6.6,2.0,1.9,6.1
2020-03-14,2020.2008,-9.9,-120.4,-2.7,1.8,1.8,5.6
2020-03-15,2020.2036,-7.2,-118.1,-4.0,2.0,1.9,5.9
2020-03-16,2020.2063,-7.5,-119.2,-3.8,2.1,2.1,6.5
2020-03-17,2020.209,-8.6,-117.4,-6.3,2.0,1.9,6.0
2020-03-18,2020.2117,-10.5,-117.1,-3.2,1.9,1.9,6.0
2020-03-19,2020.2145,-7.2,-117.6,-1.9,1.9,1.8,5.8
2020-03-20,2020.2172,-8.4,-115.0,2.1,2.0,1.9,6.1
2020-03-21,2020.2199,-8.0,-116.7,0.2,1.9,1.9,5.8
2020-03-22,2020.2227,-7.2,-116.6,-4.5,2.1,2.0,6.3
2020-03-23,2020.2254,-6.8,-117.4,-6.3,1.9,1.9,5.9
2020-03-24,2020.2281,-5.6,-116.9,0.8,1.9,1.9,6.0
2020-03-25,2020.2309,-3.9,-116.1,-4.6,2.0,2.0,6.2
2020-03-26,2020.2336,-4.2,-115.3,-7.4,2.0,2.1,6.3
2020-03-27,2020.2363,-6.7,-115.9,-2.7,1.9,1.8,5.8
2020-03-28,2020.2391,-8.2,-116.0,-3.0,2.0,2.0,6.2
2020-03-29,2020.2418,-7.6,-114.9,-3.0,2.0,2.0,6.2
2020-03-30,2020.2445,-8.0,-114.2,-4.1,2.0,2.1,6.2
2020-03-31,2020.2473,-7.4,-116.8,-4.3,2.1,2.2,6.7
2020-04-01,2020.25,-7.6,-116.5,-0.7,1.9,2.0,6.1
2020-04-02,2020.2527,-5.9,-114.8,-2.9,1.9,1.9,5.6
2020-04-03,2020.2555,-5.0,-114.6,-8.2,1.9,2.0,6.0
2020-04-04,2020.2582,-6.6,-115.4,-7.7,1.9,1.9,5.9
2020-04-05,2020.2609,-5.7,-114.6,-9.1,1.9,1.9,5.7
2020-04-06,2020.2637,-5.7,-114.8,-9.3,1.9,2.0,6.0
2020-04-07,2020.2664,-6.7,-114.4,-5.5,1.8,1.8,5.6
2020-04-08,2020.2691,-5.3,-113.9,-5.4,1.9,2.0,5.9
2020-04-09,2020.2719,-6.7,-114.2,-7.8,1.9,2.0,5.7
2020-04-10,2020.2746,-3.9,-112.3,-9.5,1.9,2.0,5.9
2020-04-11,2020.2773,-6.4,-114.8,-8.7,1.8,1.9,5.6
2020-04-12,2020.2801,-5.1,-113.9,-5.5,1.9,1.9,5.8
2020-04-13,2020.2828,-5.3,-113.4,-3.7,1.9,1.9,5.7
2020-04-14,2020.2855,-6.5,-114.9,-2.1,1.9,1.9,5.8
2020-04-15,2020.2883,-4.5,-113.5,-2.1,2.2,2.1,6.8
2020-04-16,2020.291,-4.6,-113.6,-3.3,1.9,1.9,6.1
2020-04-17,2020.2937,-5.1,-113.3,-5.5,1.9,1.9,6.0
2020-04-18,2020.2964,-4.5,-114.2,-9.6,1.9,1.9,6.0
2020-04-19,2020.2992,-4.0,-113.7,-7.1,1.9,1.9,5.9
2020-04-20,2020.3019,-5.9,-113.8,-9.7,2.1,2.1,6.5
2020-04-21,2020.3046,-5.5,-112.7,-11.6,1.9,2.0,6.1
2020-04-22,2020.3074,-4.4,-111.0,-11.4,1.9,1.9,5.8
2020-04-23,2020.3101,-6.5,-112.7,-10.3,1.9,1.9,5.8
2020-04-24,2020.3128,-6.6,-111.2,-9.6,1.9,1.9,5.9
2020-04-25,2020.3156,-6.2,-112.2,-12.1,1.9,1.9,6.1
2020-04-26,2020.3183,-7.3,-113.5,-14.0,2.0,2.1,6.3
2020-04-27,2020.321,-7.9,-112.6,-13.2,1.9,2.0,6.2
2020-04-28,2020.3238,-8.7,-111.5,-6.9,1.9,2.0,5.9
2020-04-29,2020.3265,-9.4,-112.9,-5.6,1.8,1.8,5.7
2020-04-30,2020.3292,-8.7,-113.2,-4.1,1.9,1.9,6.0
2020-05-01,2020.332,-6.2,-111.9,-4.9,2.0,2.0,6.5
2020-05-02,2020.3347,-6.9,-112.7,-0.8,2.1,2.1,6.8
2020-05-03,2020.3374,-6.6,-112.3,-5.0,1.9,2.0,6.2
2020-05-04,2020.3402,-8.0,-111.8,-7.7,2.1,2.1,6.8
2020-05-05,2020.3429,-7.8,-111.1,-1.8,2.0,2.0,6.3
2020-05-06,2020.3456,-7.7,-112.0,-8.7,2.1,2.2,6.7
2020-05-07,2020.3484,-7.1,-112.2,-7.3,2.2,2.3,7.2
2020-05-08,2020.3511,-8.2,-113.2,-6.0,1.9,1.9,6.0
2020-05-09,2020.3538,-8.1,-110.7,-4.1,1.8,1.9,5.8
2020-05-10,2020.3566,-7.7,-111.9,-8.3,1.8,1.9,5.8
2020-05-11,2020.3593,-9.3,-111.3,-3.9,1.9,2.0,5.9
2020-05-12,2020.362,-9.3,-111.3,-4.7,1.8,1.8,5.7
2020-05-13,2020.3648,-8.1,-112.1,-5.4,1.8,1.8,5.7
2020-05-14,2020.3675,-9.6,-111.9,0.0,2.2,2.3,7.1
2020-05-15,2020.3702,-8.3,-112.1,-2.8,1.9,1.8,5.9
2020-05-16,2020.373,-8.1,-109.7,-1.0,1.9,1.9,5.9
2020-05-17,,,,,,,
2020-05-18,2020.3784,-7.5,-110.8,2.0,2.2,2.2,7.1
2020-05-19,2020.3811,-7.0,-110.3,-0.8,2.0,2.1,6.3
2020-05-20,2020.3839,-7.9,-109.0,-4.3,2.0,2.0,6.4
2020-05-21,2020.3866,-6.5,-109.7,-10.7,2.1,2.0,6.8
2020-05-22,2020.3893,-6.2,-109.9,-7.5,2.3,2.2,7.3
2020-05-23,2020.3921,-7.8,-112.2,-7.4,2.1,2.1,6.6
2020-05-24,2020.3948,-7.8,-109.4,-7.6,2.1,2.1,6.6
2020-05-25,2020.3975,-8.2,-110.3,-10.7,2.2,2.2,6.9
2020-05-26,2020.4003,-8.3,-110.3,-6.45,2.6,2.5,6.9
2020-05-27,2020.403,-6.9,-108.2,-2.2,2.2,2.2,6.9
2020-05-28,2020.4057,-6.7,-108.0,-4.2,2.3,2.3,7.6
2020-05-29,2020.4085,-7.0,-109.0,-6.0,2.0,2.0,6.1
2020-05-30,2020.4112,-7.3,-108.2,-8.4,2.2,2.2,6.9
2020-05-31,2020.4139,-7.2,-109.3,-11.8,2.0,1.9,6.2
2020-06-01,2020.4167,-9.2,-110.1,-5.2,2.1,2.1,6.5
2020-06-02,2020.4194,-5.7,-109.7,-3.2,2.0,2.0,6.3
2020-06-03,2020.4221,-7.0,-107.8,-2.2,2.3,2.3,7.3
2020-06-04,2020.4249,-6.3,-109.7,-0.9,2.2,2.2,6.9
2020-06-05,2020.4276,-7.6,-106.6,-2.1,2.2,2.3,7.2
2020-06-06,2020.4303,-6.7,-109.0,-1.3,2.2,2.2,7.1
2020-06-07,2020.4331,-4.6,-108.0,-7.4,2.5,2.7,8.6
2020-06-08,2020.4358,-6.0,-109.0,-5.6,2.4,2.4,7.8
2020-06-09,2020.4385,-7.2,-110.3,-4.4,2.0,2.0,6.5
2020-06-10,2020.4413,-9.0,-107.7,-3.6,2.3,2.3,7.2
2020-06-11,2020.444,-7.9,-107.2,-1.2,2.1,2.1,6.7
2020-06-12,2020.4467,-8.0,-107.2,-7.5,2.1,2.1,6.4
2020-06-13,2020.4495,-7.6,-107.7,-4.4,2.0,1.9,6.2
2020-06-14,2020.4522,-7.4,-108.1,-7.4,2.2,2.2,6.8
2020-06-15,2020.4549,-7.5,-107.5,-6.6,2.2,2.1,7.0
2020-06-16,2020.4577,-8.4,-107.6,-5.4,2.0,2.0,6.5
2020-06-17,2020.4604,-8.5,-106.7,-2.3,2.2,2.2,7.0
2020-06-18,2020.4631,-10.0,-107.9,-5.4,2.2,2.1,7.1
2020-06-19,2020.4658,-8.2,-107.0,-8.1,2.2,2.2,7.2
2020-06-20,2020.4686,-7.6,-109.3,-3.5,2.4,2.4,7.6
2020-06-21,2020.4713,-8.0,-107.8,-8.0,2.1,2.0,6.7
2020-06-22,2020.474,-7.0,-106.4,-8.8,2.3,2.1,7.4
2020-06-23,2020.4768,-8.6,-108.2,-5.3,2.1,2.1,6.7
2020-06-24,2020.4795,-7.7,-107.5,-5.6,2.3,2.3,7.1
2020-06-25,2020.4822,-8.3,-107.6,-1.4,2.1,2.1,6.6
2020-06-26,2020.485,-8.8,-107.3,-6.8,2.1,2.1,6.7
2020-06-27,2020.4877,-9.2,-106.3,-7.6,2.2,2.1,7.0
2020-06-28,2020.4904,-7.3,-107.4,-2.1,2.5,2.4,7.9
2020-06-29,2020.4932,-8.2,-106.5,-1.8,2.5,2.4,7.8
2020-06-30,2020.4959,-7.7,-105.2,-8.4,2.1,2.1,6.6
2020-07-01,2020.4986,-9.7,-105.9,-5.9,2.3,2.3,7.2
2020-07-02,2020.5014,-9.3,-106.8,-6.0,2.2,2.1,6.8
2020-07-03,2020.5041,-9.2,-105.7,-3.8,2.2,2.1,6.9
2020-07-04,2020.5068,-8.6,-105.1,-5.7,2.1,2.0,6.6
2020-07-05,2020.5096,-7.3,-104.5,-4.5,2.1,1.9,6.9
2020-07-06,2020.5123,-8.4,-104.7,-3.3,2.3,2.1,7.2
2020-07-07,2020.515,-8.6,-105.6,-1.5,2.5,2.5,7.8
2020-07-08,2020.5178,-6.4,-105.4,-3.0,2.3,2.2,7.2
2020-07-09,2020.5205,-8.0,-106.0,-4.9,2.1,2.0,6.6
2020-07-10,2020.5232,-7.7,-106.8,-1.2,2.3,2.2,7.1
2020-07-11,2020.526,-5.5,-105.6,-5.0,2.2,2.1,6.7
2020-07-12,2020.5287,-6.5,-104.6,-4.9,2.4,2.3,7.9
2020-07-13,2020.5314,-7.8,-106.8,-7.7,2.2,2.2,7.0
2020-07-14,2020.5342,-6.3,-106.5,-2.8,2.5,2.4,8.1
2020-07-15,2020.5369,-7.5,-105.1,-4.1,2.4,2.3,7.7
2020-07-16,2020.5396,-7.6,-105.0,-1.4,2.1,2.1,6.7
2020-07-17,2020.5423,-8.7,-104.7,-11.1,2.4,2.4,7.7
2020-07-18,2020.5451,-8.3,-104.5,-7.6,2.1,2.0,6.5
2020-07-19,2020.5478,-7.8,-107.5,-10.0,2.2,2.1,6.9
2020-07-20,2020.5505,-8.0,-103.7,-9.9,2.3,2.3,7.3
2020-07-21,2020.5533,-8.8,-104.5,-11.7,2.7,2.6,9.0
2020-07-22,2020.556,-8.3,-105.4,-4.7,2.2,2.1,6.8
2020-07-23,2020.5587,-7.2,-104.5,-12.8,2.4,2.3,7.7
2020-07-24,2020.5615,-6.5,-105.4,-8.8,2.7,2.5,8.8
2020-07-25,2020.5642,-6.0,-104.0,-12.3,2.3,2.2,7.3
2020-07-26,2020.5669,-8.5,-104.5,-10.2,2.4,2.4,7.7
2020-07-27,2020.5697,-5.8,-105.1,-11.6,2.2,2.1,7.1
2020-07-28,2020.5724,-8.2,-103.5,-6.8,2.3,2.2,7.5
2020-07-29,2020.5751,-8.1,-102.9,-6.2,2.2,2.1,7.2
2020-07-30,2020.5779,-8.0,-103.2,-8.8,2.2,2.1,7.2
2020-07-31,2020.5806,-8.4,-106.0,-11.4,2.2,2.1,7.2
2020-08-01,2020.5833,-7.8,-104.8,-7.0,2.1,2.1,6.8
2020-08-02,2020.5861,-8.8,-102.7,-4.6,2.6,2.4,8.0
2020-08-03,2020.5888,-7.5,-103.2,-3.1,2.4,2.3,7.8
2020-08-04,2020.5915,-8.9,-104.2,-10.0,2.6,2.5,8.6
2020-08-05,2020.5943,-7.1,-104.0,-8.5,2.5,2.4,8.2
2020-08-06,2020.597,-7.0,-103.8,-4.6,2.4,2.3,7.6
2020-08-07,2020.5997,-7.7,-104.3,-8.8,2.2,2.1,6.9
2020-08-08,2020.6025,-9.4,-103.4,-0.1,2.3,2.3,7.3
2020-08-09,2020.6052,-9.1,-103.2,0.4,2.2,2.2,6.9
2020-08-10,2020.6079,-6.5,-103.6,-5.3,2.2,2.1,6.9
2020-08-11,2020.6107,-6.4,-104.4,-8.0,2.6,2.5,8.2
2020-08-12,2020.6134,-8.1,-102.3,-5.0,2.4,2.4,7.8
2020-08-13,2020.6161,-9.1,-104.0,-1.8,2.4,2.4,7.9
2020-08-14,2020.6189,-7.9,-102.5,-4.6,2.3,2.2,7.5
2020-08-15,2020.6216,-6.7,-103.1,-10.7,2.5,2.4,8.2
2020-08-16,2020.6243,-9.9,-102.1,-11.4,2.3,2.2,7.2
2020-08-17,2020.627,-8.2,-102.8,-6.1,2.4,2.3,8.0
2020-08-18,2020.6298,-8.7,-103.4,-7.2,2.1,2.1,6.9
2020-08-19,2020.6325,-8.8,-102.1,-9.7,2.2,2.1,6.8
2020-08-20,2020.6352,-7.4,-102.0,-11.0,2.3,2.2,7.1
2020-08-21,2020.638,-8.8,-102.4,-3.4,2.2,2.1,7.0
2020-08-22,2020.6407,-7.5,-103.5,-9.6,2.7,2.6,8.8
2020-08-23,2020.6434,-7.9,-101.9,-7.7,2.3,2.2,7.4
2020-08-24,2020.6462,-8.7,-99.5,-4.1,2.1,2.0,6.8
2020-08-25,2020.6489,-8.7,-103.0,-7.0,2.4,2.3,7.5
2020-08-26,2020.6516,-7.4,-103.2,-7.1,2.4,2.3,7.4
2020-08-27,2020.6544,-8.1,-103.0,-12.2,2.4,2.4,7.8
2020-08-28,2020.6571,-8.3,-103.4,-5.2,2.7,2.6,8.6
2020-08-29,2020.6598,-8.1,-101.6,-14.7,2.1,2.0,6.4
2020-08-30,2020.6626,-9.6,-103.9,-12.5,2.3,2.1,7.1
2020-08-31,2020.6653,-8.1,-102.4,-11.5,2.3,2.3,7.4
2020-09-01,2020.668,-9.4,-103.1,-10.3,2.1,2.0,6.3
2020-09-02,2020.6708,-8.9,-103.3,-9.5,2.3,2.3,7.0
2020-09-03,2020.6735,-9.7,-101.7,-8.1,2.2,2.2,7.0
2020-09-04,2020.6762,-9.3,-101.7,-5.6,2.4,2.3,7.2
2020-09-05,2020.679,-9.0,-101.0,-9.0,2.4,2.3,7.4
2020-09-06,2020.6817,-8.7,-100.9,-7.7,2.3,2.4,7.2
2020-09-07,2020.6844,-8.8,-99.4,-6.3,2.2,2.1,6.7
2020-09-08,2020.6872,-8.5,-100.3,-10.9,2.1,2.0,6.6
2020-09-09,2020.6899,-9.2,-101.2,-6.8,2.2,2.2,7.0
2020-09-10,2020.6926,-8.6,-100.8,-7.8,2.1,2.1,6.5
2020-09-11,2020.6954,-8.6,-100.8,-8.8,2.0,2.0,6.3
2020-09-12,2020.6981,-9.7,-101.4,-10.7,2.7,2.8,8.9
2020-09-13,2020.7008,-8.1,-100.0,-9.4,2.0,2.0,6.5
2020-09-14,2020.7036,-8.5,-100.8,-8.9,2.1,2.2,6.6
2020-09-15,2020.7063,-10.7,-99.0,-8.4,2.1,2.1,6.5
2020-09-16,2020.709,-8.1,-99.7,-5.0,2.1,2.2,6.8
2020-09-17,2020.7117,-10.6,-100.8,-3.5,2.0,2.0,6.3
2020-09-18,2020.7145,-10.4,-100.4,-4.7,2.0,2.1,6.2
2020-09-19,2020.7172,-9.0,-101.0,-3.3,2.1,2.1,6.6
2020-09-20,2020.7199,-8.2,-100.3,-5.35,2.1,2.1,6.45
2020-09-21,2020.7227,-9.1,-99.4,-7.4,2.0,2.0,6.3
2020-09-22,2020.7254,-10.3,-98.4,-6.4,1.9,1.9,5.9
2020-09-23,2020.7281,-9.3,-99.5,-3.6,2.0,2.0,6.2
2020-09-24,2020.7309,-8.7,-100.2,-7.7,2.1,2.1,6.6
2020-09-25,2020.7336,-10.0,-99.8,-0.5,2.0,2.0,6.1
2020-09-26,2020.7363,-9.5,-99.3,-2.4,2.0,2.1,6.2
2020-09-27,2020.7391,-9.2,-101.1,-4.7,2.2,2.3,7.0
2020-09-28,2020.7418,-10.0,-100.8,-4.2,1.9,1.9,5.8
2020-09-29,2020.7445,-10.0,-100.6,-3.2,2.0,2.1,6.2
2020-09-30,2020.7473,-8.0,-100.5,-8.2,2.1,2.1,6.9
2020-10-01,2020.75,-7.7,-100.5,-11.5,1.9,1.9,5.9
2020-10-02,2020.7527,-7.9,-101.5,-8.0,1.9,1.9,6.0
2020-10-03,2020.7555,-10.0,-100.3,-8.9,1.9,1.9,6.0
2020-10-04,2020.7582,-8.6,-102.0,-11.3,1.9,1.8,5.8
2020-10-05,2020.7609,-9.5,-99.2,-10.1,1.8,1.8,5.7
2020-10-06,2020.7637,-10.2,-99.5,-10.7,1.8,1.8,5.7
2020-10-07,2020.7664,-9.0,-100.2,-11.2,1.9,1.9,5.9
2020-10-08,2020.7691,-10.5,-98.8,-9.8,1.9,2.0,6.1
2020-10-09,2020.7719,-9.6,-98.3,-9.1,1.8,1.7,5.5
2020-10-10,2020.7746,-9.3,-97.9,-9.1,2.0,2.0,6.2
2020-10-11,2020.7773,-9.8,-100.2,-12.4,2.1,2.2,6.7
2020-10-12,2020.7801,-8.4,-99.2,-11.4,1.8,1.7,5.6
2020-10-13,2020.7828,-8.8,-99.6,-11.3,1.8,1.8,5.8
2020-10-14,2020.7855,-8.8,-100.1,-13.4,1.8,1.8,5.6
2020-10-15,2020.7883,-9.7,-98.8,-10.1,1.7,1.6,5.4
2020-10-16,2020.791,-10.1,-97.6,-9.7,1.8,1.8,5.5
2020-10-17,2020.7937,-8.9,-99.4,-10.3,1.8,1.8,5.6
2020-10-18,2020.7964,-9.7,-98.5,-7.3,1.9,1.8,5.8
2020-10-19,2020.7992,-9.7,-98.7,-10.4,1.9,1.8,5.8
2020-10-20,2020.8019,-9.3,-98.4,-9.4,1.9,1.8,5.8
2020-10-21,2020.8046,-9.6,-98.6,-4.9,1.9,1.9,6.0
2020-10-22,2020.8074,-10.0,-98.1,-4.8,1.9,1.9,5.7
2020-10-23,2020.8101,-9.9,-99.3,-1.9,1.9,1.9,5.9
2020-10-24,2020.8128,-9.6,-97.4,-5.9,1.9,1.9,5.8
2020-10-25,2020.8156,-9.4,-98.1,-8.8,1.8,1.7,5.5
2020-10-26,2020.8183,-9.4,-99.5,-8.1,1.9,1.9,6.0
2020-10-27,2020.821,-9.6,-99.1,-6.0,1.9,1.9,6.0
2020-10-28,2020.8238,-10.0,-98.6,-7.8,1.8,1.8,5.8
2020-10-29,2020.8265,-10.3,-98.5,-9.5,1.7,1.6,5.3
2020-10-30,2020.8292,-8.8,-99.8,-8.5,2.0,2.1,6.5
2020-10-31,2020.832,-8.8,-101.7,-10.4,1.8,1.8,5.8
2020-11-01,2020.8347,-9.2,-99.3,-5.9,1.8,1.8,5.8
2020-11-02,2020.8374,-7.9,-99.2,-7.2,1.9,1.9,6.0
2020-11-03,2020.8402,-10.0,-98.7,-7.9,1.9,1.9,6.0
2020-11-04,2020.8429,-10.1,-97.7,-5.8,1.8,1.8,5.7
2020-11-05,2020.8456,-9.3,-98.9,-6.2,2.0,2.0,6.2
2020-11-06,2020.8484,-9.6,-98.1,-5.9,1.8,1.8,5.6
2020-11-07,2020.8511,-9.6,-96.7,-8.3,1.8,1.7,5.5
2020-11-08,2020.8538,-9.4,-96.5,-5.8,2.1,2.2,6.6
2020-11-09,2020.8566,-9.4,-98.3,-3.7,1.8,1.8,5.7
2020-11-10,2020.8593,-8.8,-98.3,-5.4,1.9,2.0,6.0
2020-11-11,2020.862,-9.8,-97.4,-3.4,1.9,1.9,5.9
2020-11-12,2020.8648,-9.0,-97.6,-3.8,1.9,2.0,5.9
2020-11-13,2020.8675,-9.3,-99.0,-5.2,1.8,1.7,5.5
2020-11-14,2020.8702,-9.3,-97.7,-3.3,1.9,1.9,5.9
2020-11-15,2020.873,-10.3,-99.5,-3.7,1.9,1.9,5.9
2020-11-16,2020.8757,-9.4,-99.4,-4.6,1.9,1.9,6.0
2020-11-17,2020.8784,-7.9,-99.5,-4.8,1.9,1.9,6.0
2020-11-18,2020.8811,-8.5,-98.9,-3.1,1.8,1.7,5.5
2020-11-19,2020.8839,-8.4,-98.9,-3.6,1.8,1.8,5.8
2020-11-20,2020.8866,-7.8,-98.5,-7.0,2.1,2.1,6.5
2020-11-21,2020.8893,-5.5,-94.0,-11.3,1.9,1.9,6.0
2020-11-22,2020.8921,-7.5,-91.6,-6.2,1.9,1.8,5.6
2020-11-23,2020.8948,-7.6,-92.0,-8.7,1.8,1.8,5.6
2020-11-24,2020.8975,-7.2,-92.1,-9.8,1.9,1.9,5.9
2020-11-25,2020.9003,-6.6,-92.3,-10.6,2.0,2.0,6.1
2020-11-26,2020.903,-6.3,-91.5,-11.3,1.9,1.9,5.8
2020-11-27,2020.9057,-7.2,-92.2,-14.1,1.9,1.8,5.8
2020-11-28,2020.9085,-7.8,-93.6,-9.1,1.9,1.8,5.8
2020-11-29,2020.9112,-7.1,-92.4,-10.9,1.9,1.9,6.0
2020-11-30,2020.9139,-7.4,-92.2,-14.3,1.9,1.8,5.7
2020-12-01,2020.9167,-7.5,-92.7,-12.8,2.0,2.0,6.1
2020-12-02,2020.9194,-6.9,-92.5,-14.5,1.9,1.9,5.9
2020-12-03,2020.9221,-7.9,-92.3,-9.3,1.9,1.9,6.0
2020-12-04,2020.9249,-8.2,-92.2,-12.4,1.8,1.8,5.6
2020-12-05,2020.9276,-7.8,-91.4,-8.1,1.8,1.8,5.4
2020-12-06,2020.9303,-6.2,-90.7,-11.9,1.8,1.7,5.4
2020-12-07,2020.9331,-7.7,-91.0,-7.4,1.9,1.8,5.7
2020-12-08,2020.9358,-7.0,-92.2,-6.5,2.0,2.0,6.1
2020-12-09,2020.9385,-7.4,-92.3,-6.7,1.8,1.7,5.5
2020-12-10,2020.9413,-6.2,-91.9,-8.1,1.9,1.8,5.9
2020-12-11,2020.944,-6.1,-91.4,-7.2,2.0,2.0,6.3
2020-12-12,2020.9467,-6.0,-90.6,-7.8,1.8,1.8,5.7
2020-12-13,2020.9495,-6.0,-91.3,-10.7,1.7,1.7,5.3
2020-12-14,2020.9522,-6.2,-91.4,-10.0,1.8,1.7,5.4
2020-12-15,2020.9549,-7.1,-90.9,-9.9,2.0,2.0,6.2
2020-12-16,2020.9577,-5.9,-91.6,-11.4,1.9,1.8,5.8
2020-12-17,2020.9604,-6.2,-90.7,-12.2,1.9,1.9,5.8
2020-12-18,2020.9631,-6.7,-91.1,-10.9,1.8,1.7,5.5
2020-12-19,2020.9658,-8.1,-90.6,-11.4,1.8,1.8,5.7
2020-12-20,2020.9686,-7.9,-90.8,-7.9,1.8,1.7,5.4
2020-12-21,2020.9713,-6.3,-91.8,-5.2,1.8,1.8,5.5
2020-12-22,2020.974,-5.7,-91.9,-6.1,2.0,2.0,6.1
2020-12-23,2020.9768,-7.0,-90.3,-3.4,2.0,2.0,6.1
2020-12-24,2020.9795,-7.8,-91.1,-4.1,1.9,1.8,5.7
2020-12-25,2020.9822,-6.9,-90.2,-4.7,2.0,2.0,6.2
2020-12-26,2020.985,-6.1,-92.0,-5.7,1.8,1.8,5.4
2020-12-27,2020.9877,-6.7,-92.0,-5.0,1.8,1.8,5.5
2020-12-28,2020.9904,-6.7,-88.3,-14.3,1.8,1.6,5.3
2020-12-29,2020.9932,-5.3,-90.7,-14.2,1.7,1.6,5.2
2020-12-30,2020.9959,-4.9,-90.5,-12.3,1.8,1.7,5.3
2020-12-31,2020.9986,-5.2,-90.6,-11.4,2.0,2.1,6.3
2021-01-01,2021.0014,-5.2,-91.0,-8.4,1.7,1.6,5.0
2021-01-02,2021.0041,-4.2,-90.2,-12.3,1.7,1.6,5.3
2021-01-03,2021.0068,-3.2,-89.8,-10.7,1.7,1.6,5.1
2021-01-04,2021.0096,-3.6,-90.2,-11.7,1.7,1.6,5.2
2021-01-05,2021.0123,-4.0,-89.5,-11.4,1.4,1.3,4.1
2021-01-06,2021.0151,-4.2,-87.9,-10.4,1.5,1.4,4.2
2021-01-07,2021.0178,-4.0,-88.7,-11.2,1.8,1.7,5.3
2021-01-08,2021.0205,-4.4,-90.1,-3.8,1.9,1.9,6.0
2021-01-09,2021.0233,-5.2,-89.0,-7.7,1.8,1.8,5.6
2021-01-10,2021.026,-5.8,-88.8,-10.7,1.8,1.8,5.6
2021-01-11,2021.0288,-6.0,-88.5,-4.8,1.4,1.4,4.1
2021-01-12,2021.0315,-6.8,-91.4,-1.8,1.7,1.7,5.3
2021-01-13,2021.0342,-5.2,-88.8,-1.3,1.5,1.4,4.3
2021-01-14,2021.037,-4.0,-88.3,-4.7,1.8,1.6,5.5
2021-01-15,2021.0397,-3.9,-87.6,-6.6,1.9,1.7,5.8
2021-01-16,2021.0425,-5.1,-87.5,-9.2,1.8,1.7,5.6
2021-01-17,2021.0452,-4.9,-87.2,-4.6,1.9,1.8,5.7
2021-01-18,2021.0479,-5.8,-87.7,0.3,1.6,1.6,5.0
2021-01-19,2021.0507,-5.8,-88.0,-0.1,1.4,1.4,4.0
2021-01-20,2021.0534,-6.5,-87.0,-2.1,1.7,1.6,5.2
2021-01-21,2021.0562,-7.1,-86.8,-4.6,1.9,1.8,5.7
2021-01-22,2021.0589,-6.9,-87.9,3.7,1.8,1.7,5.4
2021-01-23,2021.0616,-5.6,-89.4,-0.9,1.4,1.3,4.0
2021-01-24,2021.0644,-5.5,-88.7,-7.2,1.7,1.6,5.3
2021-01-25,2021.0671,-5.6,-87.7,-8.3,1.8,1.7,5.6
2021-01-26,2021.0699,-5.9,-87.5,-6.2,1.4,1.4,4.0
2021-01-27,2021.0726,-5.3,-89.0,-8.9,1.7,1.6,5.3
2021-01-28,2021.0753,-5.6,-89.0,-6.3,1.7,1.6,5.2
2021-01-29,2021.0781,-5.2,-87.7,-5.2,1.7,1.6,5.1
2021-01-30,2021.0808,-5.6,-87.3,-3.2,1.6,1.6,5.1
2021-01-31,2021.0836,-3.8,-88.3,-2.3,1.4,1.4,4.0
2021-02-01,2021.0863,-4.6,-88.6,-4.0,1.7,1.6,5.2
2021-02-02,2021.089,-4.2,-89.3,-2.5,1.7,1.6,5.2
2021-02-03,2021.0918,-4.8,-89.9,-5.6,1.8,1.7,5.5
2021-02-04,2021.0945,-5.1,-89.1,0.4,1.8,1.7,5.5
2021-02-05,2021.0973,-4.1,-91.6,3.1,1.8,1.7,5.6
2021-02-06,2021.1,-5.7,-87.2,2.5,1.7,1.6,5.1
2021-02-07,2021.1027,-6.0,-93.1,3.1,1.8,1.7,5.5
2021-02-08,2021.1055,-7.5,-91.5,4.3,1.7,1.6,5.3
2021-02-09,2021.1082,-7.0,-92.5,7.8,1.8,1.7,5.4
2021-02-10,2021.111,-5.4,-88.5,5.4,1.9,1.8,5.8
2021-02-11,2021.1137,-5.3,-92.5,4.8,1.9,1.8,5.9
2021-02-12,2021.1164,-4.8,-91.9,1.8,1.7,1.6,5.2
2021-02-13,2021.1192,-4.0,-87.3,3.0,1.7,1.6,5.3
2021-02-14,2021.1219,-3.8,-88.7,-0.9,1.8,1.7,5.6
2021-02-15,2021.1247,-5.3,-90.6,-0.3,1.7,1.6,5.1
2021-02-16,2021.1274,-7.6,-90.5,-4.2,1.7,1.6,5.2
2021-02-17,2021.1301,-7.2,-91.7,-2.0,1.8,1.6,5.4
2021-02-18,2021.1329,-8.8,-90.1,3.5,1.8,1.7,5.7
2021-02-19,2021.1356,-6.9,-88.3,1.8,1.9,1.8,5.6
2021-02-20,2021.1384,-7.8,-91.5,1.9,1.7,1.6,5.3
2021-02-21,2021.1411,-8.2,-90.3,-1.2,1.8,1.7,5.6
2021-02-22,2021.1438,-6.9,-90.3,-2.6,1.8,1.8,5.7
2021-02-23,2021.1466,-6.6,-90.7,1.3,1.8,1.7,5.5
2021-02-24,2021.1493,-7.9,-88.3,0.9,1.4,1.4,4.2
2021-02-25,2021.1521,-8.5,-89.6,0.7,1.8,1.7,5.5
2021-02-26,2021.1548,-7.3,-88.8,2.6,1.7,1.6,5.3
2021-02-27,2021.1575,-5.4,-89.8,-0.2,1.7,1.6,5.3
2021-02-28,2021.1603,-7.1,-89.4,-3.1,1.7,1.6,5.3
2021-03-01,2021.163,-7.3,-89.0,-3.8,1.8,1.7,5.5
2021-03-02,2021.1658,-6.6,-89.6,0.1,1.5,1.4,4.3
2021-03-03,2021.1685,-7.3,-88.8,0.3,1.4,1.4,4.1
2021-03-04,2021.1712,-7.7,-87.5,1.7,2.0,1.9,6.1
2021-03-05,2021.174,-6.7,-86.7,-0.2,1.7,1.6,5.3
2021-03-06,2021.1767,-8.1,-86.4,-0.1,1.7,1.7,5.4
2021-03-07,2021.1795,-8.0,-88.3,3.1,1.8,1.7,5.5
2021-03-08,2021.1822,-9.1,-86.1,-0.2,1.8,1.7,5.5
2021-03-09,2021.1849,-6.8,-86.7,-1.9,1.8,1.7,5.4
2021-03-10,2021.1877,-5.5,-87.5,2.3,1.7,1.7,5.2
2021-03-11,2021.1904,-7.3,-86.5,3.2,1.8,1.7,5.4
2021-03-12,2021.1932,-7.6,-85.6,2.1,1.9,1.8,5.9
2021-03-13,2021.1959,-6.8,-87.5,6.2,1.9,1.8,5.8
2021-03-14,2021.1986,-6.0,-86.9,4.4,1.8,1.7,5.75
2021-03-15,2021.2014,-6.3,-87.7,2.6,1.8,1.7,5.7
2021-03-16,2021.2041,-5.0,-89.2,5.8,1.8,1.7,5.7
2021-03-17,2021.2068,-5.7,-86.9,1.5,1.7,1.6,5.5
2021-03-18,2021.2096,-5.4,-87.9,0.6,1.8,1.7,5.7
2021-03-19,2021.2123,-4.8,-88.6,-1.0,1.7,1.7,5.6
2021-03-20,2021.2151,-7.3,-88.1,-2.6,1.8,1.7,5.5
2021-03-21,2021.2178,-6.4,-85.6,-0.2,1.7,1.7,5.3
2021-03-22,2021.2205,-6.7,-86.0,-0.5,1.8,1.8,5.8
2021-03-23,2021.2233,-6.7,-86.3,1.8,1.8,1.8,5.5
2021-03-24,2021.226,-5.3,-86.1,1.6,1.8,1.8,5.7
2021-03-25,2021.2288,-5.3,-86.9,-1.1,1.8,1.8,5.8
2021-03-26,2021.2315,-6.2,-85.8,5.7,1.8,1.7,5.6
2021-03-27,2021.2342,-4.4,-86.2,5.6,1.9,1.9,6.1
2021-03-28,2021.237,-5.0,-85.2,3.9,1.9,1.9,5.9
2021-03-29,2021.2397,-3.7,-85.5,4.6,1.5,1.5,4.4
2021-03-30,2021.2425,-2.4,-86.8,-0.5,1.8,1.8,5.9
2021-03-31,2021.2452,-2.8,-85.9,-3.3,1.9,1.8,5.9
2021-04-01,2021.2479,-3.7,-85.6,-5.4,1.9,1.8,6.1
2021-04-02,2021.2507,-3.7,-84.5,-2.2,1.8,1.8,5.8
2021-04-03,2021.2534,-5.2,-83.8,-0.6,2.0,2.0,6.4
2021-04-04,2021.2562,-3.8,-85.4,-1.0,2.0,2.0,6.4
2021-04-05,2021.2589,-5.0,-83.0,-4.1,1.9,1.9,6.2
2021-04-06,2021.2616,-4.4,-83.9,-5.5,1.7,1.7,5.6
2021-04-07,2021.2644,-4.4,-84.5,-7.1,1.9,1.8,6.0
2021-04-08,2021.2671,-4.6,-84.1,-5.1,1.9,1.8,6.2
2021-04-09,2021.2699,-4.3,-83.5,-6.4,1.4,1.4,4.3
2021-04-10,2021.2726,-3.2,-84.4,-8.2,2.2,2.1,6.8
2021-04-11,2021.2753,-4.4,-83.5,-6.6,2.1,1.9,6.7
2021-04-12,2021.2781,-2.8,-85.9,-13.0,2.0,2.0,6.3
2021-04-13,2021.2808,-4.8,-83.6,-9.0,2.1,2.1,6.4
2021-04-14,2021.2836,-5.5,-82.2,-4.9,2.0,1.9,6.3
2021-04-15,2021.2863,-5.1,-85.1,-6.2,1.6,1.5,4.6
2021-04-16,2021.289,-6.6,-82.8,-4.2,1.9,1.7,5.9
2021-04-17,2021.2918,-7.3,-82.4,-0.9,1.9,1.9,6.0
2021-04-18,2021.2945,-6.0,-82.2,-1.2,2.1,2.2,6.8
2021-04-19,2021.2973,-6.3,-81.4,-5.5,2.1,2.2,6.8
2021-04-20,2021.3,-7.2,-81.2,-5.4,2.1,2.1,6.7
2021-04-21,2021.3027,-5.4,-81.8,-3.2,2.0,2.0,6.4
2021-04-22,2021.3055,-5.5,-81.7,-3.6,2.1,2.1,6.5
2021-04-23,2021.3082,-4.1,-83.5,-9.4,1.5,1.5,4.7
2021-04-24,2021.311,-4.1,-83.9,-10.0,2.0,2.0,6.5
2021-04-25,2021.3137,-4.8,-83.0,-9.7,2.0,2.0,6.2
2021-04-26,2021.3164,-7.0,-81.1,-9.3,2.0,2.0,6.3
2021-04-27,2021.3192,-6.4,-82.0,-6.2,1.9,1.9,6.1
2021-04-28,2021.3219,-6.3,-80.9,-5.5,1.9,1.8,6.0
2021-04-29,2021.3247,-7.7,-80.5,-0.1,1.9,1.8,5.8
2021-04-30,2021.3274,-5.9,-80.0,-1.1,1.8,1.8,5.7
2021-05-01,2021.3301,-7.1,-80.3,-0.9,1.6,1.5,4.6
2021-05-02,2021.3329,-6.7,-81.5,-1.6,2.1,2.0,6.5
2021-05-03,2021.3356,-6.4,-81.0,-2.5,1.8,1.7,5.6
2021-05-04,2021.3384,-7.3,-80.5,-3.7,1.8,1.7,5.5
2021-05-05,2021.3411,-6.8,-80.7,-0.5,2.1,2.0,6.4
2021-05-06,2021.3438,-6.8,-80.9,-1.9,1.9,1.8,5.8
2021-05-07,2021.3466,-8.1,-81.0,0.4,2.0,2.0,6.4
2021-05-08,2021.3493,-7.4,-81.6,3.4,1.9,1.9,5.9
2021-05-09,2021.3521,-7.1,-80.1,5.6,2.1,2.0,6.5
2021-05-10,2021.3548,-6.8,-78.8,0.1,2.3,2.3,7.2
2021-05-11,2021.3575,-6.5,-79.6,-0.6,2.1,2.0,6.8
2021-05-12,2021.3603,-5.3,-79.5,0.0,1.9,1.8,5.8
2021-05-13,2021.363,-4.5,-80.0,-0.0,1.6,1.6,4.8
2021-05-14,2021.3658,-5.4,-80.3,-4.2,2.0,1.9,6.2
2021-05-15,2021.3685,-5.4,-79.1,-2.4,1.9,1.8,6.0
2021-05-16,2021.3712,-5.7,-78.7,-1.1,2.0,1.9,6.3
2021-05-17,2021.374,-6.6,-78.3,-2.2,1.9,1.8,6.2
2021-05-18,2021.3767,-5.4,-80.3,-1.6,2.3,2.1,7.5
2021-05-19,2021.3795,-7.2,-80.9,-1.9,2.0,1.9,6.2
2021-05-20,2021.3822,-4.7,-78.6,1.7,1.9,1.8,5.8
2021-05-21,2021.3849,-7.0,-79.0,-1.9,2.1,2.0,6.7
2021-05-22,2021.3877,-5.8,-78.4,-6.4,2.0,2.0,6.2
2021-05-23,2021.3904,-4.1,-80.1,-7.5,1.9,1.9,5.9
2021-05-24,2021.3932,-4.3,-79.9,-6.3,1.6,1.6,4.7
2021-05-25,2021.3959,-4.6,-80.2,-4.0,1.9,1.9,5.9
2021-05-26,2021.3986,-5.2,-79.5,-2.4,1.9,1.9,6.0
2021-05-27,2021.4014,-6.5,-79.5,2.5,2.0,1.9,6.3
2021-05-28,2021.4041,-5.5,-79.3,-0.6,2.0,2.0,6.5
2021-05-29,2021.4068,-6.5,-78.0,-2.1,2.1,2.0,6.7
2021-05-30,2021.4096,-7.1,-78.0,-3.0,2.1,2.1,6.4
2021-05-31,2021.4123,-5.2,-79.9,-3.9,2.0,1.9,6.1
2021-06-01,2021.4151,-7.2,-79.0,-1.1,2.0,1.9,6.3
2021-06-02,2021.4178,-6.6,-79.5,-5.1,1.9,1.9,6.2
2021-06-03,2021.4205,-6.1,-79.3,-1.6,1.9,1.9,5.9
2021-06-04,2021.4233,-6.6,-80.7,2.1,2.2,2.2,7.0
2021-06-05,2021.426,-5.9,-79.7,1.7,2.5,2.4,8.1
2021-06-06,2021.4288,-6.9,-78.3,0.1,2.3,2.3,7.5
2021-06-07,2021.4315,-6.6,-79.0,-2.4,2.4,2.4,7.8
2021-06-08,2021.4342,-6.5,-79.3,0.5,2.1,2.0,6.7
2021-06-09,2021.437,-4.8,-77.9,5.1,2.3,2.3,7.3
2021-06-10,2021.4397,-5.8,-79.9,-3.4,2.2,2.1,7.1
2021-06-11,2021.4425,-6.7,-78.3,-3.8,2.2,2.1,6.9
2021-06-12,2021.4452,-6.1,-77.3,-1.5,2.2,2.1,7.3
2021-06-13,2021.4479,-6.8,-77.1,-0.95,2.5,2.4,7.0
2021-06-14,2021.4507,-6.2,-79.2,-0.4,2.1,2.1,6.7
2021-06-15,2021.4534,-4.9,-80.0,-2.8,2.2,2.1,7.2
2021-06-16,2021.4562,-6.0,-78.3,-1.3,2.1,2.1,6.7
2021-06-17,2021.4589,-7.2,-76.6,-0.3,2.1,2.0,6.7
2021-06-18,2021.4616,-6.6,-77.1,-1.1,2.1,2.0,6.5
2021-06-19,2021.4644,-4.2,-78.6,2.4,1.9,1.8,5.9
2021-06-20,2021.4671,-5.2,-77.4,-4.6,2.0,2.0,6.3
2021-06-21,2021.4699,-6.1,-76.7,2.0,2.0,2.0,6.3
2021-06-22,2021.4726,-5.3,-77.2,0.1,2.1,2.0,6.6
2021-06-23,2021.4753,-6.2,-77.4,-1.5,2.2,2.1,7.05
2021-06-24,2021.4781,-6.3,-76.4,-3.1,2.3,2.2,7.5
2021-06-25,2021.4808,-4.4,-76.9,0.7,2.1,2.1,6.5
2021-06-26,2021.4836,-4.4,-79.3,-5.5,2.2,2.1,6.9
2021-06-27,2021.4863,-4.0,-77.0,-7.5,2.1,2.0,6.7
2021-06-28,2021.489,-5.6,-77.0,-8.3,2.3,2.2,7.2
2021-06-29,2021.4918,-4.1,-77.4,-6.0,2.1,2.1,6.5
2021-06-30,2021.4945,-4.1,-78.1,-6.4,2.1,2.0,6.6
2021-07-01,2021.4973,-3.9,-75.4,1.2,2.3,2.2,7.3
2021-07-02,2021.5,-7.0,-73.9,-6.3,2.2,2.1,6.6
2021-07-03,2021.5027,-5.1,-79.2,-0.1,2.1,2.0,6.6
2021-07-04,2021.5055,-5.4,-76.2,-6.1,1.9,1.8,5.5
2021-07-05,2021.5082,-6.1,-76.4,-7.3,2.3,2.2,7.3
2021-07-06,2021.511,-6.0,-76.4,-8.0,2.2,2.2,7.0
2021-07-07,2021.5137,-5.7,-77.5,-0.9,2.1,2.0,6.5
2021-07-08,2021.5164,-6.8,-77.9,-2.3,2.2,2.2,6.9
2021-07-09,2021.5192,-5.5,-76.9,-0.4,1.9,1.8,5.3
2021-07-10,2021.5219,-4.7,-75.1,-8.3,2.1,2.0,6.3
2021-07-11,2021.5247,-3.1,-78.1,-11.3,2.7,2.6,8.8
2021-07-12,2021.5274,-6.7,-78.1,5.1,2.7,2.5,8.5
2021-07-13,2021.5301,-5.6,-76.7,-0.8,2.3,2.1,7.1
2021-07-14,2021.5329,-5.6,-77.6,-1.4,2.2,2.1,6.9
2021-07-15,2021.5356,-5.8,-75.7,-7.6,2.5,2.4,7.8
2021-07-16,2021.5384,-4.5,-76.6,-5.2,2.4,2.3,7.4
2021-07-17,2021.5411,-5.0,-74.4,-4.1,2.5,2.4,8.1
2021-07-18,2021.5438,-5.9,-76.2,1.6,1.8,1.7,5.2
2021-07-19,2021.5466,-5.5,-75.2,-2.7,2.2,2.1,6.8
2021-07-20,2021.5493,-6.1,-76.2,5.5,2.1,2.0,6.7
2021-07-21,2021.5521,-5.6,-75.8,1.3,2.3,2.1,7.3
2021-07-22,2021.5548,-5.2,-74.6,7.8,2.2,2.1,6.8
2021-07-23,2021.5575,-6.4,-76.6,10.4,2.2,2.2,6.9
2021-07-24,2021.5603,-4.8,-74.9,1.4,2.7,2.5,8.8
2021-07-25,2021.563,-6.0,-76.6,0.1,2.2,2.1,6.9
2021-07-26,2021.5658,-5.5,-76.0,4.4,2.5,2.4,8.0
2021-07-27,2021.5685,-5.9,-75.3,3.2,2.3,2.2,7.3
2021-07-28,2021.5712,-6.1,-74.3,-5.6,2.2,2.1,6.8
2021-07-29,2021.574,-5.5,-76.4,2.9,1.8,1.8,5.5
2021-07-30,2021.5767,-5.6,-76.2,9.1,1.7,1.7,5.0
2021-07-31,2021.5795,-4.5,-74.1,3.4,2.3,2.2,7.3
2021-08-01,2021.5822,-4.8,-74.8,-3.4,2.2,2.1,7.2
2021-08-02,2021.5849,-4.7,-76.2,-3.1,2.4,2.2,7.8
2021-08-03,2021.5877,-6.9,-74.4,-5.3,2.2,2.1,7.3
2021-08-04,2021.5904,-6.0,-75.7,-1.6,2.2,2.0,6.9
2021-08-05,2021.5932,-4.9,-73.8,-0.1,2.5,2.4,7.8
2021-08-06,2021.5959,-6.0,-74.5,0.9,2.3,2.2,7.0
2021-08-07,2021.5986,-4.8,-75.7,-4.9,2.2,2.1,6.8
2021-08-08,2021.6014,-6.6,-75.6,-3.4,2.4,2.3,7.4
2021-08-09,2021.6041,-6.4,-75.6,-2.6,2.2,2.1,6.7
2021-08-10,2021.6068,-7.0,-75.1,-4.9,1.7,1.6,5.0
2021-08-11,2021.6096,-6.0,-74.3,-9.7,2.3,2.1,7.2
2021-08-12,2021.6123,-7.3,-73.7,-5.1,1.8,1.7,5.4
2021-08-13,2021.6151,-6.8,-72.6,1.6,2.1,2.1,6.9
2021-08-14,2021.6178,-8.4,-74.1,-1.2,2.2,2.1,7.0
2021-08-15,2021.6205,-7.0,-73.8,1.9,2.1,2.0,6.6
2021-08-16,2021.6233,-5.4,-72.9,-8.2,2.4,2.2,7.7
2021-08-17,2021.626,-7.7,-73.2,-0.8,2.5,2.3,8.2
2021-08-18,2021.6288,-8.4,-74.3,-2.9,2.6,2.4,8.8
2021-08-19,2021.6315,-7.5,-73.6,-2.9,1.7,1.6,5.1
2021-08-20,2021.6342,-6.4,-73.5,-4.9,1.8,1.8,5.5
2021-08-21,2021.637,-7.2,-74.9,-1.4,2.2,2.1,6.9
2021-08-22,2021.6397,-8.1,-72.8,-8.0,2.2,2.2,7.1
2021-08-23,2021.6425,-8.9,-72.2,-3.3,2.2,2.2,7.0
2021-08-24,2021.6452,-8.0,-72.8,-1.0,2.2,2.2,6.8
2021-08-25,2021.6479,-6.0,-72.4,-7.0,2.1,2.1,6.6
2021-08-26,2021.6507,-7.4,-73.9,-5.1,2.4,2.4,7.7
2021-08-27,2021.6534,-7.6,-71.8,-4.4,1.9,1.9,6.0
2021-08-28,2021.6562,-6.3,-72.5,-2.7,2.0,2.0,6.3
2021-08-29,2021.6589,-8.6,-71.8,-3.1,2.3,2.3,7.6
2021-08-30,2021.6616,-8.6,-70.6,-5.2,2.4,2.4,7.6
2021-08-31,2021.6644,-8.7,-70.3,-5.7,2.1,2.1,6.5
2021-09-01,2021.6671,-8.1,-70.4,1.1,2.3,2.3,7.5
2021-09-02,2021.6699,-6.0,-72.8,2.1,2.3,2.3,7.2
2021-09-03,2021.6726,-9.3,-70.6,2.6,2.5,2.5,7.9
2021-09-04,2021.6753,-7.5,-69.4,-6.5,2.3,2.4,7.3
2021-09-05,2021.6781,-7.2,-71.2,-7.2,2.2,2.3,7.1
2021-09-06,2021.6808,-8.6,-70.6,-5.9,2.1,2.0,6.7
2021-09-07,2021.6836,-7.4,-69.7,-7.0,2.1,2.2,6.6
2021-09-08,2021.6863,-8.2,-70.8,-5.9,2.1,2.1,6.5
2021-09-09,2021.689,-9.2,-70.7,-1.0,2.0,2.0,6.3
2021-09-10,2021.6918,-8.7,-71.0,5.8,2.1,2.1,6.6
2021-09-11,2021.6945,-6.4,-71.9,-2.2,2.1,2.1,6.5
2021-09-12,2021.6973,-5.5,-71.1,1.5,2.1,2.0,6.4
2021-09-13,2021.7,-7.4,-70.8,-3.5,2.0,2.0,6.4
2021-09-14,2021.7027,-8.2,-70.9,-10.0,2.1,2.1,6.8
2021-09-15,2021.7055,-6.7,-70.1,-1.3,2.3,2.3,7.3
2021-09-16,2021.7082,-8.0,-70.4,-2.1,2.1,2.1,6.7
2021-09-17,2021.711,-8.0,-69.3,-2.9,2.1,2.1,6.5
2021-09-18,2021.7137,-7.8,-69.6,-9.3,2.4,2.4,7.7
2021-09-19,2021.7164,-8.6,-70.3,-2.9,2.1,2.0,6.6
2021-09-20,2021.7192,-6.8,-69.8,-3.9,2.1,2.2,6.7
2021-09-21,2021.7219,-7.1,-69.1,-2.8,2.1,2.1,6.5
2021-09-22,2021.7247,-6.6,-69.5,-5.1,1.9,1.9,5.9
2021-09-23,2021.7274,-8.1,-69.1,-4.3,2.2,2.2,6.7
2021-09-24,2021.7301,-6.4,-68.8,-6.5,2.2,2.2,7.1
2021-09-25,2021.7329,-5.5,-69.8,-10.7,2.1,2.1,6.5
2021-09-26,2021.7356,-8.1,-69.0,-6.2,1.9,1.9,6.0
2021-09-27,2021.7384,-6.4,-68.4,-7.8,2.0,2.1,6.2
2021-09-28,2021.7411,-7.2,-69.4,-5.0,1.9,2.1,6.1
2021-09-29,2021.7438,-7.8,-68.6,-2.2,1.8,1.8,5.6
2021-09-30,2021.7466,-7.3,-70.1,-2.6,2.0,2.1,6.3
2021-10-01,2021.7493,-7.8,-68.5,-5.9,2.0,2.1,6.3
2021-10-02,2021.7521,-7.5,-69.8,-1.1,2.2,2.3,6.9
2021-10-03,2021.7548,-6.6,-70.2,-12.4,2.1,2.1,6.9
2021-10-04,2021.7575,-8.0,-70.6,-10.3,1.9,2.0,6.0
2021-10-05,2021.7603,-5.7,-70.3,-7.7,2.1,2.1,6.6
2021-10-06,2021.763,-7.0,-68.8,-9.2,2.0,2.0,6.3
2021-10-07,2021.7658,-7.3,-69.7,-5.6,2.0,2.0,6.3
2021-10-08,2021.7685,-5.6,-71.7,-10.7,2.0,2.0,6.3
2021-10-09,2021.7712,-3.4,-69.2,-9.3,2.0,2.0,6.2
2021-10-10,2021.774,-5.7,-68.6,-3.2,1.8,1.9,5.7
2021-10-11,2021.7767,-6.8,-71.2,-8.2,2.1,2.0,6.4
2021-10-12,2021.7795,-6.5,-70.5,-9.5,2.1,2.1,6.4
2021-10-13,2021.7822,-7.7,-71.6,-9.7,1.9,1.9,6.1
2021-10-14,2021.7849,-6.2,-70.6,-10.1,2.0,2.0,6.2
2021-10-15,2021.7877,-5.6,-69.8,-11.1,2.0,2.0,6.0
2021-10-16,2021.7904,-7.7,-70.2,-7.4,1.9,1.9,5.9
2021-10-17,2021.7932,-8.0,-70.3,-3.8,1.8,1.8,5.6
2021-10-18,2021.7959,-7.2,-69.2,-3.6,2.0,1.9,6.3
2021-10-19,2021.7986,-7.8,-70.5,0.3,1.8,1.8,5.6
2021-10-20,2021.8014,-7.6,-69.6,-2.4,1.9,1.9,6.0
2021-10-21,2021.8041,-9.0,-68.9,-1.3,1.9,1.9,5.9
2021-10-22,2021.8068,-7.4,-68.7,-2.8,1.9,1.9,6.0
2021-10-23,2021.8096,-6.9,-68.8,-4.5,1.9,1.9,5.9
2021-10-24,2021.8123,-7.5,-68.7,-2.4,1.9,1.9,5.8
2021-10-25,2021.8151,-7.6,-71.4,-6.4,1.9,1.9,5.8
2021-10-26,2021.8178,-8.4,-69.0,-5.4,1.8,1.8,5.7
2021-10-27,2021.8205,-8.2,-69.8,-5.6,1.9,1.8,5.8
2021-10-28,2021.8233,-7.3,-67.6,-5.0,2.0,2.0,6.4
2021-10-29,2021.826,-7.0,-68.7,-5.9,1.8,1.9,5.7
2021-10-30,2021.8288,-7.9,-69.4,-6.3,2.0,2.0,6.3
2021-10-31,2021.8315,-7.3,-68.9,-5.3,1.9,2.0,6.1
2021-11-01,2021.8342,-7.4,-69.2,-9.5,1.8,1.8,5.6
2021-11-02,2021.837,-9.4,-69.1,-4.5,1.9,1.9,5.9
2021-11-03,2021.8397,-8.1,-69.7,-2.3,1.9,1.9,6.0
2021-11-04,2021.8425,-8.0,-68.1,-1.5,2.0,2.0,6.1
2021-11-05,2021.8452,-5.9,-70.2,-14.6,1.9,2.0,6.2
2021-11-06,2021.8479,-4.0,-64.6,-13.7,1.9,1.8,5.7
2021-11-07,2021.8507,-4.9,-64.2,-10.5,1.9,1.9,5.8
2021-11-08,2021.8534,-5.0,-65.6,-7.8,1.9,1.9,5.9
2021-11-09,2021.8562,-5.2,-64.3,-7.2,1.8,1.8,5.6
2021-11-10,2021.8589,-5.0,-62.2,-6.0,1.8,1.7,5.5
2021-11-11,2021.8616,-5.6,-63.8,-7.6,1.9,1.9,6.0
2021-11-12,2021.8644,-6.8,-63.8,-8.1,1.9,1.9,5.9
2021-11-13,2021.8671,-5.7,-64.7,-7.3,2.1,2.2,6.8
2021-11-14,2021.8699,-5.0,-65.9,-6.7,2.0,2.0,6.2
2021-11-15,2021.8726,-5.0,-65.2,-7.4,2.0,2.0,6.2
2021-11-16,2021.8753,-5.8,-67.3,-3.7,1.8,1.8,5.8
2021-11-17,2021.8781,-4.6,-67.6,-0.4,1.8,1.8,5.6
2021-11-18,2021.8808,-4.8,-65.9,-5.2,1.9,1.9,5.9
2021-11-19,2021.8836,-4.6,-67.0,-2.4,1.9,1.9,5.9
2021-11-20,2021.8863,-3.4,-66.3,-7.9,1.9,1.9,5.9
2021-11-21,2021.889,-4.0,-67.2,-5.2,1.7,1.7,5.4
2021-11-22,2021.8918,-4.3,-68.2,-6.1,1.8,1.8,5.6
2021-11-23,2021.8945,-4.5,-68.2,-6.6,1.8,1.8,5.6
2021-11-24,2021.8973,-5.9,-68.2,-3.6,1.8,1.8,5.6
2021-11-25,2021.9,-3.4,-69.3,-5.5,1.8,1.8,5.5
2021-11-26,2021.9027,-3.5,-68.8,-6.7,1.9,1.9,5.9
2021-11-27,2021.9055,-2.8,-69.2,-8.0,1.9,1.9,6.1
2021-11-28,2021.9082,-2.0,-70.1,-9.7,1.8,1.9,5.8
2021-11-29,2021.911,-2.1,-70.5,-11.4,1.8,1.8,5.5
2021-11-30,2021.9137,-1.9,-68.7,-11.5,1.9,1.9,5.8
2021-12-01,2021.9164,-1.4,-69.4,-8.0,1.8,1.8,5.7
2021-12-02,2021.9192,-2.6,-67.1,-7.5,1.9,1.8,5.9
2021-12-03,2021.9219,-3.6,-67.6,-6.2,2.0,1.9,6.0
2021-12-04,2021.9247,-1.8,-69.1,-4.2,2.0,2.1,6.2
2021-12-05,2021.9274,-2.0,-69.3,-3.3,1.9,1.8,5.9
2021-12-06,2021.9301,-1.2,-70.2,-4.0,1.8,1.8,5.7
2021-12-07,2021.9329,-4.2,-69.7,-4.9,2.1,2.2,6.7
2021-12-08,2021.9356,-3.1,-69.7,-9.8,1.8,1.8,5.7
2021-12-09,2021.9384,-1.4,-67.9,-9.62,1.8,1.8,5.82
2021-12-10,2021.9411,-2.0,-68.5,-9.45,2.0,2.0,5.95
2021-12-11,2021.9438,-1.3,-68.5,-9.28,1.8,1.8,6.08
2021-12-12,2021.9466,-1.4,-66.9,-9.1,2.0,2.0,6.2
2021-12-13,2021.9493,-2.4,-66.4,-5.0,1.9,1.8,5.8
2021-12-14,2021.9521,-3.7,-65.5,-7.1,1.8,1.8,5.7
2021-12-15,2021.9548,-2.3,-65.7,-8.7,1.8,1.7,5.6
2021-12-16,2021.9575,-2.8,-66.6,-12.0,1.8,1.7,5.7
2021-12-17,2021.9603,-3.5,-66.5,-8.7,2.0,2.0,6.1
2021-12-18,2021.963,-5.2,-66.1,-3.1,1.9,1.8,5.8
2021-12-19,2021.9658,-4.5,-63.9,-1.6,2.0,2.0,6.1
2021-12-20,2021.9685,-3.9,-65.9,1.1,1.9,1.9,6.0
2021-12-21,2021.9712,-4.0,-63.8,-5.3,1.8,1.8,5.7
2021-12-22,2021.974,-3.3,-63.6,-3.9,1.9,1.9,6.1
2021-12-23,2021.9767,-3.0,-64.1,-4.5,1.9,1.9,5.9
2021-12-24,2021.9795,-1.6,-64.5,-8.2,1.8,1.8,5.7
2021-12-25,2021.9822,-1.3,-65.0,-9.4,1.9,1.9,5.9
2021-12-26,2021.9849,-2.0,-64.3,-8.9,1.8,1.7,5.8
2021-12-27,2021.9877,-1.1,-64.5,-5.2,1.7,1.6,5.3
2021-12-28,2021.9904,-2.2,-63.8,-8.0,1.8,1.8,5.8
2021-12-29,2021.9932,-2.3,-65.6,-10.4,1.8,1.8,5.7
2021-12-30,2021.9959,-3.6,-62.8,-9.3,1.7,1.7,5.4
2021-12-31,2021.9986,-3.2,-63.1,-7.2,1.8,1.7,5.5
2022-01-01,2022.0014,-2.9,-64.8,-7.3,2.2,2.0,6.2
2022-01-02,2022.0041,-1.9,-64.0,-4.0,2.2,2.1,6.2
2022-01-03,2022.0068,-3.3,-63.1,-4.1,2.3,2.2,6.2
2022-01-04,2022.0096,-2.5,-62.4,-1.8,2.3,2.2,6.3
2022-01-05,2022.0123,-3.3,-63.3,-5.1,2.1,1.9,6.0
2022-01-06,2022.0151,-2.9,-64.3,-4.4,1.9,1.8,5.5
2022-01-07,2022.0178,-2.6,-62.5,-6.8,2.5,2.4,6.7
2022-01-08,2022.0205,-2.6,-62.5,-5.9,2.2,2.1,6.3
2022-01-09,2022.0233,-2.7,-63.4,-10.1,2.2,2.1,6.3
2022-01-10,2022.026,-2.4,-64.0,-8.9,1.9,1.8,5.5
2022-01-11,2022.0288,-3.1,-62.7,-7.5,2.3,2.3,6.5
2022-01-12,2022.0315,-2.9,-63.0,-6.5,2.1,2.1,6.2
2022-01-13,2022.0342,-4.8,-62.2,-6.7,2.1,2.0,6.0
2022-01-14,2022.037,-4.5,-61.4,-4.6,2.1,2.0,6.0
2022-01-15,2022.0397,-4.0,-61.7,-6.6,2.0,1.9,5.8
2022-01-16,2022.0425,-3.1,-62.6,-6.2,2.2,2.1,6.3
2022-01-17,2022.0452,-4.2,-62.3,-3.5,2.0,1.9,5.8
2022-01-18,2022.0479,-2.0,-61.3,-5.9,2.0,1.9,5.8
2022-01-19,2022.0507,-2.2,-61.8,-4.0,2.0,1.9,5.8
2022-01-20,2022.0534,-2.7,-62.5,-3.6,2.1,2.0,6.1
2022-01-21,2022.0562,-2.1,-62.5,-3.1,2.2,2.0,6.1
2022-01-22,2022.0589,-2.5,-62.3,-3.3,2.1,1.9,5.9
2022-01-23,2022.0616,-2.1,-67.1,-3.0,2.5,2.3,6.6
2022-01-24,2022.0644,-1.2,-61.4,-5.2,2.3,2.2,6.5
2022-01-25,2022.0671,-0.8,-62.8,-2.5,2.3,2.2,6.5
2022-01-26,2022.0699,-0.8,-60.7,-6.1,1.9,1.9,5.7
2022-01-27,2022.0726,0.2,-60.9,-7.5,2.0,1.9,5.7
2022-01-28,2022.0753,-1.5,-61.6,-7.2,2.2,2.1,6.0
2022-01-29,2022.0781,-2.0,-60.4,-3.6,2.1,2.0,5.9
2022-01-30,2022.0808,-1.7,-62.0,-8.4,2.1,2.0,6.0
2022-01-31,2022.0836,-0.6,-61.4,-6.5,2.2,2.1,6.0
2022-02-01,2022.0863,-0.7,-61.0,-7.4,2.1,2.0,6.0
2022-02-02,2022.089,-1.8,-62.1,-4.0,2.2,2.1,6.2
2022-02-03,2022.0918,-0.8,-61.2,-8.0,2.3,2.2,6.3
2022-02-04,2022.0945,-1.9,-59.4,-7.8,2.1,2.0,5.9
2022-02-05,2022.0973,-3.5,-60.1,-5.7,2.3,2.1,6.2
2022-02-06,2022.1,-1.5,-60.5,-3.6,2.0,2.0,5.8
2022-02-07,2022.1027,-1.0,-59.7,-7.5,2.0,1.9,5.8
2022-02-08,2022.1055,-2.1,-58.9,-3.8,2.1,1.9,5.9
2022-02-09,2022.1082,-1.1,-60.3,-6.8,2.2,2.1,6.3
2022-02-10,2022.111,-0.4,-59.5,-5.4,2.1,2.1,6.1
2022-02-11,2022.1137,-1.7,-58.7,-8.3,2.2,2.1,6.1
2022-02-12,2022.1164,-2.4,-60.8,-3.8,2.2,2.1,6.2
2022-02-13,2022.1192,-1.8,-59.4,-3.3,2.0,2.0,6.0
2022-02-14,2022.1219,-1.3,-60.7,-7.1,2.0,1.9,5.7
2022-02-15,2022.1247,-1.1,-61.8,-2.0,2.2,2.1,6.3
2022-02-16,2022.1274,-0.7,-61.2,-3.2,2.1,2.0,6.0
2022-02-17,2022.1301,0.1,-61.3,-8.2,2.1,2.0,6.0
2022-02-18,2022.1329,-0.7,-60.5,-11.2,2.0,2.0,5.9
2022-02-19,2022.1356,0.8,-59.5,-11.8,2.1,2.1,6.1
2022-02-20,2022.1384,0.2,-61.8,-6.8,2.3,2.2,6.4
2022-02-21,2022.1411,-1.2,-60.8,-8.0,2.1,2.1,6.2
2022-02-22,2022.1438,-0.6,-57.8,-6.6,2.4,2.3,6.6
2022-02-23,2022.1466,-2.8,-56.2,-2.9,2.0,1.9,5.8
2022-02-24,2022.1493,-4.0,-61.0,-4.4,2.0,2.0,6.0
2022-02-25,2022.1521,-3.4,-63.0,-4.9,2.1,2.0,6.0
2022-02-26,2022.1548,-5.0,-60.9,-1.5,2.3,2.2,6.5
2022-02-27,2022.1575,-4.7,-61.2,-2.1,2.2,2.1,6.4
2022-02-28,2022.1603,-3.6,-62.0,-4.2,2.1,2.0,6.1
2022-03-01,2022.163,-4.5,-63.5,0.8,2.0,2.0,6.2
2022-03-02,2022.1658,-6.3,-62.4,-3.1,2.3,2.2,6.5
2022-03-03,2022.1685,-3.4,-62.3,-0.2,2.1,2.1,6.35
2022-03-04,2022.1712,-3.2,-55.6,2.7,2.1,2.0,6.2
2022-03-05,2022.174,-4.1,-56.6,2.1,2.5,2.5,7.0
2022-03-06,2022.1767,-3.0,-55.4,3.45,2.0,2.0,6.65
2022-03-07,2022.1795,-3.6,-57.8,4.8,2.2,2.1,6.3
2022-03-08,2022.1822,-4.5,-57.1,2.7,2.1,2.1,6.3
2022-03-09,2022.1849,-2.5,-55.4,3.4,2.5,2.5,6.8
2022-03-10,2022.1877,-1.3,-56.8,2.1,2.1,2.1,6.2
2022-03-11,2022.1904,-2.4,-57.2,3.4,2.1,2.1,6.1
2022-03-12,2022.1932,-3.7,-56.2,4.6,2.2,2.3,6.4
2022-03-13,2022.1959,-3.9,-58.4,5.9,2.2,2.2,6.4
2022-03-14,2022.1986,-3.8,-58.0,1.4,2.2,2.2,6.8
2022-03-15,2022.2014,-1.2,-56.9,2.1,2.4,2.4,6.8
2022-03-16,2022.2041,-2.0,-55.7,0.7,2.4,2.5,7.0
2022-03-17,2022.2068,-2.2,-57.9,-1.0,2.6,2.6,7.2
2022-03-18,2022.2096,-3.0,-56.6,3.8,2.2,2.2,6.4
2022-03-19,2022.2123,-0.9,-54.9,7.7,2.5,2.5,6.9
2022-03-20,2022.2151,-3.5,-56.2,3.0,2.4,2.4,6.5
2022-03-21,2022.2178,-2.4,-55.8,0.4,2.2,2.3,6.7
2022-03-22,2022.2205,-4.5,-54.5,1.1,2.2,2.3,6.7
2022-03-23,2022.2233,-3.3,-54.7,7.7,2.2,2.2,6.5
2022-03-24,2022.226,-5.3,-56.1,-2.7,2.3,2.2,6.5
2022-03-25,2022.2288,-2.8,-56.7,0.4,2.5,2.5,7.1
2022-03-26,2022.2315,-4.3,-52.8,1.4,2.4,2.3,6.7
2022-03-27,2022.2342,-4.2,-53.9,6.8,2.5,2.4,6.9
2022-03-28,2022.237,-4.6,-54.5,4.7,2.4,2.6,7.2
2022-03-29,2022.2397,-4.0,-53.7,3.1,2.8,2.9,7.6
2022-03-30,2022.2425,-2.2,-53.7,-3.8,2.3,2.3,6.7
2022-03-31,2022.2452,-3.9,-54.7,-3.6,2.3,2.3,6.63
2022-04-01,2022.2479,-3.1,-53.6,-3.4,2.2,2.3,6.57
2022-04-02,2022.2507,-4.1,-51.8,-3.2,2.2,2.2,6.5
2022-04-03,2022.2534,-4.3,-54.3,-1.7,2.1,2.1,6.3
2022-04-04,2022.2562,-3.8,-52.7,-4.2,2.2,2.2,6.4
2022-04-05,2022.2589,-4.6,-50.7,-3.5,2.0,2.0,6.1
2022-04-06,2022.2616,-5.3,-52.6,-3.9,2.2,2.2,6.3
2022-04-07,2022.2644,-5.5,-52.2,-0.1,2.3,2.3,6.5
2022-04-08,2022.2671,-5.3,-52.6,6.7,2.2,2.3,6.6
2022-04-09,2022.2699,-4.1,-53.0,2.7,2.4,2.3,6.8
2022-04-10,2022.2726,-3.1,-53.6,1.2,2.2,2.2,6.8
2022-04-11,2022.2753,-4.1,-51.7,-1.6,2.5,2.4,7.4
2022-04-12,,,,,,,
2022-04-13,2022.2808,-5.2,-53.5,0.1,2.3,2.3,6.7
2022-04-14,2022.2836,-2.8,-52.0,-1.0,2.3,2.2,6.5
2022-04-15,2022.2863,-4.4,-52.4,-1.1,2.2,2.1,6.6
2022-04-16,2022.289,-4.0,-52.1,-2.8,2.3,2.2,6.6
2022-04-17,2022.2918,-3.2,-52.4,-4.5,2.5,2.4,6.6
2022-04-18,2022.2945,-3.9,-51.8,-3.7,2.3,2.2,6.5
2022-04-19,2022.2973,-4.2,-50.5,-0.5,2.2,2.1,6.2
2022-04-20,2022.3,-5.3,-50.0,3.1,2.2,2.5,6.3
2022-04-21,2022.3027,-6.2,-50.2,2.4,2.2,2.1,6.1
2022-04-22,2022.3055,-3.9,-51.4,2.7,2.6,2.6,7.4
2022-04-23,2022.3082,-5.2,-52.2,-0.2,2.4,2.3,6.7
2022-04-24,2022.311,-5.3,-50.5,4.7,2.4,2.4,7.0
2022-04-25,2022.3137,-4.6,-50.0,0.4,2.4,2.4,6.9
2022-04-26,2022.3164,-3.4,-49.9,-1.4,2.9,2.9,7.9
2022-04-27,2022.3192,-4.7,-50.7,-3.5,2.6,2.6,7.1
2022-04-28,2022.3219,-1.8,-51.3,-5.5,2.7,2.6,7.3
2022-04-29,2022.3247,-3.6,-49.6,-8.9,2.4,2.3,7.1
2022-04-30,2022.3274,-3.4,-50.2,-6.55,2.4,2.3,6.75
2022-05-01,2022.3301,-4.9,-48.6,-4.2,2.3,2.3,6.4
2022-05-02,2022.3329,-4.5,-47.9,-2.2,2.5,2.4,6.7
2022-05-03,2022.3356,-4.2,-49.6,1.6,2.2,2.1,6.3
2022-05-04,2022.3384,-2.4,-49.9,2.1,2.2,2.2,6.3
2022-05-05,2022.3411,-2.5,-49.2,4.9,2.4,2.2,6.7
2022-05-06,2022.3438,-2.6,-51.0,1.6,2.4,2.4,6.9
2022-05-07,2022.3466,-2.6,-49.8,-2.8,2.5,2.4,7.3
2022-05-08,2022.3493,-2.9,-48.7,-1.8,2.7,2.6,7.7
2022-05-09,2022.3521,-3.6,-49.8,-1.8,2.5,2.4,7.0
2022-05-10,2022.3548,-2.7,-49.4,2.5,2.5,2.4,7.3
2022-05-11,2022.3575,-4.1,-49.5,0.7,2.6,2.6,7.4
2022-05-12,2022.3603,-0.0,-48.6,1.7,2.6,2.6,7.0
2022-05-13,2022.363,-4.3,-49.9,-2.0,2.3,2.3,6.5
2022-05-14,2022.3658,-6.3,-50.4,-3.9,2.4,2.3,6.5
2022-05-15,2022.3685,-4.0,-47.9,-1.5,2.4,2.4,6.8
2022-05-16,2022.3712,-4.0,-49.6,0.8,2.4,2.5,6.8
2022-05-17,2022.374,-3.7,-50.1,0.1,2.3,2.4,6.9
2022-05-18,2022.3767,-3.8,-48.9,-3.2,2.4,2.4,7.0
2022-05-19,2022.3795,-4.9,-48.0,-0.9,2.5,2.4,7.1
2022-05-20,2022.3822,-4.3,-49.3,-3.5,2.4,2.3,6.9
2022-05-21,2022.3849,-4.7,-47.3,5.0,2.3,2.3,6.7
2022-05-22,2022.3877,-3.4,-48.3,5.8,2.4,2.6,7.0
2022-05-23,2022.3904,-2.0,-50.2,-0.7,2.5,2.4,7.1
2022-05-24,2022.3932,-3.4,-49.1,1.3,2.3,2.3,6.7
2022-05-25,2022.3959,-5.7,-49.2,3.5,2.7,2.7,7.5
2022-05-26,2022.3986,-5.7,-47.8,1.7,2.7,2.6,7.6
2022-05-27,2022.4014,-6.4,-48.7,-1.0,2.8,2.6,8.7
2022-05-28,2022.4041,-3.6,-48.6,-3.2,2.7,2.6,8.0
2022-05-29,2022.4068,-5.4,-47.4,-3.9,2.6,2.5,7.7
2022-05-30,2022.4096,-5.1,-46.5,-4.8,2.8,2.7,8.4
2022-05-31,,,,,,,
2022-06-01,,,,,,,
2022-06-02,,,,,,,
2022-06-03,,,,,,,
2022-06-04,,,,,,,
2022-06-05,,,,,,,
2022-06-06,,,,,,,
2022-06-07,,,,,,,
2022-06-08,2022.4342,-3.4,-46.3,-2.4,2.4,2.4,6.8
2022-06-09,2022.437,-4.5,-47.3,0.8,2.5,2.4,7.2
2022-06-10,2022.4397,-2.6,-46.1,-2.2,2.5,2.4,7.1
2022-06-11,2022.4425,-2.6,-47.7,-1.3,2.7,2.6,7.0
2022-06-12,2022.4452,-4.3,-48.6,2.4,2.1,2.1,6.0
2022-06-13,2022.4479,-5.2,-45.4,0.2,2.9,2.9,7.6
2022-06-14,2022.4507,-3.6,-48.3,0.6,2.6,2.5,7.1
2022-06-15,2022.4534,-4.5,-46.9,1.4,2.7,2.8,7.4
2022-06-16,2022.4562,-3.6,-46.1,3.1,3.1,3.0,8.2
2022-06-17,2022.4589,-3.7,-47.9,1.6,2.5,2.6,7.6
2022-06-18,2022.4616,-4.5,-45.8,3.8,2.5,2.5,7.3
2022-06-19,2022.4644,-1.3,-49.6,-2.9,3.3,3.1,10.3
2022-06-20,2022.4671,-4.2,-45.9,2.45,2.8,2.7,8.7
2022-06-21,2022.4699,-5.2,-45.5,7.8,2.5,2.5,7.1
2022-06-22,2022.4726,-4.0,-45.9,3.4,2.5,2.4,7.4
2022-06-23,2022.4753,-3.9,-44.8,5.2,2.7,2.6,7.6
2022-06-24,2022.4781,-4.7,-47.2,6.6,2.8,2.8,8.3
2022-06-25,2022.4808,-4.5,-47.5,1.8,2.6,2.6,7.6
2022-06-26,2022.4836,-6.5,-44.9,1.5,2.8,2.6,8.2
2022-06-27,2022.4863,-3.9,-45.0,0.0,2.8,2.6,8.55
2022-06-28,2022.489,-5.6,-46.0,-1.5,3.1,2.9,8.9
2022-06-29,2022.4918,-5.4,-46.2,-2.0,2.6,2.4,7.9
2022-06-30,2022.4945,-6.1,-45.4,4.8,3.1,2.8,9.4
2022-07-01,2022.4973,-3.7,-45.1,-6.4,2.9,2.8,8.1
2022-07-02,2022.5,-3.1,-46.0,-2.4,3.1,3.0,8.7
2022-07-03,2022.5027,-4.8,-46.0,-3.1,2.7,2.6,7.8
2022-07-04,2022.5055,-3.1,-46.3,2.6,2.9,2.9,8.6
2022-07-05,2022.5082,-4.0,-46.6,5.2,2.5,2.3,6.9
2022-07-06,2022.511,-5.3,-46.6,5.0,2.9,2.6,7.6
2022-07-07,2022.5137,-5.2,-45.9,-3.4,2.7,2.5,7.6
2022-07-08,2022.5164,-4.1,-46.0,4.5,2.9,2.6,8.4
2022-07-09,2022.5192,-3.8,-44.6,7.3,2.6,2.5,7.6
2022-07-10,2022.5219,-2.3,-45.4,1.5,3.1,2.9,8.8
2022-07-11,2022.5247,-4.1,-46.4,-2.4,2.5,2.4,7.3
2022-07-12,2022.5274,-3.9,-45.6,-2.1,2.4,2.2,7.1
2022-07-13,2022.5301,-2.6,-44.6,1.5,2.6,2.5,7.6
2022-07-14,2022.5329,-4.6,-43.2,5.2,2.4,2.4,7.3
2022-07-15,2022.5356,-4.5,-47.1,4.7,2.6,2.3,7.3
2022-07-16,2022.5384,-4.8,-43.9,1.8,3.1,2.9,8.9
2022-07-17,2022.5411,-1.8,-45.0,2.9,2.8,2.7,8.2
2022-07-18,2022.5438,-5.0,-46.3,2.0,3.1,2.8,9.4
2022-07-19,2022.5466,-4.4,-46.1,2.8,2.8,2.6,8.0
2022-07-20,2022.5493,-5.3,-47.8,-5.4,2.9,2.6,7.6
2022-07-21,2022.5521,-3.6,-45.4,-0.8,2.4,2.2,7.0
2022-07-22,2022.5548,-5.5,-45.1,-7.5,2.9,2.7,8.4
2022-07-23,2022.5575,-6.8,-44.2,-0.5,2.7,2.4,7.1
2022-07-24,2022.5603,-5.0,-44.7,4.3,3.1,2.9,8.5
2022-07-25,2022.563,-6.0,-45.2,0.0,2.7,2.5,8.0
2022-07-26,2022.5658,-4.5,-43.4,-2.4,2.5,2.4,7.4
2022-07-27,2022.5685,-5.0,-44.6,1.1,2.6,2.4,7.5
2022-07-28,2022.5712,-5.8,-45.3,3.0,2.7,2.5,7.9
2022-07-29,2022.574,-5.5,-45.5,-6.0,2.7,2.4,7.5
2022-07-30,2022.5767,-6.4,-45.6,6.7,2.8,2.5,7.4
2022-07-31,2022.5795,-4.0,-45.0,2.8,2.5,2.4,7.5
2022-08-01,2022.5822,-3.2,-44.2,0.2,2.8,2.5,7.9
2022-08-02,2022.5849,-4.2,-45.4,0.9,2.7,2.4,7.6
2022-08-03,2022.5877,-3.7,-42.6,-0.8,2.6,2.5,7.2
2022-08-04,2022.5904,-3.4,-42.9,2.8,3.2,2.9,10.2
2022-08-05,2022.5932,-3.3,-43.6,4.8,2.8,2.6,7.8
2022-08-06,2022.5959,-6.5,-44.1,9.1,2.7,2.5,8.0
2022-08-07,2022.5986,-6.6,-40.5,4.4,2.7,2.5,8.2
2022-08-08,2022.6014,-5.3,-44.3,8.6,2.6,2.4,7.8
2022-08-09,2022.6041,-5.1,-43.9,3.5,3.3,3.1,9.6
2022-08-10,2022.6068,-3.3,-43.6,4.5,3.1,2.9,9.5
2022-08-11,2022.6096,-6.6,-40.8,9.0,3.0,2.9,9.1
2022-08-12,2022.6123,-6.6,-42.5,9.6,3.3,3.1,9.7
2022-08-13,2022.6151,-4.8,-41.9,2.8,2.3,2.2,6.9
2022-08-14,2022.6178,-5.7,-41.0,6.6,2.4,2.3,7.1
2022-08-15,2022.6205,-2.8,-43.1,-2.4,2.6,2.4,7.5
2022-08-16,2022.6233,-3.9,-42.2,1.2,2.8,2.7,8.4
2022-08-17,2022.626,-5.1,-41.5,-0.7,2.8,2.8,8.3
2022-08-18,2022.6288,-6.0,-39.7,-2.5,2.5,2.4,7.7
2022-08-19,2022.6315,-4.5,-39.9,3.4,2.9,2.8,8.7
2022-08-20,2022.6342,-5.8,-39.2,5.2,2.9,2.9,8.3
2022-08-21,2022.637,-3.5,-39.8,1.8,2.6,2.4,7.4
2022-08-22,2022.6397,-4.8,-43.2,-1.8,2.8,2.6,8.0
2022-08-23,2022.6425,-3.9,-41.3,-0.6,2.4,2.3,7.2
2022-08-24,2022.6452,-4.3,-40.3,1.4,2.6,2.5,7.5
2022-08-25,2022.6479,-5.0,-40.4,-0.1,2.7,2.6,7.3
2022-08-26,2022.6507,-5.6,-40.6,-2.6,2.9,2.8,8.4
2022-08-27,2022.6534,-5.9,-40.0,0.4,2.2,2.2,6.6
2022-08-28,2022.6562,-6.3,-39.1,-4.3,2.6,2.4,7.2
2022-08-29,2022.6589,-4.0,-39.6,-7.8,2.7,2.5,7.5
2022-08-30,2022.6616,-5.7,-39.0,-2.6,2.5,2.4,7.0
2022-08-31,2022.6644,-5.0,-39.2,-2.6,2.7,2.6,7.7
2022-09-01,2022.6671,-5.7,-39.4,-0.0,2.6,2.4,7.2
2022-09-02,2022.6699,-5.2,-39.2,-1.1,2.5,2.4,6.9
2022-09-03,2022.6726,-5.9,-39.4,-9.9,2.5,2.3,7.0
2022-09-04,2022.6753,-4.4,-40.8,-6.1,2.5,2.4,7.1
2022-09-05,2022.6781,-3.6,-38.1,-3.5,2.7,2.6,7.4
2022-09-06,2022.6808,-5.5,-39.5,-3.6,2.4,2.3,6.7
2022-09-07,2022.6836,-5.0,-39.3,-6.1,2.7,2.6,7.6
2022-09-08,2022.6863,-5.1,-37.3,-5.0,2.5,2.4,7.2
2022-09-09,2022.689,-6.7,-39.1,-2.4,2.3,2.2,6.6
2022-09-10,2022.6918,-6.2,-39.3,-3.3,2.2,2.2,6.3
2022-09-11,2022.6945,-5.8,-37.6,7.3,2.4,2.4,7.0
2022-09-12,2022.6973,-4.0,-38.7,-1.7,2.3,2.4,7.2
2022-09-13,2022.7,-4.2,-39.1,-0.7,2.6,2.6,7.6
2022-09-14,2022.7027,-4.5,-39.7,0.5,2.4,2.4,6.9
2022-09-15,2022.7055,-5.0,-39.5,-2.1,2.3,2.4,7.0
2022-09-16,2022.7082,-7.0,-38.0,-1.9,2.4,2.5,7.2
2022-09-17,2022.711,-6.3,-38.0,-0.3,2.6,2.7,7.7
2022-09-18,2022.7137,-6.9,-39.3,-1.8,2.8,2.8,8.3
2022-09-19,2022.7164,-6.5,-38.1,-4.7,2.1,2.1,6.3
2022-09-20,2022.7192,-6.2,-39.8,-4.4,2.3,2.1,6.7
2022-09-21,2022.7219,-4.8,-38.7,-5.8,2.3,2.3,6.8
2022-09-22,2022.7247,-6.5,-37.9,1.6,2.2,2.1,6.5
2022-09-23,2022.7274,-5.9,-38.9,-4.6,2.3,2.3,6.4
2022-09-24,2022.7301,-4.7,-38.9,0.5,2.3,2.3,6.8
2022-09-25,2022.7329,-6.9,-37.8,0.8,2.3,2.3,6.6
2022-09-26,2022.7356,-6.1,-37.4,0.5,2.3,2.2,6.4
2022-09-27,2022.7384,-6.7,-37.4,-0.9,2.3,2.2,6.5
2022-09-28,2022.7411,-4.7,-37.0,0.1,2.1,2.1,6.2
2022-09-29,2022.7438,-5.4,-35.5,2.0,2.3,2.3,6.5
2022-09-30,2022.7466,-5.9,-36.2,2.6,2.4,2.4,6.7
2022-10-01,2022.7493,-5.9,-37.1,-2.2,2.2,2.2,6.4
2022-10-02,2022.7521,-5.5,-36.6,-1.9,2.2,2.2,6.2
2022-10-03,2022.7548,-4.7,-36.3,-5.4,2.2,2.3,6.6
2022-10-04,2022.7575,-6.7,-38.4,-7.4,2.2,2.2,6.3
2022-10-05,2022.7603,-5.2,-37.9,-3.4,2.2,2.1,6.2
2022-10-06,2022.763,-6.9,-37.2,-7.6,2.3,2.4,6.6
2022-10-07,2022.7658,-6.8,-38.4,-4.0,2.2,2.2,6.3
2022-10-08,2022.7685,-6.3,-37.5,-4.5,2.1,2.1,6.0
2022-10-09,2022.7712,-6.2,-38.1,-4.6,2.3,2.3,6.6
2022-10-10,2022.774,-5.6,-38.1,-2.3,2.1,2.1,6.2
2022-10-11,2022.7767,-7.8,-36.9,1.6,2.4,2.4,6.7
2022-10-12,2022.7795,-4.6,-37.4,-5.1,2.3,2.3,6.5
2022-10-13,2022.7822,-7.2,-38.2,-1.7,2.1,2.1,6.0
2022-10-14,2022.7849,-7.2,-39.4,-7.0,2.1,2.2,6.1
2022-10-15,2022.7877,-6.6,-37.3,-4.3,2.1,2.0,6.0
2022-10-16,2022.7904,-6.0,-37.0,-7.6,2.1,2.1,5.9
2022-10-17,2022.7932,-7.5,-36.8,1.4,2.4,2.4,6.6
2022-10-18,2022.7959,-6.5,-37.0,2.0,2.1,2.1,6.2
2022-10-19,2022.7986,-7.8,-35.1,3.7,2.1,2.1,6.2
2022-10-20,2022.8014,-5.8,-37.8,-3.8,2.6,2.6,6.9
2022-10-21,2022.8041,-5.7,-37.2,-3.4,2.0,2.0,5.9
2022-10-22,2022.8068,-6.8,-36.5,-6.8,2.2,2.1,6.2
2022-10-23,2022.8096,-8.3,-34.7,1.6,2.4,2.5,6.6
2022-10-24,2022.8123,-6.4,-35.4,1.5,2.2,2.1,6.1
2022-10-25,2022.8151,-6.0,-36.5,2.9,2.2,2.1,6.0
2022-10-26,2022.8178,-5.8,-36.8,-0.3,2.4,2.3,6.4
2022-10-27,2022.8205,-5.6,-35.9,-1.8,2.3,2.2,6.5
2022-10-28,2022.8233,-5.6,-36.3,-2.1,2.1,2.1,6.3
2022-10-29,2022.826,-7.0,-36.1,-3.5,2.4,2.5,6.6
2022-10-30,2022.8288,-6.0,-36.0,-1.1,2.4,2.4,7.0
2022-10-31,2022.8315,-6.6,-35.9,-1.4,2.0,1.9,5.7
2022-11-01,2022.8342,-5.9,-39.4,-2.2,2.4,2.4,6.7
2022-11-02,2022.837,-4.8,-36.9,-4.4,2.1,2.1,6.0
2022-11-03,2022.8397,-4.8,-37.2,-4.2,2.1,2.1,6.1
2022-11-04,2022.8425,-4.8,-37.5,-2.9,2.4,2.4,6.8
2022-11-05,2022.8452,-5.6,-37.9,-0.8,2.0,2.0,5.9
2022-11-06,2022.8479,-6.2,-37.2,1.4,2.1,2.1,5.9
2022-11-07,2022.8507,-7.1,-37.6,1.1,2.2,2.1,6.1
2022-11-08,2022.8534,-7.1,-37.0,1.6,2.2,2.2,6.1
2022-11-09,2022.8562,-5.0,-37.2,-2.1,2.0,2.0,5.7
2022-11-10,2022.8589,-5.0,-38.3,-4.3,2.2,2.1,6.3
2022-11-11,2022.8616,-3.5,-37.4,-9.8,2.3,2.2,6.3
2022-11-12,2022.8644,-5.9,-39.4,-4.3,2.1,2.0,6.0
2022-11-13,2022.8671,-5.5,-39.0,-3.6,2.0,1.9,5.6
2022-11-14,2022.8699,-5.6,-38.8,-2.0,2.3,2.2,6.4
2022-11-15,2022.8726,-5.1,-41.4,-0.8,2.2,2.2,6.3
2022-11-16,2022.8753,-4.5,-38.0,3.0,2.2,2.1,6.3
2022-11-17,2022.8781,-4.3,-38.7,-4.1,2.2,2.2,6.1
2022-11-18,2022.8808,-4.4,-38.3,-6.8,2.4,2.4,6.7
2022-11-19,2022.8836,-4.8,-39.8,-2.7,2.2,2.2,6.5
2022-11-20,2022.8863,-5.3,-38.9,-4.4,2.3,2.2,6.3
2022-11-21,2022.889,-4.5,-38.6,-0.7,2.1,1.9,6.0
2022-11-22,2022.8918,-5.0,-38.4,-3.0,2.2,2.1,6.2
2022-11-23,2022.8945,-7.0,-37.4,-3.1,2.5,2.3,6.6
2022-11-24,2022.8973,-3.4,-38.9,-5.9,2.2,2.1,6.2
2022-11-25,2022.9,-4.7,-39.3,-3.8,2.3,2.2,6.5
2022-11-26,2022.9027,-2.6,-40.4,-3.6,2.5,2.4,6.7
2022-11-27,2022.9055,-0.6,-37.8,-4.72,2.4,2.2,6.76
2022-11-28,2022.9082,0.2,-32.9,-5.84,2.0,1.9,6.82
2022-11-29,2022.911,-0.1,-33.8,-6.96,2.1,2.0,6.88
2022-11-30,2022.9137,-2.4,-32.2,-8.08,2.3,2.2,6.94
2022-12-01,2022.9164,-2.7,-32.2,-9.2,2.6,2.5,7.0
2022-12-02,2022.9192,-1.1,-34.7,-9.2,1.9,1.9,5.7
2022-12-03,2022.9219,-1.2,-33.3,-10.8,2.0,1.9,6.1
2022-12-04,2022.9247,-3.2,-31.5,-8.9,2.1,2.0,6.1
2022-12-05,2022.9274,-2.9,-32.5,-6.2,1.9,1.8,5.5
2022-12-06,2022.9301,-2.9,-32.6,-4.7,2.2,2.1,6.1
2022-12-07,2022.9329,-3.2,-32.4,-7.6,2.2,2.1,6.3
2022-12-08,2022.9356,-2.3,-32.4,-7.1,2.6,2.4,6.8
2022-12-09,2022.9384,-2.9,-32.7,-5.6,2.0,1.9,5.8
2022-12-10,2022.9411,-3.7,-32.5,-6.4,2.2,2.1,5.9
2022-12-11,2022.9438,-2.1,-30.9,-9.6,2.1,2.0,6.0
2022-12-12,2022.9466,-1.4,-32.3,-11.5,2.3,2.2,6.4
2022-12-13,2022.9493,-2.8,-29.9,-8.0,2.4,2.3,6.3
2022-12-14,2022.9521,-3.8,-32.0,-6.3,2.2,2.2,6.1
2022-12-15,2022.9548,-0.9,-31.7,-12.9,2.2,2.1,6.1
2022-12-16,2022.9575,-2.2,-31.4,-14.1,2.0,1.9,5.9
2022-12-17,2022.9603,-3.2,-31.9,-8.3,2.0,1.9,5.8
2022-12-18,2022.963,-3.8,-30.9,-5.1,2.0,1.9,5.8
2022-12-19,2022.9658,-3.3,-32.0,-7.7,2.2,2.1,6.2
2022-12-20,2022.9685,-4.4,-30.4,-4.4,2.2,2.1,6.0
2022-12-21,2022.9712,-3.8,-31.8,-1.3,2.2,2.1,6.1
2022-12-22,2022.974,-5.2,-30.1,-1.9,2.0,1.9,5.8
2022-12-23,2022.9767,-4.4,-30.8,-2.0,2.1,2.0,6.1
2022-12-24,2022.9795,-3.3,-31.3,-8.2,2.1,2.1,6.0
2022-12-25,2022.9822,-3.6,-30.0,-4.7,2.0,1.9,5.8
2022-12-26,2022.9849,-2.9,-29.1,-11.0,2.3,2.2,6.2
2022-12-27,2022.9877,-4.3,-28.2,-13.0,2.3,2.3,6.1
2022-12-28,2022.9904,-4.7,-29.3,-8.6,1.8,1.8,5.4
2022-12-29,2022.9932,-5.0,-29.1,-8.6,2.0,2.0,5.7
2022-12-30,2022.9959,-4.9,-32.7,-11.0,2.4,2.3,6.2
2022-12-31,2022.9986,-4.7,-31.0,-8.2,2.0,1.9,5.9
2023-01-01,2023.0014,-3.1,-31.0,-10.7,2.2,2.1,6.1
2023-01-02,2023.0041,-4.2,-29.8,-8.6,2.1,2.0,5.9
2023-01-03,2023.0068,-5.3,-28.8,-5.4,2.1,2.0,5.8
2023-01-04,2023.0096,-5.0,-30.4,-5.9,2.1,2.5,6.0
2023-01-05,2023.0123,-4.5,-28.5,-6.2,2.2,2.2,6.0
2023-01-06,2023.0151,-4.7,-30.0,-1.2,2.0,2.0,5.7
2023-01-07,2023.0178,-3.6,-28.3,-3.0,2.0,2.0,5.9
2023-01-08,2023.0205,-3.4,-29.3,-3.9,2.5,2.4,6.6
2023-01-09,2023.0233,-3.0,-30.2,-1.0,2.1,2.0,6.0
2023-01-10,2023.026,-2.3,-28.3,-2.0,1.9,1.9,5.5
2023-01-11,2023.0288,-1.0,-29.5,-1.2,2.3,2.2,6.3
2023-01-12,2023.0315,-1.2,-29.8,-6.7,2.2,2.1,6.0
2023-01-13,2023.0342,-0.5,-29.4,-8.8,2.2,2.2,6.3
2023-01-14,2023.037,-1.8,-28.8,-8.2,2.0,2.1,5.9
2023-01-15,2023.0397,-0.9,-30.6,-10.4,2.0,2.0,5.7
2023-01-16,2023.0425,-0.6,-28.8,-9.7,2.2,2.2,6.2
2023-01-17,2023.0452,-1.1,-27.3,-6.4,2.0,2.0,5.8
2023-01-18,2023.0479,-1.5,-28.2,-7.9,2.0,1.9,5.8
2023-01-19,2023.0507,-2.1,-27.9,-8.5,2.0,2.0,5.8
2023-01-20,2023.0534,-1.6,-28.7,-8.5,2.2,2.2,6.1
2023-01-21,2023.0562,-0.7,-27.4,-7.8,2.1,2.1,5.9
2023-01-22,2023.0589,1.4,-27.9,-11.4,2.1,2.0,5.9
2023-01-23,2023.0616,-0.1,-27.9,-10.7,2.1,2.1,6.0
2023-01-24,2023.0644,-0.7,-29.7,-3.1,2.0,2.0,6.0
2023-01-25,2023.0671,-0.1,-29.4,-3.4,2.4,2.5,7.2
2023-01-26,2023.0699,-1.6,-28.0,-7.0,2.3,2.3,6.4
2023-01-27,2023.0726,-2.7,-29.3,-6.1,2.1,2.1,5.9
2023-01-28,2023.0753,-2.3,-27.4,-4.8,2.0,2.0,5.8
2023-01-29,2023.0781,-1.4,-27.0,3.4,1.9,2.0,5.7
2023-01-30,2023.0808,-2.7,-27.0,4.0,2.1,2.1,6.2
2023-01-31,2023.0836,-0.7,-26.9,1.6,2.3,2.3,6.4
2023-02-01,2023.0863,-1.2,-27.0,1.5,2.0,2.0,5.8
2023-02-02,2023.089,-0.9,-25.9,2.4,2.3,2.4,6.3
2023-02-03,2023.0918,-1.6,-25.1,2.4,2.3,2.4,6.8
2023-02-04,2023.0945,-1.8,-25.3,2.2,2.0,2.1,5.9
2023-02-05,2023.0973,-0.4,-25.5,1.1,2.1,2.1,6.1
2023-02-06,2023.1,0.3,-25.4,3.2,2.1,2.1,6.2
2023-02-07,2023.1027,-0.1,-25.2,-2.2,2.1,2.2,6.1
2023-02-08,2023.1055,0.9,-25.1,-0.6,2.4,2.6,7.0
2023-02-09,2023.1082,0.0,-27.8,6.3,2.1,2.1,6.0
2023-02-10,2023.111,0.9,-29.7,9.7,2.3,2.4,6.4
2023-02-11,2023.1137,3.4,-27.9,0.2,2.4,2.6,6.6
2023-02-12,2023.1164,2.8,-29.0,-3.9,2.5,2.7,6.8
2023-02-13,2023.1192,0.2,-27.3,-1.5,2.4,2.6,6.9
2023-02-14,2023.1219,-1.5,-29.3,-5.1,2.1,2.2,6.2
2023-02-15,2023.1247,-1.1,-28.5,-0.8,2.2,2.3,6.5
2023-02-16,2023.1274,-0.4,-29.7,2.0,2.3,2.4,6.8
2023-02-17,2023.1301,1.3,-29.9,-3.8,2.4,2.5,6.7
2023-02-18,2023.1329,-1.0,-29.1,-3.0,2.2,2.3,6.4
2023-02-19,2023.1356,2.1,-28.1,-2.3,2.4,2.4,6.9
2023-02-20,2023.1384,1.1,-31.4,1.1,2.3,2.4,6.4
2023-02-21,2023.1411,0.5,-30.9,0.4,2.2,2.3,6.3
2023-02-22,2023.1438,-0.5,-30.6,-0.1,2.2,2.3,6.3
2023-02-23,2023.1466,0.2,-24.9,-1.6,2.2,2.3,6.4
2023-02-24,2023.1493,-0.8,-28.6,-3.5,2.0,2.2,5.9
2023-02-25,2023.1521,-1.4,-28.4,-4.5,2.2,2.4,6.2
2023-02-26,2023.1548,0.8,-24.5,-5.8,2.1,2.2,6.0
2023-02-27,2023.1575,1.5,-25.2,-6.2,2.2,2.3,6.2
2023-02-28,2023.1603,-1.0,-29.1,-5.9,2.4,2.5,6.6
2023-03-01,2023.163,-1.6,-28.9,-5.8,2.1,2.1,6.0
2023-03-02,2023.1658,-2.6,-24.3,-6.0,2.1,2.3,6.2
2023-03-03,2023.1685,-1.6,-24.7,-0.8,2.2,2.4,6.4
2023-03-04,2023.1712,-1.8,-27.9,-1.2,2.1,2.4,6.2
2023-03-05,2023.174,-3.5,-28.0,-0.1,2.1,2.1,6.0
2023-03-06,2023.1767,-1.2,-26.7,2.6,2.2,2.3,6.2
2023-03-07,2023.1795,-2.1,-26.6,-0.4,2.3,2.3,6.5
2023-03-08,2023.1822,-0.4,-27.2,-0.9,2.1,2.2,6.1
2023-03-09,2023.1849,-0.3,-25.8,1.1,2.5,2.7,7.0
2023-03-10,2023.1877,-2.2,-27.9,-2.5,2.3,2.5,6.6
2023-03-11,2023.1904,-0.7,-24.8,-3.3,2.2,2.5,6.4
2023-03-12,2023.1932,-3.8,-25.9,-0.2,2.2,2.3,6.3
2023-03-13,2023.1959,-1.2,-25.9,-1.4,2.6,2.7,6.5
2023-03-14,2023.1986,-2.1,-26.8,-2.6,2.3,2.6,6.7
2023-03-15,2023.2014,-3.1,-25.3,-0.3,2.1,2.3,6.1
2023-03-16,2023.2041,-1.0,-26.5,3.8,2.3,2.4,6.4
2023-03-17,2023.2068,-1.4,-24.2,-1.0,2.1,2.2,6.0
2023-03-18,2023.2096,-1.4,-28.4,1.13,2.1,2.2,6.1
2023-03-19,2023.2123,-3.1,-26.3,3.27,2.1,2.2,6.2
2023-03-20,2023.2151,-1.8,-25.9,5.4,2.1,2.2,6.3
2023-03-21,2023.2178,-1.5,-26.5,5.9,2.7,2.8,7.2
2023-03-22,2023.2205,-2.3,-24.6,3.0,2.1,2.1,6.0
2023-03-23,2023.2233,-1.5,-23.4,2.7,2.4,2.6,6.7
2023-03-24,2023.226,-3.7,-23.5,1.3,2.1,2.0,5.8
2023-03-25,2023.2288,-2.4,-25.0,-1.0,2.3,2.4,6.3
2023-03-26,2023.2315,-3.5,-25.4,6.9,2.1,2.4,5.9
2023-03-27,2023.2342,-3.4,-24.0,2.8,2.0,2.1,5.8
2023-03-28,2023.237,-3.2,-22.3,3.8,2.3,2.4,6.5
2023-03-29,2023.2397,-3.3,-24.4,5.3,2.1,2.2,6.2
2023-03-30,2023.2425,-2.0,-25.9,7.5,2.3,2.8,6.6
2023-03-31,2023.2452,-1.6,-23.2,7.0,2.2,2.2,6.1
2023-04-01,2023.2479,-2.1,-24.7,7.2,2.5,2.7,7.1
2023-04-02,2023.2507,-1.0,-23.5,2.0,2.4,2.5,6.9
2023-04-03,2023.2534,-1.3,-24.5,2.8,2.5,2.7,7.0
2023-04-04,2023.2562,-0.6,-23.5,-1.2,2.5,2.5,6.9
2023-04-05,2023.2589,-1.4,-21.7,-0.6,2.2,2.3,6.1
2023-04-06,2023.2616,-2.5,-23.9,-1.5,2.4,2.4,6.7
2023-04-07,2023.2644,-2.1,-23.5,-1.8,2.1,2.2,5.8
2023-04-08,2023.2671,-2.3,-21.8,-1.9,2.2,2.3,6.4
2023-04-09,2023.2699,-2.6,-24.0,6.7,2.3,2.3,6.6
2023-04-10,2023.2726,-1.6,-22.5,3.2,2.2,2.2,6.1
2023-04-11,2023.2753,-4.4,-21.1,4.6,2.5,2.6,7.0
2023-04-12,2023.2781,-2.0,-20.7,0.7,2.5,2.6,7.3
2023-04-13,2023.2808,-2.6,-23.2,-2.1,2.4,2.5,6.8
2023-04-14,2023.2836,-0.6,-21.6,-1.1,2.2,2.2,6.2
2023-04-15,2023.2863,-2.6,-22.8,6.7,2.4,2.5,6.7
2023-04-16,2023.289,-1.7,-24.7,9.8,2.6,2.7,7.3
2023-04-17,2023.2918,-2.6,-22.9,3.7,2.4,2.5,6.6
2023-04-18,2023.2945,0.1,-22.8,5.8,2.3,2.4,6.7
2023-04-19,2023.2973,0.7,-23.8,3.3,2.5,2.6,7.1
2023-04-20,2023.3,-1.0,-24.6,2.9,2.7,2.8,7.4
2023-04-21,2023.3027,-2.1,-22.6,2.0,2.5,2.6,6.9
2023-04-22,2023.3055,-1.9,-21.0,-0.0,2.1,2.1,6.4
2023-04-23,2023.3082,-2.1,-21.9,-5.7,2.3,2.3,6.4
2023-04-24,2023.311,-2.6,-19.8,-5.4,2.2,2.1,6.3
2023-04-25,2023.3137,-3.7,-23.6,-0.6,2.4,2.5,6.8
2023-04-26,2023.3164,-2.7,-23.4,-0.2,2.6,2.6,7.3
2023-04-27,2023.3192,-1.5,-20.5,-3.2,2.4,2.3,6.4
2023-04-28,2023.3219,-1.2,-20.9,-1.7,2.4,2.5,6.8
2023-04-29,2023.3247,-2.5,-22.3,6.2,2.1,2.1,6.3
2023-04-30,2023.3274,-3.9,-20.4,4.3,2.2,2.2,6.4
2023-05-01,2023.3301,-4.3,-20.5,7.5,2.6,2.7,6.9
2023-05-02,2023.3329,-3.8,-20.5,1.4,2.6,2.6,7.1
2023-05-03,2023.3356,-1.6,-21.2,3.8,2.3,2.2,6.5
2023-05-04,2023.3384,-1.9,-19.8,3.0,2.2,2.2,6.5
2023-05-05,2023.3411,-2.0,-21.5,1.5,2.3,2.3,6.6
2023-05-06,2023.3438,-0.6,-21.0,-0.3,2.6,2.7,7.2
2023-05-07,2023.3466,-2.1,-21.9,-2.3,2.9,2.9,8.0
2023-05-08,2023.3493,-1.0,-21.1,-1.4,2.5,2.5,6.9
2023-05-09,2023.3521,-0.3,-20.0,-1.1,2.3,2.4,6.6
2023-05-10,2023.3548,-1.4,-19.8,-2.1,2.6,2.7,7.4
2023-05-11,2023.3575,-1.7,-21.1,-3.1,2.3,2.3,6.5
2023-05-12,2023.3603,-2.6,-19.3,2.4,2.4,2.4,6.9
2023-05-13,2023.363,-2.9,-19.7,3.9,2.2,2.1,6.4
2023-05-14,2023.3658,-2.4,-18.8,3.3,2.4,2.3,6.7
2023-05-15,2023.3685,-2.0,-19.5,0.3,2.8,2.7,7.7
2023-05-16,2023.3712,-3.1,-20.5,0.1,2.5,2.4,7.3
2023-05-17,2023.374,-2.2,-20.9,-1.7,2.7,2.8,7.6
2023-05-18,2023.3767,-2.1,-19.1,-3.1,2.7,2.7,7.7
2023-05-19,2023.3795,-3.9,-17.9,-0.3,2.5,2.4,7.0
2023-05-20,2023.3822,-1.1,-18.7,-4.0,2.6,2.7,7.5
2023-05-21,2023.3849,-1.8,-16.2,-0.0,2.6,2.6,7.2
2023-05-22,2023.3877,-1.6,-18.7,-4.3,2.6,2.6,7.6
2023-05-23,2023.3904,-2.9,-19.0,-3.5,2.4,2.3,6.8
2023-05-24,2023.3932,-2.9,-18.3,-1.9,2.3,2.3,6.9
2023-05-25,2023.3959,-2.3,-17.6,-0.7,2.8,2.8,7.6
2023-05-26,2023.3986,-0.8,-19.2,-2.6,2.4,2.4,7.0
2023-05-27,2023.4014,-0.5,-19.1,-5.9,2.5,2.6,7.0
2023-05-28,2023.4041,-0.7,-18.2,-4.6,2.8,2.7,7.8
2023-05-29,2023.4068,1.2,-19.0,-5.2,3.0,3.0,8.6
2023-05-30,2023.4096,0.3,-16.5,-3.2,2.7,2.7,7.9
2023-05-31,2023.4123,-0.9,-15.9,-2.4,2.9,2.7,7.7
2023-06-01,2023.4151,-0.4,-20.0,-0.2,2.4,2.4,6.7
2023-06-02,2023.4178,0.2,-17.8,-0.4,2.6,2.8,7.3
2023-06-03,2023.4205,-0.1,-19.0,-3.7,2.3,2.3,6.6
2023-06-04,2023.4233,0.4,-20.2,-4.2,2.7,2.9,7.7
2023-06-05,2023.426,-1.9,-16.5,-1.7,2.5,2.7,7.6
2023-06-06,2023.4288,-0.6,-16.7,-0.8,2.8,2.8,8.1
2023-06-07,2023.4315,1.4,-18.1,-3.8,2.7,2.8,7.7
2023-06-08,2023.4342,-0.7,-18.7,-2.1,2.6,2.6,7.4
2023-06-09,2023.437,-2.9,-18.0,-0.25,2.7,2.7,7.3
2023-06-10,2023.4397,-1.0,-17.2,1.6,2.4,2.5,7.2
2023-06-11,2023.4425,-3.6,-17.1,0.3,2.7,2.8,7.6
2023-06-12,2023.4452,-0.0,-17.2,-0.6,2.8,2.7,7.8
2023-06-13,2023.4479,-0.4,-17.1,0.2,2.8,2.9,7.7
2023-06-14,2023.4507,-0.4,-17.4,4.6,2.6,2.6,7.5
2023-06-15,2023.4534,-1.2,-15.9,4.75,2.8,2.8,7.35
2023-06-16,2023.4562,-3.7,-16.2,4.9,2.5,2.4,7.2
2023-06-17,2023.4589,-2.2,-17.5,2.5,2.8,2.7,8.1
2023-06-18,2023.4616,-2.5,-18.1,0.5,2.8,2.9,7.9
2023-06-19,2023.4644,-3.5,-15.7,4.3,2.5,2.4,7.2
2023-06-20,2023.4671,-2.7,-17.9,-5.3,2.8,2.8,7.6
2023-06-21,2023.4699,-0.4,-19.0,0.3,4.1,4.5,13.5
2023-06-22,,,,,,,
2023-06-23,,,,,,,
2023-06-24,,,,,,,
2023-06-25,,,,,,,
2023-06-26,,,,,,,
2023-06-27,2023.4863,-2.2,-16.7,-0.1,2.8,2.6,10.4
2023-06-28,2023.489,-1.7,-16.0,-0.5,2.4,2.4,7.3
2023-06-29,2023.4918,-3.1,-15.5,-1.8,3.0,3.0,8.4
2023-06-30,2023.4945,-3.1,-14.4,2.1,2.7,2.6,7.6
2023-07-01,2023.4973,-2.1,-15.9,1.9,2.8,2.8,8.9
2023-07-02,2023.5,-3.8,-16.6,-2.5,2.6,2.5,8.0
2023-07-03,2023.5027,-2.9,-14.9,2.1,2.9,2.8,8.8
2023-07-04,2023.5055,-3.9,-15.4,-0.2,2.8,2.8,7.6
2023-07-05,2023.5082,-2.5,-16.4,-1.0,2.4,2.4,6.9
2023-07-06,2023.511,-4.5,-14.1,2.5,2.3,2.2,6.5
2023-07-07,2023.5137,-4.2,-16.8,3.0,2.5,2.4,7.2
2023-07-08,2023.5164,-2.5,-15.5,2.9,2.7,2.5,7.6
2023-07-09,2023.5192,-4.5,-14.9,3.7,2.5,2.5,7.2
2023-07-10,2023.5219,-3.0,-15.5,4.3,2.9,2.8,8.1
2023-07-11,2023.5247,-4.5,-14.4,2.3,3.1,2.9,8.5
2023-07-12,2023.5274,-5.5,-12.4,5.5,3.1,2.9,9.7
2023-07-13,2023.5301,-2.8,-14.7,0.9,2.6,2.5,7.9
2023-07-14,2023.5329,-6.3,-14.4,2.3,2.9,2.8,8.9
2023-07-15,2023.5356,-2.9,-12.7,-1.85,2.9,2.9,8.65
2023-07-16,2023.5384,-4.3,-15.5,-6.0,2.9,3.0,8.4
2023-07-17,2023.5411,-6.0,-12.9,-2.0,2.5,2.4,7.2
2023-07-18,2023.5438,-3.7,-14.8,-5.6,2.8,2.7,8.1
2023-07-19,2023.5466,-5.2,-11.6,2.4,2.8,2.6,8.5
2023-07-20,2023.5493,-6.8,-14.2,-1.8,2.6,2.6,7.6
2023-07-21,2023.5521,-5.3,-13.9,-0.1,2.6,2.6,7.8
2023-07-22,2023.5548,-4.3,-15.0,5.3,2.9,3.0,8.2
2023-07-23,2023.5575,-6.3,-13.4,3.7,3.0,2.9,8.4
2023-07-24,2023.5603,-4.8,-12.2,6.0,2.8,2.8,8.4
2023-07-25,2023.563,-7.6,-12.5,4.5,2.8,2.7,8.5
2023-07-26,2023.5658,-5.3,-13.6,0.3,2.6,2.5,7.7
2023-07-27,2023.5685,-3.2,-13.6,3.9,2.6,2.6,7.5
2023-07-28,2023.5712,-5.5,-13.3,4.7,2.8,2.8,8.05
2023-07-29,2023.574,-5.5,-11.7,5.5,2.9,2.9,8.6
2023-07-30,2023.5767,-5.7,-10.6,2.4,2.5,2.5,7.3
2023-07-31,2023.5795,-5.7,-12.6,4.6,2.6,2.5,7.9
2023-08-01,2023.5822,-6.4,-12.1,1.7,2.8,2.8,8.3
2023-08-02,2023.5849,-4.1,-12.1,2.3,3.0,3.0,8.6
2023-08-03,2023.5877,-7.3,-12.3,5.5,2.8,2.8,8.3
2023-08-04,2023.5904,-4.5,-10.4,4.1,2.6,2.6,7.8
2023-08-05,2023.5932,-3.6,-12.2,-0.4,3.0,2.9,8.9
2023-08-06,2023.5959,-4.3,-10.9,5.2,2.6,2.7,8.0
2023-08-07,2023.5986,-4.7,-10.4,9.1,2.4,2.4,7.0
2023-08-08,2023.6014,-5.5,-10.0,2.0,2.7,2.7,7.5
2023-08-09,2023.6041,-4.0,-12.0,-1.2,2.7,2.8,8.5
2023-08-10,2023.6068,-8.4,-9.6,0.1,3.5,3.4,10.7
2023-08-11,2023.6096,-5.6,-11.1,4.8,3.2,3.3,9.8
2023-08-12,2023.6123,-6.6,-8.8,6.4,3.3,3.3,9.6
2023-08-13,2023.6151,-5.2,-9.7,1.2,2.8,2.8,8.7
2023-08-14,2023.6178,-5.8,-8.5,-1.6,2.8,2.7,8.1
2023-08-15,2023.6205,-6.6,-10.0,0.2,2.8,2.7,8.4
2023-08-16,2023.6233,-4.0,-11.1,-5.9,2.8,2.8,8.1
2023-08-17,2023.626,-4.0,-10.8,-4.0,3.4,3.4,9.5
2023-08-18,2023.6288,-4.4,-10.8,0.6,3.1,3.2,8.9
2023-08-19,2023.6315,-4.4,-9.3,-5.6,2.4,2.4,7.2
2023-08-20,2023.6342,-4.3,-11.3,-2.4,2.4,2.4,7.4
2023-08-21,2023.637,-5.3,-9.9,2.1,2.7,2.6,8.1
2023-08-22,2023.6397,-5.8,-9.1,0.6,2.7,2.8,7.8
2023-08-23,2023.6425,-5.9,-8.8,0.6,2.3,2.3,6.9
2023-08-24,2023.6452,-3.8,-9.4,3.2,2.5,2.4,7.3
2023-08-25,2023.6479,-5.8,-7.9,3.2,2.5,2.5,7.3
2023-08-26,2023.6507,-5.5,-9.8,0.8,2.9,2.7,8.1
2023-08-27,2023.6534,-5.5,-9.1,0.3,3.1,2.9,9.0
2023-08-28,2023.6562,-6.1,-9.4,-0.8,2.1,2.0,5.6
2023-08-29,2023.6589,-4.3,-9.0,0.0,2.3,2.2,6.9
2023-08-30,2023.6616,-5.4,-10.4,-1.9,1.9,2.0,5.6
2023-08-31,2023.6644,-5.4,-8.7,-3.2,2.4,2.4,7.2
2023-09-01,2023.6671,-6.2,-8.8,-1.2,1.7,1.7,4.1
2023-09-02,2023.6699,-5.3,-9.7,0.5,1.7,1.7,4.1
2023-09-03,2023.6726,-4.5,-8.9,5.5,1.8,1.8,5.1
2023-09-04,2023.6753,-6.5,-9.6,3.1,2.1,2.1,5.6
2023-09-05,2023.6781,-5.9,-8.8,1.3,2.0,2.0,5.3
2023-09-06,2023.6808,-4.6,-8.5,-4.7,2.1,2.1,5.8
2023-09-07,2023.6836,-4.1,-9.9,-1.0,2.1,2.1,5.7
2023-09-08,2023.6863,-5.3,-10.6,-0.3,2.4,2.4,7.1
2023-09-09,2023.689,-7.0,-11.7,-0.5,2.5,2.6,7.1
2023-09-10,2023.6918,-6.8,-9.1,-1.8,2.2,2.3,6.7
2023-09-11,2023.6945,-5.5,-8.1,-3.1,3.0,3.2,8.9
2023-09-12,,,,,,,
2023-09-13,,,,,,,
2023-09-14,,,,,,,
2023-09-15,,,,,,,
2023-09-16,,,,,,,
2023-09-17,,,,,,,
2023-09-18,,,,,,,
2023-09-19,,,,,,,
2023-09-20,,,,,,,
2023-09-21,2023.7219,-6.2,-7.6,-2.75,2.8,2.7,8.05
2023-09-22,2023.7247,-6.8,-6.9,-2.4,2.5,2.5,7.2
2023-09-23,2023.7274,-6.1,-6.4,-1.2,2.6,2.6,7.4
2023-09-24,2023.7301,-7.2,-7.2,-5.0,2.2,2.2,6.9
2023-09-25,2023.7329,-5.3,-8.5,-3.3,2.3,2.3,6.8
2023-09-26,2023.7356,-5.6,-9.0,-2.0,2.4,2.4,6.8
2023-09-27,2023.7384,-5.8,-7.8,1.2,2.1,2.1,6.2
2023-09-28,2023.7411,-5.0,-9.3,0.6,2.1,2.1,6.0
2023-09-29,2023.7438,-6.5,-8.7,3.4,2.5,2.5,7.1
2023-09-30,2023.7466,-7.3,-7.2,3.75,2.5,2.6,6.75
2023-10-01,2023.7493,-7.5,-10.0,4.1,2.3,2.3,6.4
2023-10-02,2023.7521,-6.3,-6.2,7.7,2.4,2.3,6.9
2023-10-03,2023.7548,-6.6,-3.6,3.6,2.8,2.9,7.6
2023-10-04,2023.7575,-6.2,-7.3,3.3,2.3,2.3,6.7
2023-10-05,2023.7603,-3.2,-6.4,2.5,2.3,2.3,6.4
2023-10-06,2023.763,-6.2,-7.3,0.6,2.2,2.2,6.3
2023-10-07,2023.7658,-6.5,-5.8,-0.5,2.3,2.2,6.5
2023-10-08,2023.7685,-7.0,-8.0,-0.7,2.4,2.4,6.7
2023-10-09,2023.7712,-7.1,-6.9,-0.6,2.3,2.2,6.5
2023-10-10,2023.774,-6.5,-7.1,-0.2,2.2,2.2,6.5
2023-10-11,2023.7767,-6.6,-7.1,-2.3,2.5,2.6,7.1
2023-10-12,2023.7795,-5.9,-7.4,-1.0,2.3,2.3,6.6
2023-10-13,2023.7822,-5.8,-8.3,-2.9,2.6,2.8,7.1
2023-10-14,2023.7849,-7.2,-4.9,5.3,2.2,2.2,6.2
2023-10-15,2023.7877,-6.4,-6.6,5.8,2.7,2.9,7.3
2023-10-16,2023.7904,-6.2,-8.8,2.1,2.5,2.6,6.9
2023-10-17,2023.7932,-6.3,-8.3,-3.2,2.6,2.6,7.3
2023-10-18,2023.7959,-6.3,-7.7,-1.7,2.4,2.7,6.5
2023-10-19,2023.7986,-4.7,-5.3,-3.1,2.3,2.3,6.5
2023-10-20,2023.8014,-7.5,-7.5,3.3,2.3,2.3,6.6
2023-10-21,2023.8041,-5.0,-7.6,0.0,2.5,2.4,6.9
2023-10-22,2023.8068,-6.7,-6.8,2.6,2.2,2.4,6.4
2023-10-23,2023.8096,-6.6,-6.9,1.8,2.2,2.2,6.3
2023-10-24,2023.8123,-6.3,-7.8,0.5,2.4,2.5,6.9
2023-10-25,2023.8151,-6.4,-5.5,1.4,2.3,2.3,6.5
2023-10-26,2023.8178,-5.9,-6.8,2.5,2.4,2.4,6.8
2023-10-27,2023.8205,-5.7,-8.1,2.4,2.3,2.3,6.6
2023-10-28,2023.8233,-4.7,-5.0,-0.8,2.4,2.4,6.8
2023-10-29,2023.826,-6.4,-5.9,1.7,2.3,2.3,6.7
2023-10-30,2023.8288,-7.1,-4.5,1.7,2.4,2.4,6.8
2023-10-31,2023.8315,-5.6,-6.9,3.4,2.2,2.4,6.4
2023-11-01,2023.8342,-6.1,-6.2,-0.7,2.1,2.1,6.2
2023-11-02,2023.837,-4.1,-7.9,-2.7,2.5,2.6,7.2
2023-11-03,2023.8397,-6.3,-5.1,-2.9,2.3,2.2,6.7
2023-11-04,2023.8425,-4.3,-6.8,-5.2,2.2,2.3,6.4
2023-11-05,2023.8452,-3.7,-7.3,-4.1,2.3,2.2,6.5
2023-11-06,2023.8479,-5.1,-7.5,-2.6,2.8,3.1,8.2
2023-11-07,2023.8507,-3.4,-5.2,-2.1,2.7,2.6,7.8
2023-11-08,2023.8534,-3.2,-5.9,-2.2,2.3,2.2,6.5
2023-11-09,2023.8562,-4.5,-5.9,-2.1,2.8,2.6,7.3
2023-11-10,2023.8589,-5.0,-8.8,-4.4,2.5,2.4,6.9
2023-11-11,2023.8616,-4.6,-10.5,-6.2,2.4,2.4,7.2
2023-11-12,2023.8644,-5.8,-9.6,-5.25,2.5,2.4,6.75
2023-11-13,2023.8671,-2.4,-5.6,-4.3,2.2,2.1,6.3
2023-11-14,2023.8699,-4.2,-6.9,-9.1,2.3,2.2,6.7
2023-11-15,2023.8726,-2.7,-6.0,-9.5,2.7,2.7,7.1
2023-11-16,2023.8753,-4.2,-8.0,-5.5,2.3,2.2,6.5
2023-11-17,2023.8781,-3.7,-8.2,-2.9,2.1,2.0,6.1
2023-11-18,2023.8808,-4.5,-9.0,-0.6,2.1,2.1,6.2
2023-11-19,2023.8836,-7.2,-9.0,-3.9,2.2,2.1,6.3
2023-11-20,2023.8863,-6.2,-9.6,-1.3,2.2,2.1,6.7
2023-11-21,2023.889,-6.1,-7.2,-3.1,2.2,2.1,6.4
2023-11-22,2023.8918,-4.2,-7.6,-1.5,2.5,2.4,7.0
2023-11-23,2023.8945,-3.6,-8.2,3.4,2.3,2.3,6.6
2023-11-24,2023.8973,-5.3,-8.9,-2.5,2.1,2.0,6.1
2023-11-25,2023.9,-4.6,-7.8,-1.5,2.1,2.1,6.3
2023-11-26,2023.9027,-5.5,-8.6,-2.2,2.2,2.2,6.5
2023-11-27,2023.9055,-5.0,-8.1,2.5,2.4,2.4,6.7
2023-11-28,2023.9082,-5.5,-7.6,-1.6,2.2,2.2,6.4
2023-11-29,2023.911,-3.3,-7.4,-3.3,2.2,2.1,6.2
2023-11-30,2023.9137,-1.9,-4.6,-4.0,2.2,2.1,6.5
2023-12-01,2023.9164,-0.6,-0.6,-2.3,2.2,2.1,6.1
2023-12-02,2023.9192,-1.9,-6.5,-2.9,2.0,2.0,5.8
2023-12-03,2023.9219,-2.4,-5.5,-0.5,2.2,2.3,6.4
2023-12-04,2023.9247,-3.1,-3.3,1.5,2.5,2.4,7.2
2023-12-05,2023.9274,-3.5,-3.6,-1.8,2.4,2.4,6.6
2023-12-06,2023.9301,-4.8,-6.9,-0.3,2.1,2.0,6.47
2023-12-07,2023.9329,-5.7,-7.3,1.2,2.3,2.2,6.33
2023-12-08,2023.9356,-2.1,-6.8,2.7,2.1,2.0,6.2
2023-12-09,2023.9384,-2.3,-8.0,0.5,2.2,2.1,6.4
2023-12-10,2023.9411,-1.7,-8.7,-4.8,2.2,2.0,6.5
2023-12-11,2023.9438,-2.7,-7.9,1.0,2.1,2.0,6.3
2023-12-12,2023.9466,-1.3,-8.3,4.3,2.1,2.0,6.6
2023-12-13,2023.9493,-0.9,-9.2,-5.8,2.3,2.2,6.5
2023-12-14,2023.9521,1.6,-5.1,-9.3,2.4,2.3,6.6
2023-12-15,2023.9548,-1.1,-0.2,-9.05,2.4,2.3,6.75
2023-12-16,2023.9575,-2.1,-0.1,-8.8,2.7,2.6,6.9
2023-12-17,2023.9603,-3.9,1.6,-8.9,2.2,2.2,6.1
2023-12-18,,,,,,,
2023-12-19,2023.9658,-1.6,1.1,-6.8,2.0,2.0,5.9
2023-12-20,2023.9685,-4.0,-1.1,-5.3,2.5,2.5,6.9
2023-12-21,2023.9712,-3.4,1.5,-6.9,2.2,2.1,6.5
2023-12-22,2023.974,-2.7,0.7,-7.2,2.4,2.3,6.6
2023-12-23,2023.9767,-3.3,-1.7,-7.5,2.1,2.0,6.0
2023-12-24,2023.9795,-3.8,1.0,-1.1,2.0,1.9,5.9
2023-12-25,2023.9822,-3.5,-0.5,-3.4,2.3,2.2,6.5
2023-12-26,2023.9849,-4.3,0.3,1.6,2.1,2.0,5.9
2023-12-27,2023.9877,-3.7,-0.4,-0.0,2.2,2.1,6.2
2023-12-28,2023.9904,-3.2,0.2,-1.8,2.1,2.0,6.1
2023-12-29,2023.9932,-3.5,0.8,1.1,2.2,2.2,6.3
2023-12-30,2023.9959,-4.0,1.4,-0.6,2.1,2.0,6.1
2023-12-31,2023.9986,-2.0,1.4,-3.2,2.1,2.0,6.2
2024-01-01,2024.0014,-1.3,0.5,-5.5,2.3,2.2,6.5
2024-01-02,2024.0041,-0.8,1.5,-2.5,2.6,2.6,7.0
2024-01-03,2024.0068,-1.8,2.0,1.8,2.2,2.1,6.1
2024-01-04,2024.0096,-1.1,0.4,0.3,2.2,2.1,6.3
2024-01-05,2024.0123,-0.5,0.2,-1.1,2.6,2.5,7.3
2024-01-06,2024.015,-0.9,-0.1,0.7,2.1,2.0,6.0
2024-01-07,2024.0178,0.4,-2.0,0.1,2.4,2.3,6.9
2024-01-08,2024.0205,-1.8,-0.2,0.8,2.2,2.1,6.2
2024-01-09,2024.0232,-2.4,-1.9,4.0,2.4,2.3,6.5
2024-01-10,2024.026,-0.4,-0.6,6.1,2.4,2.3,6.5
2024-01-11,2024.0287,-1.4,-1.1,6.2,2.4,2.3,6.6
2024-01-12,2024.0314,-1.3,-2.7,2.3,2.6,2.6,7.1
2024-01-13,2024.0342,-2.5,0.4,3.7,2.1,2.0,6.0
2024-01-14,2024.0369,-1.2,-1.7,4.1,2.2,2.2,6.2
2024-01-15,2024.0396,-1.2,-2.9,5.1,2.3,2.2,6.6
2024-01-16,2024.0423,0.1,-2.3,3.1,2.4,2.4,6.4
2024-01-17,2024.0451,1.8,-1.7,0.4,2.2,2.2,6.3
2024-01-18,2024.0478,-0.5,0.4,2.7,2.4,2.4,6.9
2024-01-19,2024.0505,1.2,-0.1,-6.0,2.3,2.2,6.5
2024-01-20,2024.0533,2.8,-0.8,-7.0,2.3,2.2,6.4
2024-01-21,2024.056,2.0,0.5,-5.8,2.3,2.3,6.6
2024-01-22,2024.0587,1.0,-0.9,-7.6,2.2,2.1,6.3
2024-01-23,2024.0615,1.9,-0.1,-6.5,2.3,2.3,6.4
2024-01-24,2024.0642,1.6,1.0,-5.7,2.2,2.2,6.4
2024-01-25,2024.0669,1.4,0.1,-2.3,2.5,2.4,6.9
2024-01-26,2024.0697,2.5,1.7,-2.5,2.3,2.3,6.5
2024-01-27,2024.0724,1.0,1.0,-3.9,2.1,2.1,6.2
2024-01-28,2024.0751,0.8,2.3,0.5,2.3,2.3,6.6
2024-01-29,2024.0779,-0.5,2.4,4.2,2.2,2.2,6.5
2024-01-30,2024.0806,-0.6,0.7,2.2,2.2,2.2,6.4
2024-01-31,2024.0833,0.0,3.6,5.7,2.2,2.3,6.7
2024-02-01,,,,,,,
2024-02-02,,,,,,,
2024-02-03,,,,,,,
2024-02-04,,,,,,,
2024-02-05,,,,,,,
2024-02-06,,,,,,,
2024-02-07,,,,,,,
2024-02-08,,,,,,,
2024-02-09,,,,,,,
2024-02-10,,,,,,,
2024-02-11,2024.1134,2.0,3.7,1.3,3.4,4.1,11.3
2024-02-12,,,,,,,
2024-02-13,,,,,,,
2024-02-14,,,,,,,
2024-02-15,,,,,,,
2024-02-16,,,,,,,
2024-02-17,,,,,,,
2024-02-18,,,,,,,
2024-02-19,,,,,,,
2024-02-20,,,,,,,
2024-02-21,,,,,,,
2024-02-22,,,,,,,
2024-02-23,,,,,,,
2024-02-24,,,,,,,
2024-02-25,,,,,,,
2024-02-26,,,,,,,
2024-02-27,,,,,,,
2024-02-28,,,,,,,
2024-02-29,,,,,,,
2024-03-01,,,,,,,
2024-03-02,,,,,,,
2024-03-03,,,,,,,
2024-03-04,,,,,,,
2024-03-05,,,,,,,
2024-03-06,,,,,,,
2024-03-07,,,,,,,
2024-03-08,,,,,,,
2024-03-09,,,,,,,
2024-03-10,,,,,,,
2024-03-11,,,,,,,
2024-03-12,,,,,,,
2024-03-13,2024.1981,-2.4,4.7,6.5,2.3,2.4,6.7
2024-03-14,2024.2008,-2.5,2.1,6.9,2.7,2.8,7.3
2024-03-15,2024.2036,-2.1,2.2,0.9,2.7,2.8,7.3
2024-03-16,2024.2063,-4.0,5.5,-1.1,2.3,2.3,6.7
2024-03-17,2024.209,-3.8,4.9,-3.7,2.3,2.4,6.4
2024-03-18,2024.2117,-1.9,4.9,-4.6,2.5,3.1,7.5
2024-03-19,2024.2145,-3.3,6.7,0.6,2.1,2.1,6.0
2024-03-20,2024.2172,-3.5,6.8,2.0,2.3,2.4,6.9
2024-03-21,2024.2199,-5.9,9.1,10.3,2.3,2.3,6.7
2024-03-22,2024.2227,-5.0,6.6,8.2,2.6,2.8,7.2
2024-03-23,2024.2254,-4.1,7.6,2.9,2.5,2.6,6.9
2024-03-24,2024.2281,-3.6,9.4,3.1,2.2,2.3,6.4
2024-03-25,2024.2309,-3.1,7.7,5.1,2.4,2.6,7.0
2024-03-26,2024.2336,-2.9,8.2,-0.5,2.5,2.6,7.0
2024-03-27,2024.2363,-1.9,7.8,2.0,2.6,2.6,7.0
2024-03-28,2024.2391,-1.1,8.6,0.9,2.6,2.8,7.2
2024-03-29,2024.2418,-3.1,6.6,6.2,2.5,2.8,7.0
2024-03-30,2024.2445,-5.2,10.3,3.7,2.4,2.5,6.6
2024-03-31,2024.2473,-1.5,8.4,7.6,2.6,2.8,7.2
2024-04-01,2024.25,-3.1,5.6,4.0,2.6,2.6,7.1
2024-04-02,2024.2527,-1.0,6.7,-4.9,2.6,2.8,7.5
2024-04-03,2024.2555,-0.9,7.2,-0.2,2.4,2.5,6.8
2024-04-04,2024.2582,-2.7,7.0,4.6,2.3,2.4,6.7
2024-04-05,2024.2609,-1.7,8.3,3.9,2.3,2.3,6.4
2024-04-06,2024.2637,-1.7,8.6,-2.1,2.5,2.5,7.0
2024-04-07,2024.2664,-1.3,8.6,-2.6,2.3,2.4,6.6
2024-04-08,2024.2691,-2.1,7.5,-0.5,2.2,2.3,6.5
2024-04-09,2024.2719,-2.2,9.0,2.9,2.3,2.4,6.7
2024-04-10,2024.2746,-1.0,8.5,0.9,2.5,2.6,7.4
2024-04-11,2024.2773,-1.2,9.2,1.2,2.4,2.5,6.9
2024-04-12,2024.2801,-2.6,9.7,5.6,2.6,2.7,7.5
2024-04-13,2024.2828,-2.6,7.6,3.9,2.5,2.7,7.0
2024-04-14,2024.2855,-2.1,8.5,4.7,2.2,2.3,6.6
2024-04-15,2024.2883,-1.5,7.7,3.6,2.3,2.4,6.8
2024-04-16,2024.291,-1.4,8.1,6.05,2.5,2.7,6.8
2024-04-17,2024.2937,-0.7,9.5,8.5,2.3,2.4,6.8
2024-04-18,2024.2964,0.5,10.0,3.8,2.5,2.7,7.3
2024-04-19,2024.2992,-0.4,6.5,8.9,2.6,2.7,7.7
2024-04-20,2024.3019,-2.7,7.3,2.7,2.5,2.6,7.6
2024-04-21,2024.3046,-0.3,8.6,1.5,2.5,2.6,7.1
2024-04-22,2024.3074,-2.1,8.8,7.0,2.6,2.8,7.3
2024-04-23,2024.3101,-0.1,7.3,4.7,2.6,2.9,7.6
2024-04-24,2024.3128,-1.9,8.2,8.3,2.7,2.9,7.5
2024-04-25,2024.3156,-2.6,9.5,4.4,2.7,2.9,7.6
2024-04-26,2024.3183,-3.2,11.0,2.7,2.6,2.9,7.5
2024-04-27,2024.321,-1.4,7.5,1.0,2.7,2.8,7.5
2024-04-28,2024.3238,-1.1,8.9,1.9,2.5,2.8,7.3
2024-04-29,2024.3265,-1.6,8.1,-0.3,2.3,2.3,6.7
2024-04-30,2024.3292,-0.9,8.8,-0.7,2.4,2.4,7.1
2024-05-01,2024.332,-0.6,10.8,4.0,2.4,2.4,7.0
2024-05-02,2024.3347,-2.4,9.8,1.4,2.6,2.6,7.0
2024-05-03,2024.3374,-2.6,9.9,3.1,2.2,2.3,6.6
2024-05-04,2024.3402,-1.8,10.0,1.6,2.4,2.4,7.1
2024-05-05,2024.3429,-2.4,10.7,0.8,2.3,2.4,6.5
2024-05-06,2024.3456,-0.3,9.1,0.3,2.2,2.4,6.7
2024-05-07,2024.3484,-0.9,10.4,-0.2,2.5,2.6,7.2
2024-05-08,2024.3511,-1.7,12.3,2.2,2.7,2.7,7.5
2024-05-09,2024.3538,-1.0,9.0,0.55,2.6,2.6,7.35
2024-05-10,2024.3566,0.4,13.2,-1.1,2.4,2.5,7.2
2024-05-11,2024.3593,-3.5,12.6,-2.4,2.4,2.4,6.9
2024-05-12,2024.362,-2.8,11.1,2.8,2.3,2.4,6.8
2024-05-13,2024.3648,-3.0,13.0,3.2,2.4,2.4,7.1
2024-05-14,2024.3675,-1.7,11.3,-0.3,2.4,2.4,7.0
2024-05-15,2024.3702,0.5,12.8,0.1,2.6,2.6,7.2
2024-05-16,2024.373,-0.1,10.2,4.3,2.4,2.4,6.8
2024-05-17,2024.3757,0.2,12.7,2.3,2.6,2.9,7.3
2024-05-18,2024.3784,-1.6,14.1,0.3,2.6,2.8,7.6
2024-05-19,2024.3811,-1.1,12.9,4.1,2.6,2.7,7.4
2024-05-20,2024.3839,-2.1,13.4,5.0,2.4,2.4,7.1
2024-05-21,2024.3866,-1.6,13.2,0.9,2.4,2.5,7.1
2024-05-22,2024.3893,-2.8,14.3,2.7,2.3,2.3,6.7
2024-05-23,2024.3921,-1.0,13.4,1.8,2.6,2.6,7.8
2024-05-24,2024.3948,-3.4,14.2,1.8,2.6,2.6,7.4
2024-05-25,2024.3975,-1.9,12.3,0.4,2.6,2.6,7.6
2024-05-26,2024.4003,-2.8,13.7,1.1,2.5,2.4,7.4
2024-05-27,2024.403,-2.5,12.8,0.8,2.8,2.8,8.0
2024-05-28,2024.4057,-2.4,14.8,-1.0,2.9,3.0,8.1
2024-05-29,2024.4085,-3.4,14.7,3.5,2.6,2.6,7.4
2024-05-30,2024.4112,-2.4,12.4,-0.1,2.8,2.8,7.7
2024-05-31,2024.4139,-0.1,13.9,-2.6,2.5,2.4,7.1
2024-06-01,2024.4167,-2.3,13.7,-1.3,2.4,2.4,6.7
2024-06-02,2024.4194,-2.4,13.9,-0.9,2.6,2.7,7.4
2024-06-03,2024.4221,-3.1,12.6,-4.5,2.7,2.7,8.1
2024-06-04,2024.4249,-0.9,11.5,-5.7,2.9,2.9,7.9
2024-06-05,2024.4276,-1.8,12.6,-2.9,2.4,2.4,7.0
2024-06-06,2024.4303,-5.5,13.8,1.4,2.8,2.9,8.0
2024-06-07,2024.4331,-4.0,14.2,-0.5,2.7,2.8,7.8
2024-06-08,2024.4358,-1.4,13.0,-2.0,2.5,2.5,7.1
2024-06-09,2024.4385,-3.0,14.7,2.7,2.7,2.7,7.5
2024-06-10,2024.4413,-1.5,14.4,4.9,2.4,2.4,6.9
2024-06-11,2024.444,-1.2,14.4,-1.6,2.9,2.8,7.9
2024-06-12,2024.4467,-3.6,14.8,1.7,2.8,2.7,7.7
2024-06-13,2024.4495,-2.8,15.7,3.0,2.8,2.6,8.0
2024-06-14,2024.4522,-4.3,15.4,6.2,2.6,2.5,7.5
2024-06-15,2024.4549,-4.6,13.6,6.6,2.6,2.7,7.4
2024-06-16,2024.4577,-2.7,16.5,0.7,2.6,2.6,7.6
2024-06-17,2024.4604,-1.6,14.2,2.6,2.9,2.9,8.7
2024-06-18,2024.4631,-2.2,15.6,7.6,2.5,2.4,7.4
2024-06-19,,,,,,,
2024-06-20,2024.4686,-4.4,15.8,0.3,2.5,2.6,7.2
2024-06-21,2024.4713,-3.9,16.4,3.6,2.8,2.8,7.7
2024-06-22,2024.474,-4.2,16.4,3.5,2.7,2.7,7.6
2024-06-23,2024.4768,-2.5,15.2,5.9,2.8,2.8,7.7
2024-06-24,2024.4795,-4.5,16.4,6.8,2.6,2.5,7.4
2024-06-25,2024.4822,-3.0,16.2,-2.6,2.8,2.8,7.7
2024-06-26,2024.485,-2.8,14.6,-3.1,2.9,2.9,8.3
2024-06-27,2024.4877,-4.5,15.4,2.7,2.7,2.8,8.0
2024-06-28,2024.4904,-2.3,15.6,7.9,2.8,2.9,8.4
2024-06-29,2024.4932,-3.7,14.9,7.6,2.9,2.7,8.5
2024-06-30,2024.4959,-4.6,14.5,2.6,2.9,3.0,8.4
2024-07-01,2024.4986,-5.5,16.2,6.1,2.6,2.7,7.5
2024-07-02,2024.5014,-2.9,13.4,4.4,3.0,3.1,8.5
2024-07-03,2024.5041,-6.6,17.2,3.0,2.9,2.8,9.0
2024-07-04,2024.5068,-5.6,16.9,3.3,2.9,2.9,8.5
2024-07-05,2024.5096,-5.1,16.5,5.3,2.4,2.4,7.2
2024-07-06,2024.5123,-4.5,17.4,9.0,2.7,2.8,7.9
2024-07-07,2024.515,-4.2,15.4,2.3,2.9,3.0,8.5
2024-07-08,2024.5178,-4.6,19.0,3.4,2.6,2.6,7.7
2024-07-09,2024.5205,-5.0,17.6,2.3,2.6,2.7,8.0
2024-07-10,2024.5232,-4.7,16.3,1.2,2.8,2.7,8.3
2024-07-11,2024.526,-2.4,18.5,1.1,2.6,2.5,7.9
2024-07-12,2024.5287,-5.9,19.6,5.6,2.5,2.5,7.5
2024-07-13,2024.5314,-2.4,19.1,11.2,2.7,2.7,7.7
2024-07-14,2024.5342,-4.3,19.5,0.4,2.8,2.8,8.4
2024-07-15,2024.5369,-4.0,17.9,1.65,3.1,3.1,8.9
2024-07-16,2024.5396,-7.4,16.7,2.9,3.2,3.3,9.4
2024-07-17,2024.5423,-3.7,19.0,0.6,3.1,3.3,9.9
2024-07-18,2024.5451,-4.9,21.3,7.3,2.8,2.8,8.3
2024-07-19,2024.5478,-5.7,19.0,5.2,2.9,3.0,8.65
2024-07-20,2024.5505,-4.9,18.8,3.1,3.0,3.3,9.0
2024-07-21,2024.5533,-6.3,18.5,4.8,2.8,2.8,8.3
2024-07-22,2024.556,-3.3,18.3,2.8,3.4,3.4,10.4
2024-07-23,2024.5587,-5.3,19.8,-0.4,2.6,2.7,8.0
2024-07-24,2024.5615,-4.2,19.0,4.1,2.6,2.7,7.7
2024-07-25,2024.5642,-3.6,18.6,8.0,2.8,2.8,8.1
2024-07-26,2024.5669,-2.8,20.4,4.0,2.3,2.3,6.8
2024-07-27,2024.5697,-5.5,23.2,-3.6,2.7,2.6,7.7
2024-07-28,2024.5724,-4.1,20.4,3.3,3.0,3.0,8.9
2024-07-29,2024.5751,-4.0,19.5,-2.4,2.9,2.9,8.7
2024-07-30,2024.5779,-5.6,20.7,5.6,2.5,2.6,7.5
2024-07-31,2024.5806,-4.9,19.6,7.1,3.0,3.0,9.1
2024-08-01,2024.5833,-6.0,21.9,1.4,2.9,3.0,8.5
2024-08-02,2024.5861,-4.0,22.2,-5.8,3.2,3.1,9.7
2024-08-03,2024.5888,-7.3,20.3,-0.3,3.2,3.5,8.9
2024-08-04,2024.5915,-6.3,22.4,4.4,2.5,2.5,7.1
2024-08-05,2024.5943,-4.2,20.7,7.1,2.7,2.6,8.0
2024-08-06,2024.597,-3.3,20.4,5.5,2.9,2.8,8.3
2024-08-07,2024.5997,-5.3,21.4,5.8,2.6,2.7,7.6
2024-08-08,2024.6025,-3.1,20.5,-3.5,3.1,3.2,9.8
2024-08-09,2024.6052,-6.0,18.4,-2.9,3.1,3.2,8.8
2024-08-10,2024.6079,-6.4,19.2,0.3,2.7,2.8,8.0
2024-08-11,2024.6107,-5.7,18.7,2.4,2.6,2.5,7.6
2024-08-12,2024.6134,-5.3,21.2,-4.9,2.7,2.7,7.9
2024-08-13,2024.6161,-4.7,19.9,-0.9,2.7,2.8,8.4
2024-08-14,2024.6189,-6.5,21.5,-6.9,3.0,3.0,8.9
2024-08-15,2024.6216,-5.1,24.9,7.0,3.1,3.1,9.1
2024-08-16,2024.6243,-4.3,20.7,-3.9,2.8,2.9,7.9
2024-08-17,2024.627,-7.7,22.6,6.9,2.9,3.1,8.1
2024-08-18,2024.6298,-5.2,23.0,0.1,2.7,2.7,7.7
2024-08-19,2024.6325,-5.4,21.9,1.9,2.9,2.9,8.1
2024-08-20,2024.6352,-5.1,20.9,2.9,2.9,3.1,8.3
2024-08-21,2024.638,-4.6,20.8,-0.8,2.9,3.0,9.0
2024-08-22,2024.6407,-4.5,21.9,-5.3,2.6,2.6,7.3
2024-08-23,2024.6434,-4.7,21.9,3.0,2.7,2.9,8.2
2024-08-24,2024.6462,-6.3,21.6,-2.1,3.1,3.2,8.6
2024-08-25,2024.6489,-6.3,24.2,3.6,2.6,2.7,7.9
2024-08-26,2024.6516,-4.2,23.5,1.7,3.3,3.6,9.3
2024-08-27,2024.6544,-4.0,19.7,-3.5,2.9,3.0,8.5
2024-08-28,2024.6571,-5.3,22.0,6.7,2.7,2.7,8.2
2024-08-29,2024.6598,-5.5,22.0,6.3,2.6,2.7,7.8
2024-08-30,2024.6626,-5.6,22.7,11.5,3.0,3.0,8.3
2024-08-31,2024.6653,-6.7,21.9,7.0,2.3,2.3,6.9
2024-09-01,2024.668,-5.6,22.1,3.6,2.3,2.4,7.0
2024-09-02,2024.6708,-7.5,21.6,4.0,2.8,2.9,8.6
2024-09-03,2024.6735,-4.0,21.5,-1.9,2.6,3.0,8.0
2024-09-04,2024.6762,-6.1,20.9,-2.7,2.5,2.6,7.1
2024-09-05,2024.679,-4.7,23.4,4.0,2.9,3.1,8.4
2024-09-06,2024.6817,-4.9,21.9,5.4,2.3,2.3,6.7
2024-09-07,2024.6844,-3.2,21.1,3.8,2.7,2.9,8.1
2024-09-08,2024.6872,-4.5,22.6,-1.2,2.3,2.4,6.9
2024-09-09,2024.6899,-6.2,22.6,-5.6,2.9,3.1,8.2
2024-09-10,2024.6926,-2.6,23.6,-1.1,3.0,3.1,8.2
2024-09-11,2024.6954,-5.0,24.1,-1.6,3.0,3.1,8.4
2024-09-12,2024.6981,-3.5,22.6,-2.3,2.4,2.6,7.1
2024-09-13,2024.7008,-5.6,25.2,4.1,2.8,2.7,7.9
2024-09-14,2024.7036,-5.9,22.9,2.9,2.8,2.9,7.5
2024-09-15,2024.7063,-5.4,23.8,1.6,2.7,2.8,7.9
2024-09-16,2024.709,-3.9,23.1,-3.9,2.5,2.5,7.6
2024-09-17,2024.7117,-5.8,25.1,-0.6,2.6,2.7,7.8
2024-09-18,2024.7145,-4.2,24.7,6.7,2.9,2.9,8.9
2024-09-19,2024.7172,-6.1,24.6,1.2,2.6,2.6,7.5
2024-09-20,2024.7199,-5.9,25.2,-5.0,2.9,2.9,8.4
2024-09-21,2024.7227,-5.8,23.1,-1.9,2.3,2.3,6.9
2024-09-22,2024.7254,-7.4,24.5,2.2,2.5,2.6,7.0
2024-09-23,,,,,,,
2024-09-24,2024.7309,-6.5,24.5,5.0,2.4,2.4,7.0
2024-09-25,2024.7336,-5.5,25.6,5.0,2.6,2.7,7.3
2024-09-26,2024.7363,-3.9,23.6,7.0,2.3,2.5,6.9
2024-09-27,2024.7391,-6.1,26.1,8.3,2.6,2.7,7.3
2024-09-28,2024.7418,-4.6,21.2,5.7,2.5,2.5,7.4
2024-09-29,2024.7445,-4.3,23.2,-1.5,2.5,2.5,7.2
2024-09-30,2024.7473,-3.9,23.3,-2.0,2.5,2.6,7.0
2024-10-01,2024.75,-4.5,22.9,2.5,2.4,2.7,7.2
2024-10-02,2024.7527,-4.7,21.6,4.1,2.5,2.6,7.0
2024-10-03,2024.7555,-6.7,22.7,5.6,2.8,2.9,7.6
2024-10-04,2024.7582,-4.2,23.3,5.9,2.3,2.5,6.7
2024-10-05,2024.7609,-5.6,25.4,-3.3,2.6,2.7,7.2
2024-10-06,,,,,,,
2024-10-07,,,,,,,
2024-10-08,,,,,,,
2024-10-09,,,,,,,
2024-10-10,,,,,,,
2024-10-11,,,,,,,
2024-10-12,,,,,,,
2024-10-13,,,,,,,
2024-10-14,,,,,,,
2024-10-15,,,,,,,
2024-10-16,,,,,,,
2024-10-17,,,,,,,
2024-10-18,,,,,,,
2024-10-19,2024.7992,-3.2,24.5,2.2,2.7,2.8,7.5
2024-10-20,2024.8019,-4.5,23.8,-0.8,2.7,2.7,7.2
2024-10-21,2024.8046,-4.6,23.3,0.5,2.5,2.7,7.2
2024-10-22,2024.8074,-6.6,24.6,1.6,2.4,2.4,6.8
2024-10-23,2024.8101,-3.0,26.0,-0.7,2.2,2.2,6.4
2024-10-24,2024.8128,-4.0,23.3,-0.8,2.7,2.8,7.6
2024-10-25,2024.8156,-5.8,23.6,-1.6,2.3,2.3,6.6
2024-10-26,2024.8183,-4.5,24.4,-4.0,2.4,2.4,6.9
2024-10-27,2024.821,-6.5,23.2,-1.8,2.5,2.6,7.1
2024-10-28,2024.8238,-5.0,24.7,2.4,2.5,2.6,7.0
2024-10-29,2024.8265,-4.1,26.5,-0.7,2.2,2.2,6.4
2024-10-30,2024.8292,-4.9,24.1,0.6,2.3,2.4,6.7
2024-10-31,2024.832,-6.0,25.8,-2.3,2.4,2.4,6.8
2024-11-01,2024.8347,-7.1,26.4,-5.1,2.2,2.3,6.6
2024-11-02,2024.8374,-5.5,25.8,-0.4,2.4,2.4,6.7
2024-11-03,2024.8402,-4.3,25.1,-1.2,2.7,2.8,7.6
2024-11-04,2024.8429,-6.4,27.2,-3.3,2.2,2.3,6.6
2024-11-05,2024.8456,-7.6,28.4,-3.9,2.2,2.2,6.4
2024-11-06,2024.8484,-5.7,26.7,0.1,2.4,2.4,7.1
2024-11-07,2024.8511,-6.1,27.1,0.8,2.4,2.5,6.9
2024-11-08,2024.8538,-6.6,27.0,-0.4,2.2,2.3,6.7
2024-11-09,2024.8566,-5.5,26.0,-1.4,2.2,2.2,6.4
2024-11-10,2024.8593,-5.7,24.9,-5.8,2.4,2.4,7.0
2024-11-11,2024.862,-5.4,23.9,-2.3,2.2,2.2,6.6
2024-11-12,2024.8648,-3.3,22.4,3.1,2.4,2.3,7.0
2024-11-13,2024.8675,-4.4,24.6,0.3,2.2,2.2,6.4
2024-11-14,2024.8702,-4.1,23.4,0.7,2.4,2.3,7.0
2024-11-15,2024.873,-2.3,23.2,-2.7,2.3,2.4,6.5
2024-11-16,2024.8757,-2.2,24.1,-3.0,2.2,2.2,6.3
2024-11-17,2024.8784,-2.5,28.4,-3.6,2.2,2.1,6.2
2024-11-18,2024.8811,-5.2,23.4,-0.6,2.2,2.1,6.2
2024-11-19,2024.8839,-4.0,23.1,-3.4,2.2,2.1,6.2
2024-11-20,2024.8866,-4.1,21.8,-0.8,2.2,2.2,6.5
2024-11-21,2024.8893,-3.9,22.8,2.5,2.3,2.4,6.6
2024-11-22,2024.8921,-3.0,21.7,-1.5,2.4,2.3,6.7
2024-11-23,2024.8948,-4.0,21.7,-6.0,2.1,2.1,6.2
2024-11-24,2024.8975,-2.1,21.5,-6.35,2.4,2.5,6.35
2024-11-25,,,,,,,
2024-11-26,2024.903,-2.2,28.6,-6.7,2.2,2.3,6.5
2024-11-27,2024.9057,-0.5,23.7,-5.5,2.2,2.2,6.7
2024-11-28,2024.9085,-1.0,25.6,-4.4,2.1,2.1,6.3
2024-11-29,2024.9112,-1.5,25.0,-0.2,2.2,2.3,6.4
2024-11-30,2024.9139,-1.6,25.7,1.6,2.2,2.3,6.5
2024-12-01,2024.9167,-1.1,26.0,1.2,2.1,2.2,6.2
2024-12-02,2024.9194,-1.9,25.5,0.4,2.1,2.1,6.1
2024-12-03,2024.9221,-0.2,25.0,-4.4,2.1,2.2,6.3
2024-12-04,2024.9249,-2.0,26.6,-2.9,2.2,2.2,6.6
2024-12-05,2024.9276,-3.2,27.7,-2.4,2.2,2.1,6.3
2024-12-06,,,,,,,
2024-12-07,2024.9331,-2.2,27.0,-5.2,2.4,2.3,6.8
2024-12-08,2024.9358,-3.1,28.5,-1.6,2.3,2.3,6.4
2024-12-09,2024.9385,-0.7,29.5,-5.5,2.3,2.4,6.6
2024-12-10,2024.9413,-0.6,28.6,-6.4,2.3,2.2,6.5
2024-12-11,2024.944,-1.6,28.0,-8.9,2.2,2.2,6.3
2024-12-12,2024.9467,-2.9,29.7,-6.5,2.3,2.2,6.5
2024-12-13,2024.9495,-2.4,30.7,-10.1,2.6,2.6,7.1
2024-12-14,2024.9522,-3.6,30.4,-4.9,2.2,2.2,6.4
2024-12-15,2024.9549,-4.0,29.7,-4.6,2.3,2.2,6.4
2024-12-16,2024.9577,-4.4,30.6,-3.9,2.2,2.2,6.3
2024-12-17,2024.9604,-3.1,29.6,-5.2,2.4,2.4,6.6
2024-12-18,2024.9631,-3.7,30.0,-4.3,2.5,2.5,7.1
2024-12-19,2024.9658,-3.2,31.5,-1.6,2.2,2.1,6.5
2024-12-20,2024.9686,-3.5,31.5,-1.5,2.5,2.5,7.0
2024-12-21,2024.9713,-3.6,31.6,-1.1,2.1,2.1,6.2
2024-12-22,2024.974,-2.2,29.7,-3.4,2.2,2.1,6.4
2024-12-23,2024.9768,-1.6,31.5,-3.0,2.3,2.3,6.7
2024-12-24,2024.9795,-4.0,32.3,-9.0,2.4,2.3,6.9
2024-12-25,,,,,,,
2024-12-26,2024.985,-3.2,31.1,-9.15,2.5,2.5,6.75
2024-12-27,2024.9877,-1.9,31.3,-9.3,2.3,2.3,6.6
2024-12-28,2024.9904,-4.2,32.2,-5.2,2.4,2.4,6.8
2024-12-29,2024.9932,-3.7,31.9,-3.1,2.2,2.2,6.3
2024-12-30,2024.9959,-4.3,32.2,-2.4,2.1,2.2,6.2
2024-12-31,2024.9986,-3.8,34.4,-0.3,2.1,2.1,6.2
