YYYYMMDD,YYYY.DECM,N(m),E(m),U(m),sig_n(mm),sig_e(mm),sig_u(mm)
2010-08-09,2010.6041,253.7,-431.9,-19.9,2.4,2.7,9.5
2010-08-10,2010.6068,252.7,-432.4,-14.9,2.8,3.3,10.8
2010-08-11,2010.6096,252.8,-429.2,-18.1,2.7,3.3,10.6
2010-08-12,2010.6123,257.1,-426.6,-20.8,2.8,3.4,11.1
2010-08-13,2010.6151,251.2,-430.7,-21.4,2.2,2.6,8.7
2010-08-14,2010.6178,255.1,-427.9,-13.5,2.4,3.0,9.8
2010-08-15,2010.6205,255.0,-427.7,-25.6,2.1,2.6,8.5
2010-08-16,2010.6233,254.4,-427.3,-20.9,2.6,3.2,10.3
2010-08-17,2010.626,253.0,-427.7,-16.9,2.6,3.2,10.1
2010-08-18,2010.6288,254.2,-427.7,-13.1,2.3,2.9,9.1
2010-08-19,2010.6315,253.4,-428.4,-15.9,2.3,2.8,8.8
2010-08-20,2010.6342,251.3,-427.0,-19.9,1.8,2.1,7.1
2010-08-21,2010.637,253.3,-427.9,-14.0,2.2,2.7,8.6
2010-08-22,2010.6397,254.2,-427.6,-21.1,1.9,2.2,7.4
2010-08-23,2010.6425,252.9,-428.2,-18.9,2.0,2.4,7.7
2010-08-24,2010.6452,254.1,-428.8,-24.5,2.0,2.3,7.8
2010-08-25,2010.6479,254.1,-428.2,-23.2,2.0,2.4,7.9
2010-08-26,2010.6507,254.7,-426.0,-17.2,2.1,2.6,8.6
2010-08-27,2010.6534,254.0,-428.4,-23.0,1.9,2.1,7.3
2010-08-28,2010.6562,253.0,-426.3,-28.0,2.1,2.7,7.9
2010-08-29,2010.6589,252.0,-428.4,-26.2,2.5,3.0,9.4
2010-08-30,2010.6616,251.2,-426.5,-18.9,2.2,2.6,8.8
2010-08-31,2010.6644,253.8,-428.4,-27.9,2.6,3.1,9.9
2010-09-01,2010.6671,253.1,-426.5,-26.4,2.1,2.4,8.4
2010-09-02,2010.6699,254.2,-426.8,-21.2,2.3,2.7,9.2
2010-09-03,2010.6726,253.3,-427.1,-20.5,1.8,2.0,7.1
2010-09-04,2010.6753,252.6,-427.3,-22.5,2.0,2.4,7.9
2010-09-05,2010.6781,252.4,-428.4,-24.3,2.1,2.4,7.9
2010-09-06,2010.6808,252.9,-429.2,-21.1,2.5,2.9,9.7
2010-09-07,2010.6836,251.4,-428.3,-31.9,2.1,2.4,8.7
2010-09-08,2010.6863,253.3,-425.8,-26.5,2.2,2.6,9.0
2010-09-09,2010.689,251.1,-429.4,-33.0,2.1,2.4,8.1
2010-09-10,2010.6918,254.5,-426.4,-17.6,2.4,2.9,9.2
2010-09-11,2010.6945,251.9,-426.1,-21.1,2.2,2.7,8.2
2010-09-12,2010.6973,250.9,-425.8,-23.0,2.1,2.4,7.7
2010-09-13,2010.7,250.7,-426.2,-21.6,2.2,2.6,8.4
2010-09-14,2010.7027,252.0,-427.9,-26.0,2.5,2.9,9.4
2010-09-15,2010.7055,252.2,-425.5,-24.2,2.0,2.3,7.6
2010-09-16,2010.7082,250.1,-427.7,-30.4,2.1,2.4,7.9
2010-09-17,2010.711,251.5,-426.9,-27.8,1.8,2.1,6.9
2010-09-18,2010.7137,251.0,-427.4,-29.5,2.0,2.3,7.6
2010-09-19,2010.7164,250.6,-426.4,-26.55,2.2,2.6,8.05
2010-09-20,2010.7192,251.2,-428.7,-23.6,2.3,2.6,8.5
2010-09-21,2010.7219,251.2,-425.9,-21.9,2.7,2.9,10.7
2010-09-22,2010.7247,252.0,-427.1,-22.1,2.1,2.4,8.3
2010-09-23,2010.7274,251.1,-429.0,-20.9,2.3,2.7,8.8
2010-09-24,2010.7301,251.3,-427.6,-30.2,2.2,2.6,8.3
2010-09-25,2010.7329,251.2,-427.7,-26.8,2.0,2.4,7.8
2010-09-26,2010.7356,253.7,-426.6,-25.2,2.1,2.5,7.9
2010-09-27,2010.7384,252.0,-428.1,-27.6,2.3,2.7,9.2
2010-09-28,2010.7411,253.7,-424.9,-33.9,2.4,2.8,9.2
2010-09-29,2010.7438,251.4,-427.1,-23.8,2.0,2.4,7.9
2010-09-30,2010.7466,252.0,-426.0,-24.4,2.6,3.0,9.7
2010-10-01,2010.7493,251.4,-425.7,-28.0,2.3,2.8,8.3
2010-10-02,2010.7521,252.9,-429.3,-21.4,3.0,3.4,11.5
2010-10-03,2010.7548,251.2,-425.9,-29.9,2.2,2.5,8.5
2010-10-04,2010.7575,249.7,-425.3,-24.2,2.1,2.4,8.1
2010-10-05,2010.7603,251.1,-425.6,-22.5,2.0,2.3,7.4
2010-10-06,2010.763,250.5,-425.3,-26.3,1.8,2.1,6.6
2010-10-07,2010.7658,251.0,-424.4,-21.6,1.9,2.2,6.9
2010-10-08,2010.7685,251.3,-425.0,-22.3,1.8,2.1,6.7
2010-10-09,2010.7712,249.6,-425.1,-21.6,2.3,2.7,8.6
2010-10-10,2010.774,249.7,-425.8,-22.4,2.1,2.6,8.1
2010-10-11,2010.7767,249.2,-424.9,-24.4,2.4,3.0,8.8
2010-10-12,2010.7795,248.5,-425.4,-23.9,1.8,2.1,7.1
2010-10-13,2010.7822,250.6,-425.3,-22.1,1.9,2.2,7.2
2010-10-14,2010.7849,251.1,-424.8,-21.6,2.3,2.7,8.8
2010-10-15,2010.7877,249.3,-425.1,-29.2,2.3,2.7,8.2
2010-10-16,2010.7904,250.6,-424.3,-19.8,2.0,2.4,7.4
2010-10-17,2010.7932,249.4,-424.6,-25.5,2.0,2.3,7.4
2010-10-18,2010.7959,247.5,-423.3,-27.9,2.0,2.4,7.6
2010-10-19,2010.7986,249.5,-423.0,-28.0,2.0,2.3,7.4
2010-10-20,2010.8014,247.2,-421.8,-26.0,1.9,2.2,7.3
2010-10-21,2010.8041,247.9,-423.1,-24.3,2.0,2.4,7.8
2010-10-22,2010.8068,247.9,-422.0,-22.1,2.1,2.4,7.8
2010-10-23,2010.8096,245.7,-422.2,-20.0,2.0,2.3,7.5
2010-10-24,2010.8123,248.1,-422.0,-24.3,2.0,2.3,8.0
2010-10-25,2010.8151,247.4,-421.8,-21.3,2.1,2.3,8.0
2010-10-26,2010.8178,247.0,-422.2,-25.7,2.0,2.3,7.8
2010-10-27,2010.8205,246.7,-421.6,-24.5,1.9,2.3,7.1
2010-10-28,2010.8233,246.9,-421.1,-24.6,2.2,2.5,8.6
2010-10-29,2010.826,245.5,-422.2,-30.6,1.8,2.1,6.8
2010-10-30,2010.8288,246.0,-421.6,-29.6,1.7,1.9,6.4
2010-10-31,2010.8315,246.0,-420.8,-22.6,1.9,2.1,6.9
2010-11-01,2010.8342,245.9,-423.9,-21.3,2.0,2.2,7.3
2010-11-02,2010.837,244.0,-422.8,-25.7,1.8,2.0,6.9
2010-11-03,2010.8397,246.0,-422.9,-31.3,2.2,2.5,8.3
2010-11-04,2010.8425,244.8,-423.5,-27.3,1.9,2.1,7.2
2010-11-05,2010.8452,245.5,-424.8,-24.4,2.0,2.3,7.4
2010-11-06,2010.8479,246.5,-424.6,-29.4,2.0,2.2,7.0
2010-11-07,2010.8507,246.5,-423.3,-25.3,2.0,2.3,7.3
2010-11-08,2010.8534,246.0,-422.2,-32.6,1.8,2.0,6.7
2010-11-09,2010.8562,244.8,-422.6,-31.1,1.8,1.9,6.6
2010-11-10,2010.8589,245.4,-423.1,-28.4,2.0,2.2,7.1
2010-11-11,2010.8616,245.3,-419.8,-28.0,2.0,2.2,7.6
2010-11-12,2010.8644,246.2,-421.6,-24.2,1.8,2.1,6.8
2010-11-13,2010.8671,245.6,-421.1,-24.2,1.9,2.1,7.0
2010-11-14,2010.8699,247.0,-421.9,-26.0,1.8,1.9,6.6
2010-11-15,2010.8726,245.2,-421.5,-24.1,2.1,2.3,7.3
2010-11-16,2010.8753,245.2,-420.6,-25.9,1.8,1.9,6.7
2010-11-17,2010.8781,247.2,-420.9,-22.9,1.8,1.9,6.6
2010-11-18,2010.8808,246.2,-420.7,-22.7,1.9,2.1,7.0
2010-11-19,2010.8836,247.6,-419.5,-22.12,2.0,2.2,6.92
2010-11-20,2010.8863,247.2,-421.2,-21.54,1.9,2.0,6.84
2010-11-21,2010.889,245.5,-421.4,-20.96,1.7,1.9,6.76
2010-11-22,2010.8918,246.0,-421.2,-20.38,1.8,2.1,6.68
2010-11-23,2010.8945,245.3,-419.9,-19.8,1.8,2.0,6.6
2010-11-24,2010.8973,245.7,-420.7,-17.6,1.8,2.0,6.5
2010-11-25,2010.9,246.3,-420.1,-17.1,1.7,1.9,6.3
2010-11-26,2010.9027,246.5,-420.4,-13.8,1.8,2.1,6.6
2010-11-27,2010.9055,247.2,-421.2,-13.3,1.7,1.9,6.5
2010-11-28,2010.9082,245.7,-419.9,-20.4,1.7,1.9,6.5
2010-11-29,2010.911,245.7,-420.3,-14.0,1.9,2.1,6.9
2010-11-30,2010.9137,246.9,-419.5,-12.3,1.7,1.9,6.4
2010-12-01,2010.9164,246.1,-419.1,-12.8,1.7,1.9,6.5
2010-12-02,2010.9192,244.9,-417.9,-12.7,1.8,2.1,6.7
2010-12-03,2010.9219,245.3,-419.3,-11.1,1.6,1.8,6.2
2010-12-04,2010.9247,244.2,-418.8,-9.4,1.8,2.0,6.4
2010-12-05,2010.9274,245.0,-417.3,-9.2,1.7,1.9,6.3
2010-12-06,2010.9301,245.6,-416.7,-9.8,1.8,2.0,6.5
2010-12-07,2010.9329,246.1,-419.3,-15.7,1.7,2.0,6.4
2010-12-08,2010.9356,244.6,-417.4,-12.2,1.8,2.1,6.6
2010-12-09,2010.9384,245.4,-416.8,-8.8,1.8,2.0,7.0
2010-12-10,2010.9411,243.1,-417.5,-5.7,2.0,2.4,7.6
2010-12-11,2010.9438,244.1,-416.1,-6.3,1.9,2.1,7.6
2010-12-12,2010.9466,245.1,-417.2,-7.7,1.9,2.3,7.2
2010-12-13,2010.9493,245.2,-417.0,-10.9,1.8,2.0,6.6
2010-12-14,2010.9521,245.3,-415.4,-11.9,1.8,2.1,6.9
2010-12-15,2010.9548,246.4,-416.3,-9.1,1.9,2.1,6.9
2010-12-16,2010.9575,244.8,-416.5,-12.2,1.6,1.8,5.8
2010-12-17,2010.9603,245.2,-417.6,-5.5,1.8,1.9,6.7
2010-12-18,2010.963,245.3,-417.2,-7.9,1.7,1.9,6.3
2010-12-19,2010.9658,245.0,-417.5,-14.7,1.7,1.9,6.4
2010-12-20,2010.9685,245.0,-416.6,-12.5,1.7,1.9,6.2
2010-12-21,2010.9712,244.8,-416.4,-5.4,1.7,1.9,6.4
2010-12-22,2010.974,245.1,-414.5,-10.1,1.8,2.0,6.7
2010-12-23,2010.9767,244.0,-414.9,-4.9,1.8,2.0,6.6
2010-12-24,2010.9795,244.9,-415.1,-13.3,1.8,2.0,6.8
2010-12-25,2010.9822,244.9,-415.7,-12.0,1.6,1.7,6.0
2010-12-26,2010.9849,243.9,-417.7,-9.9,1.7,1.8,6.2
2010-12-27,2010.9877,243.2,-415.7,-9.8,1.7,1.9,6.2
2010-12-28,2010.9904,244.7,-416.1,-7.2,1.8,2.0,6.4
2010-12-29,2010.9932,245.3,-415.1,-7.8,1.8,2.0,6.4
2010-12-30,2010.9959,243.8,-414.4,-8.7,1.7,1.8,6.3
2010-12-31,2010.9986,241.0,-411.0,-11.1,2.0,2.2,7.8
2011-01-01,2011.0014,244.1,-411.6,-9.1,2.0,2.2,6.85
2011-01-02,2011.0041,243.2,-415.2,-7.1,1.6,1.8,5.9
2011-01-03,2011.0068,244.9,-415.2,-12.1,1.4,1.6,5.1
2011-01-04,2011.0096,243.5,-414.4,-10.6,1.7,1.8,6.0
2011-01-05,2011.0123,244.9,-415.4,-8.5,1.5,1.6,5.1
2011-01-06,2011.0151,243.6,-416.5,-11.3,1.5,1.7,5.4
2011-01-07,2011.0178,243.4,-415.9,-4.0,1.4,1.6,5.3
2011-01-08,2011.0205,244.4,-414.3,-5.7,1.5,1.7,5.5
2011-01-09,2011.0233,243.0,-415.3,-2.6,1.8,2.0,6.1
2011-01-10,2011.026,243.9,-414.5,0.6,1.6,1.8,6.2
2011-01-11,2011.0288,243.9,-414.2,-3.5,1.6,1.8,5.8
2011-01-12,2011.0315,243.9,-414.8,-0.4,1.5,1.8,5.3
2011-01-13,2011.0342,243.8,-414.0,-3.4,1.5,1.7,5.4
2011-01-14,2011.037,244.6,-414.0,-7.1,1.5,1.7,5.7
2011-01-15,2011.0397,242.7,-415.0,-1.7,1.5,1.7,5.5
2011-01-16,2011.0425,243.9,-413.8,1.0,1.6,1.9,5.9
2011-01-17,2011.0452,242.6,-411.8,-9.2,1.5,1.7,5.5
2011-01-18,2011.0479,243.9,-410.6,-10.1,1.6,1.8,5.6
2011-01-19,2011.0507,244.8,-411.6,-6.6,1.7,1.9,5.9
2011-01-20,2011.0534,245.4,-412.0,-8.3,1.5,1.7,5.3
2011-01-21,2011.0562,244.1,-411.6,-4.6,1.6,1.9,5.7
2011-01-22,2011.0589,244.5,-413.9,-7.8,1.5,1.7,5.3
2011-01-23,2011.0616,243.9,-413.4,-6.3,1.6,1.9,5.9
2011-01-24,2011.0644,245.5,-414.5,-7.2,1.4,1.7,5.4
2011-01-25,2011.0671,243.1,-412.2,2.2,1.7,2.0,6.2
2011-01-26,2011.0699,246.8,-409.8,-1.2,1.6,2.0,5.9
2011-01-27,2011.0726,243.3,-412.4,2.3,1.7,2.0,6.2
2011-01-28,2011.0753,243.4,-412.1,-8.8,1.5,1.7,5.5
2011-01-29,2011.0781,243.7,-411.1,-6.3,1.6,1.9,5.9
2011-01-30,2011.0808,244.4,-410.9,-7.7,1.6,1.9,5.7
2011-01-31,2011.0836,243.1,-410.6,-10.0,1.6,1.8,5.7
2011-02-01,2011.0863,243.9,-410.2,-7.7,1.7,1.9,6.1
2011-02-02,2011.089,244.8,-411.8,-9.8,1.5,1.7,5.6
2011-02-03,2011.0918,243.9,-411.9,-7.0,1.7,2.0,6.0
2011-02-04,2011.0945,243.6,-411.4,-4.2,1.8,2.1,6.5
2011-02-05,2011.0973,243.8,-411.5,-5.7,1.5,1.8,5.5
2011-02-06,2011.1,244.2,-409.4,0.7,1.8,2.1,6.2
2011-02-07,2011.1027,244.2,-410.3,2.8,1.8,2.2,6.3
2011-02-08,2011.1055,244.7,-409.0,3.95,1.7,2.1,6.3
2011-02-09,2011.1082,245.0,-410.1,5.1,1.7,2.1,6.3
2011-02-10,2011.111,242.2,-408.0,-0.8,1.7,2.0,6.2
2011-02-11,2011.1137,244.8,-409.4,0.3,1.7,2.0,6.2
2011-02-12,2011.1164,244.0,-409.8,0.7,1.7,2.1,6.3
2011-02-13,2011.1192,244.7,-408.7,-7.0,1.7,2.2,6.6
2011-02-14,2011.1219,243.4,-408.1,-2.9,1.6,2.0,6.1
2011-02-15,2011.1247,242.2,-409.1,5.5,1.8,2.1,6.9
2011-02-16,2011.1274,242.5,-407.7,0.3,1.7,2.0,6.3
2011-02-17,2011.1301,243.9,-408.7,1.2,1.7,2.1,6.6
2011-02-18,2011.1329,240.4,-405.0,4.7,1.8,2.2,6.4
2011-02-19,2011.1356,242.5,-408.1,-4.5,1.6,2.0,6.1
2011-02-20,2011.1384,242.8,-406.3,2.3,1.6,1.9,6.0
2011-02-21,2011.1411,242.7,-407.7,3.0,1.7,2.1,6.1
2011-02-22,2011.1438,241.7,-406.8,-3.7,1.7,2.2,6.1
2011-02-23,2011.1466,243.7,-407.2,-1.9,1.7,2.3,6.0
2011-02-24,2011.1493,242.7,-408.4,1.8,1.5,1.9,5.8
2011-02-25,2011.1521,243.6,-406.3,0.7,1.5,1.9,5.6
2011-02-26,2011.1548,242.6,-407.7,-10.1,2.2,2.6,8.6
2011-02-27,2011.1575,240.7,-409.5,4.4,1.8,2.3,6.7
2011-02-28,2011.1603,243.6,-406.5,4.8,1.5,1.9,5.7
2011-03-01,2011.163,244.2,-407.2,2.4,1.8,2.3,7.3
2011-03-02,2011.1658,245.9,-407.7,1.4,2.1,3.6,7.9
2011-03-03,2011.1685,244.3,-407.1,-2.0,1.8,2.3,6.4
2011-03-04,2011.1712,242.7,-406.5,0.5,1.6,2.0,6.1
2011-03-05,2011.174,244.8,-405.2,0.5,1.8,2.5,6.9
2011-03-06,2011.1767,242.2,-406.6,-5.0,1.8,2.3,6.3
2011-03-07,2011.1795,245.2,-407.2,-3.2,1.9,2.6,7.0
2011-03-08,2011.1822,245.6,-405.3,-4.6,2.0,2.6,6.7
2011-03-09,2011.1849,242.7,-406.5,3.2,2.0,2.5,7.2
2011-03-10,2011.1877,242.9,-406.5,-3.3,1.9,2.4,6.8
2011-03-11,,,,,,,
2011-03-12,2011.1932,244.2,-405.9,0.3,1.8,2.3,6.8
2011-03-13,2011.1959,244.8,-406.2,-0.5,1.8,2.4,6.7
2011-03-14,2011.1986,246.3,-407.1,-11.1,2.2,3.4,8.7
2011-03-15,2011.2014,245.5,-405.8,-8.0,1.8,2.4,6.6
2011-03-16,2011.2041,245.5,-405.9,-8.3,1.7,2.0,6.3
2011-03-17,2011.2068,244.2,-406.9,-10.3,1.9,2.5,7.0
2011-03-18,2011.2096,242.3,-405.7,-5.4,1.9,2.4,6.7
2011-03-19,2011.2123,243.6,-407.3,-4.4,2.0,2.6,7.2
2011-03-20,2011.2151,243.6,-407.9,1.5,2.0,2.5,8.1
2011-03-21,2011.2178,245.2,-407.9,-3.9,2.0,2.6,7.2
2011-03-22,2011.2205,244.1,-408.1,-14.0,2.1,2.8,8.1
2011-03-23,2011.2233,246.3,-407.4,-7.0,2.0,2.4,7.1
2011-03-24,2011.226,244.4,-405.3,-5.6,1.9,2.5,6.9
2011-03-25,2011.2288,244.0,-405.8,-4.5,1.9,2.4,6.5
2011-03-26,2011.2315,245.1,-405.8,-14.2,1.7,2.1,6.3
2011-03-27,2011.2342,245.6,-406.5,-14.4,1.7,2.1,6.2
2011-03-28,2011.237,244.4,-405.0,-10.4,1.8,2.2,6.3
2011-03-29,2011.2397,243.4,-404.5,-12.2,1.9,2.4,6.2
2011-03-30,2011.2425,244.0,-406.2,-13.2,1.6,2.0,6.0
2011-03-31,2011.2452,244.6,-403.4,-7.7,1.7,2.1,6.2
2011-04-01,2011.2479,243.9,-404.3,-7.7,1.8,2.2,6.4
2011-04-02,2011.2507,243.2,-406.8,-11.7,1.9,2.3,6.9
2011-04-03,2011.2534,243.1,-406.8,-13.0,1.8,2.4,6.8
2011-04-04,2011.2562,244.6,-404.8,-6.5,1.8,2.4,6.8
2011-04-05,2011.2589,242.0,-399.2,-3.9,2.0,2.5,7.1
2011-04-06,2011.2616,244.4,-405.0,-10.2,1.8,2.3,6.6
2011-04-07,2011.2644,244.8,-406.6,-1.9,2.1,2.8,7.6
2011-04-08,2011.2671,246.9,-403.6,-13.6,1.8,2.4,6.7
2011-04-09,2011.2699,243.9,-404.8,-12.0,2.0,2.7,7.5
2011-04-10,2011.2726,244.2,-403.7,-10.0,2.1,2.7,7.5
2011-04-11,2011.2753,244.9,-404.2,-1.3,1.8,2.3,7.0
2011-04-12,2011.2781,243.7,-405.0,-6.9,1.7,2.1,6.4
2011-04-13,2011.2808,242.5,-403.2,-5.7,1.8,2.3,6.9
2011-04-14,2011.2836,242.9,-404.4,-4.5,2.0,2.7,7.4
2011-04-15,2011.2863,244.9,-404.8,-4.8,2.0,2.5,7.5
2011-04-16,2011.289,244.1,-401.6,-7.0,2.0,2.5,7.4
2011-04-17,2011.2918,244.6,-406.4,-8.8,2.0,2.5,7.8
2011-04-18,2011.2945,242.3,-405.6,-4.5,1.9,2.4,7.2
2011-04-19,2011.2973,241.6,-406.0,-1.4,2.0,2.5,7.0
2011-04-20,2011.3,243.0,-404.6,-4.8,1.9,2.4,7.1
2011-04-21,2011.3027,242.6,-404.6,-7.6,2.0,2.6,7.4
2011-04-22,2011.3055,244.9,-402.9,-4.6,1.9,2.4,7.0
2011-04-23,2011.3082,243.2,-406.5,-8.1,1.8,2.4,6.7
2011-04-24,2011.311,242.8,-405.5,-9.5,2.0,2.4,7.1
2011-04-25,2011.3137,243.2,-407.3,-8.8,2.1,2.7,7.5
2011-04-26,2011.3164,244.4,-406.2,-9.8,2.4,3.7,9.8
2011-04-27,2011.3192,243.3,-405.4,-10.1,1.8,2.4,6.9
2011-04-28,2011.3219,241.5,-404.9,-8.3,1.7,2.1,6.2
2011-04-29,2011.3247,243.1,-405.9,-5.4,1.9,2.3,6.9
2011-04-30,2011.3274,242.1,-405.0,-4.9,1.8,2.2,6.7
2011-05-01,2011.3301,242.5,-405.4,-8.6,2.3,3.0,8.3
2011-05-02,2011.3329,245.1,-406.2,-12.4,2.3,3.0,8.3
2011-05-03,2011.3356,243.3,-403.8,-10.9,1.9,2.4,6.9
2011-05-04,2011.3384,242.4,-404.6,-10.2,2.0,2.7,7.4
2011-05-05,2011.3411,242.8,-404.7,-4.2,2.2,2.7,7.9
2011-05-06,2011.3438,242.7,-403.6,-6.0,2.0,2.4,7.6
2011-05-07,2011.3466,242.1,-403.9,-1.3,2.4,2.9,9.5
2011-05-08,2011.3493,240.5,-404.8,-4.0,2.2,2.9,7.9
2011-05-09,2011.3521,242.7,-403.5,1.2,1.8,2.2,6.9
2011-05-10,2011.3548,242.0,-402.9,-3.2,1.9,2.4,7.3
2011-05-11,2011.3575,243.2,-403.3,-1.7,2.1,2.6,7.2
2011-05-12,2011.3603,241.5,-404.4,-0.2,2.0,2.4,7.1
2011-05-13,2011.363,239.9,-402.2,-2.1,2.2,2.7,8.7
2011-05-14,2011.3658,240.7,-405.1,-8.2,2.1,2.6,7.5
2011-05-15,2011.3685,241.2,-402.9,-11.3,1.9,2.3,7.0
2011-05-16,2011.3712,241.9,-403.5,-3.5,1.9,2.2,6.8
2011-05-17,2011.374,240.4,-402.9,2.3,1.9,2.3,7.2
2011-05-18,2011.3767,241.8,-399.9,-8.1,2.0,2.4,7.5
2011-05-19,2011.3795,241.2,-402.5,-4.5,1.7,2.1,6.4
2011-05-20,2011.3822,241.8,-404.3,-5.5,2.0,2.6,7.4
2011-05-21,2011.3849,240.9,-402.8,-4.8,1.9,2.3,7.3
2011-05-22,2011.3877,242.9,-401.4,-11.5,2.0,2.5,7.3
2011-05-23,2011.3904,240.1,-402.8,-2.5,2.3,2.7,8.5
2011-05-24,2011.3932,240.7,-402.7,-8.6,1.9,2.3,7.2
2011-05-25,2011.3959,241.9,-400.4,-8.4,2.0,2.4,7.4
2011-05-26,2011.3986,241.9,-399.4,-4.2,2.3,2.8,9.1
2011-05-27,2011.4014,242.3,-401.9,-5.0,2.3,2.7,8.2
2011-05-28,2011.4041,241.0,-402.7,-14.8,2.2,2.7,8.5
2011-05-29,2011.4068,242.1,-401.0,-6.1,1.8,2.3,7.0
2011-05-30,2011.4096,240.5,-401.5,-8.3,2.0,2.5,7.5
2011-05-31,2011.4123,242.4,-401.3,-2.4,2.0,2.5,7.6
2011-06-01,2011.4151,240.4,-401.2,-9.4,2.1,2.6,7.4
2011-06-02,2011.4178,240.7,-404.2,-12.3,2.2,2.6,8.1
2011-06-03,2011.4205,238.8,-401.7,-4.6,2.1,2.5,8.1
2011-06-04,2011.4233,239.0,-403.9,-3.3,2.3,3.2,8.8
2011-06-05,2011.426,240.5,-402.4,-4.5,2.1,2.4,8.1
2011-06-06,2011.4288,241.5,-401.3,-0.3,2.2,2.7,8.3
2011-06-07,2011.4315,240.1,-401.1,-7.6,2.1,2.5,7.8
2011-06-08,2011.4342,238.3,-403.7,-4.6,2.3,2.8,8.0
2011-06-09,2011.437,238.7,-403.0,-6.1,1.9,2.2,7.2
2011-06-10,2011.4397,238.6,-401.6,-6.2,1.9,2.3,7.2
2011-06-11,2011.4425,237.6,-399.6,-8.03,2.4,2.8,7.57
2011-06-12,2011.4452,239.0,-402.2,-9.87,2.5,2.9,7.93
2011-06-13,2011.4479,238.6,-399.2,-11.7,2.3,2.8,8.3
2011-06-14,2011.4507,237.6,-401.5,-7.1,2.0,2.3,7.7
2011-06-15,2011.4534,238.6,-400.8,-2.1,2.2,2.7,8.0
2011-06-16,2011.4562,240.6,-400.2,-5.0,1.9,2.3,7.4
2011-06-17,2011.4589,237.6,-402.4,-11.3,1.9,2.2,7.2
2011-06-18,2011.4616,237.1,-401.5,-8.9,1.9,2.3,7.4
2011-06-19,2011.4644,238.9,-403.9,-12.5,2.2,2.7,8.4
2011-06-20,2011.4671,238.0,-401.1,-11.8,2.1,2.5,8.2
2011-06-21,2011.4699,237.8,-401.9,-9.8,2.3,2.7,8.5
2011-06-22,2011.4726,239.1,-399.7,-1.6,1.8,2.1,7.0
2011-06-23,2011.4753,239.3,-403.1,-8.1,2.0,2.4,7.7
2011-06-24,2011.4781,238.7,-403.3,-6.5,2.0,2.3,7.8
2011-06-25,2011.4808,237.8,-401.0,-2.8,2.2,2.7,8.0
2011-06-26,2011.4836,237.3,-399.9,-8.1,2.0,2.4,7.2
2011-06-27,2011.4863,237.8,-399.7,-8.7,1.9,2.2,7.2
2011-06-28,2011.489,235.9,-401.3,-7.7,2.2,2.7,8.4
2011-06-29,2011.4918,236.6,-400.4,-12.0,1.9,2.2,7.2
2011-06-30,2011.4945,237.0,-402.2,-9.1,2.0,2.4,7.9
2011-07-01,2011.4973,235.8,-401.3,-5.7,2.1,2.5,8.2
2011-07-02,2011.5,238.6,-402.3,-1.8,1.9,2.3,7.1
2011-07-03,2011.5027,236.7,-399.3,-7.0,2.3,2.8,8.3
2011-07-04,2011.5055,237.1,-400.0,-11.9,2.2,2.7,8.5
2011-07-05,2011.5082,237.9,-402.8,-8.4,2.0,2.3,7.7
2011-07-06,2011.511,236.4,-399.9,-5.9,2.2,2.7,8.2
2011-07-07,2011.5137,240.2,-400.1,-8.3,2.4,3.0,8.6
2011-07-08,2011.5164,238.6,-400.4,-6.0,2.2,2.8,8.0
2011-07-09,2011.5192,236.5,-400.8,-5.6,2.4,2.8,9.8
2011-07-10,2011.5219,239.7,-400.4,-3.6,2.3,2.8,8.6
2011-07-11,2011.5247,237.3,-400.1,-9.5,2.1,2.3,7.8
2011-07-12,2011.5274,238.3,-399.9,-7.1,2.5,3.0,9.3
2011-07-13,2011.5301,237.6,-399.7,-8.15,2.3,2.7,8.55
2011-07-14,2011.5329,237.7,-400.3,-9.2,2.1,2.6,7.8
2011-07-15,2011.5356,235.3,-401.7,-9.2,1.9,2.2,6.8
2011-07-16,2011.5384,236.8,-400.6,-11.0,2.1,2.6,7.9
2011-07-17,2011.5411,236.1,-399.3,-13.6,2.2,2.7,8.4
2011-07-18,2011.5438,237.5,-400.9,-14.0,2.1,2.7,7.9
2011-07-19,2011.5466,235.5,-397.9,-10.8,2.4,2.8,9.1
2011-07-20,2011.5493,237.0,-399.6,-13.13,2.4,2.8,8.9
2011-07-21,2011.5521,236.4,-400.9,-15.47,2.4,3.3,8.7
2011-07-22,2011.5548,238.0,-400.1,-17.8,2.3,3.0,8.5
2011-07-23,2011.5575,235.3,-399.3,-5.7,2.7,3.2,10.0
2011-07-24,2011.5603,234.7,-398.1,-8.6,2.2,2.6,8.8
2011-07-25,2011.563,234.9,-399.7,-10.8,2.2,2.6,8.35
2011-07-26,2011.5658,237.8,-400.4,-13.0,2.1,2.5,7.9
2011-07-27,2011.5685,238.1,-401.0,-6.7,2.1,2.5,8.1
2011-07-28,2011.5712,234.4,-398.1,-16.8,2.0,2.4,7.4
2011-07-29,2011.574,235.0,-399.5,-14.7,2.4,3.0,9.3
2011-07-30,2011.5767,234.8,-397.0,-9.3,2.5,2.9,9.9
2011-07-31,2011.5795,235.7,-397.4,-10.0,1.8,2.2,7.2
2011-08-01,2011.5822,235.8,-397.4,-15.9,1.9,2.3,7.4
2011-08-02,2011.5849,236.0,-397.8,-18.9,2.0,2.5,7.5
2011-08-03,2011.5877,234.9,-398.1,-14.0,2.0,2.3,7.8
2011-08-04,2011.5904,235.5,-396.2,-12.4,1.9,2.2,7.1
2011-08-05,2011.5932,235.3,-398.1,-13.4,2.1,2.6,7.8
2011-08-06,2011.5959,236.7,-397.3,-6.5,1.8,2.2,6.9
2011-08-07,2011.5986,235.8,-396.5,-10.7,2.1,2.9,7.7
2011-08-08,2011.6014,234.5,-396.2,-10.9,2.2,2.8,8.1
2011-08-09,2011.6041,234.1,-396.7,-8.7,2.1,2.3,8.1
2011-08-10,2011.6068,231.4,-395.1,-14.8,2.4,2.9,9.7
2011-08-11,2011.6096,234.9,-395.6,-17.3,2.2,2.5,8.5
2011-08-12,2011.6123,234.5,-395.4,-15.2,2.4,3.1,9.0
2011-08-13,2011.6151,234.5,-397.4,-19.6,2.2,2.7,8.6
2011-08-14,2011.6178,232.1,-391.9,-11.9,4.6,7.0,16.3
2011-08-15,2011.6205,233.9,-394.9,-15.2,2.1,2.6,8.1
2011-08-16,2011.6233,234.1,-396.8,-14.9,2.3,2.9,8.6
2011-08-17,2011.626,234.5,-397.7,-14.6,2.2,2.6,8.5
2011-08-18,2011.6288,236.1,-396.9,-22.6,2.2,2.8,8.2
2011-08-19,2011.6315,235.1,-397.9,-25.6,2.1,2.6,8.1
2011-08-20,2011.6342,234.7,-395.0,-16.9,1.9,2.2,6.9
2011-08-21,2011.637,234.1,-397.6,-19.6,2.0,2.3,7.6
2011-08-22,2011.6397,235.9,-396.5,-17.2,1.9,2.2,7.2
2011-08-23,2011.6425,235.7,-394.7,-16.1,2.4,3.0,8.9
2011-08-24,2011.6452,233.1,-395.6,-15.0,2.4,3.0,8.8
2011-08-25,2011.6479,233.6,-395.4,-23.8,1.8,2.1,6.9
2011-08-26,2011.6507,234.6,-395.0,-18.1,2.2,2.8,8.5
2011-08-27,2011.6534,234.6,-393.2,-15.3,2.1,2.5,8.3
2011-08-28,2011.6562,232.8,-396.0,-11.5,2.8,3.3,10.2
2011-08-29,2011.6589,234.6,-397.0,-19.9,2.5,3.1,9.5
2011-08-30,2011.6616,232.8,-397.1,-10.3,2.5,2.8,9.9
2011-08-31,2011.6644,235.5,-395.3,-14.7,2.7,3.5,10.5
2011-09-01,2011.6671,234.9,-393.0,-9.8,2.2,2.7,9.55
2011-09-02,2011.6699,233.0,-396.8,-4.9,2.4,2.9,8.6
2011-09-03,2011.6726,234.1,-392.3,-17.9,2.6,3.3,10.4
2011-09-04,2011.6753,235.1,-392.7,-13.8,2.0,2.4,7.7
2011-09-05,2011.6781,232.8,-395.0,-14.8,1.9,2.1,7.5
2011-09-06,2011.6808,234.6,-395.6,-16.5,2.2,2.5,8.4
2011-09-07,2011.6836,233.8,-394.3,-19.1,2.1,2.4,7.6
2011-09-08,2011.6863,235.6,-394.6,-13.7,2.0,2.4,7.8
2011-09-09,2011.689,234.6,-394.6,-16.0,1.9,2.3,7.3
2011-09-10,2011.6918,233.8,-396.3,-20.4,2.2,2.6,8.3
2011-09-11,2011.6945,235.8,-395.1,-17.1,2.1,2.5,8.1
2011-09-12,2011.6973,235.6,-395.4,-16.7,2.5,3.0,9.9
2011-09-13,2011.7,234.7,-396.1,-15.1,2.1,2.5,8.0
2011-09-14,2011.7027,236.0,-394.8,-21.9,2.2,2.8,8.2
2011-09-15,2011.7055,233.3,-395.7,-17.3,1.9,2.2,7.2
2011-09-16,2011.7082,235.4,-394.2,-17.4,2.0,2.4,7.6
2011-09-17,2011.711,235.5,-396.2,-22.4,2.0,2.4,7.8
2011-09-18,2011.7137,236.8,-392.2,-10.0,2.4,3.0,8.8
2011-09-19,2011.7164,234.6,-393.5,-20.6,2.3,3.0,8.6
2011-09-20,2011.7192,233.0,-394.7,-19.7,2.7,3.3,10.3
2011-09-21,2011.7219,233.9,-393.5,-14.5,2.2,2.7,7.8
2011-09-22,2011.7247,234.0,-392.3,-16.5,2.0,2.4,7.4
2011-09-23,2011.7274,234.7,-393.0,-16.5,2.2,2.7,8.2
2011-09-24,2011.7301,235.3,-393.1,-20.1,2.0,2.4,7.4
2011-09-25,2011.7329,234.7,-392.8,-22.8,2.1,2.7,7.9
2011-09-26,2011.7356,232.6,-392.3,-19.7,2.0,2.4,7.4
2011-09-27,2011.7384,232.9,-393.5,-18.6,1.9,2.2,7.0
2011-09-28,2011.7411,234.8,-391.3,-16.8,2.4,3.0,8.7
2011-09-29,2011.7438,236.7,-392.4,-21.2,2.0,2.4,7.6
2011-09-30,2011.7466,235.7,-392.2,-19.1,1.9,2.2,7.0
2011-10-01,2011.7493,236.0,-391.2,-17.4,2.0,2.5,7.7
2011-10-02,2011.7521,235.3,-392.3,-19.4,2.0,2.4,7.8
2011-10-03,2011.7548,233.6,-392.5,-19.2,1.7,2.1,6.3
2011-10-04,2011.7575,231.6,-392.1,-22.0,1.8,2.1,6.6
2011-10-05,2011.7603,233.8,-391.8,-22.0,1.9,2.4,7.3
2011-10-06,2011.763,234.2,-389.9,-18.2,2.2,2.8,7.9
2011-10-07,2011.7658,232.2,-390.4,-17.9,2.0,2.4,7.8
2011-10-08,2011.7685,233.5,-391.3,-25.8,1.8,2.1,6.9
2011-10-09,2011.7712,232.7,-393.3,-22.2,1.9,2.3,7.2
2011-10-10,2011.774,233.6,-393.3,-22.05,2.0,2.4,7.15
2011-10-11,2011.7767,233.7,-393.9,-21.9,2.0,2.5,7.1
2011-10-12,2011.7795,233.8,-393.7,-17.1,2.2,2.7,8.2
2011-10-13,2011.7822,232.8,-391.2,-24.1,1.9,2.3,7.3
2011-10-14,2011.7849,232.9,-390.9,-21.8,2.2,2.8,7.9
2011-10-15,2011.7877,232.9,-391.4,-22.8,2.1,2.5,7.9
2011-10-16,2011.7904,232.6,-392.8,-22.9,1.8,2.1,7.1
2011-10-17,2011.7932,232.0,-389.2,-18.1,2.1,2.5,7.7
2011-10-18,2011.7959,231.4,-391.5,-21.1,2.1,2.5,7.5
2011-10-19,2011.7986,231.1,-392.1,-18.2,2.0,2.3,7.4
2011-10-20,2011.8014,231.5,-392.7,-21.5,1.7,2.1,6.5
2011-10-21,2011.8041,231.4,-392.6,-27.7,2.1,2.7,7.7
2011-10-22,2011.8068,230.9,-389.7,-21.1,1.9,2.3,7.1
2011-10-23,2011.8096,231.7,-391.6,-23.8,2.2,2.6,7.9
2011-10-24,2011.8123,232.4,-393.1,-26.1,1.9,2.4,6.9
2011-10-25,2011.8151,229.9,-391.6,-25.3,2.0,2.4,7.1
2011-10-26,2011.8178,231.8,-391.5,-24.4,2.1,2.5,7.4
2011-10-27,2011.8205,231.3,-391.7,-20.8,2.2,2.7,8.0
2011-10-28,2011.8233,232.0,-390.9,-22.0,2.1,2.5,7.4
2011-10-29,2011.826,232.8,-391.6,-14.0,2.0,2.7,7.4
2011-10-30,2011.8288,230.5,-389.9,-23.7,2.0,2.6,7.3
2011-10-31,2011.8315,231.4,-391.8,-22.5,2.0,2.5,7.1
2011-11-01,2011.8342,232.8,-391.0,-18.2,2.1,2.6,7.4
2011-11-02,2011.837,230.6,-390.4,-18.2,2.1,2.5,7.5
2011-11-03,2011.8397,231.8,-390.5,-19.9,1.7,2.0,6.4
2011-11-04,2011.8425,232.4,-390.5,-16.7,1.8,2.1,6.6
2011-11-05,2011.8452,230.1,-390.2,-19.8,1.7,2.0,6.3
2011-11-06,2011.8479,231.3,-390.6,-19.2,2.2,2.7,7.7
2011-11-07,2011.8507,231.7,-388.7,-17.7,1.8,2.1,7.0
2011-11-08,2011.8534,232.2,-389.2,-17.3,1.9,2.4,7.0
2011-11-09,2011.8562,232.3,-388.9,-13.6,1.9,2.4,6.6
2011-11-10,2011.8589,232.6,-387.7,-14.1,1.7,2.0,6.1
2011-11-11,2011.8616,230.6,-388.1,-16.0,1.7,2.0,6.2
2011-11-12,2011.8644,231.1,-387.0,-14.4,1.7,2.1,6.3
2011-11-13,2011.8671,231.2,-387.4,-15.2,1.8,2.2,6.7
2011-11-14,2011.8699,231.2,-385.9,-16.9,1.9,2.3,6.8
2011-11-15,2011.8726,231.3,-386.2,-13.3,1.8,2.1,6.3
2011-11-16,2011.8753,232.3,-389.2,-10.1,1.9,2.3,7.0
2011-11-17,2011.8781,230.3,-389.7,-16.2,1.9,2.2,6.5
2011-11-18,2011.8808,233.2,-385.5,-16.7,2.1,2.7,7.7
2011-11-19,2011.8836,231.3,-386.5,-12.9,1.8,2.2,6.5
2011-11-20,2011.8863,229.8,-386.9,-19.4,1.8,2.1,6.5
2011-11-21,2011.889,230.9,-387.5,-17.4,1.8,2.1,6.4
2011-11-22,2011.8918,231.7,-386.5,-18.9,1.8,2.2,6.4
2011-11-23,2011.8945,231.0,-387.4,-17.2,1.9,2.3,6.6
2011-11-24,2011.8973,231.1,-387.1,-17.1,1.7,2.0,6.1
2011-11-25,2011.9,231.0,-385.6,-12.3,1.6,1.9,5.8
2011-11-26,2011.9027,229.8,-387.2,-12.8,1.6,1.9,6.0
2011-11-27,2011.9055,229.8,-386.7,-13.3,1.6,2.0,6.1
2011-11-28,2011.9082,230.5,-385.9,-9.1,1.7,2.0,6.1
2011-11-29,2011.911,230.4,-385.9,-9.8,1.9,2.3,6.6
2011-11-30,2011.9137,231.6,-384.9,-11.2,1.7,2.1,6.3
2011-12-01,2011.9164,230.2,-385.7,-17.2,1.8,2.2,6.5
2011-12-02,2011.9192,228.7,-385.8,-11.9,1.6,1.9,6.3
2011-12-03,2011.9219,229.8,-383.2,-12.7,1.8,2.1,6.6
2011-12-04,2011.9247,228.4,-385.7,-9.2,1.8,2.1,6.8
2011-12-05,2011.9274,230.8,-383.6,-10.6,1.7,2.1,6.3
2011-12-06,2011.9301,229.9,-384.1,-11.5,1.9,2.2,6.6
2011-12-07,2011.9329,229.5,-385.5,-11.2,1.7,2.0,6.4
2011-12-08,2011.9356,229.6,-382.5,-11.4,1.9,2.3,6.8
2011-12-09,2011.9384,228.9,-384.0,-14.8,1.9,2.3,6.6
2011-12-10,2011.9411,228.8,-383.1,-11.4,2.0,2.3,7.0
2011-12-11,2011.9438,227.7,-385.3,-11.3,1.9,2.2,6.7
2011-12-12,2011.9466,227.9,-382.9,-11.7,1.7,1.9,6.1
2011-12-13,2011.9493,229.3,-382.6,-9.9,1.8,2.0,6.2
2011-12-14,2011.9521,228.4,-382.9,-10.2,1.6,1.9,5.9
2011-12-15,2011.9548,228.3,-384.3,-14.4,2.0,2.3,6.5
2011-12-16,2011.9575,227.4,-383.8,-8.5,1.8,1.9,5.8
2011-12-17,2011.9603,228.5,-383.7,-13.1,1.7,1.9,6.1
2011-12-18,2011.963,227.3,-383.6,-13.4,1.8,2.0,6.6
2011-12-19,2011.9658,228.7,-383.8,-11.8,1.9,2.1,6.4
2011-12-20,2011.9685,228.3,-384.0,-11.68,1.7,1.9,6.25
2011-12-21,2011.9712,228.2,-382.3,-11.55,1.9,2.2,6.1
2011-12-22,2011.974,228.9,-384.3,-11.42,1.6,1.9,5.95
2011-12-23,2011.9767,228.7,-382.5,-11.3,1.6,1.9,5.8
2011-12-24,2011.9795,227.0,-384.4,-7.8,1.7,2.0,6.0
2011-12-25,2011.9822,228.4,-383.2,-6.0,1.8,2.1,6.0
2011-12-26,2011.9849,227.2,-382.1,-9.3,1.7,2.0,5.9
2011-12-27,2011.9877,226.6,-383.2,-5.3,1.8,2.0,6.2
2011-12-28,2011.9904,227.1,-382.4,-7.1,1.9,2.2,6.8
2011-12-29,2011.9932,227.0,-382.4,-7.2,1.6,1.9,6.0
2011-12-30,2011.9959,228.2,-383.1,-9.3,1.7,2.0,5.9
2011-12-31,2011.9986,228.8,-381.8,-5.9,1.7,2.0,5.9
2012-01-01,2012.0014,227.6,-381.9,-6.4,1.7,2.0,5.9
2012-01-02,2012.0041,227.8,-379.4,-6.8,1.9,2.2,6.7
2012-01-03,2012.0068,226.1,-382.1,-6.4,1.9,2.2,6.7
2012-01-04,2012.0096,225.4,-379.5,-8.3,1.9,2.3,6.6
2012-01-05,2012.0123,227.0,-379.2,-11.0,1.8,2.1,6.2
2012-01-06,2012.015,228.8,-381.3,-5.4,1.8,2.1,6.4
2012-01-07,2012.0178,226.8,-380.5,-10.7,1.7,2.0,6.2
2012-01-08,2012.0205,226.6,-381.4,-9.8,1.8,2.2,6.3
2012-01-09,2012.0232,227.6,-379.6,-12.0,1.8,2.2,6.5
2012-01-10,2012.026,226.9,-380.9,-5.9,1.8,2.1,6.6
2012-01-11,2012.0287,230.0,-377.6,-3.6,2.0,2.3,7.0
2012-01-12,2012.0314,230.1,-379.2,-0.3,1.8,2.1,6.5
2012-01-13,2012.0342,228.3,-378.8,-2.1,1.9,2.4,7.0
2012-01-14,2012.0369,228.1,-380.1,-6.5,1.8,2.1,6.3
2012-01-15,2012.0396,227.6,-379.1,-5.5,1.7,2.0,6.2
2012-01-16,2012.0423,229.7,-380.3,-2.1,1.7,2.0,6.0
2012-01-17,2012.0451,227.5,-377.6,-2.07,1.7,2.1,6.03
2012-01-18,2012.0478,227.0,-375.2,-2.03,1.8,2.2,6.07
2012-01-19,2012.0505,229.1,-377.6,-2.0,1.7,2.1,6.1
2012-01-20,2012.0533,228.2,-378.7,1.4,2.2,2.8,7.8
2012-01-21,2012.056,229.1,-378.5,-5.0,1.8,2.1,6.5
2012-01-22,2012.0587,228.4,-377.1,-2.8,1.7,2.1,6.2
2012-01-23,2012.0615,227.5,-375.6,1.5,2.0,2.4,7.0
2012-01-24,2012.0642,226.1,-376.6,-7.1,1.7,2.1,6.1
2012-01-25,2012.0669,227.1,-377.6,-3.8,1.7,2.1,6.0
2012-01-26,2012.0697,227.4,-378.4,-0.5,1.7,2.1,6.1
2012-01-27,2012.0724,227.1,-376.4,2.8,1.9,2.3,6.9
2012-01-28,2012.0751,227.5,-375.6,-0.7,1.7,2.2,6.2
2012-01-29,2012.0779,229.4,-378.7,4.0,1.7,2.1,6.5
2012-01-30,2012.0806,227.9,-375.7,-2.8,1.7,2.1,6.1
2012-01-31,2012.0833,228.0,-376.7,-1.1,1.8,2.4,6.6
2012-02-01,2012.0861,228.0,-376.5,-0.2,1.9,2.4,6.5
2012-02-02,2012.0888,227.5,-375.6,1.4,1.9,2.5,6.7
2012-02-03,2012.0915,224.8,-373.9,4.3,2.1,2.8,7.1
2012-02-04,2012.0943,226.2,-373.5,3.3,1.9,2.4,6.7
2012-02-05,2012.097,226.2,-374.6,8.2,1.8,2.2,6.6
2012-02-06,2012.0997,223.8,-371.5,-0.4,1.9,2.3,6.8
2012-02-07,2012.1025,227.6,-376.9,0.4,2.0,2.5,6.8
2012-02-08,2012.1052,227.6,-374.0,3.4,2.0,2.4,7.1
2012-02-09,2012.1079,227.5,-373.6,3.0,2.0,2.5,6.95
2012-02-10,2012.1107,227.7,-376.0,2.6,1.8,2.2,6.8
2012-02-11,2012.1134,226.6,-375.8,-1.0,1.8,2.4,6.5
2012-02-12,2012.1161,225.4,-377.0,3.1,1.9,2.4,6.7
2012-02-13,2012.1189,224.2,-374.6,-0.8,2.3,2.8,7.6
2012-02-14,2012.1216,225.7,-376.5,-4.1,1.8,2.3,6.7
2012-02-15,2012.1243,228.4,-376.2,-5.4,2.0,2.5,7.2
2012-02-16,2012.127,224.9,-376.8,1.6,1.7,2.0,6.3
2012-02-17,2012.1298,228.5,-374.7,1.8,1.9,2.4,7.0
2012-02-18,2012.1325,225.1,-374.6,-1.7,1.9,2.4,6.7
2012-02-19,2012.1352,224.2,-373.7,-4.5,1.8,2.1,6.6
2012-02-20,2012.138,224.6,-374.1,-1.6,1.7,2.2,6.3
2012-02-21,2012.1407,224.1,-374.0,-5.1,2.1,2.5,7.05
2012-02-22,2012.1434,225.0,-375.5,-8.6,2.1,2.6,7.8
2012-02-23,2012.1462,225.9,-373.5,-2.2,2.4,3.0,8.2
2012-02-24,2012.1489,224.9,-376.8,1.7,1.9,2.4,7.1
2012-02-25,2012.1516,227.5,-375.5,3.1,2.4,3.2,8.8
2012-02-26,2012.1544,225.4,-375.0,-2.5,2.3,2.9,7.8
2012-02-27,2012.1571,226.9,-375.6,1.5,2.2,3.0,7.5
2012-02-28,2012.1598,226.9,-376.4,0.2,2.0,2.5,6.9
2012-02-29,2012.1626,226.0,-376.2,0.3,2.0,2.7,7.1
2012-03-01,2012.1653,227.9,-377.9,-5.3,2.2,3.0,7.9
2012-03-02,2012.168,228.2,-377.5,-1.6,1.9,2.4,7.0
2012-03-03,2012.1708,227.3,-376.4,-4.9,1.9,2.5,6.8
2012-03-04,2012.1735,226.8,-376.4,0.5,2.0,2.5,6.9
2012-03-05,2012.1762,228.2,-376.4,-8.0,1.6,2.1,6.1
2012-03-06,2012.179,229.4,-380.6,-10.4,1.3,1.6,4.0
2012-03-07,2012.1817,230.3,-378.1,0.7,1.9,2.3,6.9
2012-03-08,2012.1844,232.8,-378.0,-0.8,2.2,2.9,8.0
2012-03-09,2012.1872,229.0,-375.9,-0.2,2.0,2.6,7.3
2012-03-10,2012.1899,230.9,-377.0,-1.6,2.1,2.7,7.5
2012-03-11,2012.1926,229.1,-377.4,-4.15,1.9,2.5,7.25
2012-03-12,2012.1954,230.4,-378.1,-6.7,1.9,2.4,7.0
2012-03-13,2012.1981,228.5,-379.5,-6.8,1.9,2.4,6.9
2012-03-14,2012.2008,230.0,-377.5,-6.2,2.0,2.6,7.4
2012-03-15,2012.2036,231.7,-380.0,-5.1,2.2,3.1,7.9
2012-03-16,2012.2063,225.8,-375.9,-7.1,2.8,3.3,8.6
2012-03-17,2012.209,229.5,-376.9,-10.9,2.1,2.5,6.8
2012-03-18,2012.2117,228.9,-376.8,-7.6,1.8,2.3,6.6
2012-03-19,2012.2145,227.7,-374.3,-7.6,2.2,2.9,7.6
2012-03-20,2012.2172,227.3,-375.7,-8.8,2.6,3.1,8.0
2012-03-21,2012.2199,226.6,-373.4,-9.2,2.0,2.7,7.1
2012-03-22,2012.2227,228.6,-374.0,-9.8,2.0,2.6,7.2
2012-03-23,2012.2254,227.8,-375.9,-10.9,1.9,2.4,7.0
2012-03-24,2012.2281,226.5,-376.5,-13.7,2.5,3.3,8.2
2012-03-25,2012.2309,225.0,-374.1,-7.1,1.9,2.5,7.1
2012-03-26,2012.2336,227.3,-374.0,-5.7,2.5,3.2,8.3
2012-03-27,2012.2363,227.7,-373.8,-7.9,2.2,2.7,8.4
2012-03-28,2012.2391,226.3,-372.3,-9.8,2.1,2.8,7.6
2012-03-29,2012.2418,226.2,-378.5,-8.2,2.1,2.7,8.0
2012-03-30,2012.2445,227.0,-376.2,-10.8,2.0,2.7,7.3
2012-03-31,2012.2473,229.2,-375.5,-7.4,2.0,2.6,7.4
2012-04-01,2012.25,228.6,-377.2,-6.9,1.9,2.5,7.0
2012-04-02,2012.2527,228.0,-375.8,-3.2,2.0,2.6,7.3
2012-04-03,2012.2555,225.8,-372.7,-0.3,2.6,3.4,8.8
2012-04-04,2012.2582,225.3,-377.0,-6.3,2.1,2.8,8.0
2012-04-05,2012.2609,227.1,-376.7,-12.3,2.1,2.9,8.0
2012-04-06,2012.2637,228.0,-379.1,-15.0,1.9,2.8,7.1
2012-04-07,2012.2664,226.7,-376.1,-16.2,2.2,2.9,7.9
2012-04-08,2012.2691,226.8,-375.8,-16.6,2.3,3.1,7.7
2012-04-09,2012.2719,225.9,-379.0,-16.0,2.5,3.3,8.6
2012-04-10,2012.2746,226.7,-377.1,-15.8,1.9,2.6,7.3
2012-04-11,2012.2773,224.7,-377.6,-8.7,2.5,3.3,8.3
2012-04-12,2012.2801,224.9,-375.1,-11.8,2.2,2.8,8.3
2012-04-13,2012.2828,225.6,-373.8,-10.8,2.2,2.8,8.3
2012-04-14,2012.2855,226.1,-371.1,-2.3,2.7,3.5,9.9
2012-04-15,2012.2883,226.1,-374.2,-1.4,2.2,2.9,7.9
2012-04-16,2012.291,224.9,-375.8,-3.5,2.4,3.4,9.1
2012-04-17,2012.2937,225.2,-373.6,0.3,2.6,3.5,8.7
2012-04-18,2012.2964,225.6,-372.9,-6.8,2.3,2.9,8.0
2012-04-19,2012.2992,227.0,-370.6,-10.4,2.1,2.7,7.6
2012-04-20,2012.3019,226.0,-372.3,-5.2,2.0,2.6,7.5
2012-04-21,2012.3046,224.0,-372.8,-6.5,2.3,2.9,8.3
2012-04-22,2012.3074,224.9,-372.9,-2.0,2.2,2.8,8.1
2012-04-23,2012.3101,224.8,-369.6,-8.6,2.6,3.6,8.7
2012-04-24,2012.3128,223.0,-370.6,-0.1,2.2,2.7,7.7
2012-04-25,2012.3156,224.5,-371.6,-6.0,2.3,2.7,7.9
2012-04-26,2012.3183,225.4,-371.7,-5.6,2.1,2.6,7.4
2012-04-27,2012.321,224.8,-369.4,1.1,2.7,3.4,8.7
2012-04-28,2012.3238,227.0,-368.7,-1.3,2.5,3.3,8.4
2012-04-29,2012.3265,225.6,-369.7,-9.1,2.5,3.3,8.7
2012-04-30,2012.3292,224.3,-370.7,-6.4,2.4,3.1,8.0
2012-05-01,2012.332,224.3,-374.3,-5.2,2.1,2.4,7.4
2012-05-02,2012.3347,222.2,-369.5,-2.3,2.0,2.5,7.5
2012-05-03,2012.3374,224.9,-370.1,-1.9,3.1,3.7,9.3
2012-05-04,2012.3402,225.1,-372.2,-4.5,2.3,3.0,8.5
2012-05-05,2012.3429,225.7,-371.7,4.6,2.1,2.9,7.6
2012-05-06,2012.3456,225.3,-373.2,-0.6,2.1,2.9,7.3
2012-05-07,2012.3484,223.9,-371.0,-2.1,2.0,2.6,7.4
2012-05-08,2012.3511,224.6,-370.4,0.1,2.4,3.2,8.3
2012-05-09,2012.3538,222.6,-371.8,-4.2,2.7,3.4,9.1
2012-05-10,2012.3566,225.0,-371.9,-5.4,2.3,3.2,8.3
2012-05-11,2012.3593,226.4,-370.9,-0.3,2.1,2.7,7.8
2012-05-12,2012.362,223.4,-370.5,-3.6,2.1,2.7,7.9
2012-05-13,2012.3648,224.7,-366.1,0.9,2.4,2.9,8.6
2012-05-14,2012.3675,223.4,-367.5,-4.6,2.0,2.5,7.5
2012-05-15,2012.3702,224.4,-371.5,-4.4,2.2,2.6,8.4
2012-05-16,2012.373,223.9,-368.6,-0.5,2.2,2.7,7.9
2012-05-17,2012.3757,221.8,-369.6,-0.4,2.2,2.7,7.8
2012-05-18,2012.3784,224.4,-368.9,-0.1,2.3,3.2,7.6
2012-05-19,2012.3811,221.7,-368.5,-8.4,2.6,3.4,8.7
2012-05-20,2012.3839,221.3,-369.2,-1.6,2.1,2.7,7.4
2012-05-21,2012.3866,220.8,-366.4,-2.05,2.5,3.4,7.6
2012-05-22,2012.3893,223.0,-369.4,-2.5,2.1,2.5,7.8
2012-05-23,2012.3921,224.3,-369.2,-0.5,2.0,2.6,8.0
2012-05-24,2012.3948,221.9,-369.5,0.1,2.3,3.2,8.2
2012-05-25,2012.3975,223.5,-370.8,1.4,2.3,2.9,8.6
2012-05-26,2012.4003,220.8,-370.9,-0.7,3.3,4.1,11.5
2012-05-27,2012.403,222.6,-370.6,-4.2,2.1,2.7,8.2
2012-05-28,2012.4057,221.7,-367.8,-2.8,2.4,2.9,9.0
2012-05-29,2012.4085,222.5,-367.8,2.8,2.2,2.6,8.3
2012-05-30,2012.4112,222.0,-368.5,-3.9,1.8,2.1,6.6
2012-05-31,2012.4139,220.3,-370.7,-6.0,1.8,2.1,6.9
2012-06-01,2012.4167,220.4,-369.7,-2.4,2.5,3.0,8.3
2012-06-02,2012.4194,219.3,-368.7,-8.9,2.5,3.1,8.3
2012-06-03,2012.4221,220.3,-368.8,-9.9,2.2,2.8,8.8
2012-06-04,2012.4249,222.6,-368.8,-5.9,2.3,2.8,8.7
2012-06-05,2012.4276,222.3,-372.1,-6.1,2.0,2.5,7.5
2012-06-06,2012.4303,220.4,-367.9,2.6,2.1,2.6,8.1
2012-06-07,2012.4331,223.1,-371.5,-4.3,1.9,2.3,7.2
2012-06-08,2012.4358,221.4,-369.0,-8.7,2.2,2.8,8.1
2012-06-09,2012.4385,222.3,-369.0,-1.9,2.2,2.9,8.2
2012-06-10,2012.4413,221.7,-368.2,-0.7,2.2,2.8,8.4
2012-06-11,2012.444,220.6,-370.5,-3.5,2.2,2.7,8.4
2012-06-12,2012.4467,219.7,-370.9,-3.3,2.5,3.1,9.4
2012-06-13,2012.4495,221.5,-368.7,-1.0,1.9,2.4,7.0
2012-06-14,2012.4522,220.4,-369.1,5.1,2.4,2.8,9.3
2012-06-15,2012.4549,220.7,-367.0,-2.4,1.8,2.1,7.0
2012-06-16,2012.4577,222.2,-368.2,-1.9,1.9,2.2,7.0
2012-06-17,2012.4604,219.9,-368.6,-5.1,2.5,3.3,9.0
2012-06-18,2012.4631,220.7,-370.5,4.9,2.4,3.0,8.7
2012-06-19,2012.4658,219.8,-371.2,-4.1,2.3,2.9,8.9
2012-06-20,2012.4686,221.5,-371.4,2.5,1.9,2.4,7.2
2012-06-21,2012.4713,221.0,-370.6,-1.1,2.0,2.4,7.7
2012-06-22,2012.474,220.2,-368.2,-1.9,2.0,2.6,7.6
2012-06-23,2012.4768,219.5,-368.5,-2.2,1.9,2.3,7.0
2012-06-24,2012.4795,218.9,-367.8,-1.2,1.9,2.2,7.0
2012-06-25,2012.4822,219.0,-368.6,-2.9,1.7,2.1,6.6
2012-06-26,2012.485,220.0,-368.2,0.4,1.8,2.1,6.6
2012-06-27,2012.4877,219.0,-368.7,-3.0,1.8,2.1,6.8
2012-06-28,2012.4904,219.7,-368.3,-6.0,1.9,2.4,7.5
2012-06-29,2012.4932,218.7,-368.7,-7.5,2.1,2.9,8.2
2012-06-30,2012.4959,219.3,-366.3,-0.5,2.3,2.8,8.1
2012-07-01,2012.4986,219.2,-363.2,5.3,2.7,3.5,10.0
2012-07-02,2012.5014,219.7,-368.0,-8.2,2.0,2.5,7.8
2012-07-03,2012.5041,218.4,-368.8,-7.3,1.8,2.2,7.1
2012-07-04,2012.5068,220.9,-366.5,-6.2,2.5,3.1,8.9
2012-07-05,2012.5096,219.7,-367.5,-6.3,2.0,2.3,7.5
2012-07-06,2012.5123,219.7,-368.5,-7.6,2.0,2.4,7.5
2012-07-07,2012.515,221.4,-369.4,-8.8,2.1,2.8,7.7
2012-07-08,2012.5178,219.7,-367.7,-7.2,2.0,2.6,7.6
2012-07-09,2012.5205,220.0,-368.3,-8.5,2.2,3.1,8.6
2012-07-10,2012.5232,217.8,-366.9,-4.2,2.0,2.4,7.8
2012-07-11,2012.526,218.9,-366.4,-11.9,2.0,2.4,7.3
2012-07-12,2012.5287,218.7,-365.6,-5.0,2.1,2.5,8.0
2012-07-13,2012.5314,219.9,-367.7,-14.8,2.3,2.7,9.2
2012-07-14,2012.5342,219.5,-367.0,-5.6,2.0,2.4,7.8
2012-07-15,2012.5369,219.8,-366.7,-7.6,2.4,3.0,8.6
2012-07-16,2012.5396,215.6,-366.9,-8.0,1.8,2.1,6.8
2012-07-17,2012.5423,220.4,-366.3,-7.3,2.0,2.6,7.4
2012-07-18,2012.5451,220.0,-365.5,-8.3,2.2,2.7,8.3
2012-07-19,2012.5478,218.6,-366.7,-6.7,2.0,2.4,7.8
2012-07-20,2012.5505,218.7,-366.5,-9.9,2.1,2.7,7.5
2012-07-21,2012.5533,217.6,-365.3,-12.6,1.8,2.2,6.8
2012-07-22,2012.556,218.8,-366.2,-12.7,2.0,2.6,6.8
2012-07-23,2012.5587,218.9,-366.8,-12.8,1.8,2.2,6.8
2012-07-24,2012.5615,217.3,-365.2,-9.45,2.1,2.6,7.4
2012-07-25,2012.5642,218.9,-365.4,-6.1,2.1,2.6,8.0
2012-07-26,2012.5669,217.5,-366.3,-8.05,2.2,2.7,8.3
2012-07-27,2012.5697,217.0,-363.6,-10.0,2.4,3.2,8.6
2012-07-28,2012.5724,217.6,-364.1,-16.1,2.0,2.6,7.5
2012-07-29,2012.5751,214.9,-364.1,-12.9,2.0,2.4,7.8
2012-07-30,2012.5779,216.6,-365.0,-17.6,2.5,2.9,9.5
2012-07-31,2012.5806,217.1,-361.8,-13.4,2.4,3.1,8.4
2012-08-01,2012.5833,217.3,-363.0,-16.1,2.5,3.3,8.1
2012-08-02,2012.5861,216.1,-363.2,-18.8,2.1,2.9,7.8
2012-08-03,2012.5888,216.8,-360.0,-16.1,1.9,2.4,7.4
2012-08-04,2012.5915,218.0,-364.3,-14.1,2.1,2.5,8.1
2012-08-05,2012.5943,219.1,-365.7,-21.8,2.4,3.3,9.3
2012-08-06,2012.597,216.7,-361.3,-17.3,1.9,2.5,7.4
2012-08-07,2012.5997,220.1,-365.2,-15.0,2.4,3.2,9.1
2012-08-08,2012.6025,216.9,-363.9,-16.7,2.2,2.8,8.4
2012-08-09,2012.6052,215.4,-363.6,-14.0,2.2,2.7,9.0
2012-08-10,2012.6079,218.8,-363.2,-13.9,2.4,3.1,9.4
2012-08-11,2012.6107,216.4,-362.0,-10.7,2.3,3.0,8.9
2012-08-12,2012.6134,216.9,-364.4,-10.6,2.2,2.8,8.6
2012-08-13,2012.6161,217.3,-362.3,-9.1,2.3,2.9,9.3
2012-08-14,2012.6189,218.9,-361.2,-9.4,2.2,2.8,8.3
2012-08-15,2012.6216,216.8,-361.9,-10.8,2.1,2.6,8.1
2012-08-16,2012.6243,217.4,-362.2,-3.6,2.4,2.9,9.2
2012-08-17,2012.627,215.3,-363.9,-8.8,2.1,2.6,8.1
2012-08-18,2012.6298,218.8,-365.2,-3.5,2.2,2.9,8.5
2012-08-19,2012.6325,217.3,-365.1,-15.2,2.2,2.8,7.9
2012-08-20,2012.6352,218.5,-361.8,-14.1,2.1,2.5,7.9
2012-08-21,2012.638,215.6,-361.3,-18.4,2.3,3.0,8.9
2012-08-22,2012.6407,217.8,-363.4,-17.3,1.8,2.1,6.8
2012-08-23,2012.6434,217.8,-362.6,-16.2,1.7,2.2,6.5
2012-08-24,2012.6462,218.8,-361.6,-17.8,2.1,2.5,7.7
2012-08-25,2012.6489,217.8,-363.4,-15.8,2.1,2.6,8.1
2012-08-26,2012.6516,216.2,-364.7,-20.7,2.4,2.9,9.0
2012-08-27,2012.6544,218.6,-361.0,-13.9,2.1,2.4,7.7
2012-08-28,2012.6571,216.4,-363.1,-20.0,2.2,2.5,8.4
2012-08-29,2012.6598,216.5,-364.1,-17.6,2.4,2.9,9.4
2012-08-30,2012.6626,216.7,-364.5,-21.3,2.2,2.6,8.8
2012-08-31,2012.6653,218.1,-361.0,-20.1,1.9,2.4,7.2
2012-09-01,2012.668,217.1,-363.3,-23.0,2.0,2.4,7.6
2012-09-02,2012.6708,216.2,-361.6,-22.4,2.1,2.5,7.6
2012-09-03,2012.6735,217.1,-363.1,-22.8,1.9,2.4,7.0
2012-09-04,2012.6762,217.9,-363.2,-23.6,2.1,2.5,7.3
2012-09-05,2012.679,217.9,-361.8,-26.0,2.2,2.9,7.5
2012-09-06,2012.6817,216.7,-362.7,-20.2,1.9,2.3,7.2
2012-09-07,2012.6844,217.4,-362.9,-20.1,1.8,2.2,6.9
2012-09-08,2012.6872,216.7,-362.3,-22.2,2.1,2.7,8.1
2012-09-09,2012.6899,215.2,-362.2,-19.2,1.9,2.3,7.2
2012-09-10,2012.6926,218.0,-361.9,-17.2,1.9,2.3,7.3
2012-09-11,2012.6954,216.8,-359.8,-19.9,2.2,2.5,8.3
2012-09-12,2012.6981,215.2,-360.0,-22.6,2.0,2.4,7.5
2012-09-13,2012.7008,215.7,-359.6,-24.7,1.8,2.1,6.9
2012-09-14,2012.7036,215.9,-359.9,-19.5,2.2,2.8,7.6
2012-09-15,2012.7063,218.2,-361.9,-15.3,2.2,2.9,7.8
2012-09-16,2012.709,216.0,-361.9,-24.3,1.8,2.2,6.7
2012-09-17,2012.7117,214.5,-361.5,-24.3,2.1,2.5,7.4
2012-09-18,2012.7145,217.2,-359.9,-22.2,1.9,2.3,7.0
2012-09-19,2012.7172,217.7,-362.6,-21.1,1.9,2.4,7.2
2012-09-20,2012.7199,217.1,-365.2,-24.3,2.1,2.9,7.6
2012-09-21,2012.7227,217.6,-362.7,-23.9,2.0,2.5,7.5
2012-09-22,2012.7254,216.7,-362.4,-21.6,2.2,2.7,8.4
2012-09-23,2012.7281,218.3,-360.9,-25.7,2.1,2.7,8.0
2012-09-24,2012.7309,218.0,-360.6,-19.5,2.0,2.5,7.8
2012-09-25,2012.7336,216.1,-361.9,-22.55,2.4,2.9,8.05
2012-09-26,2012.7363,217.8,-359.3,-25.6,2.3,2.9,8.3
2012-09-27,2012.7391,215.6,-359.6,-24.8,2.3,2.9,8.7
2012-09-28,2012.7418,216.9,-359.3,-26.9,2.2,2.8,8.2
2012-09-29,2012.7445,216.9,-360.4,-24.1,2.1,2.7,8.65
2012-09-30,2012.7473,216.6,-359.5,-21.3,2.3,2.7,9.1
2012-10-01,2012.75,216.6,-360.8,-24.9,2.2,2.7,7.9
2012-10-02,2012.7527,217.3,-360.3,-24.6,2.3,2.8,8.2
2012-10-03,2012.7555,217.5,-359.9,-22.9,2.3,2.9,7.8
2012-10-04,2012.7582,216.3,-361.4,-24.8,1.9,2.2,7.1
2012-10-05,2012.7609,215.4,-360.7,-20.9,2.0,2.5,7.6
2012-10-06,2012.7637,215.5,-362.6,-22.8,2.1,2.6,7.6
2012-10-07,2012.7664,214.2,-360.9,-16.3,1.9,2.4,7.6
2012-10-08,2012.7691,214.4,-359.3,-23.3,2.2,2.6,8.1
2012-10-09,2012.7719,212.2,-360.6,-20.1,2.0,2.3,8.0
2012-10-10,2012.7746,214.8,-359.8,-19.8,2.1,2.6,7.6
2012-10-11,2012.7773,212.0,-364.8,-24.6,1.9,2.3,7.1
2012-10-12,2012.7801,212.9,-359.9,-19.0,2.2,2.6,8.3
2012-10-13,2012.7828,214.8,-357.4,-18.4,1.9,2.4,7.5
2012-10-14,2012.7855,215.7,-358.8,-22.0,2.0,2.4,7.6
2012-10-15,2012.7883,215.4,-358.9,-27.9,2.0,2.3,7.4
2012-10-16,2012.791,216.5,-359.9,-23.7,2.1,2.5,7.4
2012-10-17,2012.7937,217.2,-361.7,-17.4,2.2,2.6,7.6
2012-10-18,2012.7964,214.9,-359.8,-22.2,2.1,2.6,7.6
2012-10-19,2012.7992,216.0,-360.5,-22.7,2.1,2.6,7.7
2012-10-20,2012.8019,215.5,-358.2,-22.8,2.1,2.6,7.4
2012-10-21,2012.8046,215.4,-360.1,-21.0,1.7,2.1,6.5
2012-10-22,2012.8074,214.2,-359.4,-19.0,1.7,2.1,6.4
2012-10-23,2012.8101,215.2,-357.7,-18.1,1.9,2.3,7.2
2012-10-24,2012.8128,212.4,-359.3,-19.1,2.0,2.4,7.1
2012-10-25,2012.8156,214.3,-359.2,-20.1,1.9,2.4,7.0
2012-10-26,2012.8183,213.9,-355.9,-16.3,1.8,2.1,6.7
2012-10-27,2012.821,213.9,-357.2,-22.3,2.0,2.4,7.0
2012-10-28,2012.8238,214.7,-357.5,-17.8,1.7,2.0,6.4
2012-10-29,2012.8265,213.9,-356.4,-15.0,1.8,2.2,6.6
2012-10-30,2012.8292,213.5,-358.6,-19.3,1.8,2.2,6.6
2012-10-31,2012.832,213.2,-357.3,-13.1,2.0,2.2,7.2
2012-11-01,2012.8347,213.1,-356.8,-18.8,1.9,2.2,6.6
2012-11-02,2012.8374,213.4,-355.7,-17.0,2.0,2.3,6.7
2012-11-03,2012.8402,212.7,-358.0,-16.4,1.6,1.9,6.2
2012-11-04,2012.8429,214.1,-356.0,-15.2,1.8,2.1,6.2
2012-11-05,2012.8456,212.6,-357.0,-9.2,2.1,2.4,7.1
2012-11-06,2012.8484,212.4,-356.8,-16.3,1.8,2.1,6.9
2012-11-07,2012.8511,214.7,-359.9,-15.53,2.2,2.5,6.93
2012-11-08,2012.8538,212.8,-354.5,-14.77,2.2,2.6,6.97
2012-11-09,2012.8566,211.7,-355.3,-14.0,2.0,2.3,7.0
2012-11-10,2012.8593,211.9,-355.9,-16.2,1.6,1.9,6.2
2012-11-11,2012.862,212.2,-356.8,-10.1,1.8,2.3,6.7
2012-11-12,2012.8648,210.0,-355.8,-12.8,1.8,2.2,6.5
2012-11-13,2012.8675,209.7,-357.7,-10.6,1.9,2.3,7.1
2012-11-14,2012.8702,211.8,-352.7,-11.0,1.8,2.3,6.7
2012-11-15,2012.873,212.1,-355.3,-14.1,2.0,2.5,7.4
2012-11-16,2012.8757,212.3,-356.4,-17.3,2.2,2.5,7.3
2012-11-17,2012.8784,210.5,-355.0,-11.6,1.8,2.1,6.3
2012-11-18,2012.8811,212.1,-354.9,-12.5,1.7,2.0,6.4
2012-11-19,2012.8839,209.5,-356.0,-8.5,2.1,2.4,7.5
2012-11-20,2012.8866,209.6,-352.9,-14.9,2.2,2.5,7.8
2012-11-21,2012.8893,209.2,-353.4,-4.0,2.2,2.5,7.8
2012-11-22,2012.8921,208.8,-355.4,-12.4,2.6,3.0,8.6
2012-11-23,2012.8948,210.5,-354.2,-4.8,1.8,2.1,6.5
2012-11-24,2012.8975,211.3,-352.3,-2.5,2.0,2.2,6.8
2012-11-25,2012.9003,211.4,-353.8,-8.6,1.9,2.2,6.9
2012-11-26,2012.903,207.0,-354.2,-7.15,1.8,2.1,6.95
2012-11-27,2012.9057,209.1,-357.0,-5.7,2.0,2.4,7.0
2012-11-28,2012.9085,210.8,-356.2,-9.5,1.7,2.0,6.2
2012-11-29,2012.9112,208.8,-353.4,-5.7,1.7,2.0,6.2
2012-11-30,2012.9139,209.5,-357.3,-4.0,2.0,2.4,6.9
2012-12-01,2012.9167,209.9,-353.8,-7.0,1.6,1.9,6.0
2012-12-02,2012.9194,211.4,-354.1,-11.3,2.0,2.4,6.7
2012-12-03,2012.9221,210.7,-354.4,-7.5,2.0,2.2,6.9
2012-12-04,2012.9249,210.9,-354.5,-8.4,1.6,1.9,6.0
2012-12-05,2012.9276,211.1,-354.3,-11.5,1.6,1.9,5.8
2012-12-06,2012.9303,211.1,-352.4,-5.7,2.0,2.3,7.2
2012-12-07,2012.9331,210.2,-352.6,-7.5,1.7,1.9,6.2
2012-12-08,2012.9358,209.3,-352.9,-7.5,1.6,1.9,6.1
2012-12-09,2012.9385,209.9,-351.9,-8.3,1.9,2.2,6.6
2012-12-10,2012.9413,208.4,-353.1,-12.7,1.7,2.0,6.1
2012-12-11,2012.944,210.3,-353.0,-6.9,1.6,1.9,6.2
2012-12-12,2012.9467,208.0,-352.4,-2.3,1.8,2.0,6.6
2012-12-13,2012.9495,208.5,-354.1,-8.1,1.8,2.1,6.7
2012-12-14,2012.9522,208.6,-352.5,-8.1,1.7,2.0,6.2
2012-12-15,2012.9549,209.7,-351.7,-5.5,1.7,1.9,6.2
2012-12-16,2012.9577,209.8,-353.4,-5.7,1.6,1.9,6.1
2012-12-17,2012.9604,209.7,-351.9,-6.8,1.8,2.0,6.5
2012-12-18,2012.9631,208.9,-352.9,-6.4,1.7,2.0,6.4
2012-12-19,2012.9658,208.8,-349.8,-3.55,1.7,2.1,6.7
2012-12-20,2012.9686,208.5,-352.2,-0.7,1.8,2.1,7.0
2012-12-21,2012.9713,209.8,-349.7,-0.3,1.8,2.2,6.5
2012-12-22,2012.974,210.4,-349.7,-7.4,1.6,1.9,5.8
2012-12-23,2012.9768,208.2,-350.2,-11.1,1.6,1.8,5.8
2012-12-24,2012.9795,209.2,-350.6,-7.4,1.6,1.8,5.9
2012-12-25,2012.9822,208.9,-349.4,-1.9,1.8,2.1,6.4
2012-12-26,2012.985,208.6,-349.8,-6.0,1.7,1.9,6.2
2012-12-27,2012.9877,209.6,-350.8,-4.0,1.6,1.9,6.2
2012-12-28,2012.9904,208.7,-350.3,-4.7,1.6,1.9,6.0
2012-12-29,2012.9932,210.0,-347.5,-3.0,1.9,2.2,6.7
2012-12-30,2012.9959,210.7,-348.4,-9.2,1.7,2.1,6.3
2012-12-31,2012.9986,208.7,-348.8,-5.8,1.7,2.0,6.6
2013-01-01,2013.0014,209.4,-350.4,-2.9,1.7,1.9,6.1
2013-01-02,2013.0041,209.1,-350.0,-4.7,1.9,2.3,6.9
2013-01-03,2013.0068,210.3,-348.3,-1.9,1.6,1.9,6.3
2013-01-04,2013.0096,210.6,-345.4,-0.5,1.8,2.1,6.6
2013-01-05,2013.0123,208.9,-346.9,4.2,1.8,2.1,6.4
2013-01-06,2013.0151,209.0,-348.1,3.7,1.8,2.1,6.2
2013-01-07,2013.0178,209.2,-347.9,3.5,2.0,2.3,6.9
2013-01-08,2013.0205,209.4,-345.1,1.1,2.0,2.5,7.4
2013-01-09,2013.0233,209.4,-348.2,-1.6,1.6,1.9,5.9
2013-01-10,2013.026,211.2,-347.0,2.1,1.7,2.1,6.1
2013-01-11,2013.0288,208.6,-348.1,-7.4,1.7,2.0,6.0
2013-01-12,2013.0315,209.9,-349.5,-0.5,1.6,2.0,6.1
2013-01-13,2013.0342,210.3,-348.5,3.2,1.9,2.3,6.8
2013-01-14,2013.037,208.2,-345.4,-2.8,1.9,2.3,6.7
2013-01-15,2013.0397,208.8,-348.3,-0.9,1.6,2.0,5.9
2013-01-16,2013.0425,210.1,-347.9,-1.4,1.6,2.0,6.3
2013-01-17,2013.0452,210.5,-346.2,4.1,1.8,2.3,6.3
2013-01-18,2013.0479,209.3,-347.4,-0.8,1.6,2.0,6.3
2013-01-19,2013.0507,208.2,-346.4,4.1,1.8,2.2,6.5
2013-01-20,2013.0534,208.4,-346.9,10.3,1.8,2.3,7.0
2013-01-21,2013.0562,207.7,-349.0,2.7,1.9,2.3,6.8
2013-01-22,2013.0589,207.7,-346.9,1.4,1.7,2.0,6.3
2013-01-23,2013.0616,207.4,-346.3,-0.8,2.1,2.7,7.4
2013-01-24,2013.0644,207.4,-347.5,-2.3,1.6,1.9,5.8
2013-01-25,2013.0671,207.9,-345.6,-0.2,2.0,2.4,6.9
2013-01-26,2013.0699,207.9,-345.2,-6.6,1.6,1.9,6.1
2013-01-27,2013.0726,206.5,-346.7,-4.3,1.6,1.9,5.7
2013-01-28,2013.0753,207.0,-346.5,-6.1,1.6,2.0,6.1
2013-01-29,2013.0781,207.2,-347.0,-4.9,1.7,2.1,6.1
2013-01-30,2013.0808,205.8,-345.2,-3.1,1.7,2.2,6.1
2013-01-31,2013.0836,207.5,-346.2,-5.0,1.7,2.1,6.4
2013-02-01,2013.0863,207.9,-344.2,-1.2,1.6,2.1,6.2
2013-02-02,2013.089,205.7,-345.1,-0.4,1.7,2.2,6.4
2013-02-03,2013.0918,206.1,-345.8,-3.9,1.7,2.1,6.2
2013-02-04,2013.0945,205.1,-346.1,-4.7,1.9,2.5,6.8
2013-02-05,2013.0973,206.4,-345.4,-3.6,1.7,2.1,6.4
2013-02-06,2013.1,208.3,-347.4,0.1,1.7,2.2,6.3
2013-02-07,2013.1027,207.0,-344.3,3.2,1.8,2.3,6.5
2013-02-08,2013.1055,209.2,-342.9,-1.7,2.0,2.4,7.1
2013-02-09,2013.1082,208.2,-345.5,-0.2,1.9,2.4,6.7
2013-02-10,2013.111,207.4,-346.1,-5.0,1.6,2.0,6.2
2013-02-11,2013.1137,207.4,-347.3,-3.5,1.7,2.2,6.4
2013-02-12,2013.1164,206.7,-347.2,-7.1,2.0,2.5,7.1
2013-02-13,2013.1192,209.8,-346.3,4.2,1.9,2.4,7.1
2013-02-14,2013.1219,207.0,-347.4,2.9,1.9,2.3,6.7
2013-02-15,2013.1247,208.0,-347.4,-3.4,1.8,2.2,6.5
2013-02-16,2013.1274,207.6,-348.2,1.0,1.9,2.4,6.9
2013-02-17,2013.1301,210.5,-346.5,4.8,2.1,2.7,7.6
2013-02-18,2013.1329,206.2,-345.8,-1.2,1.9,2.4,7.3
2013-02-19,2013.1356,207.3,-346.1,-2.7,1.9,2.4,7.0
2013-02-20,2013.1384,205.4,-343.2,-4.5,1.6,2.0,6.2
2013-02-21,2013.1411,207.9,-344.3,-4.8,1.7,2.1,6.6
2013-02-22,2013.1438,207.4,-344.2,-11.5,1.7,2.0,6.0
2013-02-23,2013.1466,207.7,-344.8,-4.7,1.7,2.1,6.3
2013-02-24,2013.1493,208.8,-344.4,-5.3,1.7,2.1,6.5
2013-02-25,2013.1521,207.7,-341.2,-4.9,2.1,2.6,6.75
2013-02-26,2013.1548,208.8,-342.6,-4.5,2.1,2.5,7.0
2013-02-27,2013.1575,209.5,-344.2,-1.5,1.8,2.2,6.5
2013-02-28,2013.1603,208.1,-345.9,4.2,2.0,2.5,7.2
2013-03-01,2013.163,209.3,-344.8,-0.6,2.2,2.6,7.6
2013-03-02,2013.1658,213.0,-345.9,-0.8,1.7,2.3,6.3
2013-03-03,2013.1685,211.0,-346.0,-7.0,1.8,2.2,6.4
2013-03-04,2013.1712,210.4,-345.5,-8.1,1.9,2.5,6.6
2013-03-05,2013.174,209.8,-343.0,-9.9,1.8,2.3,6.7
2013-03-06,2013.1767,209.6,-343.0,-7.9,1.8,2.3,6.7
2013-03-07,2013.1795,208.7,-343.3,-5.5,1.9,2.4,7.0
2013-03-08,2013.1822,211.3,-345.0,-2.2,1.8,2.3,6.7
2013-03-09,2013.1849,209.4,-346.5,-2.1,2.0,2.5,7.2
2013-03-10,2013.1877,209.5,-342.6,-1.1,1.8,2.2,6.6
2013-03-11,2013.1904,208.2,-346.1,-3.8,2.0,2.5,7.4
2013-03-12,2013.1932,210.1,-345.8,-4.5,1.9,2.4,6.9
2013-03-13,2013.1959,209.7,-347.0,-8.5,1.9,2.4,7.2
2013-03-14,2013.1986,209.9,-343.3,-9.2,2.0,2.6,7.4
2013-03-15,2013.2014,206.3,-340.4,-4.8,2.1,2.8,7.9
2013-03-16,2013.2041,210.3,-340.7,0.3,2.2,3.0,8.2
2013-03-17,2013.2068,207.9,-341.2,0.7,2.0,2.5,7.5
2013-03-18,2013.2096,208.5,-341.6,-4.8,2.3,3.3,8.2
2013-03-19,2013.2123,208.5,-344.0,-6.8,1.8,2.3,6.7
2013-03-20,2013.2151,209.0,-342.9,-9.8,2.1,2.7,7.7
2013-03-21,2013.2178,206.0,-343.1,2.5,2.0,2.5,7.8
2013-03-22,2013.2205,207.5,-341.7,-5.2,2.1,2.6,8.0
2013-03-23,2013.2233,207.5,-343.4,-1.8,1.8,2.2,7.2
2013-03-24,2013.226,206.9,-342.5,-0.5,2.0,2.6,7.5
2013-03-25,2013.2288,209.1,-342.7,-5.7,2.2,2.8,8.2
2013-03-26,2013.2315,208.5,-343.6,-6.2,1.9,2.4,7.3
2013-03-27,2013.2342,207.3,-343.2,-4.3,2.0,2.5,7.8
2013-03-28,2013.237,209.3,-341.7,-11.4,2.3,3.0,8.4
2013-03-29,2013.2397,210.4,-343.0,-8.4,2.2,2.8,7.7
2013-03-30,2013.2425,209.3,-342.7,-6.5,2.2,2.9,8.3
2013-03-31,2013.2452,208.9,-340.9,-3.5,2.4,2.9,8.5
2013-04-01,2013.2479,209.5,-340.0,-3.6,2.3,2.9,8.6
2013-04-02,2013.2507,208.2,-343.2,1.1,1.9,2.3,7.3
2013-04-03,2013.2534,208.5,-338.9,-0.9,2.2,2.8,8.3
2013-04-04,2013.2562,207.8,-342.5,1.1,2.3,3.2,8.6
2013-04-05,2013.2589,207.4,-340.8,-13.1,2.4,3.0,8.5
2013-04-06,2013.2616,208.6,-339.6,-1.0,2.1,2.6,7.8
2013-04-07,2013.2644,211.7,-339.7,-5.5,2.4,3.2,8.3
2013-04-08,2013.2671,209.1,-337.9,-6.8,2.1,2.7,7.8
2013-04-09,2013.2699,208.6,-338.9,-4.4,2.4,2.9,8.7
2013-04-10,2013.2726,208.1,-340.5,-4.1,2.0,2.7,7.4
2013-04-11,2013.2753,207.8,-342.3,-4.8,2.1,2.7,8.4
2013-04-12,2013.2781,208.3,-342.2,-5.1,2.4,3.0,9.1
2013-04-13,2013.2808,208.1,-340.4,-0.5,1.9,2.4,7.4
2013-04-14,2013.2836,207.3,-340.5,2.2,2.4,2.9,8.8
2013-04-15,2013.2863,208.2,-338.9,2.35,2.5,3.1,8.2
2013-04-16,2013.289,207.7,-342.1,2.5,2.1,2.5,7.6
2013-04-17,2013.2918,209.5,-342.3,2.1,2.0,2.6,7.7
2013-04-18,2013.2945,208.1,-341.7,-3.0,2.2,2.8,8.1
2013-04-19,2013.2973,208.0,-342.3,-4.5,2.2,2.6,8.2
2013-04-20,2013.3,207.0,-341.5,0.6,2.0,2.4,7.5
2013-04-21,2013.3027,207.2,-336.7,-0.1,2.0,2.5,7.2
2013-04-22,2013.3055,208.8,-337.4,5.6,1.9,2.2,7.2
2013-04-23,2013.3082,208.7,-337.4,-9.4,2.1,2.6,7.6
2013-04-24,2013.311,208.0,-337.7,0.5,2.4,2.9,8.6
2013-04-25,2013.3137,207.3,-339.0,-3.8,2.0,2.6,7.7
2013-04-26,2013.3164,206.7,-340.2,0.4,2.2,2.7,7.6
2013-04-27,2013.3192,207.5,-341.4,-0.6,2.3,3.1,8.3
2013-04-28,2013.3219,208.5,-340.5,-6.5,2.5,3.1,8.8
2013-04-29,2013.3247,206.3,-337.6,1.5,2.3,2.9,8.1
2013-04-30,2013.3274,208.7,-341.5,-7.1,2.3,3.3,8.5
2013-05-01,2013.3301,207.5,-336.8,1.0,2.2,2.9,8.1
2013-05-02,2013.3329,207.1,-339.8,-3.4,2.0,2.7,7.5
2013-05-03,2013.3356,207.9,-338.0,-7.8,2.5,3.1,9.1
2013-05-04,2013.3384,206.8,-338.9,-5.8,2.1,2.8,7.6
2013-05-05,2013.3411,206.7,-339.8,-1.5,2.2,3.0,8.0
2013-05-06,2013.3438,206.0,-338.5,-4.3,2.3,2.9,7.8
2013-05-07,2013.3466,205.8,-341.0,-3.0,2.6,3.4,8.5
2013-05-08,2013.3493,206.3,-338.6,-7.5,2.0,2.4,7.4
2013-05-09,2013.3521,205.7,-339.4,-6.9,2.4,3.1,8.8
2013-05-10,2013.3548,207.6,-339.3,-8.0,2.2,2.6,8.3
2013-05-11,2013.3575,205.4,-339.7,-7.0,2.2,2.9,7.7
2013-05-12,2013.3603,204.7,-339.6,-7.0,2.3,2.9,8.4
2013-05-13,2013.363,203.9,-337.9,-1.9,2.3,3.1,8.2
2013-05-14,2013.3658,208.1,-338.8,-9.7,2.2,2.8,8.2
2013-05-15,2013.3685,205.8,-338.2,-1.6,2.4,3.2,8.9
2013-05-16,2013.3712,206.5,-337.2,-10.7,2.1,2.5,7.9
2013-05-17,2013.374,203.4,-340.3,-8.9,2.4,3.0,9.3
2013-05-18,2013.3767,204.0,-340.1,-6.8,2.5,3.1,9.1
2013-05-19,2013.3795,208.3,-339.6,-7.7,2.5,3.3,8.8
2013-05-20,2013.3822,203.8,-342.0,-2.5,2.4,3.0,8.6
2013-05-21,2013.3849,208.1,-339.6,-6.7,2.2,2.8,8.4
2013-05-22,2013.3877,205.6,-340.0,-4.6,2.4,2.9,9.1
2013-05-23,2013.3904,202.1,-338.2,-1.5,2.4,3.1,8.9
2013-05-24,2013.3932,203.9,-338.4,-6.4,2.2,2.9,8.0
2013-05-25,2013.3959,203.9,-338.6,-0.2,2.2,2.6,8.4
2013-05-26,2013.3986,204.2,-338.1,-5.5,2.3,3.1,9.1
2013-05-27,2013.4014,205.8,-340.2,2.1,2.8,3.7,10.5
2013-05-28,2013.4041,205.1,-338.2,-12.3,2.2,2.7,8.2
2013-05-29,2013.4068,205.4,-341.5,-5.5,2.2,3.0,8.3
2013-05-30,2013.4096,203.7,-338.1,-5.4,2.2,2.8,8.3
2013-05-31,2013.4123,203.9,-336.9,-1.7,2.1,2.8,8.1
2013-06-01,2013.4151,203.4,-337.8,-1.2,2.3,2.9,8.5
2013-06-02,2013.4178,203.8,-336.6,0.6,2.2,3.0,8.0
2013-06-03,2013.4205,203.9,-336.2,-0.2,2.5,3.5,9.1
2013-06-04,2013.4233,203.0,-337.2,1.9,2.2,2.6,8.5
2013-06-05,2013.426,203.1,-335.4,1.0,2.2,3.1,8.5
2013-06-06,2013.4288,202.3,-337.0,1.3,2.2,2.7,8.1
2013-06-07,2013.4315,200.3,-338.2,0.6,2.2,2.6,8.5
2013-06-08,2013.4342,201.1,-336.2,-0.1,2.1,2.8,8.2
2013-06-09,2013.437,202.3,-335.7,0.6,2.3,2.8,8.7
2013-06-10,2013.4397,203.5,-337.6,-2.4,1.9,2.5,7.5
2013-06-11,2013.4425,202.4,-335.9,-2.1,1.9,2.3,7.7
2013-06-12,2013.4452,202.4,-334.7,1.8,2.0,2.5,7.9
2013-06-13,2013.4479,201.9,-337.4,3.5,2.1,2.6,7.8
2013-06-14,2013.4507,201.5,-338.3,4.6,1.9,2.3,7.5
2013-06-15,2013.4534,202.5,-337.1,4.4,1.9,2.3,7.7
2013-06-16,2013.4562,199.0,-337.3,3.65,2.3,2.7,8.5
2013-06-17,2013.4589,201.6,-340.3,2.9,2.3,2.9,9.3
2013-06-18,2013.4616,200.2,-338.0,2.1,2.2,2.7,8.6
2013-06-19,2013.4644,202.2,-338.8,3.1,2.2,2.8,8.4
2013-06-20,2013.4671,200.8,-336.8,1.3,2.2,2.6,8.3
2013-06-21,2013.4699,202.6,-336.7,-3.8,2.3,3.0,8.2
2013-06-22,2013.4726,200.7,-335.1,-5.8,2.1,2.7,8.2
2013-06-23,2013.4753,202.2,-335.6,-6.05,2.4,3.1,8.8
2013-06-24,2013.4781,203.9,-338.5,-6.3,2.6,3.3,9.4
2013-06-25,2013.4808,202.0,-337.3,-1.2,2.3,2.9,8.8
2013-06-26,2013.4836,200.9,-338.5,-11.3,2.4,3.4,8.5
2013-06-27,2013.4863,199.5,-335.8,-11.4,2.3,2.9,8.4
2013-06-28,2013.489,200.6,-337.0,-1.0,2.0,2.6,7.9
2013-06-29,2013.4918,200.0,-335.4,-8.3,2.2,2.6,8.2
2013-06-30,2013.4945,202.6,-335.1,-2.4,2.5,3.4,8.8
2013-07-01,2013.4973,199.8,-334.1,-6.8,2.0,2.5,7.5
2013-07-02,2013.5,200.7,-336.2,-5.2,2.0,2.5,8.0
2013-07-03,2013.5027,198.2,-337.3,-6.4,2.7,3.8,9.7
2013-07-04,2013.5055,200.6,-333.5,1.2,2.1,2.6,8.2
2013-07-05,2013.5082,200.4,-336.3,-3.7,2.4,3.4,9.1
2013-07-06,2013.511,201.1,-335.3,-11.1,2.6,3.7,9.5
2013-07-07,2013.5137,201.8,-335.3,-7.8,2.3,2.9,8.8
2013-07-08,2013.5164,198.3,-335.6,-6.2,2.5,3.4,9.0
2013-07-09,2013.5192,200.0,-336.8,-6.5,1.9,2.3,7.6
2013-07-10,2013.5219,198.8,-334.1,-7.6,2.1,2.8,7.7
2013-07-11,2013.5247,199.0,-336.1,-7.9,2.4,3.0,9.0
2013-07-12,2013.5274,200.3,-333.4,-5.5,2.4,3.3,9.2
2013-07-13,2013.5301,200.8,-335.1,-8.4,2.5,3.1,9.4
2013-07-14,2013.5329,200.5,-333.0,-1.1,2.6,3.4,9.4
2013-07-15,2013.5356,198.4,-336.2,-8.8,2.3,3.0,8.7
2013-07-16,2013.5384,200.1,-333.9,-5.4,2.3,3.1,9.2
2013-07-17,2013.5411,199.7,-334.2,-14.9,2.4,3.1,9.2
2013-07-18,2013.5438,200.3,-333.3,-3.9,2.2,2.8,8.4
2013-07-19,2013.5466,198.6,-332.3,-11.0,2.4,2.9,8.1
2013-07-20,2013.5493,200.8,-332.6,-9.25,2.2,2.9,8.65
2013-07-21,2013.5521,199.3,-332.8,-7.5,2.5,3.2,9.2
2013-07-22,2013.5548,199.3,-333.6,-6.5,2.3,2.9,8.4
2013-07-23,2013.5575,198.1,-335.7,-12.0,2.3,3.1,8.6
2013-07-24,2013.5603,197.9,-333.8,-9.9,2.0,2.5,8.0
2013-07-25,2013.563,199.5,-332.7,-10.4,2.3,3.1,8.6
2013-07-26,2013.5658,197.5,-330.8,-12.8,2.3,2.8,8.5
2013-07-27,2013.5685,200.2,-332.7,-11.8,2.5,3.0,9.6
2013-07-28,2013.5712,199.8,-333.3,-13.2,2.8,3.6,10.3
2013-07-29,2013.574,199.4,-333.8,-7.0,2.3,2.7,9.0
2013-07-30,2013.5767,198.0,-331.6,-8.7,2.2,2.7,8.8
2013-07-31,2013.5795,199.1,-330.7,-15.6,2.3,2.8,8.5
2013-08-01,2013.5822,197.2,-332.9,-11.55,2.2,2.6,9.35
2013-08-02,2013.5849,199.6,-331.1,-7.5,2.8,3.7,10.2
2013-08-03,2013.5877,196.8,-334.2,-3.2,2.5,3.0,10.1
2013-08-04,2013.5904,198.6,-332.8,-18.5,2.1,2.4,8.2
2013-08-05,2013.5932,197.1,-334.3,-10.0,2.4,2.9,8.5
2013-08-06,2013.5959,199.8,-333.2,-18.2,2.1,2.6,8.0
2013-08-07,2013.5986,199.6,-331.7,-13.6,2.2,2.6,8.5
2013-08-08,2013.6014,198.4,-333.3,-15.7,2.2,2.9,8.8
2013-08-09,2013.6041,198.9,-332.1,-17.6,2.2,2.8,8.2
2013-08-10,2013.6068,200.1,-331.4,-12.9,2.3,2.8,9.3
2013-08-11,2013.6096,199.7,-333.2,-18.4,2.3,3.0,8.4
2013-08-12,2013.6123,198.6,-331.4,-8.3,2.3,2.9,8.8
2013-08-13,2013.6151,198.8,-329.4,-6.9,2.4,2.8,9.4
2013-08-14,2013.6178,199.7,-332.5,-8.8,2.6,3.1,10.3
2013-08-15,2013.6205,199.5,-335.5,-8.0,2.5,3.0,9.9
2013-08-16,2013.6233,195.1,-333.1,-6.2,2.6,3.4,9.9
2013-08-17,2013.626,198.7,-333.6,-11.9,2.5,3.0,9.8
2013-08-18,2013.6288,197.1,-333.2,-6.5,2.4,2.9,8.6
2013-08-19,2013.6315,198.2,-332.7,-23.4,2.3,2.9,8.7
2013-08-20,2013.6342,197.4,-334.0,-15.3,2.5,3.1,9.5
2013-08-21,2013.637,196.2,-333.5,-6.9,2.3,2.8,8.9
2013-08-22,2013.6397,195.5,-330.3,-17.5,2.3,3.0,8.3
2013-08-23,2013.6425,195.6,-330.5,-11.5,2.4,3.1,9.4
2013-08-24,2013.6452,198.8,-333.3,-12.2,2.9,3.6,11.6
2013-08-25,2013.6479,199.9,-332.1,-8.3,2.1,2.7,8.1
2013-08-26,2013.6507,197.8,-330.3,-10.9,2.2,2.7,8.2
2013-08-27,2013.6534,197.8,-331.4,-20.8,2.1,2.8,7.7
2013-08-28,2013.6562,197.3,-329.3,-11.2,2.5,3.1,9.0
2013-08-29,2013.6589,197.8,-332.6,-15.0,2.2,2.7,8.3
2013-08-30,2013.6616,197.8,-330.5,-17.1,2.1,2.5,7.9
2013-08-31,2013.6644,195.1,-330.5,-18.7,2.3,2.8,8.3
2013-09-01,2013.6671,196.3,-331.9,-19.3,2.2,2.7,8.0
2013-09-02,2013.6699,198.3,-330.2,-19.1,1.9,2.2,7.2
2013-09-03,2013.6726,199.7,-329.7,-17.6,2.1,2.6,8.1
2013-09-04,2013.6753,198.7,-328.8,-18.6,2.2,2.9,8.3
2013-09-05,2013.6781,198.9,-327.1,-21.6,2.3,3.0,8.1
2013-09-06,2013.6808,197.9,-329.0,-20.8,2.1,2.7,7.5
2013-09-07,2013.6836,198.6,-330.6,-21.5,2.3,3.0,8.3
2013-09-08,2013.6863,200.3,-328.6,-15.0,2.4,3.0,9.2
2013-09-09,2013.689,198.5,-327.8,-21.2,2.3,3.0,8.2
2013-09-10,2013.6918,197.7,-328.8,-22.7,2.4,3.1,8.6
2013-09-11,2013.6945,196.6,-326.5,-18.7,2.4,3.1,9.0
2013-09-12,2013.6973,196.8,-328.8,-20.3,2.3,2.8,8.3
2013-09-13,2013.7,197.7,-328.5,-19.1,2.2,2.7,8.8
2013-09-14,2013.7027,195.7,-328.9,-19.2,2.5,3.2,9.4
2013-09-15,2013.7055,196.5,-326.7,-16.9,2.4,3.0,8.8
2013-09-16,2013.7082,195.2,-327.7,-18.8,2.0,2.4,7.7
2013-09-17,2013.711,195.2,-326.2,-22.7,2.1,2.4,7.9
2013-09-18,2013.7137,196.2,-329.1,-17.2,2.4,3.1,8.5
2013-09-19,2013.7164,197.4,-328.4,-23.9,2.5,3.1,9.0
2013-09-20,2013.7192,194.4,-329.5,-22.6,2.1,2.5,7.8
2013-09-21,2013.7219,196.3,-330.8,-19.4,2.3,2.9,8.3
2013-09-22,2013.7247,195.6,-330.9,-21.7,2.6,3.1,9.5
2013-09-23,2013.7274,194.5,-328.3,-14.6,2.5,2.9,9.6
2013-09-24,2013.7301,196.9,-325.7,-19.6,2.6,3.2,9.6
2013-09-25,2013.7329,195.5,-327.3,-25.4,2.1,2.6,8.1
2013-09-26,2013.7356,195.2,-327.8,-20.3,1.8,2.1,7.0
2013-09-27,2013.7384,195.6,-329.0,-22.95,2.1,2.5,7.4
2013-09-28,2013.7411,194.0,-326.9,-25.6,2.0,2.5,7.8
2013-09-29,2013.7438,194.3,-328.6,-16.4,2.0,2.4,7.7
2013-09-30,2013.7466,193.6,-328.8,-18.8,1.9,2.2,7.2
2013-10-01,2013.7493,194.5,-328.2,-22.6,2.2,2.6,8.3
2013-10-02,2013.7521,195.2,-329.5,-22.0,2.3,2.8,7.9
2013-10-03,2013.7548,195.8,-329.1,-22.8,2.3,2.8,8.6
2013-10-04,2013.7575,195.7,-328.9,-16.8,2.2,2.8,7.9
2013-10-05,2013.7603,193.9,-328.4,-19.4,2.3,2.9,8.3
2013-10-06,2013.763,196.2,-326.7,-15.8,2.2,2.7,8.0
2013-10-07,2013.7658,195.1,-328.7,-25.5,2.0,2.4,7.5
2013-10-08,2013.7685,195.7,-330.2,-25.2,2.1,2.5,7.4
2013-10-09,2013.7712,195.8,-328.1,-22.8,2.1,2.5,8.2
2013-10-10,2013.774,195.5,-327.2,-20.7,2.1,2.6,8.1
2013-10-11,2013.7767,194.5,-329.1,-24.3,2.2,2.7,7.6
2013-10-12,2013.7795,195.7,-326.6,-19.8,2.0,2.4,7.4
2013-10-13,2013.7822,196.0,-327.7,-17.1,1.9,2.3,7.4
2013-10-14,2013.7849,195.4,-326.3,-18.2,1.9,2.4,7.5
2013-10-15,2013.7877,195.7,-328.8,-25.8,2.4,3.0,8.0
2013-10-16,2013.7904,194.0,-327.2,-25.2,2.4,2.9,8.9
2013-10-17,2013.7932,195.0,-325.8,-24.2,2.3,2.9,8.1
2013-10-18,2013.7959,193.5,-326.0,-23.3,2.0,2.4,7.7
2013-10-19,2013.7986,194.5,-325.4,-21.7,2.2,2.6,8.2
2013-10-20,2013.8014,195.4,-326.3,-22.6,2.1,2.5,7.9
2013-10-21,2013.8041,195.6,-324.6,-21.2,2.2,2.6,7.9
2013-10-22,2013.8068,195.5,-326.2,-19.6,2.2,2.6,8.2
2013-10-23,2013.8096,195.5,-327.9,-19.9,2.2,2.6,8.3
2013-10-24,2013.8123,195.9,-325.3,-20.9,1.8,2.1,6.8
2013-10-25,2013.8151,196.9,-325.4,-19.2,2.1,2.6,7.6
2013-10-26,2013.8178,194.8,-325.1,-17.1,2.1,2.7,7.5
2013-10-27,2013.8205,194.9,-324.3,-13.5,2.1,2.5,7.6
2013-10-28,2013.8233,192.5,-321.7,-16.0,2.2,2.6,8.4
2013-10-29,2013.826,192.1,-323.3,-24.4,2.4,3.0,8.9
2013-10-30,2013.8288,193.4,-324.3,-19.8,2.0,2.5,7.6
2013-10-31,2013.8315,193.6,-324.5,-19.7,2.1,2.4,7.3
2013-11-01,2013.8342,192.1,-321.7,-19.8,2.1,2.8,7.3
2013-11-02,2013.837,193.2,-324.0,-16.4,2.1,2.6,8.1
2013-11-03,2013.8397,193.5,-324.4,-23.5,2.1,2.4,7.5
2013-11-04,2013.8425,192.9,-322.2,-20.3,2.0,2.5,7.3
2013-11-05,2013.8452,191.2,-321.9,-18.4,2.0,2.4,7.1
2013-11-06,2013.8479,192.3,-321.7,-20.2,2.0,2.4,7.0
2013-11-07,2013.8507,193.9,-322.1,-18.6,1.9,2.4,7.1
2013-11-08,2013.8534,192.3,-321.6,-16.45,2.0,2.2,7.3
2013-11-09,2013.8562,192.2,-322.7,-14.3,2.2,2.6,7.5
2013-11-10,2013.8589,191.3,-322.3,-15.2,2.0,2.3,7.3
2013-11-11,2013.8616,192.9,-321.3,-12.9,2.1,2.4,7.4
2013-11-12,2013.8644,194.1,-320.0,-13.9,2.1,2.5,7.4
2013-11-13,2013.8671,193.8,-320.4,-15.7,1.9,2.3,7.2
2013-11-14,2013.8699,191.8,-320.4,-16.9,2.0,2.2,7.1
2013-11-15,2013.8726,193.6,-321.2,-16.7,2.1,2.5,7.2
2013-11-16,2013.8753,192.5,-321.3,-19.8,2.0,2.3,7.2
2013-11-17,2013.8781,193.1,-322.0,-20.7,2.1,2.5,7.1
2013-11-18,2013.8808,194.0,-322.5,-13.4,2.3,2.7,7.7
2013-11-19,2013.8836,192.6,-324.1,-16.6,2.1,2.5,7.2
2013-11-20,2013.8863,191.4,-323.8,-12.1,2.1,2.5,7.3
2013-11-21,2013.889,192.6,-321.7,-8.4,2.1,2.4,7.0
2013-11-22,2013.8918,191.7,-322.1,-14.6,2.1,2.4,7.0
2013-11-23,2013.8945,191.9,-320.3,-14.6,2.1,2.4,7.2
2013-11-24,2013.8973,192.2,-321.8,-7.9,2.1,2.5,7.1
2013-11-25,2013.9,190.8,-320.3,-9.6,2.0,2.3,6.9
2013-11-26,2013.9027,190.6,-321.6,-8.0,2.0,2.3,7.3
2013-11-27,2013.9055,190.2,-321.2,-10.9,1.9,2.2,6.9
2013-11-28,2013.9082,190.1,-322.4,-10.9,1.9,2.1,6.7
2013-11-29,2013.911,191.4,-320.7,-7.3,1.9,2.3,6.9
2013-11-30,2013.9137,190.3,-320.4,-11.0,2.1,2.5,7.5
2013-12-01,2013.9164,188.3,-320.3,-13.7,2.1,2.5,7.8
2013-12-02,2013.9192,191.2,-321.2,-7.4,1.9,2.2,6.6
2013-12-03,2013.9219,190.8,-321.2,-5.4,1.9,2.3,7.1
2013-12-04,2013.9247,190.4,-321.9,-8.9,1.9,2.2,6.8
2013-12-05,2013.9274,191.3,-319.9,-10.1,1.7,2.1,6.6
2013-12-06,2013.9301,191.3,-321.4,-7.0,1.7,2.0,6.5
2013-12-07,2013.9329,192.0,-319.9,-9.2,1.9,2.4,6.7
2013-12-08,2013.9356,190.0,-320.7,-9.7,1.8,2.3,6.6
2013-12-09,2013.9384,192.2,-319.9,-7.5,1.8,2.4,6.9
2013-12-10,2013.9411,190.3,-321.6,-9.9,2.0,2.5,7.1
2013-12-11,2013.9438,189.7,-316.8,-4.3,1.9,2.4,7.0
2013-12-12,2013.9466,190.4,-318.2,0.0,1.8,2.2,6.7
2013-12-13,2013.9493,190.4,-320.4,-3.5,1.9,2.3,6.85
2013-12-14,2013.9521,193.5,-318.4,-7.0,2.0,2.5,7.0
2013-12-15,2013.9548,192.5,-316.8,-17.5,2.1,2.4,7.4
2013-12-16,2013.9575,190.9,-316.8,-11.8,1.9,2.3,6.5
2013-12-17,2013.9603,190.5,-318.2,-9.1,1.8,2.2,6.3
2013-12-18,2013.963,192.2,-319.0,-9.2,1.7,2.1,6.0
2013-12-19,2013.9658,190.7,-319.3,-9.7,1.8,2.2,6.4
2013-12-20,2013.9685,191.7,-317.8,-13.8,1.9,2.3,6.7
2013-12-21,2013.9712,191.2,-318.5,-7.5,1.9,2.4,6.7
2013-12-22,2013.974,190.4,-318.9,-4.3,1.9,2.4,6.7
2013-12-23,2013.9767,189.6,-318.1,-7.4,1.9,2.3,6.7
2013-12-24,2013.9795,191.5,-318.2,-5.7,1.7,2.1,6.3
2013-12-25,2013.9822,190.5,-318.7,-4.6,1.8,2.4,6.5
2013-12-26,2013.9849,190.7,-317.8,-6.2,1.8,2.2,6.3
2013-12-27,2013.9877,191.4,-318.0,-7.3,1.9,2.4,6.8
2013-12-28,2013.9904,188.6,-319.6,-4.45,1.9,2.3,6.85
2013-12-29,2013.9932,189.8,-318.2,-1.6,1.9,2.4,6.9
2013-12-30,2013.9959,191.6,-316.8,-3.6,1.7,2.0,6.4
2013-12-31,2013.9986,190.6,-318.0,-4.9,1.9,2.2,6.9
2014-01-01,2014.0014,189.7,-317.1,-0.5,1.8,2.1,6.8
2014-01-02,2014.0041,190.0,-320.4,-3.7,1.9,2.4,7.0
2014-01-03,2014.0068,190.2,-318.5,-2.7,1.8,2.4,6.7
2014-01-04,2014.0096,190.5,-316.7,1.6,1.8,2.3,6.8
2014-01-05,2014.0123,189.5,-317.6,2.6,1.8,2.3,6.7
2014-01-06,2014.0151,189.0,-317.0,-1.0,2.0,2.4,7.4
2014-01-07,2014.0178,191.1,-314.7,-2.8,1.9,2.4,6.8
2014-01-08,2014.0205,189.7,-314.5,-3.9,1.9,2.4,6.5
2014-01-09,2014.0233,191.4,-316.1,-5.6,1.7,2.1,6.4
2014-01-10,2014.026,191.5,-316.9,3.4,2.0,2.4,7.5
2014-01-11,2014.0288,189.7,-316.0,-1.5,1.9,2.4,7.1
2014-01-12,2014.0315,189.3,-314.9,-9.0,1.9,2.4,6.6
2014-01-13,2014.0342,189.6,-316.1,-8.3,1.8,2.3,6.8
2014-01-14,2014.037,188.8,-313.5,-11.6,1.8,2.3,6.6
2014-01-15,2014.0397,188.8,-314.9,-7.1,1.9,2.4,6.9
2014-01-16,2014.0425,188.8,-313.4,-8.0,2.0,2.6,7.3
2014-01-17,2014.0452,189.5,-315.1,-6.7,2.0,2.5,7.2
2014-01-18,2014.0479,189.1,-314.6,-11.8,1.7,2.0,6.2
2014-01-19,2014.0507,189.7,-312.6,-9.2,1.9,2.4,7.0
2014-01-20,2014.0534,188.1,-312.4,-10.7,2.0,2.4,6.7
2014-01-21,2014.0562,189.0,-315.0,-7.6,2.1,2.6,7.2
2014-01-22,2014.0589,189.7,-314.6,-5.0,1.7,2.1,6.4
2014-01-23,2014.0616,188.5,-318.2,-7.0,2.1,2.7,7.5
2014-01-24,2014.0644,189.2,-315.8,-0.9,1.9,2.4,6.8
2014-01-25,2014.0671,189.5,-314.6,-1.6,1.7,2.1,6.5
2014-01-26,2014.0699,187.9,-315.0,-6.0,1.9,2.3,6.6
2014-01-27,2014.0726,191.0,-315.9,-1.6,1.7,2.2,6.5
2014-01-28,2014.0753,187.6,-315.3,-9.5,1.9,2.3,6.7
2014-01-29,2014.0781,191.1,-315.5,-4.9,1.8,2.2,6.7
2014-01-30,2014.0808,191.2,-316.2,-6.7,1.8,2.3,6.9
2014-01-31,2014.0836,190.2,-315.2,-4.3,1.9,2.4,6.9
2014-02-01,2014.0863,192.7,-314.9,-3.7,1.8,2.4,6.7
2014-02-02,2014.089,192.1,-316.6,-4.5,1.9,2.5,7.0
2014-02-03,2014.0918,191.4,-315.4,-1.8,1.9,2.3,6.8
2014-02-04,2014.0945,191.9,-314.5,2.3,1.8,2.3,6.7
2014-02-05,2014.0973,192.1,-309.8,-1.3,2.0,2.5,7.1
2014-02-06,2014.1,193.4,-314.2,-1.8,2.2,2.7,7.3
2014-02-07,2014.1027,192.3,-313.8,-0.9,2.3,3.0,7.25
2014-02-08,2014.1055,193.8,-318.4,-0.0,1.9,2.4,7.2
2014-02-09,2014.1082,190.4,-313.6,-11.3,1.9,2.3,7.4
2014-02-10,2014.111,192.9,-313.2,-2.5,2.1,2.6,7.8
2014-02-11,2014.1137,190.6,-312.0,-9.9,2.0,2.4,7.4
2014-02-12,2014.1164,192.8,-313.6,-5.4,2.0,2.5,7.4
2014-02-13,2014.1192,191.4,-313.3,-6.9,1.9,2.3,6.9
2014-02-14,2014.1219,193.1,-314.5,-13.2,2.1,2.5,7.6
2014-02-15,2014.1247,188.5,-310.4,-3.5,2.2,2.7,8.2
2014-02-16,2014.1274,191.7,-313.5,-10.3,1.8,2.1,6.5
2014-02-17,2014.1301,193.6,-312.6,-8.9,2.1,2.6,7.4
2014-02-18,2014.1329,193.4,-316.0,-14.8,2.4,3.1,8.8
2014-02-19,2014.1356,190.5,-315.2,-13.0,1.9,2.4,6.8
2014-02-20,2014.1384,190.6,-315.1,-9.7,2.1,2.6,7.1
2014-02-21,2014.1411,190.4,-313.5,-8.0,1.9,2.3,6.9
2014-02-22,2014.1438,189.9,-313.9,-10.6,1.9,2.3,7.1
2014-02-23,2014.1466,192.5,-315.1,-5.2,2.2,2.9,8.0
2014-02-24,2014.1493,191.7,-313.4,-13.0,2.0,2.8,7.4
2014-02-25,2014.1521,193.7,-313.8,-15.5,2.0,2.7,7.6
2014-02-26,2014.1548,189.4,-314.5,-14.9,2.0,2.6,7.5
2014-02-27,2014.1575,192.5,-316.1,-7.3,2.2,2.8,8.2
2014-02-28,2014.1603,192.9,-309.9,-15.9,2.3,3.3,8.5
2014-03-01,2014.163,192.6,-314.3,-9.7,2.3,3.0,8.5
2014-03-02,2014.1658,190.3,-312.3,-6.5,2.3,2.9,8.0
2014-03-03,2014.1685,190.6,-314.0,-14.9,1.9,2.6,7.4
2014-03-04,2014.1712,190.8,-314.3,-14.7,2.1,2.8,7.6
2014-03-05,2014.174,192.6,-313.4,-8.9,2.4,3.5,8.7
2014-03-06,2014.1767,191.6,-315.6,-7.3,2.2,3.0,8.2
2014-03-07,2014.1795,192.5,-313.7,-7.1,2.4,3.3,8.7
2014-03-08,2014.1822,191.4,-313.6,-17.1,2.4,3.1,8.2
2014-03-09,2014.1849,190.8,-311.2,-10.5,2.1,2.6,7.7
2014-03-10,2014.1877,191.0,-314.4,-16.5,2.2,3.1,8.0
2014-03-11,2014.1904,188.6,-312.0,-8.0,1.9,2.4,7.4
2014-03-12,2014.1932,191.1,-316.3,-6.8,2.3,3.1,8.2
2014-03-13,2014.1959,192.0,-314.3,-9.7,2.0,2.7,7.5
2014-03-14,2014.1986,190.4,-310.0,-6.4,1.9,2.5,7.2
2014-03-15,2014.2014,189.4,-312.0,-16.9,2.2,3.0,8.2
2014-03-16,2014.2041,190.9,-312.8,-17.3,2.4,3.2,8.3
2014-03-17,2014.2068,190.3,-312.5,-15.4,2.1,2.6,7.5
2014-03-18,2014.2096,193.6,-312.8,-14.8,2.5,3.3,9.0
2014-03-19,2014.2123,190.9,-311.1,-9.1,2.4,3.2,8.5
2014-03-20,2014.2151,192.0,-310.4,-8.5,2.1,2.7,8.1
2014-03-21,2014.2178,188.5,-311.6,-17.0,2.4,3.3,8.6
2014-03-22,2014.2205,190.2,-311.1,-13.4,2.4,3.4,8.5
2014-03-23,2014.2233,190.9,-311.6,-9.2,2.2,2.9,7.4
2014-03-24,2014.226,187.2,-310.5,-8.9,1.9,2.5,7.1
2014-03-25,2014.2288,190.5,-308.7,-14.4,2.3,4.0,8.3
2014-03-26,2014.2315,190.1,-308.6,-1.3,2.2,3.1,8.1
2014-03-27,2014.2342,188.6,-309.9,-0.6,2.6,3.3,8.9
2014-03-28,2014.237,190.3,-312.7,-13.9,2.7,3.6,9.2
2014-03-29,2014.2397,189.0,-309.3,-8.0,2.5,3.3,8.6
2014-03-30,2014.2425,190.2,-309.6,2.2,2.6,3.4,9.4
2014-03-31,2014.2452,188.3,-309.7,-14.2,2.6,3.3,9.3
2014-04-01,2014.2479,190.5,-310.9,-4.2,2.5,3.3,8.9
2014-04-02,2014.2507,190.1,-310.9,-2.4,2.4,3.0,8.9
2014-04-03,2014.2534,190.5,-311.1,-2.2,2.3,3.1,8.4
2014-04-04,2014.2562,187.7,-308.7,-6.2,2.1,2.6,7.7
2014-04-05,2014.2589,190.5,-309.4,-8.9,2.4,3.2,8.2
2014-04-06,2014.2616,190.8,-309.2,-3.8,2.2,3.0,8.0
2014-04-07,2014.2644,190.8,-310.6,1.3,2.2,3.0,7.8
2014-04-08,2014.2671,189.5,-311.0,-3.4,2.1,2.6,7.6
2014-04-09,2014.2699,189.5,-309.9,-5.0,2.2,2.8,8.0
2014-04-10,2014.2726,190.6,-308.9,-4.9,2.3,3.1,8.1
2014-04-11,2014.2753,190.2,-308.7,-1.8,2.1,2.8,8.3
2014-04-12,2014.2781,186.3,-310.7,-0.7,2.1,2.6,7.9
2014-04-13,2014.2808,187.8,-310.4,-1.8,2.0,2.5,7.7
2014-04-14,2014.2836,189.7,-306.9,2.6,2.2,2.9,7.9
2014-04-15,2014.2863,190.5,-309.1,4.6,2.4,3.1,9.2
2014-04-16,2014.289,190.9,-308.6,-7.3,2.2,3.1,7.8
2014-04-17,2014.2918,190.9,-310.2,-4.7,2.5,3.8,9.4
2014-04-18,2014.2945,189.2,-307.8,-6.2,2.5,3.4,9.1
2014-04-19,2014.2973,191.3,-309.1,-3.1,2.2,3.2,8.3
2014-04-20,2014.3,188.2,-305.9,-10.6,2.2,2.8,8.6
2014-04-21,2014.3027,189.9,-305.4,-0.4,2.2,2.7,8.6
2014-04-22,2014.3055,187.1,-307.0,3.3,2.6,3.3,9.1
2014-04-23,2014.3082,190.1,-307.7,-1.1,2.6,3.4,9.1
2014-04-24,2014.311,191.6,-307.9,-1.1,2.2,2.8,8.5
2014-04-25,2014.3137,186.7,-309.7,-0.5,2.2,2.6,8.4
2014-04-26,2014.3164,190.1,-307.4,-3.8,2.7,3.5,9.5
2014-04-27,2014.3192,187.4,-308.9,-7.3,2.2,2.8,8.3
2014-04-28,2014.3219,187.4,-307.7,-9.6,2.6,3.2,9.2
2014-04-29,2014.3247,185.2,-310.7,-6.0,2.0,2.8,7.5
2014-04-30,2014.3274,188.9,-309.6,-2.4,2.4,3.3,9.0
2014-05-01,2014.3301,187.5,-310.1,-4.2,2.3,3.3,8.5
2014-05-02,2014.3329,187.3,-309.9,-7.25,2.6,3.1,8.7
2014-05-03,2014.3356,187.4,-308.8,-10.3,2.5,3.3,8.9
2014-05-04,2014.3384,186.9,-310.0,-9.8,2.3,3.2,8.7
2014-05-05,2014.3411,187.1,-306.4,-6.4,2.1,2.8,7.7
2014-05-06,2014.3438,185.3,-309.6,-7.1,2.0,2.4,7.6
2014-05-07,2014.3466,187.5,-307.5,-3.5,2.5,3.1,9.2
2014-05-08,2014.3493,185.0,-305.5,-3.9,2.3,2.8,7.6
2014-05-09,2014.3521,186.5,-308.3,-5.6,2.4,2.8,8.5
2014-05-10,2014.3548,185.3,-306.7,-3.6,2.3,2.9,8.6
2014-05-11,2014.3575,184.6,-308.5,-1.9,2.5,3.0,8.75
2014-05-12,2014.3603,186.5,-305.4,-0.2,2.4,2.9,8.9
2014-05-13,2014.363,184.7,-306.5,-0.3,2.4,3.2,9.0
2014-05-14,2014.3658,187.0,-305.9,-1.0,2.1,2.7,8.2
2014-05-15,2014.3685,187.2,-303.8,3.6,2.6,3.2,9.5
2014-05-16,2014.3712,188.7,-306.2,2.0,2.4,3.2,8.8
2014-05-17,2014.374,185.0,-309.0,0.6,2.2,2.8,8.6
2014-05-18,2014.3767,186.1,-305.8,3.3,2.6,3.5,9.2
2014-05-19,2014.3795,185.3,-306.6,2.4,2.6,3.6,9.3
2014-05-20,2014.3822,185.2,-307.0,5.9,2.3,2.8,8.6
2014-05-21,2014.3849,183.6,-305.9,6.2,2.1,2.7,8.4
2014-05-22,2014.3877,183.7,-303.5,5.4,2.4,3.1,9.3
2014-05-23,2014.3904,184.5,-306.1,1.7,2.4,3.0,9.0
2014-05-24,2014.3932,184.2,-306.5,5.8,2.3,2.9,9.0
2014-05-25,2014.3959,183.3,-305.8,-1.4,2.0,2.4,7.9
2014-05-26,2014.3986,185.0,-307.1,0.9,2.2,2.9,8.5
2014-05-27,2014.4014,184.5,-305.1,5.4,2.4,2.9,9.2
2014-05-28,2014.4041,181.3,-308.6,9.1,2.3,3.0,8.8
2014-05-29,2014.4068,182.9,-306.3,8.1,2.4,2.9,9.1
2014-05-30,2014.4096,181.2,-307.4,3.8,2.5,3.1,9.4
2014-05-31,2014.4123,183.6,-307.2,3.5,2.2,2.8,8.6
2014-06-01,2014.4151,181.1,-306.8,2.1,2.6,3.3,9.8
2014-06-02,2014.4178,183.2,-305.5,0.7,2.2,2.7,8.5
2014-06-03,2014.4205,181.0,-308.4,1.2,2.4,2.9,9.0
2014-06-04,2014.4233,182.9,-307.6,8.1,2.1,2.5,8.7
2014-06-05,2014.426,183.1,-307.8,-3.4,2.4,3.0,9.8
2014-06-06,2014.4288,183.6,-306.5,10.8,2.5,3.0,10.5
2014-06-07,2014.4315,181.8,-306.0,0.7,2.1,2.5,8.1
2014-06-08,2014.4342,183.3,-302.9,2.3,2.4,3.1,9.3
2014-06-09,2014.437,182.4,-306.9,-1.4,2.2,2.7,8.7
2014-06-10,2014.4397,184.8,-307.3,2.2,2.2,2.8,8.9
2014-06-11,2014.4425,184.9,-304.0,4.0,2.5,3.1,10.3
2014-06-12,2014.4452,181.4,-303.9,-0.8,2.7,3.4,10.3
2014-06-13,2014.4479,183.9,-304.1,-2.2,2.6,3.1,9.8
2014-06-14,2014.4507,184.4,-305.1,-3.6,2.3,2.9,9.3
2014-06-15,2014.4534,183.9,-305.6,-5.0,2.4,3.4,8.8
2014-06-16,2014.4562,182.8,-302.9,-2.6,2.5,3.5,8.25
2014-06-17,2014.4589,183.7,-305.2,-0.2,2.0,2.7,7.7
2014-06-18,2014.4616,184.8,-306.5,-7.0,2.2,2.8,8.4
2014-06-19,2014.4644,182.2,-304.0,-2.5,2.2,2.7,8.3
2014-06-20,2014.4671,183.2,-302.9,-6.4,2.2,3.0,8.3
2014-06-21,2014.4699,184.2,-304.3,-10.4,1.9,2.4,7.6
2014-06-22,2014.4726,183.2,-304.2,-8.2,2.5,3.4,9.4
2014-06-23,2014.4753,181.8,-303.4,-11.5,2.4,3.1,9.4
2014-06-24,2014.4781,184.0,-303.6,-2.1,2.1,2.5,7.8
2014-06-25,2014.4808,183.3,-305.1,-9.5,2.5,3.2,9.7
2014-06-26,2014.4836,181.7,-302.6,-12.6,2.3,3.0,9.0
2014-06-27,2014.4863,184.5,-303.4,-9.7,2.4,2.9,9.4
2014-06-28,2014.489,184.2,-304.2,-6.0,2.3,2.7,8.9
2014-06-29,2014.4918,183.9,-302.8,-7.2,2.0,2.4,7.6
2014-06-30,2014.4945,182.8,-303.4,-10.7,2.2,2.7,8.2
2014-07-01,2014.4973,183.4,-302.5,-16.2,2.1,2.7,8.3
2014-07-02,2014.5,183.3,-302.1,-3.8,2.3,3.1,8.6
2014-07-03,2014.5027,183.8,-303.0,-4.8,2.1,2.7,8.4
2014-07-04,2014.5055,184.0,-301.6,-6.7,2.6,3.4,9.3
2014-07-05,2014.5082,182.0,-303.6,-8.7,2.3,3.0,8.3
2014-07-06,2014.511,180.5,-301.5,-4.9,2.3,2.8,9.1
2014-07-07,2014.5137,181.0,-300.7,-10.9,2.5,3.4,9.4
2014-07-08,2014.5164,180.9,-301.9,-12.3,2.2,2.8,8.5
2014-07-09,2014.5192,181.4,-301.4,-13.4,2.6,3.4,10.3
2014-07-10,2014.5219,180.5,-301.3,-10.1,2.5,2.9,9.9
2014-07-11,2014.5247,182.6,-301.3,-10.9,2.5,3.5,9.3
2014-07-12,2014.5274,181.1,-305.1,-11.8,2.4,3.0,9.1
2014-07-13,2014.5301,183.8,-302.9,-10.7,2.2,2.7,8.3
2014-07-14,2014.5329,181.5,-302.3,-15.3,2.5,3.0,9.0
2014-07-15,2014.5356,182.2,-301.8,-5.6,2.3,2.9,8.4
2014-07-16,2014.5384,183.3,-302.0,-18.0,2.5,3.2,9.5
2014-07-17,2014.5411,181.2,-301.2,-4.2,2.5,3.3,9.5
2014-07-18,2014.5438,180.3,-301.6,-8.3,2.4,2.9,8.6
2014-07-19,2014.5466,179.1,-302.9,-8.3,2.1,2.5,8.1
2014-07-20,2014.5493,178.4,-302.7,-5.5,2.4,2.9,9.7
2014-07-21,2014.5521,178.6,-303.4,-9.1,2.3,2.7,8.8
2014-07-22,2014.5548,178.0,-302.1,-12.7,2.2,2.6,8.6
2014-07-23,2014.5575,176.7,-302.8,-14.1,2.7,3.2,9.6
2014-07-24,2014.5603,180.1,-303.2,-8.3,2.6,3.1,10.0
2014-07-25,2014.563,177.3,-299.2,-14.7,2.6,3.2,10.2
2014-07-26,2014.5658,178.2,-301.7,-11.1,2.5,3.0,9.9
2014-07-27,2014.5685,179.8,-302.5,-6.9,2.4,2.9,9.3
2014-07-28,2014.5712,180.2,-303.1,-16.8,2.4,3.2,9.1
2014-07-29,2014.574,180.1,-304.2,-17.55,2.4,3.0,9.15
2014-07-30,2014.5767,179.6,-303.8,-18.3,2.4,2.9,9.2
2014-07-31,2014.5795,180.4,-302.4,-10.6,2.1,2.8,8.0
2014-08-01,2014.5822,181.0,-301.7,-10.6,2.4,2.9,9.3
2014-08-02,2014.5849,180.2,-302.4,-17.8,2.2,2.7,8.4
2014-08-03,2014.5877,180.9,-303.2,-14.0,2.5,3.2,9.8
2014-08-04,2014.5904,179.8,-300.5,-15.1,2.3,2.8,9.0
2014-08-05,2014.5932,180.1,-299.5,-11.3,2.2,2.7,8.7
2014-08-06,2014.5959,177.5,-302.2,-10.3,2.5,3.0,10.2
2014-08-07,2014.5986,177.7,-304.3,-20.7,2.7,3.3,10.7
2014-08-08,2014.6014,180.4,-303.6,-10.4,2.2,2.8,8.5
2014-08-09,2014.6041,178.9,-299.9,-13.1,2.3,2.9,8.8
2014-08-10,2014.6068,178.2,-303.0,-10.4,2.3,2.9,8.1
2014-08-11,2014.6096,179.1,-301.9,-10.2,2.5,3.2,8.9
2014-08-12,2014.6123,177.8,-301.1,-12.5,2.2,2.7,8.7
2014-08-13,2014.6151,180.0,-299.7,-15.8,2.3,3.3,8.4
2014-08-14,2014.6178,179.9,-302.4,-13.3,1.9,2.2,7.2
2014-08-15,2014.6205,180.2,-299.4,-17.3,1.9,2.3,7.5
2014-08-16,2014.6233,180.1,-299.6,-13.5,2.1,2.6,8.1
2014-08-17,2014.626,180.2,-298.5,-16.6,2.2,2.7,8.1
2014-08-18,2014.6288,178.3,-300.5,-19.1,2.3,2.8,9.0
2014-08-19,2014.6315,178.4,-296.9,-15.6,2.4,3.1,9.1
2014-08-20,2014.6342,180.4,-298.2,-12.1,2.2,2.9,8.6
2014-08-21,2014.637,179.1,-297.4,-15.8,2.2,2.8,9.0
2014-08-22,2014.6397,178.1,-299.0,-19.1,2.2,2.8,8.4
2014-08-23,2014.6425,177.5,-297.6,-17.0,2.0,2.5,7.9
2014-08-24,2014.6452,180.0,-298.1,-20.4,2.1,2.6,8.1
2014-08-25,2014.6479,179.5,-299.9,-17.8,2.1,2.6,8.0
2014-08-26,2014.6507,182.0,-300.7,-19.7,2.1,2.7,8.5
2014-08-27,2014.6534,180.2,-298.4,-19.3,2.3,2.9,8.5
2014-08-28,2014.6562,178.9,-296.5,-16.8,2.5,3.2,9.1
2014-08-29,2014.6589,179.3,-299.3,-20.9,2.4,3.0,8.9
2014-08-30,2014.6616,179.7,-297.9,-19.6,2.4,3.1,8.7
2014-08-31,2014.6644,178.4,-297.7,-17.0,2.2,2.6,8.1
2014-09-01,2014.6671,176.6,-297.9,-16.8,2.3,2.8,9.0
2014-09-02,2014.6699,179.6,-300.9,-21.7,2.5,3.2,9.9
2014-09-03,2014.6726,177.2,-298.2,-18.7,2.4,2.9,9.5
2014-09-04,2014.6753,177.0,-294.9,-14.0,2.5,3.2,9.4
2014-09-05,2014.6781,174.5,-298.6,-12.2,2.7,3.4,9.6
2014-09-06,2014.6808,177.5,-298.1,-20.6,2.2,2.8,8.2
2014-09-07,2014.6836,177.2,-297.4,-13.7,2.4,3.2,9.4
2014-09-08,2014.6863,177.0,-300.2,-27.0,2.6,3.4,9.2
2014-09-09,2014.689,179.3,-298.5,-22.9,2.9,3.8,10.1
2014-09-10,2014.6918,178.8,-297.2,-18.3,2.2,2.8,8.3
2014-09-11,2014.6945,175.6,-294.8,-16.7,2.8,3.5,9.6
2014-09-12,2014.6973,176.9,-296.2,-20.7,2.4,2.9,8.8
2014-09-13,2014.7,177.4,-297.0,-16.1,2.5,3.0,8.8
2014-09-14,2014.7027,177.1,-297.9,-20.6,2.8,3.5,10.4
2014-09-15,2014.7055,178.2,-297.0,-17.7,2.7,3.5,9.8
2014-09-16,2014.7082,176.7,-299.8,-13.6,2.7,3.2,10.2
2014-09-17,2014.711,176.0,-296.7,-10.9,2.4,2.8,8.9
2014-09-18,2014.7137,175.6,-298.0,-23.1,2.1,2.4,7.7
2014-09-19,2014.7164,176.5,-294.2,-23.8,2.2,2.7,8.2
2014-09-20,2014.7192,176.4,-294.5,-12.6,2.4,2.9,8.6
2014-09-21,2014.7219,174.2,-295.5,-21.6,2.3,2.8,8.7
2014-09-22,2014.7247,177.1,-294.4,-20.2,2.1,2.5,7.9
2014-09-23,2014.7274,177.5,-296.3,-18.3,2.1,2.4,7.9
2014-09-24,2014.7301,174.8,-296.4,-12.2,2.2,2.6,8.5
2014-09-25,2014.7329,177.5,-294.8,-16.2,2.3,2.7,8.2
2014-09-26,2014.7356,177.5,-295.2,-15.5,2.5,3.0,8.3
2014-09-27,2014.7384,177.2,-296.4,-14.8,2.2,2.6,8.4
2014-09-28,2014.7411,176.7,-296.5,-20.2,2.1,2.4,8.1
2014-09-29,2014.7438,179.3,-296.0,-24.9,2.5,3.0,9.2
2014-09-30,2014.7466,178.5,-296.2,-22.8,2.7,3.2,8.8
2014-10-01,2014.7493,177.4,-295.2,-19.6,2.4,2.9,8.7
2014-10-02,2014.7521,177.7,-296.5,-21.3,2.6,3.2,8.8
2014-10-03,2014.7548,180.2,-295.9,-18.9,2.2,2.6,8.5
2014-10-04,2014.7575,178.5,-292.6,-29.3,2.6,2.9,9.0
2014-10-05,2014.7603,177.1,-294.9,-25.0,2.3,2.8,8.2
2014-10-06,2014.763,177.9,-294.5,-21.3,2.2,2.7,7.7
2014-10-07,2014.7658,178.8,-291.4,-25.6,2.2,2.6,7.6
2014-10-08,2014.7685,178.6,-295.8,-22.8,2.1,2.7,7.5
2014-10-09,2014.7712,178.1,-292.8,-18.7,2.2,2.6,7.8
2014-10-10,2014.774,178.3,-294.9,-19.5,2.4,2.8,8.2
2014-10-11,2014.7767,178.6,-293.7,-24.4,2.2,2.5,7.7
2014-10-12,2014.7795,176.8,-292.8,-24.1,2.0,2.5,7.3
2014-10-13,2014.7822,178.7,-292.7,-16.8,2.3,2.7,7.7
2014-10-14,2014.7849,178.4,-293.6,-16.8,2.4,2.9,8.1
2014-10-15,2014.7877,175.7,-291.2,-20.1,2.4,2.7,8.2
2014-10-16,2014.7904,175.4,-289.8,-19.7,2.1,2.4,7.6
2014-10-17,2014.7932,177.5,-292.8,-18.7,2.2,2.5,7.8
2014-10-18,2014.7959,175.1,-289.4,-15.1,2.3,2.9,8.3
2014-10-19,2014.7986,176.3,-292.1,-20.2,2.0,2.3,7.4
2014-10-20,2014.8014,176.3,-292.2,-19.5,2.4,2.8,8.1
2014-10-21,2014.8041,174.6,-290.4,-23.1,2.4,2.9,8.5
2014-10-22,2014.8068,175.0,-290.3,-21.9,2.5,2.8,8.3
2014-10-23,2014.8096,178.5,-292.5,-17.9,2.2,2.7,8.1
2014-10-24,2014.8123,177.1,-289.8,-17.1,2.7,3.2,8.6
2014-10-25,2014.8151,176.9,-290.1,-13.8,2.1,2.6,7.7
2014-10-26,2014.8178,177.5,-291.3,-15.9,2.2,2.6,8.1
2014-10-27,2014.8205,177.6,-292.8,-18.7,1.9,2.2,7.0
2014-10-28,2014.8233,177.1,-292.9,-16.0,2.3,2.6,8.3
2014-10-29,2014.826,176.6,-291.3,-22.2,2.4,2.7,8.4
2014-10-30,2014.8288,177.5,-292.9,-19.1,2.4,2.9,8.3
2014-10-31,2014.8315,176.5,-291.7,-17.7,2.2,2.5,8.1
2014-11-01,2014.8342,177.9,-292.0,-21.2,2.0,2.4,7.4
2014-11-02,2014.837,176.4,-289.8,-16.8,2.0,2.4,7.5
2014-11-03,2014.8397,174.8,-290.8,-12.9,2.2,2.5,8.3
2014-11-04,2014.8425,171.6,-289.9,-13.1,2.1,2.3,7.4
2014-11-05,2014.8452,175.0,-292.8,-17.8,2.0,2.4,7.6
2014-11-06,2014.8479,178.3,-291.7,-19.2,2.6,3.1,9.1
2014-11-07,2014.8507,176.5,-290.3,-15.2,2.1,2.5,7.7
2014-11-08,2014.8534,176.4,-289.4,-17.2,2.0,2.2,6.9
2014-11-09,2014.8562,173.9,-290.4,-20.7,2.0,2.3,7.0
2014-11-10,2014.8589,175.8,-290.3,-15.9,2.0,2.3,7.3
2014-11-11,2014.8616,173.7,-290.0,-12.3,1.9,2.2,7.1
2014-11-12,2014.8644,175.0,-290.0,-15.0,2.2,2.6,7.5
2014-11-13,2014.8671,174.5,-288.4,-16.9,1.9,2.4,7.1
2014-11-14,2014.8699,174.0,-290.0,-17.3,1.9,2.1,7.1
2014-11-15,2014.8726,175.0,-287.7,-17.2,1.9,2.2,7.3
2014-11-16,2014.8753,173.2,-290.6,-17.1,2.1,2.5,7.5
2014-11-17,2014.8781,174.8,-291.7,-19.4,2.1,2.6,7.8
2014-11-18,2014.8808,173.3,-289.0,-9.8,2.1,2.6,7.6
2014-11-19,2014.8836,172.4,-290.3,-10.4,2.1,2.5,7.2
2014-11-20,2014.8863,172.7,-289.3,-17.6,1.8,2.2,6.6
2014-11-21,2014.889,171.4,-289.7,-14.6,1.8,2.1,6.9
2014-11-22,2014.8918,171.8,-290.1,-12.1,2.0,2.4,7.1
2014-11-23,2014.8945,173.3,-287.3,-10.8,2.0,2.3,7.0
2014-11-24,2014.8973,173.0,-289.5,-14.7,2.0,2.3,7.2
2014-11-25,2014.9,173.5,-288.6,-12.2,2.2,2.6,7.5
2014-11-26,2014.9027,174.7,-289.6,-11.1,2.1,2.6,7.45
2014-11-27,2014.9055,173.0,-290.2,-10.0,2.2,2.6,7.4
2014-11-28,2014.9082,172.6,-288.5,-12.6,2.1,2.4,7.5
2014-11-29,2014.911,172.9,-288.2,-9.9,2.0,2.4,7.1
2014-11-30,2014.9137,174.2,-288.3,-12.9,1.8,2.2,6.6
2014-12-01,2014.9164,172.0,-287.0,-11.8,1.9,2.2,6.7
2014-12-02,2014.9192,176.0,-289.2,-12.4,2.3,2.9,7.8
2014-12-03,2014.9219,175.1,-288.2,-9.7,1.8,2.1,6.5
2014-12-04,2014.9247,173.7,-288.3,-10.8,1.8,2.1,6.7
2014-12-05,2014.9274,175.1,-288.0,-9.1,1.9,2.3,7.1
2014-12-06,2014.9301,173.7,-288.7,-7.2,1.9,2.2,6.9
2014-12-07,2014.9329,173.2,-286.9,-4.8,2.0,2.4,6.8
2014-12-08,2014.9356,172.3,-288.2,-9.3,1.9,2.3,6.6
2014-12-09,2014.9384,173.7,-288.5,-7.6,2.1,2.5,7.2
2014-12-10,2014.9411,172.4,-288.4,-9.4,2.1,2.6,7.4
2014-12-11,2014.9438,171.8,-285.9,-11.2,2.1,2.6,7.5
2014-12-12,2014.9466,173.9,-285.9,-7.0,2.0,2.4,6.9
2014-12-13,2014.9493,173.0,-286.0,-7.6,1.8,2.2,6.6
2014-12-14,2014.9521,173.6,-287.8,-8.2,1.9,2.4,7.1
2014-12-15,2014.9548,173.7,-285.5,-8.8,2.1,2.7,7.6
2014-12-16,2014.9575,173.7,-282.4,-9.4,2.2,2.7,8.1
2014-12-17,2014.9603,173.6,-285.1,-1.2,2.1,2.6,7.7
2014-12-18,2014.963,172.2,-283.3,-7.9,2.0,2.4,7.1
2014-12-19,2014.9658,173.1,-285.5,-5.5,2.0,2.4,7.3
2014-12-20,2014.9685,174.1,-285.4,-4.2,1.8,2.3,6.4
2014-12-21,2014.9712,172.1,-284.3,-4.2,2.0,2.5,7.2
2014-12-22,2014.974,170.2,-284.2,-2.1,2.0,2.4,6.8
2014-12-23,2014.9767,170.8,-285.8,-4.9,1.9,2.4,6.8
2014-12-24,2014.9795,172.7,-284.7,-1.1,1.8,2.2,6.6
2014-12-25,2014.9822,173.1,-285.6,-5.0,1.8,2.1,6.6
2014-12-26,2014.9849,168.8,-283.9,-1.9,2.0,2.4,6.7
2014-12-27,2014.9877,172.9,-285.3,-8.2,1.8,2.3,6.4
2014-12-28,2014.9904,170.8,-285.3,-8.1,1.9,2.2,6.8
2014-12-29,2014.9932,171.9,-285.3,-3.1,1.9,2.4,6.6
2014-12-30,2014.9959,170.6,-283.6,-5.6,1.9,2.4,6.7
2014-12-31,2014.9986,170.2,-285.1,-3.8,1.9,2.3,6.8
2015-01-01,2015.0014,168.8,-284.2,-7.8,1.9,2.3,7.1
2015-01-02,2015.0041,169.4,-284.0,-0.9,2.0,2.4,7.2
2015-01-03,2015.0068,168.0,-285.1,-3.3,2.1,2.4,7.1
2015-01-04,2015.0096,170.5,-284.1,-1.2,2.4,2.9,8.3
2015-01-05,2015.0123,170.6,-285.9,-5.9,1.8,2.1,6.7
2015-01-06,2015.0151,168.2,-285.1,-11.0,2.0,2.5,7.2
2015-01-07,2015.0178,168.2,-284.7,-7.4,2.0,2.4,7.1
2015-01-08,2015.0205,167.9,-282.8,-11.0,2.3,2.8,7.2
2015-01-09,2015.0233,169.2,-283.7,-14.6,2.1,2.5,7.3
2015-01-10,2015.026,170.5,-283.8,-14.4,2.0,2.4,7.3
2015-01-11,2015.0288,170.3,-284.5,-16.1,1.9,2.5,6.9
2015-01-12,2015.0315,170.5,-285.1,-12.6,1.9,2.2,6.8
2015-01-13,2015.0342,170.6,-282.8,-12.1,1.8,2.2,6.6
2015-01-14,2015.037,171.4,-283.9,-6.0,1.7,2.1,6.3
2015-01-15,2015.0397,170.4,-283.9,-5.5,2.0,2.5,6.9
2015-01-16,2015.0425,170.3,-284.2,-12.3,2.0,2.5,7.0
2015-01-17,2015.0452,170.2,-285.3,-16.8,2.1,2.5,7.8
2015-01-18,2015.0479,171.0,-283.6,-23.0,2.0,2.4,7.3
2015-01-19,2015.0507,169.7,-283.8,-14.4,1.8,2.1,6.8
2015-01-20,2015.0534,170.7,-279.9,-10.6,2.0,2.4,7.0
2015-01-21,2015.0562,170.3,-282.2,-11.4,1.8,2.1,6.7
2015-01-22,2015.0589,171.3,-283.2,-10.5,1.8,2.0,6.5
2015-01-23,2015.0616,170.1,-283.0,-11.4,2.0,2.3,6.9
2015-01-24,2015.0644,169.9,-283.8,-3.4,2.1,2.5,7.3
2015-01-25,2015.0671,172.1,-283.3,-2.1,2.1,2.6,7.5
2015-01-26,2015.0699,172.6,-283.5,-7.5,1.7,2.0,6.3
2015-01-27,2015.0726,172.9,-282.3,-2.2,2.2,2.6,7.4
2015-01-28,2015.0753,171.3,-280.4,-4.6,1.9,2.2,7.0
2015-01-29,2015.0781,177.6,-281.2,-2.4,2.1,2.7,7.4
2015-01-30,2015.0808,173.8,-281.9,-2.8,2.0,2.5,7.3
2015-01-31,2015.0836,172.9,-283.2,-7.7,2.0,2.4,7.1
2015-02-01,2015.0863,172.5,-284.8,-8.6,2.1,2.6,7.4
2015-02-02,2015.089,171.6,-282.4,-10.0,2.0,2.4,7.0
2015-02-03,2015.0918,173.5,-282.8,-14.5,1.9,2.2,6.7
2015-02-04,2015.0945,174.4,-281.1,-13.7,2.1,2.7,7.7
2015-02-05,2015.0973,173.8,-281.4,-18.3,1.9,2.3,7.1
2015-02-06,2015.1,173.6,-280.7,-9.1,1.9,2.6,7.2
2015-02-07,2015.1027,174.3,-280.4,-10.2,2.2,2.8,7.6
2015-02-08,2015.1055,173.9,-280.9,-9.2,2.0,2.4,7.3
2015-02-09,2015.1082,174.4,-281.1,-11.9,2.1,2.7,7.6
2015-02-10,2015.111,173.9,-281.3,-10.5,2.1,2.7,7.9
2015-02-11,2015.1137,174.6,-280.4,-17.7,2.2,3.0,7.9
2015-02-12,2015.1164,173.8,-283.3,-3.9,2.2,2.9,8.0
2015-02-13,2015.1192,171.8,-284.8,-4.7,2.2,3.0,8.2
2015-02-14,2015.1219,172.4,-282.4,-13.7,2.1,2.7,7.5
2015-02-15,2015.1247,172.0,-282.6,-15.3,2.1,2.8,7.8
2015-02-16,2015.1274,172.6,-282.8,-12.1,2.0,2.4,7.3
2015-02-17,2015.1301,172.0,-283.1,-8.4,2.1,2.7,7.6
2015-02-18,2015.1329,170.1,-280.9,-10.4,2.0,2.6,7.4
2015-02-19,2015.1356,169.1,-282.0,-13.2,2.1,2.6,7.6
2015-02-20,2015.1384,173.4,-281.9,-10.7,2.1,2.7,7.6
2015-02-21,2015.1411,171.2,-281.8,-10.9,2.2,3.0,7.8
2015-02-22,2015.1438,172.4,-283.1,-11.1,2.0,2.6,7.3
2015-02-23,2015.1466,170.7,-282.6,-14.9,2.2,2.8,7.9
2015-02-24,2015.1493,171.7,-280.6,-9.1,2.2,2.9,8.1
2015-02-25,2015.1521,172.3,-280.6,-12.9,2.1,2.6,7.7
2015-02-26,2015.1548,171.6,-279.8,-8.9,2.3,2.8,8.2
2015-02-27,2015.1575,170.2,-284.1,-4.9,2.6,3.2,8.7
2015-02-28,2015.1603,171.4,-280.0,-10.5,2.1,2.7,7.8
2015-03-01,2015.163,171.0,-280.8,-12.57,2.0,2.5,7.97
2015-03-02,2015.1658,174.7,-280.7,-14.63,2.0,2.5,8.13
2015-03-03,2015.1685,166.8,-281.3,-16.7,2.3,2.7,8.3
2015-03-04,2015.1712,171.2,-284.0,-9.5,2.3,3.0,8.3
2015-03-05,2015.174,172.5,-279.8,-2.8,2.0,2.4,7.2
2015-03-06,2015.1767,174.8,-281.7,-6.3,2.2,2.8,7.8
2015-03-07,2015.1795,173.1,-280.7,-4.6,2.0,2.5,7.6
2015-03-08,2015.1822,174.2,-282.3,-12.4,2.1,2.8,7.7
2015-03-09,2015.1849,175.0,-280.4,-2.0,2.1,2.7,7.7
2015-03-10,2015.1877,174.8,-281.6,0.3,2.2,2.7,7.4
2015-03-11,2015.1904,173.0,-279.5,-10.5,2.1,2.7,7.7
2015-03-12,2015.1932,173.0,-279.4,2.1,2.1,2.8,7.9
2015-03-13,2015.1959,173.6,-280.7,0.6,2.3,3.0,8.3
2015-03-14,2015.1986,171.4,-279.8,-6.5,2.6,3.3,8.8
2015-03-15,2015.2014,171.5,-278.6,-9.4,2.4,3.2,8.8
2015-03-16,2015.2041,173.2,-278.7,-9.9,2.3,2.9,8.6
2015-03-17,2015.2068,173.7,-279.9,0.5,2.2,2.8,8.3
2015-03-18,2015.2096,169.2,-281.1,1.7,2.2,2.5,7.7
2015-03-19,2015.2123,172.4,-281.8,0.2,2.1,2.8,7.7
2015-03-20,2015.2151,174.0,-280.4,-4.3,2.1,2.6,8.0
2015-03-21,2015.2178,171.7,-279.3,-4.6,2.1,2.5,7.8
2015-03-22,2015.2205,173.7,-282.1,-8.1,2.3,2.8,7.9
2015-03-23,2015.2233,173.2,-279.4,-2.2,2.2,2.8,7.8
2015-03-24,2015.226,174.2,-279.0,-8.1,2.6,3.1,8.7
2015-03-25,2015.2288,173.2,-278.7,-4.8,2.2,2.8,7.6
2015-03-26,2015.2315,172.1,-277.0,-1.4,2.3,2.9,8.2
2015-03-27,2015.2342,172.8,-279.9,-4.8,2.3,3.0,8.1
2015-03-28,2015.237,171.9,-279.7,1.8,2.3,2.8,8.2
2015-03-29,2015.2397,171.2,-276.9,-0.7,2.4,2.9,8.8
2015-03-30,2015.2425,172.0,-279.0,-5.5,2.4,3.2,8.6
2015-03-31,2015.2452,169.1,-274.5,-9.1,2.5,3.1,8.8
2015-04-01,2015.2479,168.9,-276.0,1.4,2.5,2.9,9.3
2015-04-02,2015.2507,171.2,-275.7,6.6,2.3,2.9,8.4
2015-04-03,2015.2534,170.5,-277.5,-1.3,2.5,3.0,9.0
2015-04-04,2015.2562,169.3,-275.9,-5.2,2.6,3.3,9.8
2015-04-05,2015.2589,173.9,-274.5,-6.7,2.2,2.8,8.2
2015-04-06,2015.2616,173.2,-278.5,-2.8,2.4,3.0,8.6
2015-04-07,2015.2644,170.8,-276.8,-3.6,2.3,2.8,8.3
2015-04-08,2015.2671,171.5,-276.4,0.7,2.6,3.3,9.1
2015-04-09,2015.2699,172.6,-277.0,-8.5,2.2,2.7,8.0
2015-04-10,2015.2726,170.1,-278.2,-12.7,2.2,2.7,7.7
2015-04-11,2015.2753,168.2,-278.1,-18.0,2.2,2.6,7.9
2015-04-12,2015.2781,170.0,-278.3,-15.8,2.1,2.6,7.2
2015-04-13,2015.2808,169.1,-276.4,-10.6,2.2,2.9,8.0
2015-04-14,2015.2836,170.0,-277.7,-13.6,2.3,3.0,8.0
2015-04-15,2015.2863,170.6,-279.8,-5.3,2.4,3.3,8.8
2015-04-16,2015.289,170.1,-269.8,-2.5,2.3,3.1,8.0
2015-04-17,2015.2918,170.5,-279.1,2.5,2.5,3.0,8.8
2015-04-18,2015.2945,172.0,-278.4,1.5,2.5,3.2,9.0
2015-04-19,2015.2973,171.3,-278.8,-8.1,2.5,3.2,9.0
2015-04-20,2015.3,171.0,-276.3,-3.3,2.6,3.3,9.2
2015-04-21,2015.3027,170.4,-276.4,-9.2,2.0,2.7,7.7
2015-04-22,2015.3055,171.6,-276.9,-8.8,2.1,2.4,7.6
2015-04-23,2015.3082,171.4,-278.8,-14.9,2.4,2.9,8.5
2015-04-24,2015.311,169.4,-278.1,-16.5,2.4,3.0,8.1
2015-04-25,2015.3137,170.5,-278.1,-10.6,2.0,2.4,7.3
2015-04-26,2015.3164,168.6,-278.9,-10.8,2.4,3.1,8.3
2015-04-27,2015.3192,169.0,-278.4,-7.4,2.2,3.0,8.0
2015-04-28,2015.3219,168.8,-279.8,-7.4,2.0,2.5,7.6
2015-04-29,2015.3247,168.8,-276.3,-0.2,2.4,3.2,8.8
2015-04-30,2015.3274,167.0,-272.9,-0.8,2.4,3.2,8.4
2015-05-01,2015.3301,168.5,-277.5,-2.9,2.1,2.5,8.2
2015-05-02,2015.3329,169.0,-274.2,-3.2,2.4,3.0,8.3
2015-05-03,2015.3356,168.4,-275.7,-7.1,2.4,3.0,9.1
2015-05-04,2015.3384,169.2,-275.3,-12.6,2.2,2.7,8.4
2015-05-05,2015.3411,168.1,-273.4,0.3,2.6,3.4,9.6
2015-05-06,2015.3438,166.9,-272.7,1.1,2.6,3.5,9.3
2015-05-07,2015.3466,167.7,-272.5,-0.4,2.6,3.5,9.1
2015-05-08,2015.3493,169.4,-276.2,3.7,2.3,2.9,8.6
2015-05-09,2015.3521,166.7,-274.8,3.1,2.1,2.4,7.6
2015-05-10,2015.3548,169.3,-275.4,8.8,2.2,3.2,8.6
2015-05-11,2015.3575,165.8,-279.1,0.3,2.6,3.1,9.6
2015-05-12,2015.3603,167.4,-276.8,7.3,2.3,3.1,8.6
2015-05-13,2015.363,164.4,-274.4,7.8,2.5,3.1,8.9
2015-05-14,2015.3658,165.6,-276.2,6.9,2.7,3.4,9.4
2015-05-15,2015.3685,169.2,-275.9,0.9,2.2,2.9,8.3
2015-05-16,2015.3712,165.8,-274.2,6.1,2.2,2.7,8.2
2015-05-17,2015.374,167.4,-275.1,0.5,2.2,2.8,8.5
2015-05-18,2015.3767,166.3,-274.9,0.1,2.5,3.3,8.7
2015-05-19,2015.3795,164.7,-274.3,1.6,2.4,3.1,8.6
2015-05-20,2015.3822,164.5,-273.8,-2.3,2.3,2.8,8.7
2015-05-21,2015.3849,165.1,-279.4,2.2,2.9,3.6,11.1
2015-05-22,2015.3877,164.9,-275.4,1.0,2.2,2.8,8.7
2015-05-23,2015.3904,166.5,-274.3,-1.4,2.4,3.1,9.5
2015-05-24,2015.3932,165.2,-276.5,4.8,2.3,2.7,8.8
2015-05-25,2015.3959,164.3,-274.5,3.3,2.4,2.9,9.3
2015-05-26,2015.3986,164.9,-277.8,1.4,2.5,3.3,9.0
2015-05-27,2015.4014,167.1,-275.6,-3.2,2.2,2.6,8.4
2015-05-28,2015.4041,164.0,-275.0,-2.6,2.2,2.9,8.6
2015-05-29,2015.4068,165.3,-275.0,1.7,2.2,2.7,8.4
2015-05-30,2015.4096,165.3,-275.2,-4.8,2.5,3.0,9.3
2015-05-31,2015.4123,165.7,-274.0,-4.7,2.3,2.9,8.6
2015-06-01,2015.4151,167.1,-272.6,-0.8,2.2,2.7,8.4
2015-06-02,2015.4178,166.1,-274.4,-3.6,2.1,2.6,7.6
2015-06-03,2015.4205,164.9,-275.1,-2.8,2.5,3.1,9.0
2015-06-04,2015.4233,166.5,-273.1,2.3,2.2,2.7,8.6
2015-06-05,2015.426,165.0,-273.2,-0.4,2.6,3.2,9.6
2015-06-06,2015.4288,165.6,-274.5,-0.8,2.5,3.4,9.2
2015-06-07,2015.4315,164.5,-275.1,1.6,2.1,2.7,8.3
2015-06-08,2015.4342,168.0,-274.8,-4.2,2.2,2.6,8.4
2015-06-09,2015.437,164.8,-274.3,-4.4,2.6,3.6,9.8
2015-06-10,2015.4397,165.3,-272.8,-4.1,2.5,3.2,8.9
2015-06-11,2015.4425,166.6,-273.8,-6.6,2.3,3.0,8.9
2015-06-12,2015.4452,166.0,-270.2,-2.6,3.1,3.9,10.5
2015-06-13,2015.4479,163.4,-272.5,-4.2,2.3,2.7,8.5
2015-06-14,2015.4507,163.4,-274.5,-5.0,2.3,2.8,8.3
2015-06-15,2015.4534,162.4,-274.0,-1.7,2.2,2.8,8.3
2015-06-16,2015.4562,165.3,-273.8,-6.6,2.3,2.6,8.8
2015-06-17,2015.4589,164.4,-273.9,-2.8,2.4,2.9,9.3
2015-06-18,2015.4616,163.7,-274.2,-9.7,2.2,2.8,8.2
2015-06-19,2015.4644,164.1,-272.2,-1.1,2.3,2.7,8.8
2015-06-20,2015.4671,163.7,-271.9,-4.7,2.7,3.3,9.2
2015-06-21,2015.4699,165.2,-272.1,0.4,2.5,3.1,9.4
2015-06-22,2015.4726,163.1,-271.9,-4.3,2.4,2.9,8.7
2015-06-23,2015.4753,164.4,-272.0,-2.9,2.4,2.9,8.7
2015-06-24,2015.4781,162.4,-274.1,-2.3,2.6,3.1,9.5
2015-06-25,2015.4808,160.7,-270.5,-1.1,2.4,2.8,10.0
2015-06-26,2015.4836,160.6,-271.7,0.1,3.0,3.6,10.5
2015-06-27,2015.4863,160.9,-272.5,-9.2,2.5,3.2,8.9
2015-06-28,2015.489,164.1,-272.5,0.7,2.3,2.7,8.4
2015-06-29,2015.4918,163.9,-271.9,-3.9,2.0,2.4,7.6
2015-06-30,2015.4945,163.2,-272.9,3.9,2.3,2.9,8.4
2015-07-01,2015.4973,162.1,-271.9,0.7,2.1,2.4,7.6
2015-07-02,2015.5,164.3,-271.5,2.3,2.2,2.6,8.2
2015-07-03,2015.5027,162.8,-272.2,-0.1,2.6,2.9,8.9
2015-07-04,2015.5055,163.1,-271.1,-9.8,2.7,3.4,9.9
2015-07-05,2015.5082,163.8,-271.8,-3.9,2.4,2.9,8.3
2015-07-06,2015.511,162.6,-270.4,-5.1,2.2,2.6,8.1
2015-07-07,2015.5137,165.4,-271.6,-4.7,2.3,2.9,7.9
2015-07-08,2015.5164,161.9,-271.4,-4.3,2.0,2.4,7.7
2015-07-09,2015.5192,163.7,-273.1,1.9,2.6,3.2,9.3
2015-07-10,2015.5219,164.0,-269.3,6.5,2.4,3.1,8.5
2015-07-11,2015.5247,161.9,-273.3,5.7,2.5,3.0,9.0
2015-07-12,2015.5274,163.8,-273.6,-3.1,2.4,2.8,9.3
2015-07-13,2015.5301,163.3,-274.0,-3.6,2.4,2.8,9.3
2015-07-14,2015.5329,161.6,-271.5,-2.1,2.8,3.3,10.3
2015-07-15,2015.5356,163.7,-272.7,-5.5,2.3,2.8,8.3
2015-07-16,2015.5384,163.3,-271.8,-2.8,1.8,2.1,7.1
2015-07-17,2015.5411,162.5,-269.2,-5.2,2.2,2.7,7.9
2015-07-18,2015.5438,161.8,-270.1,0.0,2.4,2.9,8.2
2015-07-19,2015.5466,163.2,-272.5,-2.8,2.0,2.3,7.7
2015-07-20,2015.5493,163.3,-268.2,-3.1,2.1,2.4,7.9
2015-07-21,2015.5521,163.0,-273.2,-7.8,2.6,3.1,9.1
2015-07-22,2015.5548,162.5,-272.9,-4.1,2.7,3.2,9.7
2015-07-23,2015.5575,161.6,-271.8,-7.9,2.6,3.1,9.2
2015-07-24,2015.5603,160.9,-268.6,-10.0,2.2,2.7,8.3
2015-07-25,2015.563,162.4,-271.9,-10.5,2.2,2.8,8.2
2015-07-26,2015.5658,162.3,-272.1,-2.8,2.2,2.7,8.6
2015-07-27,2015.5685,160.6,-270.2,-11.1,2.1,2.4,8.2
2015-07-28,2015.5712,160.2,-273.8,-10.5,2.3,2.7,8.8
2015-07-29,2015.574,160.8,-270.1,-10.5,2.1,2.6,7.8
2015-07-30,2015.5767,158.7,-268.3,-9.5,2.6,3.1,9.3
2015-07-31,2015.5795,161.7,-268.2,-1.8,2.2,2.7,8.4
2015-08-01,2015.5822,162.7,-271.2,-6.0,2.3,2.7,9.2
2015-08-02,2015.5849,162.5,-269.1,-6.5,2.4,2.8,10.1
2015-08-03,2015.5877,161.6,-268.2,-8.0,2.8,3.3,10.2
2015-08-04,2015.5904,161.9,-266.6,-3.6,2.6,3.2,9.1
2015-08-05,2015.5932,161.9,-268.3,-14.7,2.2,2.7,8.5
2015-08-06,2015.5959,161.7,-268.3,-1.4,2.3,2.7,8.1
2015-08-07,2015.5986,162.2,-269.0,-14.8,2.1,2.4,8.2
2015-08-08,2015.6014,161.7,-268.9,-3.6,2.7,3.2,9.4
2015-08-09,2015.6041,163.5,-268.3,-12.7,2.0,2.3,7.7
2015-08-10,2015.6068,162.0,-268.9,-8.8,2.2,2.6,8.2
2015-08-11,2015.6096,161.0,-268.6,-13.3,2.8,3.2,10.3
2015-08-12,2015.6123,161.2,-269.3,-10.0,2.5,2.8,10.1
2015-08-13,2015.6151,160.0,-268.5,-14.7,2.5,2.9,9.8
2015-08-14,2015.6178,159.6,-266.7,-10.5,2.5,2.9,9.0
2015-08-15,2015.6205,161.0,-267.7,-9.6,2.2,2.5,7.9
2015-08-16,2015.6233,158.6,-268.3,-11.8,2.8,3.2,9.1
2015-08-17,2015.626,160.8,-265.9,-4.1,2.4,3.0,8.7
2015-08-18,2015.6288,161.4,-268.4,-10.8,2.2,2.5,8.2
2015-08-19,2015.6315,161.7,-263.9,-13.1,2.6,3.1,8.8
2015-08-20,2015.6342,161.8,-267.8,-13.9,2.2,2.5,7.8
2015-08-21,2015.637,161.5,-265.4,-12.9,2.1,2.4,7.5
2015-08-22,2015.6397,160.4,-265.8,-15.0,2.2,2.7,7.8
2015-08-23,2015.6425,159.6,-266.9,-8.6,2.5,3.0,8.7
2015-08-24,2015.6452,160.0,-266.5,-14.1,2.6,3.4,9.2
2015-08-25,2015.6479,160.9,-263.1,-1.1,2.9,3.5,10.3
2015-08-26,2015.6507,162.0,-269.7,-15.8,2.8,3.5,9.9
2015-08-27,2015.6534,157.0,-267.5,-13.6,2.4,2.8,8.5
2015-08-28,2015.6562,158.1,-266.6,-17.2,2.4,2.8,8.2
2015-08-29,2015.6589,159.0,-267.6,-18.0,2.4,2.9,8.1
2015-08-30,2015.6616,160.5,-265.2,-16.2,2.2,2.7,7.8
2015-08-31,2015.6644,159.6,-266.7,-16.2,2.8,3.3,8.8
2015-09-01,2015.6671,159.1,-267.2,-17.6,2.3,2.8,8.0
2015-09-02,2015.6699,159.7,-266.6,-18.6,2.4,2.9,8.4
2015-09-03,2015.6726,157.5,-267.0,-18.17,2.5,2.9,8.47
2015-09-04,2015.6753,159.0,-267.5,-17.73,2.1,2.3,8.53
2015-09-05,2015.6781,159.4,-266.7,-17.3,2.3,2.7,8.6
2015-09-06,2015.6808,159.0,-264.6,-15.6,2.4,2.8,8.3
2015-09-07,2015.6836,157.6,-265.6,-18.9,2.2,2.5,8.3
2015-09-08,2015.6863,159.0,-266.3,-21.7,2.1,2.4,8.5
2015-09-09,2015.689,158.9,-268.0,-19.3,2.0,2.4,7.9
2015-09-10,2015.6918,156.7,-266.1,-24.5,2.2,2.4,7.9
2015-09-11,2015.6945,156.8,-267.1,-22.6,2.3,2.7,8.2
2015-09-12,2015.6973,158.7,-264.6,-22.8,2.4,2.9,8.9
2015-09-13,2015.7,157.2,-264.2,-23.9,2.3,2.6,8.1
2015-09-14,2015.7027,156.3,-265.2,-20.8,2.5,3.1,8.7
2015-09-15,2015.7055,157.5,-264.1,-21.6,2.1,2.4,7.8
2015-09-16,2015.7082,156.2,-265.9,-25.1,2.3,2.8,8.2
2015-09-17,2015.711,157.6,-263.9,-21.3,2.3,2.8,8.1
2015-09-18,2015.7137,158.4,-265.4,-21.4,2.1,2.4,7.9
2015-09-19,2015.7164,157.3,-264.4,-17.1,2.1,2.4,7.4
2015-09-20,2015.7192,157.5,-264.0,-21.7,2.1,2.5,7.6
2015-09-21,2015.7219,157.2,-265.8,-17.4,2.0,2.4,7.2
2015-09-22,2015.7247,156.8,-265.2,-21.8,2.3,2.7,8.4
2015-09-23,2015.7274,157.0,-265.0,-17.7,2.0,2.4,7.6
2015-09-24,2015.7301,156.5,-264.3,-16.9,2.3,2.7,8.1
2015-09-25,2015.7329,155.3,-263.1,-16.8,2.4,2.7,8.1
2015-09-26,2015.7356,158.3,-264.3,-20.1,2.1,2.6,7.8
2015-09-27,2015.7384,157.2,-265.5,-22.7,2.3,2.6,8.2
2015-09-28,2015.7411,157.9,-260.5,-17.3,2.2,2.7,8.1
2015-09-29,2015.7438,159.5,-262.2,-20.2,2.4,2.9,8.3
2015-09-30,2015.7466,157.2,-259.3,-22.7,2.4,2.7,7.9
2015-10-01,2015.7493,160.6,-262.2,-15.8,3.1,3.7,11.6
2015-10-02,2015.7521,158.1,-263.3,-15.6,2.4,2.7,8.4
2015-10-03,2015.7548,157.0,-262.5,-20.2,2.5,2.9,8.6
2015-10-04,2015.7575,157.2,-259.8,-22.7,2.3,2.7,8.2
2015-10-05,2015.7603,158.4,-260.3,-18.1,2.7,3.0,8.8
2015-10-06,2015.763,157.7,-261.7,-13.8,2.1,2.5,7.6
2015-10-07,2015.7658,158.6,-262.0,-11.4,2.9,3.2,9.1
2015-10-08,2015.7685,156.5,-262.0,-22.0,1.9,2.1,6.9
2015-10-09,2015.7712,155.9,-264.1,-30.0,2.0,2.3,7.6
2015-10-10,2015.774,155.8,-262.0,-25.8,2.1,2.4,7.7
2015-10-11,2015.7767,157.3,-262.9,-24.9,2.3,2.6,7.7
2015-10-12,2015.7795,156.2,-262.5,-21.8,2.1,2.4,7.5
2015-10-13,2015.7822,155.0,-262.4,-27.6,2.0,2.3,7.3
2015-10-14,2015.7849,155.6,-261.6,-26.3,2.1,2.4,7.7
2015-10-15,2015.7877,155.9,-264.9,-23.8,2.1,2.4,7.7
2015-10-16,2015.7904,154.5,-262.0,-27.1,1.9,2.1,7.2
2015-10-17,2015.7932,155.0,-261.1,-22.2,2.4,2.8,8.8
2015-10-18,2015.7959,157.5,-261.5,-21.6,1.9,2.2,7.5
2015-10-19,2015.7986,156.4,-261.5,-23.9,2.2,2.5,7.9
2015-10-20,2015.8014,156.9,-261.3,-17.8,2.3,2.7,8.7
2015-10-21,2015.8041,154.1,-261.7,-19.3,1.9,2.2,7.1
2015-10-22,2015.8068,152.2,-261.3,-20.3,2.0,2.3,7.5
2015-10-23,2015.8096,153.5,-257.9,-23.7,2.1,2.4,7.6
2015-10-24,2015.8123,153.8,-260.4,-21.9,2.4,2.8,8.1
2015-10-25,2015.8151,155.6,-260.9,-20.0,1.9,2.3,7.2
2015-10-26,2015.8178,155.0,-260.6,-15.7,2.2,2.7,7.8
2015-10-27,2015.8205,156.7,-259.4,-18.5,1.9,2.2,7.2
2015-10-28,2015.8233,154.8,-260.1,-21.8,1.9,2.1,7.0
2015-10-29,2015.826,156.5,-260.5,-23.9,1.9,2.2,7.2
2015-10-30,2015.8288,155.0,-260.5,-18.4,1.9,2.1,6.8
2015-10-31,2015.8315,154.3,-258.5,-16.5,2.1,2.5,7.0
2015-11-01,2015.8342,154.1,-259.9,-18.6,2.0,2.2,7.1
2015-11-02,2015.837,152.4,-258.0,-13.5,1.9,2.1,7.2
2015-11-03,2015.8397,154.3,-260.4,-17.9,1.8,2.1,6.9
2015-11-04,2015.8425,152.4,-259.7,-15.6,2.0,2.4,7.6
2015-11-05,2015.8452,153.3,-258.7,-13.6,2.0,2.2,7.5
2015-11-06,2015.8479,153.8,-260.0,-13.2,1.9,2.3,7.4
2015-11-07,2015.8507,153.4,-260.6,-13.0,2.1,2.6,7.6
2015-11-08,2015.8534,154.0,-258.9,-16.8,2.1,2.3,7.7
2015-11-09,2015.8562,153.2,-259.3,-13.1,2.2,2.6,7.7
2015-11-10,2015.8589,153.0,-258.3,-16.9,2.1,2.4,7.5
2015-11-11,2015.8616,152.1,-259.8,-18.9,2.0,2.5,7.6
2015-11-12,2015.8644,151.2,-258.6,-16.6,1.9,2.2,7.1
2015-11-13,2015.8671,152.9,-258.6,-15.2,2.0,2.3,7.1
2015-11-14,2015.8699,152.7,-258.5,-12.4,1.9,2.3,7.2
2015-11-15,2015.8726,151.3,-257.9,-14.6,1.9,2.4,6.9
2015-11-16,2015.8753,150.8,-259.8,-13.3,2.1,2.4,7.4
2015-11-17,2015.8781,150.9,-259.9,-13.8,2.4,2.7,8.6
2015-11-18,2015.8808,152.1,-259.1,-16.6,1.9,2.3,7.3
2015-11-19,2015.8836,151.5,-259.4,-16.5,1.8,2.2,6.9
2015-11-20,2015.8863,151.9,-257.8,-9.4,2.0,2.4,7.2
2015-11-21,2015.889,151.7,-256.8,-14.1,2.0,2.3,7.2
2015-11-22,2015.8918,154.0,-258.3,-12.9,1.9,2.3,7.0
2015-11-23,2015.8945,152.5,-259.4,-11.6,1.9,2.1,7.2
2015-11-24,2015.8973,153.2,-258.1,-15.2,2.0,2.3,7.2
2015-11-25,2015.9,153.0,-258.5,-13.1,2.0,2.3,7.2
2015-11-26,2015.9027,152.9,-256.5,-13.1,2.0,2.4,7.3
2015-11-27,2015.9055,151.5,-258.9,-9.6,2.1,2.4,7.8
2015-11-28,2015.9082,151.8,-256.2,-16.3,2.0,2.4,7.2
2015-11-29,2015.911,152.4,-255.7,-10.9,2.0,2.3,7.2
2015-11-30,2015.9137,152.3,-256.8,-11.3,2.1,2.7,7.7
2015-12-01,2015.9164,152.9,-256.5,-8.2,2.2,2.7,7.9
2015-12-02,2015.9192,152.6,-257.1,-12.5,2.1,2.4,7.9
2015-12-03,2015.9219,153.2,-256.9,-10.5,2.2,2.6,8.3
2015-12-04,2015.9247,149.1,-254.7,-11.8,2.3,2.5,8.2
2015-12-05,2015.9274,151.9,-257.4,-9.2,1.9,2.2,7.1
2015-12-06,2015.9301,152.2,-256.5,-7.95,1.8,2.2,6.9
2015-12-07,2015.9329,152.7,-254.7,-6.7,1.8,2.1,6.7
2015-12-08,2015.9356,150.8,-254.6,-7.0,2.0,2.2,6.85
2015-12-09,2015.9384,151.0,-254.4,-7.3,1.8,2.0,7.0
2015-12-10,2015.9411,153.0,-254.9,-3.6,2.0,2.3,7.4
2015-12-11,2015.9438,151.2,-252.6,-2.2,2.2,2.5,8.4
2015-12-12,2015.9466,151.0,-254.9,-7.7,2.0,2.3,7.6
2015-12-13,2015.9493,148.9,-256.2,-5.9,2.0,2.3,7.6
2015-12-14,2015.9521,149.9,-254.7,-10.9,1.9,2.1,7.1
2015-12-15,2015.9548,151.3,-256.2,-12.3,1.9,2.1,7.0
2015-12-16,2015.9575,149.5,-255.1,-13.8,2.1,2.4,7.3
2015-12-17,2015.9603,151.5,-255.5,-8.6,2.0,2.4,7.3
2015-12-18,2015.963,151.1,-255.2,-3.1,1.9,2.3,7.1
2015-12-19,2015.9658,150.8,-256.1,-9.4,1.7,2.0,6.5
2015-12-20,2015.9685,150.3,-257.4,-6.4,2.0,2.4,7.1
2015-12-21,2015.9712,150.8,-254.6,-11.3,2.0,2.5,7.1
2015-12-22,2015.974,151.7,-255.6,-10.3,1.9,2.4,7.0
2015-12-23,2015.9767,149.9,-255.8,-10.2,2.0,2.3,7.5
2015-12-24,2015.9795,150.8,-256.0,-8.9,2.0,2.4,7.1
2015-12-25,2015.9822,150.8,-255.2,-8.7,2.1,2.5,7.5
2015-12-26,2015.9849,151.0,-255.3,-14.0,1.9,2.3,7.0
2015-12-27,2015.9877,149.4,-255.9,-14.1,1.8,2.2,6.8
2015-12-28,2015.9904,150.8,-255.7,-14.75,1.9,2.4,6.95
2015-12-29,2015.9932,150.2,-255.8,-15.4,1.9,2.3,7.1
2015-12-30,2015.9959,149.9,-256.2,-15.8,1.9,2.4,7.1
2015-12-31,2015.9986,149.9,-256.0,-17.0,1.9,2.4,7.3
2016-01-01,2016.0014,150.3,-255.0,-15.3,1.9,2.1,7.2
2016-01-02,2016.0041,148.8,-254.5,-8.8,1.8,2.1,6.6
2016-01-03,2016.0068,149.3,-256.1,-10.7,2.1,2.6,7.5
2016-01-04,2016.0096,150.6,-254.5,-10.8,1.8,2.0,6.6
2016-01-05,2016.0123,150.1,-254.2,-6.8,2.1,2.4,7.6
2016-01-06,2016.015,151.1,-252.6,-10.3,1.7,2.0,6.5
2016-01-07,2016.0178,151.9,-253.8,-11.4,2.1,2.5,7.3
2016-01-08,2016.0205,151.3,-253.0,-7.2,2.0,2.3,7.2
2016-01-09,2016.0232,151.7,-256.4,-11.6,2.3,2.7,7.6
2016-01-10,2016.026,152.3,-253.5,-11.3,2.1,2.5,7.4
2016-01-11,2016.0287,152.9,-254.0,-10.0,1.7,2.0,6.5
2016-01-12,2016.0314,154.2,-254.3,-10.8,2.0,2.4,7.1
2016-01-13,2016.0342,150.7,-254.5,-4.6,1.8,2.3,6.7
2016-01-14,2016.0369,150.6,-252.3,-5.0,2.0,2.3,7.2
2016-01-15,2016.0396,152.6,-252.3,-4.7,1.7,2.0,7.35
2016-01-16,2016.0423,152.8,-255.2,-4.4,2.1,2.7,7.5
2016-01-17,2016.0451,152.4,-253.5,-5.5,1.7,2.0,6.4
2016-01-18,2016.0478,152.6,-253.4,-4.3,1.7,2.0,6.5
2016-01-19,2016.0505,151.4,-255.3,-2.6,2.0,2.4,7.4
2016-01-20,2016.0533,156.0,-252.3,-5.35,1.9,2.3,7.85
2016-01-21,2016.056,151.7,-251.0,-8.1,2.3,2.8,8.3
2016-01-22,2016.0587,152.1,-250.9,-7.5,1.8,2.2,7.0
2016-01-23,2016.0615,152.8,-251.6,-5.7,1.8,2.2,7.4
2016-01-24,2016.0642,152.5,-252.3,-7.8,2.1,2.6,7.2
2016-01-25,2016.0669,149.9,-251.2,-10.3,1.7,1.9,6.2
2016-01-26,2016.0697,150.0,-253.6,-7.4,1.8,2.0,6.7
2016-01-27,2016.0724,151.4,-253.9,-10.8,2.0,2.5,6.9
2016-01-28,2016.0751,150.8,-251.7,-11.8,1.7,2.1,6.6
2016-01-29,2016.0779,150.1,-252.9,-13.1,1.8,2.1,6.5
2016-01-30,2016.0806,151.4,-252.7,-5.8,1.8,2.2,6.6
2016-01-31,2016.0833,151.8,-252.2,-10.3,1.8,2.2,6.8
2016-02-01,2016.0861,150.3,-253.2,-11.8,1.8,2.1,7.0
2016-02-02,2016.0888,150.9,-253.2,-10.7,1.9,2.3,7.3
2016-02-03,2016.0915,149.1,-250.7,-7.2,1.9,2.2,7.3
2016-02-04,2016.0943,150.8,-253.0,-11.9,1.8,2.0,6.8
2016-02-05,2016.097,151.5,-251.3,-7.7,1.7,2.0,6.8
2016-02-06,2016.0997,150.5,-252.5,-12.1,1.8,2.1,6.8
2016-02-07,2016.1025,149.9,-250.6,-10.0,1.9,2.2,6.8
2016-02-08,2016.1052,147.2,-252.4,-4.5,2.0,2.4,7.5
2016-02-09,2016.1079,151.6,-253.2,-5.3,1.9,2.4,7.3
2016-02-10,2016.1107,148.6,-249.7,-4.0,1.9,2.3,7.3
2016-02-11,2016.1134,150.9,-251.6,-2.8,2.0,2.5,7.6
2016-02-12,2016.1161,149.8,-250.2,-1.7,1.9,2.3,7.4
2016-02-13,2016.1189,152.6,-250.1,-3.8,2.0,2.4,7.6
2016-02-14,2016.1216,151.4,-251.9,-4.6,2.0,2.4,7.3
2016-02-15,2016.1243,150.0,-252.3,-3.3,2.1,2.6,7.3
2016-02-16,2016.127,152.9,-250.2,-5.1,2.2,2.7,7.8
2016-02-17,2016.1298,149.2,-248.7,-3.6,2.1,2.5,7.8
2016-02-18,2016.1325,151.9,-250.5,-5.1,2.0,2.5,7.6
2016-02-19,2016.1352,151.9,-251.1,-6.9,1.9,2.5,7.1
2016-02-20,2016.138,151.4,-248.8,-4.4,2.1,2.9,7.7
2016-02-21,2016.1407,147.3,-252.0,0.6,1.9,2.2,7.6
2016-02-22,2016.1434,150.1,-251.9,-6.8,2.2,2.6,8.6
2016-02-23,2016.1462,152.5,-250.1,-5.7,2.4,2.8,8.8
2016-02-24,2016.1489,151.8,-251.7,-4.9,1.9,2.2,7.5
2016-02-25,2016.1516,148.8,-251.2,-15.9,2.4,2.8,8.6
2016-02-26,2016.1544,151.7,-251.0,-12.5,1.8,2.2,7.1
2016-02-27,2016.1571,152.4,-251.8,-13.3,2.1,2.6,7.5
2016-02-28,2016.1598,152.1,-249.4,-11.9,1.9,2.1,7.2
2016-02-29,2016.1626,151.9,-251.3,-12.3,2.0,2.5,7.4
2016-03-01,2016.1653,152.0,-254.9,-10.8,2.2,2.6,8.0
2016-03-02,2016.168,150.8,-250.0,-6.5,2.1,2.5,7.7
2016-03-03,2016.1708,151.3,-250.5,-7.4,2.1,2.3,7.8
2016-03-04,2016.1735,151.8,-251.1,-9.1,1.9,2.2,7.2
2016-03-05,2016.1762,153.4,-251.1,-7.1,2.0,2.3,7.9
2016-03-06,2016.179,151.2,-249.3,1.8,1.9,2.3,7.4
2016-03-07,2016.1817,152.1,-251.9,1.7,2.2,2.6,8.1
2016-03-08,2016.1844,152.4,-249.8,-2.1,2.0,2.4,8.0
2016-03-09,2016.1872,152.2,-247.7,-3.0,2.1,2.5,7.8
2016-03-10,2016.1899,151.4,-249.8,-7.8,2.0,2.3,7.3
2016-03-11,2016.1926,152.2,-248.2,-8.7,2.1,2.6,8.0
2016-03-12,2016.1954,150.8,-246.8,-1.0,2.1,2.5,7.5
2016-03-13,2016.1981,149.3,-244.9,0.1,2.3,2.6,8.4
2016-03-14,2016.2008,151.3,-245.6,-3.8,2.1,2.5,7.8
2016-03-15,2016.2036,147.9,-248.0,-6.2,2.4,2.8,9.1
2016-03-16,2016.2063,151.2,-250.8,3.2,2.1,2.4,7.9
2016-03-17,2016.209,149.0,-248.8,-1.6,2.3,2.8,8.6
2016-03-18,2016.2117,151.5,-249.7,-1.6,2.1,2.4,7.8
2016-03-19,2016.2145,149.8,-244.4,1.9,2.1,2.4,8.2
2016-03-20,2016.2172,150.4,-244.7,2.6,2.2,2.5,8.3
2016-03-21,2016.2199,151.8,-247.6,-2.2,2.1,2.4,8.1
2016-03-22,2016.2227,153.1,-248.6,-5.1,2.1,2.4,8.1
2016-03-23,2016.2254,151.9,-248.3,-14.8,2.1,2.5,7.9
2016-03-24,2016.2281,152.1,-246.9,-9.5,1.9,2.2,7.5
2016-03-25,2016.2309,152.9,-248.2,-12.2,2.0,2.3,7.6
2016-03-26,2016.2336,152.3,-247.8,-11.2,2.2,2.5,7.8
2016-03-27,2016.2363,151.2,-245.4,-15.1,1.9,2.1,7.4
2016-03-28,2016.2391,149.2,-244.6,-9.8,2.1,2.4,7.9
2016-03-29,2016.2418,152.9,-246.8,-9.4,2.5,2.9,9.2
2016-03-30,2016.2445,151.0,-246.9,-8.4,2.0,2.2,7.9
2016-03-31,2016.2473,152.2,-246.7,-11.6,2.1,2.6,8.1
2016-04-01,2016.25,149.0,-248.1,-10.4,2.3,2.6,8.5
2016-04-02,2016.2527,150.5,-248.7,-10.8,2.2,2.6,7.9
2016-04-03,2016.2555,149.3,-247.1,-1.9,2.3,2.8,8.7
2016-04-04,2016.2582,149.7,-244.9,-0.6,2.5,2.9,8.8
2016-04-05,2016.2609,151.0,-248.6,-8.8,2.0,2.4,7.9
2016-04-06,2016.2637,151.8,-249.3,-9.4,2.4,2.7,8.7
2016-04-07,2016.2664,151.2,-246.2,-2.6,2.3,2.6,9.2
2016-04-08,2016.2691,150.9,-247.0,-5.0,2.2,2.4,8.5
2016-04-09,2016.2719,149.0,-245.0,-3.6,2.7,3.1,9.9
2016-04-10,2016.2746,151.6,-244.7,-10.8,2.2,2.4,8.5
2016-04-11,2016.2773,151.3,-248.6,-5.1,2.3,2.7,8.7
2016-04-12,2016.2801,150.1,-246.1,1.0,2.2,2.5,8.4
2016-04-13,2016.2828,149.7,-245.4,-1.8,2.5,2.9,9.4
2016-04-14,2016.2855,148.2,-246.1,0.4,2.7,3.3,10.0
2016-04-15,2016.2883,150.1,-247.5,-13.5,2.2,2.6,8.7
2016-04-16,2016.291,150.8,-245.2,-4.0,2.3,2.9,8.8
2016-04-17,2016.2937,151.5,-247.7,-7.9,2.2,2.5,8.6
2016-04-18,2016.2964,150.9,-245.9,-1.0,2.4,2.9,8.8
2016-04-19,2016.2992,150.4,-246.1,0.4,2.2,2.6,8.5
2016-04-20,2016.3019,149.1,-246.5,-1.0,2.1,2.3,8.2
2016-04-21,2016.3046,151.7,-248.2,3.8,2.3,2.6,8.4
2016-04-22,2016.3074,149.8,-247.7,-0.1,2.5,3.1,9.2
2016-04-23,2016.3101,149.4,-247.8,-1.3,2.1,2.7,8.2
2016-04-24,2016.3128,150.0,-246.3,2.0,2.5,2.9,9.5
2016-04-25,2016.3156,149.7,-246.9,3.7,2.3,2.8,9.2
2016-04-26,2016.3183,149.5,-247.3,-2.5,2.4,2.8,8.8
2016-04-27,2016.321,148.4,-245.3,1.3,2.2,2.4,8.2
2016-04-28,2016.3238,149.4,-243.9,-5.3,2.3,2.8,9.3
2016-04-29,2016.3265,149.0,-244.0,4.7,2.5,3.0,9.8
2016-04-30,2016.3292,146.8,-246.4,5.1,2.3,2.7,8.6
2016-05-01,2016.332,149.4,-245.4,1.0,2.5,3.2,9.4
2016-05-02,2016.3347,148.2,-245.6,-2.0,2.5,2.8,8.8
2016-05-03,2016.3374,149.1,-246.1,-9.5,2.4,2.9,8.9
2016-05-04,2016.3402,150.0,-245.9,-8.8,2.4,2.8,8.7
2016-05-05,2016.3429,148.9,-250.1,-7.8,2.4,3.0,8.8
2016-05-06,2016.3456,148.2,-247.2,-4.8,2.7,3.3,9.9
2016-05-07,2016.3484,145.3,-247.9,1.3,2.4,2.9,8.7
2016-05-08,2016.3511,148.8,-242.6,-7.7,2.3,2.7,8.6
2016-05-09,2016.3538,148.6,-245.2,-3.9,2.2,2.5,8.1
2016-05-10,2016.3566,145.6,-247.2,-6.7,2.3,2.8,8.2
2016-05-11,2016.3593,147.6,-249.9,-9.3,2.3,2.6,9.5
2016-05-12,2016.362,147.4,-244.0,-6.2,2.3,2.6,9.3
2016-05-13,2016.3648,146.7,-245.9,-3.1,2.5,3.0,9.0
2016-05-14,2016.3675,146.8,-245.9,-13.0,2.1,2.4,8.2
2016-05-15,2016.3702,147.1,-244.0,-4.4,2.1,2.6,8.1
2016-05-16,2016.373,147.3,-245.2,-8.5,2.3,2.8,8.6
2016-05-17,2016.3757,147.2,-244.9,-11.0,2.2,2.7,8.4
2016-05-18,2016.3784,148.5,-246.6,-13.7,2.2,2.7,8.3
2016-05-19,2016.3811,148.3,-245.7,-8.1,2.1,2.3,8.0
2016-05-20,2016.3839,149.5,-245.2,-11.0,2.2,2.5,8.1
2016-05-21,2016.3866,150.1,-245.8,-8.7,2.1,2.4,7.7
2016-05-22,2016.3893,149.3,-245.2,-10.6,2.4,2.6,9.5
2016-05-23,2016.3921,148.3,-244.4,-9.7,2.0,2.3,7.3
2016-05-24,2016.3948,147.2,-245.3,-10.8,2.3,2.7,8.8
2016-05-25,2016.3975,145.4,-247.5,-9.2,2.4,3.1,9.1
2016-05-26,2016.4003,145.9,-245.6,-12.15,2.2,2.6,8.6
2016-05-27,2016.403,147.8,-245.0,-15.1,2.1,2.4,8.1
2016-05-28,2016.4057,147.8,-242.5,-7.4,2.9,3.5,9.4
2016-05-29,2016.4085,145.4,-244.1,-5.3,2.4,2.7,8.9
2016-05-30,2016.4112,144.8,-243.8,-7.1,2.6,3.0,9.5
2016-05-31,2016.4139,147.7,-242.9,-13.2,2.2,2.6,8.3
2016-06-01,2016.4167,145.3,-244.5,-12.5,2.2,2.6,8.2
2016-06-02,2016.4194,149.8,-245.4,-16.8,2.3,2.9,9.2
2016-06-03,2016.4221,145.9,-243.4,-19.3,2.6,2.9,9.8
2016-06-04,2016.4249,146.7,-243.9,-11.4,2.8,3.5,10.0
2016-06-05,2016.4276,144.8,-243.2,-16.8,2.1,2.4,8.3
2016-06-06,2016.4303,146.1,-243.8,-17.1,2.0,2.2,7.8
2016-06-07,2016.4331,143.4,-244.2,-15.05,2.7,3.2,8.5
2016-06-08,2016.4358,143.8,-240.7,-13.0,2.6,3.1,9.2
2016-06-09,2016.4385,143.7,-244.8,-10.8,2.5,2.9,10.0
2016-06-10,2016.4413,144.4,-241.4,-8.1,2.2,2.4,8.1
2016-06-11,2016.444,142.9,-242.3,-12.9,2.5,2.9,8.8
2016-06-12,2016.4467,144.0,-242.1,-9.0,1.9,2.2,7.6
2016-06-13,2016.4495,144.2,-241.5,-5.7,2.2,2.4,8.4
2016-06-14,2016.4522,146.0,-242.7,-12.2,2.4,2.9,9.1
2016-06-15,2016.4549,143.3,-242.7,-5.0,2.3,2.5,9.1
2016-06-16,2016.4577,142.7,-240.9,-5.9,2.2,2.5,7.9
2016-06-17,2016.4604,142.7,-241.0,-9.0,2.5,3.1,9.4
2016-06-18,2016.4631,143.8,-241.8,-12.0,2.1,2.3,8.1
2016-06-19,2016.4658,142.7,-241.5,-1.9,2.6,3.3,9.6
2016-06-20,2016.4686,143.6,-242.7,-10.8,2.2,2.6,8.3
2016-06-21,2016.4713,144.2,-242.2,-1.6,2.5,2.8,9.3
2016-06-22,2016.474,144.3,-241.2,-5.8,2.2,2.7,8.3
2016-06-23,2016.4768,144.7,-242.2,-3.4,2.4,2.7,9.1
2016-06-24,2016.4795,144.7,-242.5,-9.6,2.3,2.6,9.2
2016-06-25,2016.4822,144.1,-241.0,-7.2,2.2,2.5,8.6
2016-06-26,2016.485,143.2,-239.7,-5.6,2.4,2.7,9.1
2016-06-27,2016.4877,143.0,-241.6,-15.8,2.2,2.4,8.5
2016-06-28,2016.4904,143.5,-237.4,-7.4,2.1,2.3,8.3
2016-06-29,2016.4932,143.2,-239.6,-8.4,2.4,2.8,9.1
2016-06-30,2016.4959,143.8,-240.2,-5.5,2.4,2.8,9.1
2016-07-01,2016.4986,141.5,-239.7,-14.6,2.0,2.3,8.0
2016-07-02,2016.5014,141.0,-238.2,-13.9,2.2,2.4,8.6
2016-07-03,2016.5041,141.3,-239.6,-13.2,1.9,2.0,7.5
2016-07-04,2016.5068,142.8,-240.9,-10.6,1.9,2.1,7.9
2016-07-05,2016.5096,142.7,-240.9,-11.6,2.0,2.2,8.1
2016-07-06,2016.5123,141.5,-238.3,-9.0,2.2,2.5,8.3
2016-07-07,2016.515,142.1,-239.1,-15.9,2.0,2.3,8.0
2016-07-08,2016.5178,141.3,-238.0,-12.4,2.2,2.6,8.4
2016-07-09,2016.5205,141.3,-237.9,-15.2,2.6,2.9,9.0
2016-07-10,2016.5232,142.8,-238.5,-9.2,2.1,2.2,8.2
2016-07-11,2016.526,142.2,-237.6,-7.5,2.5,2.9,9.0
2016-07-12,2016.5287,143.2,-239.3,-12.4,2.4,2.7,8.95
2016-07-13,2016.5314,142.6,-239.9,-17.3,2.3,2.6,8.9
2016-07-14,2016.5342,142.0,-238.4,-14.7,2.2,2.5,8.4
2016-07-15,2016.5369,140.9,-238.1,-18.4,2.4,2.6,8.7
2016-07-16,2016.5396,140.4,-236.9,-21.2,2.5,2.8,9.7
2016-07-17,2016.5423,141.0,-238.1,-12.5,2.1,2.3,8.5
2016-07-18,2016.5451,140.2,-239.2,-15.8,2.6,3.1,9.8
2016-07-19,2016.5478,141.6,-238.4,-20.5,2.4,2.7,9.8
2016-07-20,2016.5505,141.3,-237.9,-14.8,2.8,3.3,11.0
2016-07-21,2016.5533,141.5,-238.4,-24.7,2.6,2.8,10.2
2016-07-22,2016.556,142.2,-237.8,-20.7,2.7,3.2,10.1
2016-07-23,2016.5587,141.5,-236.5,-20.4,2.3,2.9,8.5
2016-07-24,2016.5615,141.2,-236.2,-17.3,2.3,2.7,8.5
2016-07-25,2016.5642,141.1,-237.2,-19.6,2.4,2.6,9.2
2016-07-26,2016.5669,144.6,-235.9,-23.8,2.7,3.0,10.8
2016-07-27,2016.5697,142.1,-240.1,-25.1,2.5,2.7,10.2
2016-07-28,2016.5724,140.9,-236.3,-23.9,2.5,2.9,9.2
2016-07-29,2016.5751,141.1,-236.6,-22.3,2.5,2.8,9.5
2016-07-30,2016.5779,140.3,-234.0,-18.9,2.3,2.6,8.6
2016-07-31,2016.5806,140.6,-236.4,-23.7,2.5,3.0,9.3
2016-08-01,2016.5833,140.6,-236.6,-19.1,2.6,3.1,9.6
2016-08-02,2016.5861,138.8,-236.9,-20.6,2.7,3.0,10.6
2016-08-03,2016.5888,142.7,-234.6,-13.2,2.4,2.6,9.5
2016-08-04,2016.5915,141.2,-238.7,-13.2,2.2,2.4,8.3
2016-08-05,2016.5943,140.6,-236.5,-21.4,2.4,2.7,9.8
2016-08-06,2016.597,140.0,-237.5,-13.3,2.4,2.9,9.2
2016-08-07,2016.5997,140.2,-236.8,-17.1,2.4,2.6,9.5
2016-08-08,2016.6025,139.9,-236.8,-11.8,3.0,3.4,10.7
2016-08-09,2016.6052,140.3,-239.4,-15.3,2.4,2.7,9.1
2016-08-10,2016.6079,138.8,-233.1,-13.6,2.9,3.5,10.4
2016-08-11,2016.6107,139.9,-234.7,-13.5,2.4,2.6,9.3
2016-08-12,2016.6134,140.4,-235.4,-18.2,2.3,2.6,9.4
2016-08-13,2016.6161,139.0,-236.9,-16.5,2.5,2.7,10.1
2016-08-14,2016.6189,140.7,-237.6,-13.4,2.6,2.9,10.9
2016-08-15,2016.6216,140.6,-237.1,-10.8,2.8,3.1,11.5
2016-08-16,2016.6243,140.0,-237.9,-19.3,2.4,2.7,9.1
2016-08-17,2016.627,138.6,-239.8,-19.2,2.2,2.5,8.8
2016-08-18,2016.6298,141.2,-235.5,-8.3,2.9,3.2,12.0
2016-08-19,2016.6325,142.5,-241.0,-13.1,2.8,3.1,11.7
2016-08-20,2016.6352,140.4,-236.0,-17.1,2.4,2.7,9.8
2016-08-21,2016.638,141.1,-237.1,-27.1,2.7,3.0,9.7
2016-08-22,2016.6407,140.7,-233.7,-15.5,3.0,3.2,11.5
2016-08-23,2016.6434,140.6,-234.5,-25.6,2.3,2.5,9.2
2016-08-24,2016.6462,138.2,-235.8,-26.1,2.4,2.6,9.6
2016-08-25,2016.6489,138.2,-234.8,-10.9,2.5,2.7,10.2
2016-08-26,2016.6516,137.7,-233.8,-19.3,2.5,2.6,9.7
2016-08-27,2016.6544,140.1,-232.9,-24.5,2.1,2.5,8.4
2016-08-28,2016.6571,138.9,-232.6,-23.8,2.3,2.5,8.7
2016-08-29,2016.6598,138.1,-234.3,-25.6,2.5,2.7,10.1
2016-08-30,2016.6626,141.5,-233.8,-15.3,2.4,2.8,9.8
2016-08-31,2016.6653,139.5,-234.7,-17.1,2.2,2.3,8.6
2016-09-01,2016.668,139.3,-236.0,-20.6,2.1,2.4,8.1
2016-09-02,2016.6708,139.6,-233.8,-18.1,2.0,2.1,7.7
2016-09-03,2016.6735,140.3,-233.0,-21.3,2.7,3.1,9.6
2016-09-04,2016.6762,140.0,-234.4,-24.2,2.2,2.4,8.8
2016-09-05,2016.679,139.4,-234.3,-19.9,2.3,2.5,8.9
2016-09-06,2016.6817,139.7,-232.2,-28.6,2.8,3.1,10.9
2016-09-07,2016.6844,140.4,-234.6,-26.2,2.6,2.9,10.6
2016-09-08,2016.6872,140.6,-233.5,-26.4,2.3,2.4,9.1
2016-09-09,2016.6899,137.1,-232.8,-26.4,2.4,2.6,9.1
2016-09-10,2016.6926,139.1,-232.5,-23.6,2.1,2.3,7.9
2016-09-11,2016.6954,138.1,-232.0,-26.3,2.4,2.7,8.6
2016-09-12,2016.6981,139.8,-232.0,-22.8,1.9,2.1,7.3
2016-09-13,2016.7008,137.7,-233.8,-25.3,2.2,2.4,8.4
2016-09-14,2016.7036,139.4,-230.9,-21.4,2.3,2.6,8.4
2016-09-15,2016.7063,137.8,-232.8,-19.6,2.3,2.6,8.6
2016-09-16,2016.709,139.8,-229.7,-17.1,2.5,3.0,8.9
2016-09-17,2016.7117,140.0,-231.8,-19.0,2.3,2.5,8.2
2016-09-18,2016.7145,140.4,-231.6,-23.4,2.3,2.6,8.9
2016-09-19,2016.7172,142.7,-230.3,-22.5,2.5,2.7,9.0
2016-09-20,2016.7199,141.0,-229.7,-22.3,2.2,2.6,8.2
2016-09-21,2016.7227,138.2,-231.1,-25.0,2.0,2.2,7.5
2016-09-22,2016.7254,139.3,-230.3,-22.9,2.2,2.4,8.2
2016-09-23,2016.7281,137.2,-231.2,-19.4,2.3,2.6,8.3
2016-09-24,2016.7309,136.5,-230.7,-21.1,2.1,2.3,8.1
2016-09-25,2016.7336,136.3,-230.2,-19.9,2.1,2.3,7.8
2016-09-26,2016.7363,137.1,-229.4,-20.0,2.2,2.4,8.1
2016-09-27,2016.7391,136.7,-231.2,-18.2,2.3,2.5,8.7
2016-09-28,2016.7418,136.2,-229.1,-22.7,2.6,2.7,9.6
2016-09-29,2016.7445,137.7,-230.5,-22.4,2.2,2.4,8.4
2016-09-30,2016.7473,138.5,-229.8,-15.5,2.3,2.5,8.2
2016-10-01,2016.75,137.4,-228.7,-26.6,2.2,2.4,8.8
2016-10-02,2016.7527,136.3,-230.0,-19.0,2.3,2.5,8.8
2016-10-03,2016.7555,137.7,-230.0,-22.2,2.4,2.8,8.85
2016-10-04,2016.7582,136.8,-229.7,-25.4,2.4,2.5,8.9
2016-10-05,2016.7609,137.9,-229.0,-24.7,2.2,2.4,8.1
2016-10-06,2016.7637,138.2,-230.2,-21.1,2.2,2.4,8.2
2016-10-07,2016.7664,137.2,-229.4,-19.4,2.2,2.4,7.9
2016-10-08,2016.7691,137.6,-229.1,-19.1,2.0,2.2,7.9
2016-10-09,2016.7719,136.6,-227.9,-17.5,2.5,2.7,8.8
2016-10-10,2016.7746,135.2,-226.7,-19.7,2.3,2.5,8.5
2016-10-11,2016.7773,138.6,-228.4,-19.6,2.1,2.4,8.3
2016-10-12,2016.7801,135.4,-228.8,-19.5,2.4,2.7,8.8
2016-10-13,2016.7828,135.8,-228.7,-21.9,2.2,2.4,8.4
2016-10-14,2016.7855,135.6,-229.8,-20.0,2.6,2.8,9.1
2016-10-15,2016.7883,137.3,-229.8,-21.7,2.2,2.3,8.5
2016-10-16,2016.791,137.8,-228.8,-20.8,2.2,2.5,8.3
2016-10-17,2016.7937,137.1,-230.1,-16.2,2.1,2.4,8.2
2016-10-18,2016.7964,136.3,-228.1,-18.7,2.0,2.2,7.6
2016-10-19,2016.7992,136.2,-229.9,-20.4,1.9,2.2,7.6
2016-10-20,2016.8019,136.6,-229.3,-22.1,2.1,2.3,8.1
2016-10-21,2016.8046,135.8,-229.3,-19.1,2.1,2.3,7.8
2016-10-22,2016.8074,134.8,-228.7,-20.1,2.2,2.5,8.1
2016-10-23,2016.8101,136.8,-228.9,-19.3,2.1,2.4,7.9
2016-10-24,2016.8128,135.0,-229.0,-17.0,2.3,2.5,8.8
2016-10-25,2016.8156,134.5,-227.4,-15.3,2.4,2.6,9.4
2016-10-26,2016.8183,131.8,-232.3,-20.1,2.4,2.6,9.6
2016-10-27,2016.821,135.2,-226.7,-25.6,2.3,2.5,9.1
2016-10-28,2016.8238,136.2,-227.8,-25.2,2.0,2.2,7.7
2016-10-29,2016.8265,135.2,-228.4,-19.3,2.4,2.6,8.8
2016-10-30,2016.8292,135.6,-229.1,-21.0,2.6,2.8,9.0
2016-10-31,2016.832,136.0,-228.6,-22.02,2.0,2.2,8.7
2016-11-01,2016.8347,134.9,-227.7,-23.05,2.0,2.2,8.4
2016-11-02,2016.8374,132.5,-227.3,-24.08,1.9,2.1,8.1
2016-11-03,2016.8402,135.4,-228.8,-25.1,2.0,2.2,7.8
2016-11-04,2016.8429,133.6,-227.0,-19.7,2.1,2.4,8.0
2016-11-05,2016.8456,135.6,-226.9,-15.4,1.9,2.2,7.3
2016-11-06,2016.8484,134.2,-227.3,-19.8,2.2,2.4,8.3
2016-11-07,2016.8511,135.2,-226.3,-21.25,2.1,2.4,8.3
2016-11-08,2016.8538,134.9,-226.4,-22.7,2.2,2.5,8.3
2016-11-09,2016.8566,135.0,-225.5,-21.4,2.0,2.2,7.5
2016-11-10,2016.8593,133.3,-226.2,-21.3,2.2,2.5,7.8
2016-11-11,2016.862,133.2,-223.8,-25.6,2.1,2.4,8.0
2016-11-12,2016.8648,134.0,-225.9,-26.8,1.9,2.1,7.1
2016-11-13,2016.8675,134.7,-226.9,-25.3,2.0,2.2,7.5
2016-11-14,2016.8702,133.5,-226.9,-25.0,2.0,2.3,7.4
2016-11-15,2016.873,134.5,-226.1,-18.7,2.1,2.3,7.5
2016-11-16,2016.8757,132.3,-225.6,-22.3,2.0,2.2,7.4
2016-11-17,2016.8784,132.6,-225.7,-18.5,2.2,2.4,7.9
2016-11-18,2016.8811,132.9,-223.8,-15.4,1.9,2.2,7.0
2016-11-19,2016.8839,133.1,-226.2,-15.3,1.9,2.1,7.3
2016-11-20,2016.8866,132.0,-226.0,-15.4,2.0,2.2,7.2
2016-11-21,2016.8893,134.6,-226.3,-13.5,1.9,2.2,7.1
2016-11-22,2016.8921,133.0,-224.7,-14.8,1.8,1.9,6.8
2016-11-23,2016.8948,132.7,-224.6,-13.7,2.3,2.6,7.9
2016-11-24,2016.8975,133.1,-224.3,-10.8,1.8,1.9,6.9
2016-11-25,2016.9003,133.2,-223.3,-15.3,2.3,2.6,7.9
2016-11-26,2016.903,131.0,-225.3,-17.5,2.0,2.2,7.2
2016-11-27,2016.9057,132.9,-223.8,-17.7,1.9,2.2,7.3
2016-11-28,2016.9085,131.0,-224.8,-20.2,2.1,2.6,7.6
2016-11-29,2016.9112,131.8,-225.2,-19.9,1.9,2.1,7.3
2016-11-30,2016.9139,131.4,-223.7,-19.7,1.8,2.0,6.8
2016-12-01,2016.9167,129.7,-223.7,-21.6,2.0,2.2,7.3
2016-12-02,2016.9194,131.1,-223.4,-20.9,2.0,2.2,7.1
2016-12-03,2016.9221,130.5,-225.5,-22.4,2.0,2.3,7.7
2016-12-04,2016.9249,131.3,-224.7,-20.8,1.8,2.0,6.8
2016-12-05,2016.9276,130.8,-225.5,-15.2,1.8,2.0,6.6
2016-12-06,2016.9303,130.2,-224.8,-17.0,1.9,2.1,7.2
2016-12-07,2016.9331,128.5,-223.7,-15.7,2.1,2.5,7.8
2016-12-08,2016.9358,130.4,-223.3,-15.5,1.9,2.3,7.1
2016-12-09,2016.9385,131.0,-224.2,-7.6,1.9,2.1,6.9
2016-12-10,2016.9413,130.4,-222.6,-8.0,2.0,2.2,6.8
2016-12-11,2016.944,130.5,-223.5,-8.4,1.8,1.9,6.7
2016-12-12,2016.9467,130.2,-223.1,-10.2,1.8,2.0,6.8
2016-12-13,2016.9495,132.0,-224.9,-13.7,1.9,2.1,7.0
2016-12-14,2016.9522,131.8,-223.4,-12.1,1.8,1.9,6.8
2016-12-15,2016.9549,130.6,-224.4,-12.3,1.9,2.2,7.0
2016-12-16,2016.9577,130.2,-224.2,-8.1,1.9,2.1,7.1
2016-12-17,2016.9604,130.6,-222.0,-10.8,1.8,1.9,6.9
2016-12-18,2016.9631,130.6,-222.0,-10.7,1.9,2.0,7.0
2016-12-19,2016.9658,130.2,-222.3,-12.0,1.8,1.9,6.8
2016-12-20,2016.9686,132.0,-223.3,-14.3,1.8,2.0,7.1
2016-12-21,2016.9713,132.4,-223.1,-13.7,1.8,2.0,6.8
2016-12-22,2016.974,131.5,-221.6,-10.8,1.7,1.8,6.6
2016-12-23,2016.9768,130.5,-222.3,-12.9,2.2,2.4,8.2
2016-12-24,2016.9795,130.1,-222.4,-7.7,2.0,2.2,7.5
2016-12-25,2016.9822,129.4,-223.1,-10.9,2.0,2.2,7.7
2016-12-26,2016.985,132.3,-221.7,-15.4,1.9,2.1,7.1
2016-12-27,2016.9877,131.1,-221.0,-18.3,2.1,2.3,8.1
2016-12-28,2016.9904,130.4,-223.6,-8.5,2.1,2.4,7.6
2016-12-29,2016.9932,131.3,-222.1,-9.4,2.1,2.4,7.6
2016-12-30,2016.9959,131.6,-221.8,-9.8,1.9,2.2,7.1
2016-12-31,2016.9986,131.6,-220.2,-6.7,1.9,2.1,7.1
2017-01-01,2017.0014,131.7,-222.7,-8.1,2.1,2.3,7.6
2017-01-02,2017.0041,131.8,-222.9,-7.1,2.2,2.4,7.35
2017-01-03,2017.0068,131.8,-222.3,-6.1,1.9,2.1,7.1
2017-01-04,2017.0096,131.9,-221.6,-2.9,2.0,2.3,7.5
2017-01-05,2017.0123,132.5,-222.1,-7.8,2.0,2.3,7.3
2017-01-06,2017.0151,132.6,-221.4,-4.9,1.9,2.1,6.8
2017-01-07,2017.0178,132.6,-223.3,-3.5,1.8,2.1,6.6
2017-01-08,2017.0205,131.5,-220.9,-4.1,1.8,2.1,6.9
2017-01-09,2017.0233,133.4,-221.6,-4.8,1.8,2.0,6.6
2017-01-10,2017.026,133.1,-221.2,-6.8,2.1,2.3,7.4
2017-01-11,2017.0288,132.5,-221.2,-6.6,2.0,2.3,7.4
2017-01-12,2017.0315,132.6,-221.9,-5.3,1.8,2.1,6.9
2017-01-13,2017.0342,132.6,-220.8,-12.8,1.8,2.0,6.8
2017-01-14,2017.037,131.7,-221.0,-8.9,1.8,2.0,6.8
2017-01-15,2017.0397,132.4,-220.4,-10.8,1.9,2.2,7.3
2017-01-16,2017.0425,131.9,-220.0,-8.6,1.9,2.2,7.3
2017-01-17,2017.0452,129.8,-219.1,-5.0,2.0,2.3,7.4
2017-01-18,2017.0479,129.2,-219.7,-13.3,2.0,2.3,7.6
2017-01-19,2017.0507,130.6,-218.4,-13.3,2.0,2.5,7.6
2017-01-20,2017.0534,130.4,-219.6,-12.7,2.0,2.4,7.3
2017-01-21,2017.0562,129.4,-220.3,-16.8,1.8,2.0,6.7
2017-01-22,2017.0589,131.3,-221.0,-14.8,1.9,2.2,7.3
2017-01-23,2017.0616,130.7,-219.3,-11.3,1.8,2.1,7.0
2017-01-24,2017.0644,129.5,-219.6,-12.8,1.9,2.3,7.3
2017-01-25,2017.0671,130.4,-220.0,-10.8,1.9,2.3,7.2
2017-01-26,2017.0699,130.2,-219.5,-10.1,1.8,2.1,6.9
2017-01-27,2017.0726,131.0,-220.1,-10.5,1.7,2.0,6.7
2017-01-28,2017.0753,130.0,-219.4,-2.2,2.0,2.3,7.4
2017-01-29,2017.0781,130.9,-218.8,-10.1,1.9,2.2,7.3
2017-01-30,2017.0808,131.5,-219.5,-3.9,1.9,2.4,7.3
2017-01-31,2017.0836,130.0,-218.4,-6.7,1.8,2.0,6.9
2017-02-01,2017.0863,130.5,-217.7,-4.5,1.8,2.0,6.9
2017-02-02,2017.089,129.8,-218.4,-10.6,2.0,2.3,7.2
2017-02-03,2017.0918,130.0,-217.7,-4.0,2.0,2.2,7.4
2017-02-04,2017.0945,131.0,-216.9,-5.3,2.1,2.4,7.7
2017-02-05,2017.0973,131.4,-216.2,-1.5,1.9,2.2,7.1
2017-02-06,2017.1,130.7,-217.0,-1.1,1.9,2.1,7.0
2017-02-07,2017.1027,130.3,-217.0,-0.6,2.1,2.4,7.8
2017-02-08,2017.1055,131.3,-217.7,-9.2,2.0,2.2,7.2
2017-02-09,2017.1082,130.6,-215.8,-2.9,1.9,2.2,7.6
2017-02-10,2017.111,130.3,-215.1,-2.7,1.9,2.1,7.2
2017-02-11,2017.1137,132.3,-217.0,-11.3,2.0,2.5,7.6
2017-02-12,2017.1164,130.8,-218.0,-10.2,2.0,2.2,7.4
2017-02-13,2017.1192,129.9,-217.5,-7.9,1.9,2.1,7.1
2017-02-14,2017.1219,130.1,-216.6,-10.1,2.0,2.4,7.5
2017-02-15,2017.1247,130.1,-216.8,-11.6,2.0,2.2,7.3
2017-02-16,2017.1274,131.4,-217.9,-5.1,1.9,2.2,7.4
2017-02-17,2017.1301,131.6,-215.9,-7.2,1.8,1.9,6.7
2017-02-18,2017.1329,129.5,-216.4,-7.6,1.8,2.0,7.1
2017-02-19,2017.1356,130.6,-218.2,-7.2,2.0,2.2,7.5
2017-02-20,2017.1384,131.3,-217.1,-3.1,1.9,2.2,7.4
2017-02-21,2017.1411,131.6,-219.1,-5.1,2.0,2.3,7.9
2017-02-22,2017.1438,130.8,-216.5,-7.5,2.1,2.4,7.7
2017-02-23,2017.1466,128.3,-216.3,-7.0,2.2,2.5,8.6
2017-02-24,2017.1493,130.4,-216.0,-2.6,2.0,2.3,7.6
2017-02-25,2017.1521,132.7,-215.0,-10.2,2.2,2.5,8.0
2017-02-26,2017.1548,132.1,-214.4,-3.2,2.0,2.3,7.3
2017-02-27,2017.1575,131.9,-215.8,-7.6,2.1,2.4,7.6
2017-02-28,2017.1603,131.4,-215.6,-8.7,2.1,2.4,8.1
2017-03-01,2017.163,132.1,-216.7,-7.4,2.0,2.4,7.5
2017-03-02,2017.1658,131.2,-215.4,-6.7,2.3,2.7,7.95
2017-03-03,2017.1685,126.8,-215.4,-6.0,2.3,2.6,8.4
2017-03-04,2017.1712,131.9,-216.7,-4.1,2.1,2.4,8.1
2017-03-05,2017.174,131.7,-216.3,-5.5,2.0,2.2,7.7
2017-03-06,2017.1767,131.5,-217.4,-1.4,1.9,2.1,7.6
2017-03-07,2017.1795,131.8,-217.6,-3.8,2.1,2.5,8.1
2017-03-08,2017.1822,131.5,-215.6,-4.4,2.1,2.5,7.7
2017-03-09,2017.1849,130.0,-215.5,-5.0,2.1,2.3,7.6
2017-03-10,2017.1877,129.0,-216.3,-6.5,2.2,2.5,7.9
2017-03-11,2017.1904,131.7,-216.5,-6.5,2.1,2.4,7.6
2017-03-12,2017.1932,133.2,-216.7,-5.1,2.1,2.4,7.8
2017-03-13,2017.1959,131.2,-216.1,-6.8,2.2,2.6,8.0
2017-03-14,2017.1986,132.5,-216.1,-3.6,2.0,2.4,7.5
2017-03-15,2017.2014,133.1,-217.2,-11.0,2.0,2.2,7.3
2017-03-16,2017.2041,132.9,-217.8,-9.9,2.2,2.5,7.9
2017-03-17,2017.2068,132.7,-217.5,-5.9,2.0,2.3,7.5
2017-03-18,2017.2096,132.7,-216.1,-6.9,2.1,2.3,7.7
2017-03-19,2017.2123,130.8,-217.6,-11.0,2.5,2.8,8.7
2017-03-20,2017.2151,132.9,-215.9,-11.8,2.0,2.2,7.3
2017-03-21,2017.2178,134.4,-216.7,-7.4,2.1,2.4,8.2
2017-03-22,2017.2205,132.9,-215.6,-7.3,2.2,2.3,7.8
2017-03-23,2017.2233,130.6,-214.9,-7.6,2.2,2.4,8.3
2017-03-24,2017.226,132.4,-213.5,-6.9,2.3,2.7,8.7
2017-03-25,2017.2288,132.7,-216.4,-11.1,2.1,2.4,7.9
2017-03-26,2017.2315,131.6,-214.4,-9.2,2.2,2.4,8.2
2017-03-27,2017.2342,131.0,-217.1,-9.9,2.0,2.4,7.8
2017-03-28,2017.237,131.7,-216.5,-4.6,2.5,2.8,9.2
2017-03-29,2017.2397,131.2,-212.5,-6.4,2.1,2.3,8.0
2017-03-30,2017.2425,131.2,-216.2,-9.6,2.1,2.4,7.7
2017-03-31,2017.2452,130.6,-213.9,-9.0,2.1,2.4,8.0
2017-04-01,2017.2479,130.6,-215.8,-6.6,2.2,2.7,8.2
2017-04-02,2017.2507,131.4,-215.1,-5.1,2.2,2.5,8.3
2017-04-03,2017.2534,128.7,-215.5,0.4,2.0,2.3,7.7
2017-04-04,2017.2562,130.8,-217.1,-6.2,2.0,2.3,7.6
2017-04-05,2017.2589,131.1,-214.2,-0.7,2.2,2.5,8.5
2017-04-06,2017.2616,131.6,-218.5,0.22,2.1,2.5,8.4
2017-04-07,2017.2644,130.3,-214.5,1.14,2.2,2.6,8.3
2017-04-08,2017.2671,131.3,-215.3,2.06,2.1,2.4,8.2
2017-04-09,2017.2699,134.6,-217.7,2.98,2.4,2.7,8.1
2017-04-10,2017.2726,133.3,-218.0,3.9,2.1,2.3,8.0
2017-04-11,2017.2753,131.8,-216.8,4.5,2.2,2.4,8.5
2017-04-12,2017.2781,133.6,-213.2,-2.2,2.3,2.7,8.3
2017-04-13,2017.2808,131.2,-214.9,2.2,2.3,2.5,8.5
2017-04-14,2017.2836,131.6,-216.7,3.4,2.3,2.6,8.6
2017-04-15,2017.2863,130.8,-218.1,-3.2,2.2,2.4,8.3
2017-04-16,2017.289,132.3,-216.2,-2.7,2.2,2.5,8.1
2017-04-17,2017.2918,130.9,-223.2,-7.2,2.2,2.5,8.5
2017-04-18,2017.2945,129.9,-216.7,-1.6,2.1,2.4,7.8
2017-04-19,2017.2973,129.8,-214.7,1.1,2.3,2.7,8.6
2017-04-20,2017.3,130.5,-214.6,1.1,2.4,2.6,8.7
2017-04-21,2017.3027,129.6,-213.9,1.9,2.1,2.4,8.0
2017-04-22,2017.3055,128.4,-214.9,-7.7,2.1,2.3,8.1
2017-04-23,2017.3082,128.8,-216.4,-3.3,2.1,2.3,8.0
2017-04-24,2017.311,129.6,-215.2,-3.6,2.4,2.8,8.9
2017-04-25,2017.3137,131.4,-215.8,-5.3,2.3,2.8,8.7
2017-04-26,2017.3164,129.4,-213.1,-9.0,2.5,2.9,9.0
2017-04-27,2017.3192,130.3,-216.6,-6.2,2.1,2.4,8.3
2017-04-28,2017.3219,129.8,-214.6,-8.4,2.1,2.5,8.4
2017-04-29,2017.3247,129.5,-215.7,-2.4,2.2,2.5,8.3
2017-04-30,2017.3274,127.2,-208.4,-4.8,2.2,2.6,8.4
2017-05-01,2017.3301,129.5,-211.5,-12.0,2.2,2.5,8.5
2017-05-02,2017.3329,130.3,-212.1,-6.1,2.3,2.6,8.6
2017-05-03,2017.3356,130.0,-214.5,-11.1,2.0,2.3,8.1
2017-05-04,2017.3384,128.8,-212.7,-0.6,2.1,2.4,8.3
2017-05-05,2017.3411,131.0,-212.3,-5.9,2.4,2.8,9.8
2017-05-06,2017.3438,130.0,-211.7,-11.2,2.3,2.6,9.0
2017-05-07,2017.3466,130.7,-216.0,-8.8,2.2,2.8,8.3
2017-05-08,2017.3493,129.2,-213.4,-7.8,2.4,2.7,9.0
2017-05-09,2017.3521,131.4,-212.4,-6.8,2.2,2.5,8.8
2017-05-10,2017.3548,128.6,-213.7,-11.1,2.4,2.8,8.8
2017-05-11,2017.3575,128.2,-211.5,-8.4,2.4,2.7,8.7
2017-05-12,2017.3603,127.8,-211.6,-16.1,2.2,2.5,8.3
2017-05-13,2017.363,127.0,-213.0,-13.8,2.1,2.4,8.1
2017-05-14,2017.3658,128.2,-211.5,-12.0,2.1,2.3,8.0
2017-05-15,2017.3685,128.0,-210.7,-8.8,2.2,2.5,8.2
2017-05-16,2017.3712,127.4,-211.3,-9.2,2.1,2.4,7.8
2017-05-17,2017.374,127.2,-210.2,-8.7,1.8,2.1,7.0
2017-05-18,2017.3767,125.7,-209.0,-6.0,2.2,2.6,8.3
2017-05-19,2017.3795,126.3,-210.8,-8.2,2.4,2.9,9.4
2017-05-20,2017.3822,126.7,-211.4,-3.2,2.3,2.7,9.1
2017-05-21,2017.3849,128.5,-211.2,-6.4,2.4,2.8,9.2
2017-05-22,2017.3877,127.7,-210.6,-7.7,2.6,3.0,9.3
2017-05-23,2017.3904,128.5,-210.8,-5.6,2.4,2.8,9.4
2017-05-24,2017.3932,126.3,-210.3,-9.3,2.5,2.9,9.3
2017-05-25,2017.3959,127.6,-209.7,-2.6,2.2,2.5,8.8
2017-05-26,2017.3986,126.5,-210.4,-8.2,2.2,2.6,8.2
2017-05-27,2017.4014,125.2,-209.5,-3.8,2.2,2.5,8.3
2017-05-28,2017.4041,125.3,-210.7,-1.0,2.2,2.5,8.4
2017-05-29,2017.4068,124.3,-208.4,-8.2,2.4,3.0,8.8
2017-05-30,2017.4096,126.2,-210.2,-2.7,2.1,2.4,8.2
2017-05-31,2017.4123,125.2,-210.4,-3.25,2.3,2.6,8.95
2017-06-01,2017.4151,126.5,-210.7,-3.8,2.4,2.7,9.7
2017-06-02,2017.4178,125.1,-210.0,-1.7,2.4,2.7,9.6
2017-06-03,2017.4205,126.2,-210.1,2.6,2.5,2.7,9.6
2017-06-04,2017.4233,126.1,-211.9,-3.6,2.3,2.5,9.1
2017-06-05,2017.426,127.4,-209.7,-10.6,2.5,2.8,9.4
2017-06-06,2017.4288,128.0,-208.0,-3.9,2.5,2.9,9.8
2017-06-07,2017.4315,125.8,-209.2,-9.0,2.3,2.5,9.1
2017-06-08,2017.4342,125.4,-208.0,-8.4,2.6,2.9,9.8
2017-06-09,2017.437,126.6,-211.0,-7.0,2.2,2.5,8.7
2017-06-10,2017.4397,125.2,-208.6,-9.9,2.6,2.8,10.3
2017-06-11,2017.4425,124.9,-208.2,3.9,2.4,2.6,9.2
2017-06-12,2017.4452,126.5,-208.8,-2.6,2.3,2.6,8.8
2017-06-13,2017.4479,126.2,-209.9,-7.1,2.0,2.1,7.9
2017-06-14,2017.4507,124.5,-210.6,-10.2,2.3,2.5,9.4
2017-06-15,2017.4534,124.6,-207.5,-5.9,2.6,3.0,9.9
2017-06-16,2017.4562,126.7,-207.2,-4.8,2.2,2.3,8.8
2017-06-17,2017.4589,124.5,-207.2,-3.9,2.3,2.6,8.8
2017-06-18,2017.4616,127.2,-208.8,-6.9,2.1,2.3,8.5
2017-06-19,2017.4644,125.1,-206.6,-5.3,2.6,2.9,9.9
2017-06-20,2017.4671,124.2,-207.4,-5.5,2.2,2.5,8.6
2017-06-21,2017.4699,125.2,-206.4,0.5,2.7,3.0,10.0
2017-06-22,2017.4726,124.0,-206.9,-3.2,2.4,2.7,9.2
2017-06-23,2017.4753,125.3,-208.2,-10.7,2.3,2.5,9.0
2017-06-24,2017.4781,123.8,-207.9,-11.2,2.5,2.9,9.7
2017-06-25,2017.4808,124.0,-205.8,-11.6,2.5,2.8,9.3
2017-06-26,2017.4836,124.9,-206.1,-9.4,2.2,2.5,9.0
2017-06-27,2017.4863,123.6,-206.9,-2.2,2.6,3.1,10.3
2017-06-28,2017.489,123.8,-206.0,-7.7,2.4,2.8,9.6
2017-06-29,2017.4918,124.8,-205.6,-10.2,2.1,2.4,8.5
2017-06-30,2017.4945,123.2,-203.9,-3.9,2.4,2.8,9.0
2017-07-01,2017.4973,124.0,-205.6,-6.4,2.1,2.4,8.1
2017-07-02,2017.5,124.8,-207.2,-10.2,2.1,2.4,8.3
2017-07-03,2017.5027,126.1,-205.1,-11.4,2.0,2.2,7.9
2017-07-04,2017.5055,124.3,-204.5,-7.6,2.3,2.6,8.6
2017-07-05,2017.5082,124.9,-203.9,-8.5,2.3,2.6,8.9
2017-07-06,2017.511,124.1,-202.9,-4.5,2.5,2.9,9.4
2017-07-07,2017.5137,123.3,-203.2,-8.9,2.1,2.4,8.5
2017-07-08,2017.5164,123.2,-205.3,-11.4,2.5,2.9,9.4
2017-07-09,2017.5192,124.3,-205.8,-17.1,2.2,2.5,8.4
2017-07-10,2017.5219,124.5,-206.6,-17.9,2.3,2.6,9.0
2017-07-11,2017.5247,124.5,-209.2,-10.0,3.0,3.4,10.7
2017-07-12,2017.5274,123.5,-204.3,-15.5,1.9,2.1,7.5
2017-07-13,2017.5301,124.4,-205.2,-15.9,2.2,2.4,8.9
2017-07-14,2017.5329,122.4,-205.9,-16.3,2.5,2.8,10.3
2017-07-15,2017.5356,124.0,-205.0,-14.3,2.8,3.3,10.8
2017-07-16,2017.5384,125.6,-203.3,-15.1,2.9,3.3,10.4
2017-07-17,2017.5411,123.5,-204.2,-18.5,2.8,3.2,11.1
2017-07-18,2017.5438,122.2,-203.6,-14.8,2.6,2.9,10.1
2017-07-19,2017.5466,123.9,-205.1,-13.9,2.7,3.1,10.7
2017-07-20,2017.5493,121.4,-202.9,-16.1,2.6,3.0,10.2
2017-07-21,2017.5521,122.0,-204.6,-12.2,2.5,2.7,9.7
2017-07-22,2017.5548,123.1,-203.1,-16.6,2.3,2.7,8.4
2017-07-23,2017.5575,122.5,-202.6,-13.7,2.2,2.5,8.5
2017-07-24,2017.5603,123.4,-204.1,-13.8,2.2,2.4,8.2
2017-07-25,2017.563,123.0,-204.3,-15.2,2.3,2.5,8.8
2017-07-26,2017.5658,123.3,-205.4,-17.8,2.4,2.7,9.6
2017-07-27,2017.5685,123.4,-205.5,-25.2,2.8,3.2,11.2
2017-07-28,2017.5712,123.9,-202.7,-20.9,2.7,3.0,9.9
2017-07-29,2017.574,123.7,-203.6,-16.8,2.6,2.9,10.1
2017-07-30,2017.5767,123.8,-203.2,-24.8,2.9,3.1,11.2
2017-07-31,2017.5795,123.4,-204.3,-18.3,2.6,2.8,10.7
2017-08-01,2017.5822,122.1,-203.5,-20.6,2.7,2.8,10.4
2017-08-02,2017.5849,121.3,-205.1,-17.0,2.7,2.9,11.1
2017-08-03,2017.5877,122.2,-204.4,-16.2,2.3,2.4,9.2
2017-08-04,2017.5904,121.8,-205.4,-19.7,2.7,2.9,10.9
2017-08-05,2017.5932,122.6,-204.1,-13.9,2.7,3.0,10.8
2017-08-06,2017.5959,123.3,-202.7,-23.1,2.4,2.6,8.9
2017-08-07,2017.5986,121.1,-204.5,-26.0,2.7,3.1,10.0
2017-08-08,2017.6014,122.8,-204.8,-20.7,2.6,2.9,10.4
2017-08-09,2017.6041,121.8,-204.7,-22.8,1.9,2.1,7.7
2017-08-10,2017.6068,123.0,-203.7,-22.1,2.5,2.9,9.4
2017-08-11,2017.6096,121.9,-204.2,-26.0,2.4,2.7,8.9
2017-08-12,2017.6123,121.7,-204.8,-17.4,2.7,3.0,10.0
2017-08-13,2017.6151,122.1,-205.0,-28.9,2.1,2.3,8.5
2017-08-14,2017.6178,122.9,-203.0,-20.1,2.6,3.0,9.6
2017-08-15,2017.6205,121.2,-203.9,-29.2,2.4,2.7,9.2
2017-08-16,2017.6233,120.0,-203.3,-23.6,2.2,2.4,9.1
2017-08-17,2017.626,120.1,-201.6,-24.5,2.6,3.0,10.4
2017-08-18,2017.6288,120.6,-204.6,-30.6,2.3,2.4,9.5
2017-08-19,2017.6315,119.3,-203.1,-22.8,2.4,2.6,9.4
2017-08-20,2017.6342,119.3,-203.9,-20.4,2.4,2.7,10.1
2017-08-21,2017.637,120.1,-203.6,-20.5,2.7,2.9,10.2
2017-08-22,2017.6397,120.8,-201.8,-24.5,2.5,2.9,9.7
2017-08-23,2017.6425,119.2,-204.4,-26.8,2.8,3.3,11.3
2017-08-24,2017.6452,121.4,-205.2,-20.5,2.2,2.5,8.9
2017-08-25,2017.6479,122.7,-205.1,-14.8,2.2,2.5,8.7
2017-08-26,2017.6507,122.4,-203.1,-26.9,3.0,3.3,10.9
2017-08-27,2017.6534,120.9,-201.3,-23.3,2.4,2.6,9.4
2017-08-28,2017.6562,121.5,-201.2,-22.5,2.4,2.7,9.6
2017-08-29,2017.6589,121.3,-201.1,-27.1,2.6,2.9,10.2
2017-08-30,2017.6616,120.0,-202.0,-18.8,2.4,2.6,9.5
2017-08-31,2017.6644,117.6,-202.9,-22.0,2.3,2.5,8.9
2017-09-01,2017.6671,121.2,-203.0,-21.2,2.8,3.0,10.7
2017-09-02,2017.6699,120.1,-203.8,-17.6,2.7,2.9,9.8
2017-09-03,2017.6726,121.3,-199.2,-26.5,2.1,2.3,8.4
2017-09-04,2017.6753,120.6,-200.4,-23.8,2.4,2.7,9.5
2017-09-05,2017.6781,123.8,-201.1,-14.1,2.9,3.1,10.2
2017-09-06,2017.6808,120.1,-202.1,-19.1,2.5,2.7,9.3
2017-09-07,2017.6836,120.6,-201.8,-19.4,2.1,2.2,8.1
2017-09-08,2017.6863,123.4,-201.3,-24.0,2.3,2.5,8.9
2017-09-09,2017.689,120.6,-202.5,-23.3,2.4,2.6,9.0
2017-09-10,2017.6918,120.5,-199.4,-26.2,2.3,2.6,8.9
2017-09-11,2017.6945,120.6,-199.2,-28.6,2.3,2.5,8.6
2017-09-12,2017.6973,119.0,-199.7,-22.6,2.3,2.4,8.4
2017-09-13,2017.7,122.3,-199.5,-29.1,2.4,2.6,8.8
2017-09-14,2017.7027,122.4,-199.4,-23.3,2.5,2.8,9.9
2017-09-15,2017.7055,120.3,-200.8,-16.7,2.5,2.7,10.0
2017-09-16,2017.7082,118.2,-200.0,-26.1,2.3,2.5,9.0
2017-09-17,2017.711,116.8,-199.7,-29.5,2.5,2.8,8.9
2017-09-18,2017.7137,120.2,-200.6,-32.1,2.8,3.1,10.5
2017-09-19,2017.7164,118.6,-198.6,-22.0,2.6,2.9,9.6
2017-09-20,2017.7192,119.5,-200.4,-24.8,2.4,2.7,9.0
2017-09-21,2017.7219,118.8,-201.0,-25.6,2.6,2.9,9.6
2017-09-22,2017.7247,120.0,-200.5,-26.7,2.6,2.8,9.9
2017-09-23,2017.7274,120.3,-201.0,-23.9,2.2,2.4,8.6
2017-09-24,2017.7301,120.2,-200.8,-27.0,2.3,2.5,8.9
2017-09-25,2017.7329,122.0,-199.1,-20.2,2.0,2.2,7.9
2017-09-26,2017.7356,119.4,-197.6,-25.1,2.4,2.6,9.5
2017-09-27,2017.7384,122.0,-200.1,-25.6,2.4,2.6,9.8
2017-09-28,2017.7411,122.6,-199.8,-23.6,2.8,3.2,11.0
2017-09-29,2017.7438,120.9,-200.7,-24.4,2.2,2.4,8.8
2017-09-30,2017.7466,121.2,-198.2,-18.4,2.1,2.3,8.3
2017-10-01,2017.7493,121.8,-200.4,-22.7,2.4,2.7,9.0
2017-10-02,2017.7521,119.9,-200.5,-19.8,2.4,2.6,10.0
2017-10-03,2017.7548,120.7,-199.5,-30.0,2.4,2.7,9.5
2017-10-04,2017.7575,120.1,-199.4,-23.8,2.6,2.9,9.8
2017-10-05,2017.7603,120.5,-201.1,-29.2,2.4,2.6,9.7
2017-10-06,2017.763,119.7,-199.2,-20.4,2.3,2.7,8.6
2017-10-07,2017.7658,120.4,-201.1,-23.5,2.3,2.5,9.0
2017-10-08,2017.7685,120.1,-200.5,-19.3,2.5,2.9,10.5
2017-10-09,2017.7712,119.6,-199.1,-22.5,2.1,2.3,8.2
2017-10-10,2017.774,118.2,-199.0,-16.1,2.9,3.2,11.1
2017-10-11,2017.7767,118.3,-198.7,-23.7,2.3,2.6,8.6
2017-10-12,2017.7795,116.6,-198.1,-23.4,2.1,2.3,8.0
2017-10-13,2017.7822,117.3,-197.8,-20.8,2.3,2.6,8.6
2017-10-14,2017.7849,117.9,-198.6,-19.9,2.2,2.4,8.7
2017-10-15,2017.7877,119.5,-198.5,-23.8,2.2,2.4,8.9
2017-10-16,2017.7904,118.3,-197.6,-17.3,2.2,2.4,8.6
2017-10-17,2017.7932,118.2,-199.2,-26.7,2.5,3.0,9.7
2017-10-18,2017.7959,117.7,-197.3,-23.9,2.3,2.8,8.9
2017-10-19,2017.7986,118.7,-198.2,-24.4,2.2,2.4,8.8
2017-10-20,2017.8014,117.0,-196.7,-28.8,2.3,2.5,8.7
2017-10-21,2017.8041,118.5,-197.2,-26.1,2.2,2.4,8.6
2017-10-22,2017.8068,116.1,-197.2,-23.5,2.6,2.8,10.2
2017-10-23,2017.8096,116.0,-198.9,-23.5,2.4,2.6,9.3
2017-10-24,2017.8123,117.3,-196.7,-25.9,2.1,2.3,8.5
2017-10-25,2017.8151,115.7,-194.7,-29.4,2.0,2.2,7.8
2017-10-26,2017.8178,115.1,-195.9,-21.9,2.2,2.5,8.4
2017-10-27,2017.8205,115.8,-197.2,-26.3,2.1,2.4,8.4
2017-10-28,2017.8233,116.2,-197.6,-24.2,2.2,2.4,8.5
2017-10-29,2017.826,116.9,-196.7,-25.6,1.9,2.1,7.7
2017-10-30,2017.8288,117.2,-197.0,-20.8,1.8,2.0,7.3
2017-10-31,2017.8315,117.8,-197.6,-26.0,1.8,1.9,7.1
2017-11-01,2017.8342,118.3,-196.9,-22.3,2.1,2.3,8.3
2017-11-02,2017.837,116.5,-194.1,-21.6,2.4,2.7,9.3
2017-11-03,2017.8397,118.5,-195.9,-24.2,2.3,2.5,8.4
2017-11-04,2017.8425,117.7,-196.9,-22.5,1.8,2.0,7.3
2017-11-05,2017.8452,116.6,-196.1,-20.5,2.1,2.4,8.1
2017-11-06,2017.8479,119.0,-198.4,-24.0,2.0,2.2,7.9
2017-11-07,2017.8507,116.9,-197.5,-20.5,2.1,2.3,8.4
2017-11-08,2017.8534,116.7,-195.2,-18.3,2.0,2.2,8.0
2017-11-09,2017.8562,117.9,-196.2,-17.6,2.1,2.3,8.3
2017-11-10,2017.8589,116.6,-197.1,-19.3,1.9,2.1,7.8
2017-11-11,2017.8616,116.4,-195.9,-17.0,2.1,2.4,8.0
2017-11-12,2017.8644,116.6,-194.5,-14.1,2.1,2.4,7.8
2017-11-13,2017.8671,116.4,-195.9,-15.4,1.8,2.0,7.3
2017-11-14,2017.8699,116.5,-195.8,-15.25,1.9,2.1,7.55
2017-11-15,2017.8726,116.3,-197.6,-15.1,2.0,2.2,7.8
2017-11-16,2017.8753,116.5,-196.4,-16.2,2.2,2.4,8.2
2017-11-17,2017.8781,115.6,-194.2,-22.6,2.1,2.3,8.2
2017-11-18,2017.8808,114.5,-193.3,-13.8,2.3,2.7,8.8
2017-11-19,2017.8836,115.2,-194.9,-18.7,1.9,2.2,7.6
2017-11-20,2017.8863,115.0,-195.8,-14.3,2.2,2.6,8.4
2017-11-21,2017.889,112.4,-195.3,-11.3,2.1,2.3,8.0
2017-11-22,2017.8918,114.5,-197.8,-16.0,2.1,2.3,8.2
2017-11-23,2017.8945,113.4,-195.1,-16.8,2.0,2.3,8.2
2017-11-24,2017.8973,114.3,-193.9,-20.1,2.0,2.2,8.0
2017-11-25,2017.9,113.5,-194.6,-18.1,2.1,2.4,7.8
2017-11-26,2017.9027,113.3,-195.0,-19.5,2.0,2.2,7.7
2017-11-27,2017.9055,112.4,-194.2,-20.0,2.0,2.2,7.8
2017-11-28,2017.9082,114.4,-195.0,-17.3,2.1,2.2,7.9
2017-11-29,2017.911,114.1,-193.7,-14.6,2.0,2.2,7.6
2017-11-30,2017.9137,113.4,-194.4,-15.1,1.9,2.2,7.5
2017-12-01,2017.9164,114.1,-194.8,-17.3,2.0,2.3,7.7
2017-12-02,2017.9192,114.5,-194.6,-18.2,1.9,2.1,7.2
2017-12-03,2017.9219,113.9,-193.1,-13.0,2.0,2.2,7.6
2017-12-04,2017.9247,114.2,-193.7,-9.7,1.9,2.1,7.4
2017-12-05,2017.9274,113.7,-193.8,-13.2,1.8,2.0,7.1
2017-12-06,2017.9301,115.2,-192.2,-13.0,2.1,2.3,8.3
2017-12-07,2017.9329,115.3,-191.6,-8.1,1.9,2.1,7.4
2017-12-08,2017.9356,113.1,-194.5,-13.5,2.1,2.4,8.0
2017-12-09,2017.9384,113.3,-194.0,-14.0,1.9,2.0,7.3
2017-12-10,2017.9411,116.1,-194.2,-14.5,2.1,2.3,8.2
2017-12-11,2017.9438,114.8,-193.3,-17.6,2.1,2.3,8.3
2017-12-12,2017.9466,113.2,-193.4,-13.2,1.9,2.1,7.8
2017-12-13,2017.9493,114.1,-193.7,-13.05,2.0,2.2,7.75
2017-12-14,2017.9521,115.3,-194.1,-12.9,2.1,2.2,7.7
2017-12-15,2017.9548,114.9,-192.7,-10.4,2.0,2.2,7.8
2017-12-16,2017.9575,114.8,-192.3,-15.9,1.9,2.0,7.2
2017-12-17,2017.9603,114.1,-192.6,-15.0,2.0,2.2,7.5
2017-12-18,2017.963,115.8,-192.3,-16.4,1.8,1.9,7.0
2017-12-19,2017.9658,115.0,-191.1,-14.0,1.9,2.1,7.1
2017-12-20,2017.9685,114.9,-191.2,-15.4,1.9,2.1,7.3
2017-12-21,2017.9712,114.4,-191.8,-9.9,1.9,2.0,7.3
2017-12-22,2017.974,115.8,-193.4,-9.55,1.9,2.1,7.3
2017-12-23,2017.9767,115.7,-193.0,-9.2,1.9,2.1,7.3
2017-12-24,2017.9795,115.4,-191.7,-9.8,2.2,2.5,8.2
2017-12-25,2017.9822,114.6,-191.5,-8.8,2.0,2.2,7.5
2017-12-26,2017.9849,114.9,-190.0,-7.0,2.1,2.3,7.9
2017-12-27,2017.9877,116.9,-192.4,-11.9,2.0,2.3,7.9
2017-12-28,2017.9904,114.1,-192.1,-12.0,1.7,1.9,6.8
2017-12-29,2017.9932,116.8,-192.5,-13.0,2.0,2.3,7.7
2017-12-30,2017.9959,116.7,-192.4,-10.3,2.0,2.2,7.6
2017-12-31,2017.9986,114.6,-193.5,-8.8,1.9,2.1,7.3
2018-01-01,2018.0014,115.0,-191.2,-8.1,2.0,2.3,8.1
2018-01-02,2018.0041,114.4,-190.3,-7.8,2.0,2.2,8.0
2018-01-03,2018.0068,113.7,-189.7,-11.6,2.1,2.4,8.3
2018-01-04,2018.0096,115.1,-190.5,-9.7,2.0,2.2,7.8
2018-01-05,2018.0123,114.8,-190.0,-9.0,2.2,2.5,8.0
2018-01-06,2018.0151,113.4,-189.3,-7.6,1.9,2.2,7.4
2018-01-07,2018.0178,113.1,-187.7,-9.2,2.2,2.5,7.8
2018-01-08,2018.0205,113.4,-191.0,-15.2,2.1,2.4,7.9
2018-01-09,2018.0233,114.9,-191.4,-13.9,1.8,2.0,7.2
2018-01-10,2018.026,114.2,-188.7,-8.5,1.8,2.0,7.0
2018-01-11,2018.0288,113.1,-188.1,-13.5,1.8,2.0,6.9
2018-01-12,2018.0315,112.4,-190.2,-16.0,2.1,2.4,8.0
2018-01-13,2018.0342,112.9,-188.5,-10.6,1.9,2.1,7.2
2018-01-14,2018.037,111.9,-188.4,-9.3,1.9,2.1,7.3
2018-01-15,2018.0397,112.0,-189.4,-3.7,2.1,2.4,7.9
2018-01-16,2018.0425,113.2,-190.4,-9.2,1.8,2.1,7.3
2018-01-17,2018.0452,112.9,-190.0,-7.4,1.9,2.1,7.3
2018-01-18,2018.0479,113.1,-189.6,-5.8,2.0,2.2,7.7
2018-01-19,2018.0507,113.5,-190.6,-13.6,1.9,2.1,7.3
2018-01-20,2018.0534,113.0,-189.3,-9.5,2.0,2.2,7.7
2018-01-21,2018.0562,114.8,-188.8,-3.6,1.9,2.2,7.4
2018-01-22,2018.0589,114.1,-187.8,-5.2,1.8,2.0,7.2
2018-01-23,2018.0616,114.9,-189.5,-3.3,1.8,2.0,7.2
2018-01-24,2018.0644,117.3,-187.0,-3.6,2.0,2.3,8.0
2018-01-25,2018.0671,112.2,-189.2,-3.7,2.0,2.3,7.9
2018-01-26,2018.0699,115.4,-189.2,-6.2,2.0,2.3,7.6
2018-01-27,2018.0726,112.9,-188.2,-3.2,1.9,2.1,7.4
2018-01-28,2018.0753,113.9,-188.6,-9.2,2.2,2.4,7.9
2018-01-29,2018.0781,114.2,-188.8,-8.8,2.1,2.3,7.7
2018-01-30,2018.0808,114.3,-187.8,-7.7,2.1,2.3,7.9
2018-01-31,2018.0836,114.2,-189.2,-12.6,1.9,2.1,7.4
2018-02-01,2018.0863,113.8,-188.1,-13.1,1.9,2.1,7.5
2018-02-02,2018.089,112.9,-188.3,-11.1,1.9,2.1,7.7
2018-02-03,2018.0918,115.0,-186.6,-9.0,2.1,2.3,8.3
2018-02-04,2018.0945,114.8,-186.7,-9.2,2.0,2.3,8.1
2018-02-05,2018.0973,114.4,-186.3,-16.1,2.1,2.2,8.2
2018-02-06,2018.1,114.0,-187.3,-1.4,2.0,2.2,8.1
2018-02-07,2018.1027,114.1,-188.6,-12.5,2.0,2.2,8.1
2018-02-08,2018.1055,114.3,-187.0,3.7,2.1,2.3,8.4
2018-02-09,2018.1082,113.4,-186.1,-5.6,2.0,2.2,7.8
2018-02-10,2018.111,113.7,-186.0,-5.0,2.1,2.3,8.3
2018-02-11,2018.1137,114.8,-187.6,-8.7,1.9,2.1,7.5
2018-02-12,2018.1164,114.3,-186.6,-11.9,2.0,2.2,7.8
2018-02-13,2018.1192,112.3,-187.1,-12.4,2.0,2.2,8.2
2018-02-14,2018.1219,114.8,-184.1,-3.2,2.1,2.5,8.3
2018-02-15,2018.1247,113.9,-185.5,-10.9,2.1,2.4,8.4
2018-02-16,2018.1274,112.8,-188.5,-6.9,2.1,2.4,8.2
2018-02-17,2018.1301,113.4,-189.2,-3.2,1.8,2.0,7.3
2018-02-18,2018.1329,114.9,-188.6,-2.8,2.0,2.3,8.2
2018-02-19,2018.1356,114.2,-188.7,-6.4,2.0,2.3,8.2
2018-02-20,2018.1384,114.0,-186.8,-8.8,2.0,2.2,8.1
2018-02-21,2018.1411,113.0,-187.2,-9.5,2.0,2.3,8.2
2018-02-22,2018.1438,113.3,-185.2,-6.8,2.0,2.3,8.0
2018-02-23,2018.1466,114.3,-186.3,-14.6,2.2,2.5,8.7
2018-02-24,2018.1493,113.7,-186.5,-10.7,2.1,2.3,8.5
2018-02-25,2018.1521,113.7,-184.6,-7.8,2.1,2.4,8.5
2018-02-26,2018.1548,112.6,-184.5,-11.8,2.2,2.4,8.4
2018-02-27,2018.1575,113.4,-187.6,-14.1,2.1,2.4,8.2
2018-02-28,2018.1603,113.5,-187.7,-5.6,2.0,2.2,8.1
2018-03-01,2018.163,113.3,-185.6,-11.7,2.2,2.5,8.6
2018-03-02,2018.1658,112.5,-183.1,-3.4,2.3,2.6,8.8
2018-03-03,2018.1685,111.4,-185.9,-1.7,2.2,2.5,9.1
2018-03-04,2018.1712,114.1,-187.1,-5.2,2.2,2.5,8.6
2018-03-05,2018.174,113.7,-188.1,0.9,2.2,2.4,8.4
2018-03-06,2018.1767,114.0,-186.1,-4.3,2.1,2.4,8.4
2018-03-07,2018.1795,114.2,-185.0,-7.3,2.3,2.6,8.6
2018-03-08,2018.1822,113.2,-186.4,-8.1,2.5,2.9,9.5
2018-03-09,2018.1849,113.3,-184.3,-3.4,2.3,2.6,8.8
2018-03-10,2018.1877,112.1,-186.8,-12.8,2.3,2.6,9.0
2018-03-11,2018.1904,111.5,-185.9,-6.2,2.2,2.5,8.7
2018-03-12,2018.1932,111.5,-185.4,-8.4,2.2,2.5,8.7
2018-03-13,2018.1959,112.4,-185.9,-8.0,2.4,2.6,9.0
2018-03-14,2018.1986,113.5,-186.4,-4.2,2.1,2.3,8.2
2018-03-15,2018.2014,111.8,-184.9,-2.8,2.3,2.7,8.9
2018-03-16,2018.2041,111.7,-185.7,-3.9,2.3,2.6,9.1
2018-03-17,2018.2068,112.5,-186.2,-2.0,2.6,2.9,9.6
2018-03-18,2018.2096,114.4,-186.6,-4.4,2.4,2.7,9.2
2018-03-19,2018.2123,114.0,-188.0,-0.5,2.5,2.8,9.4
2018-03-20,2018.2151,112.9,-183.7,-4.2,2.2,2.4,8.8
2018-03-21,2018.2178,114.4,-185.6,-0.8,2.3,2.8,8.8
2018-03-22,2018.2205,112.4,-184.7,0.15,2.2,2.5,8.85
2018-03-23,2018.2233,113.6,-182.1,1.1,2.2,2.4,8.9
2018-03-24,2018.226,112.7,-183.4,1.8,2.1,2.3,8.4
2018-03-25,2018.2288,112.7,-185.4,3.8,2.0,2.2,7.9
2018-03-26,2018.2315,112.2,-185.0,1.5,2.1,2.3,8.2
2018-03-27,2018.2342,112.0,-184.5,-3.8,1.9,2.1,7.8
2018-03-28,2018.237,112.2,-185.8,0.5,2.0,2.2,8.3
2018-03-29,2018.2397,115.2,-186.9,2.7,2.2,2.5,8.8
2018-03-30,2018.2425,113.7,-184.3,0.1,2.2,2.5,8.8
2018-03-31,2018.2452,113.6,-183.9,6.8,2.1,2.4,8.6
2018-04-01,2018.2479,114.8,-186.5,-1.4,2.1,2.3,8.3
2018-04-02,2018.2507,113.4,-187.3,-0.4,2.1,2.4,8.3
2018-04-03,2018.2534,113.6,-185.2,2.9,1.9,2.2,8.0
2018-04-04,2018.2562,112.3,-185.6,1.0,2.1,2.4,8.5
2018-04-05,2018.2589,112.5,-184.9,1.1,2.2,2.5,8.6
2018-04-06,2018.2616,112.1,-185.1,-5.2,2.1,2.3,8.2
2018-04-07,2018.2644,112.1,-185.1,-6.1,2.2,2.6,8.7
2018-04-08,2018.2671,110.0,-182.6,-5.2,2.3,2.6,8.9
2018-04-09,2018.2699,110.2,-183.3,-3.1,2.2,2.5,8.6
2018-04-10,2018.2726,110.8,-184.4,-0.5,2.2,2.6,8.8
2018-04-11,2018.2753,111.4,-182.1,-1.7,2.5,2.8,9.7
2018-04-12,2018.2781,111.7,-180.9,-6.1,2.4,2.7,9.2
2018-04-13,2018.2808,112.2,-186.2,-5.4,2.2,2.6,9.1
2018-04-14,2018.2836,111.2,-182.2,-2.8,2.5,2.8,9.7
2018-04-15,2018.2863,113.0,-184.4,-2.4,2.2,2.5,8.6
2018-04-16,2018.289,111.5,-186.2,-2.4,2.2,2.6,8.8
2018-04-17,2018.2918,110.4,-183.6,-4.9,2.3,2.7,8.8
2018-04-18,2018.2945,110.4,-184.5,-2.7,2.2,2.5,8.3
2018-04-19,2018.2973,110.5,-183.6,-3.2,2.5,2.9,9.4
2018-04-20,2018.3,111.3,-182.3,4.8,2.2,2.5,8.5
2018-04-21,2018.3027,111.9,-179.8,-1.6,2.1,2.4,8.4
2018-04-22,2018.3055,111.5,-179.5,3.0,2.5,2.9,9.2
2018-04-23,2018.3082,110.4,-181.5,-2.0,2.4,2.8,8.6
2018-04-24,2018.311,111.2,-182.7,-2.7,2.2,2.5,8.6
2018-04-25,2018.3137,112.0,-182.5,-3.0,2.4,2.8,9.3
2018-04-26,2018.3164,110.8,-183.0,-7.7,2.0,2.2,8.1
2018-04-27,2018.3192,109.3,-181.0,-6.0,2.5,2.8,9.4
2018-04-28,2018.3219,111.5,-182.0,-2.4,2.2,2.6,8.6
2018-04-29,2018.3247,112.4,-182.5,-6.6,2.1,2.4,8.3
2018-04-30,2018.3274,110.5,-182.7,-8.8,2.2,2.5,8.8
2018-05-01,2018.3301,112.2,-182.0,-8.0,2.5,2.9,9.1
2018-05-02,2018.3329,111.4,-181.5,-9.85,2.0,2.2,8.9
2018-05-03,2018.3356,111.2,-181.9,-11.7,2.3,2.6,8.7
2018-05-04,2018.3384,109.9,-183.0,-7.9,2.2,2.5,8.6
2018-05-05,2018.3411,110.7,-180.7,-4.9,2.5,2.9,9.8
2018-05-06,2018.3438,110.2,-181.5,-8.9,2.6,2.9,9.5
2018-05-07,2018.3466,110.3,-181.5,-1.1,2.2,2.5,8.6
2018-05-08,2018.3493,110.9,-181.7,-8.4,2.5,3.0,9.4
2018-05-09,2018.3521,110.8,-181.0,-9.2,2.3,2.5,9.1
2018-05-10,2018.3548,112.6,-182.8,-14.2,2.3,2.7,9.4
2018-05-11,2018.3575,111.0,-179.8,-8.7,2.2,2.5,9.0
2018-05-12,2018.3603,110.0,-179.8,-8.2,2.2,2.5,9.1
2018-05-13,2018.363,111.1,-181.7,-10.7,2.6,2.9,10.3
2018-05-14,2018.3658,107.4,-178.5,-4.2,2.6,2.9,9.7
2018-05-15,2018.3685,109.5,-179.9,-5.4,2.5,2.9,9.7
2018-05-16,2018.3712,110.1,-182.1,-4.1,2.1,2.3,8.3
2018-05-17,2018.374,109.9,-177.3,2.6,2.4,2.7,9.7
2018-05-18,2018.3767,109.4,-180.7,-0.4,2.4,2.8,10.0
2018-05-19,2018.3795,110.1,-181.7,-6.2,2.1,2.4,8.5
2018-05-20,2018.3822,109.0,-181.0,-4.4,2.2,2.5,8.7
2018-05-21,2018.3849,108.5,-179.9,-4.6,2.2,2.5,8.8
2018-05-22,2018.3877,109.1,-185.2,1.7,2.5,2.8,10.7
2018-05-23,2018.3904,108.2,-180.1,-1.0,2.4,2.7,9.5
2018-05-24,2018.3932,109.0,-179.5,-5.2,2.2,2.5,9.0
2018-05-25,2018.3959,109.3,-179.3,-5.35,2.0,2.2,9.8
2018-05-26,2018.3986,108.4,-179.4,-5.5,2.5,2.7,10.6
2018-05-27,2018.4014,107.6,-178.9,1.8,2.3,2.5,9.5
2018-05-28,2018.4041,109.2,-176.3,4.2,2.3,2.6,9.3
2018-05-29,2018.4068,108.8,-176.8,1.9,2.2,2.7,8.7
2018-05-30,2018.4096,108.9,-179.7,1.3,2.0,2.2,8.0
2018-05-31,2018.4123,107.1,-177.2,-4.4,2.3,2.7,9.4
2018-06-01,2018.4151,109.0,-180.3,-5.4,2.2,2.5,8.8
2018-06-02,2018.4178,108.0,-179.2,-0.7,2.2,2.5,9.5
2018-06-03,2018.4205,108.1,-179.5,-2.5,2.2,2.3,8.9
2018-06-04,2018.4233,106.1,-179.0,-5.8,2.3,2.7,9.1
2018-06-05,2018.426,108.5,-178.7,-8.6,2.2,2.4,9.0
2018-06-06,2018.4288,108.3,-179.5,2.5,2.6,2.9,10.7
2018-06-07,2018.4315,109.6,-179.3,-2.0,2.8,3.1,11.0
2018-06-08,2018.4342,109.4,-179.5,-8.5,2.5,3.0,10.0
2018-06-09,2018.437,107.6,-175.3,1.0,2.5,2.9,9.4
2018-06-10,2018.4397,107.1,-175.8,-0.8,2.2,2.5,9.2
2018-06-11,2018.4425,106.8,-177.4,-8.4,2.3,2.6,9.2
2018-06-12,2018.4452,106.8,-178.2,-1.8,2.2,2.4,9.1
2018-06-13,2018.4479,106.0,-177.1,-5.3,2.4,2.8,9.0
2018-06-14,2018.4507,105.7,-177.3,-4.8,2.2,2.6,9.0
2018-06-15,2018.4534,106.4,-176.7,-10.1,2.2,2.6,8.8
2018-06-16,2018.4562,105.2,-177.1,-6.6,2.4,2.8,9.3
2018-06-17,2018.4589,107.0,-177.3,-5.9,2.2,2.4,9.1
2018-06-18,2018.4616,106.0,-177.8,-8.6,2.3,2.5,9.1
2018-06-19,2018.4644,108.2,-176.8,-3.4,2.8,3.3,11.2
2018-06-20,2018.4671,105.5,-177.6,-3.1,2.6,2.9,10.4
2018-06-21,2018.4699,106.9,-177.4,-9.6,2.4,2.6,9.6
2018-06-22,2018.4726,107.2,-175.6,-8.4,2.3,2.6,9.6
2018-06-23,2018.4753,107.2,-177.2,-9.1,2.2,2.4,8.9
2018-06-24,2018.4781,107.1,-173.2,-0.5,2.6,2.9,9.7
2018-06-25,2018.4808,108.0,-180.7,-4.3,2.4,2.8,9.9
2018-06-26,2018.4836,107.1,-175.4,-11.9,2.6,3.0,10.5
2018-06-27,2018.4863,105.4,-176.4,-8.4,2.6,2.9,10.3
2018-06-28,2018.489,105.0,-174.6,-6.6,2.3,2.8,9.6
2018-06-29,2018.4918,105.9,-176.1,-9.8,2.5,2.9,9.8
2018-06-30,2018.4945,103.8,-175.1,-8.3,2.6,3.0,10.1
2018-07-01,2018.4973,106.2,-176.0,-7.0,2.7,3.1,10.0
2018-07-02,2018.5,104.9,-176.5,-11.9,2.5,2.9,9.5
2018-07-03,2018.5027,105.5,-176.5,-9.4,2.4,2.8,9.4
2018-07-04,2018.5055,107.3,-176.8,-6.4,2.0,2.2,8.1
2018-07-05,2018.5082,106.5,-177.0,-10.2,2.2,2.6,9.1
2018-07-06,2018.511,108.3,-180.0,-13.8,2.7,3.0,10.2
2018-07-07,2018.5137,106.4,-175.7,-5.3,2.5,2.8,10.1
2018-07-08,2018.5164,106.1,-174.9,-13.2,3.0,3.3,11.5
2018-07-09,2018.5192,104.7,-175.9,-13.9,2.4,2.7,9.4
2018-07-10,2018.5219,105.7,-171.8,-14.5,2.4,2.7,9.3
2018-07-11,2018.5247,102.2,-173.9,-10.6,2.6,2.9,9.7
2018-07-12,2018.5274,104.7,-175.4,-6.05,2.4,2.7,9.65
2018-07-13,2018.5301,104.6,-170.5,-1.5,2.4,2.6,9.6
2018-07-14,2018.5329,104.6,-175.0,-14.8,2.6,2.9,9.6
2018-07-15,2018.5356,104.0,-172.0,-9.5,2.3,2.6,9.2
2018-07-16,2018.5384,103.8,-172.4,-11.6,2.6,2.9,9.6
2018-07-17,2018.5411,104.2,-174.2,-16.5,2.5,2.9,9.5
2018-07-18,2018.5438,103.7,-174.0,-14.05,2.6,3.0,10.4
2018-07-19,2018.5466,103.9,-172.5,-11.6,2.7,3.0,11.3
2018-07-20,2018.5493,104.3,-169.7,-11.2,2.8,3.1,11.4
2018-07-21,2018.5521,103.0,-175.3,-16.9,2.8,3.2,11.6
2018-07-22,2018.5548,103.3,-174.3,-13.3,2.4,2.6,9.3
2018-07-23,2018.5575,101.9,-173.4,-13.7,2.7,3.0,10.5
2018-07-24,2018.5603,103.5,-176.3,-17.4,2.3,2.7,9.5
2018-07-25,2018.563,103.1,-174.4,-18.6,2.6,2.9,10.4
2018-07-26,2018.5658,102.1,-173.5,-17.5,2.5,2.8,10.2
2018-07-27,2018.5685,101.7,-172.5,-23.0,2.4,2.8,10.0
2018-07-28,2018.5712,102.1,-172.7,-24.0,2.4,2.9,9.4
2018-07-29,2018.574,103.1,-174.0,-19.2,2.2,2.5,8.9
2018-07-30,2018.5767,102.5,-172.8,-19.8,2.5,2.9,10.0
2018-07-31,2018.5795,101.5,-172.8,-17.0,2.3,2.6,9.4
2018-08-01,2018.5822,102.8,-173.1,-24.4,2.5,2.9,9.7
2018-08-02,2018.5849,101.2,-174.7,-24.2,2.8,3.3,10.6
2018-08-03,2018.5877,103.3,-175.2,-14.6,2.1,2.4,8.7
2018-08-04,2018.5904,102.3,-173.8,-16.8,2.7,3.1,11.1
2018-08-05,2018.5932,103.9,-173.4,-23.3,2.8,3.1,11.0
2018-08-06,2018.5959,103.2,-174.8,-25.7,2.6,3.1,10.3
2018-08-07,2018.5986,102.4,-173.8,-24.2,2.4,2.7,9.5
2018-08-08,2018.6014,103.0,-172.8,-27.4,2.6,3.1,10.7
2018-08-09,2018.6041,102.5,-172.6,-28.2,2.8,3.3,11.2
2018-08-10,2018.6068,100.3,-174.1,-24.7,2.8,3.1,10.4
2018-08-11,2018.6096,103.0,-173.2,-20.3,2.5,2.9,9.5
2018-08-12,2018.6123,101.7,-172.8,-20.6,2.8,3.1,10.5
2018-08-13,2018.6151,103.3,-173.8,-23.5,2.3,2.5,8.8
2018-08-14,2018.6178,103.6,-174.8,-21.4,2.6,3.0,9.8
2018-08-15,2018.6205,100.3,-173.3,-26.2,2.8,3.2,10.8
2018-08-16,2018.6233,103.1,-173.6,-13.4,2.4,2.7,9.7
2018-08-17,2018.626,103.9,-172.7,-12.4,2.6,2.9,9.7
2018-08-18,2018.6288,102.5,-171.9,-18.3,2.4,2.7,9.5
2018-08-19,2018.6315,104.7,-172.7,-19.2,2.8,3.1,11.0
2018-08-20,2018.6342,100.7,-170.6,-18.3,2.5,2.9,10.1
2018-08-21,2018.637,103.2,-171.9,-15.8,2.7,3.0,10.3
2018-08-22,2018.6397,101.1,-171.9,-17.4,2.2,2.6,8.9
2018-08-23,2018.6425,101.3,-171.4,-19.8,2.4,2.7,9.4
2018-08-24,2018.6452,100.6,-171.4,-16.6,2.3,2.6,9.5
2018-08-25,2018.6479,100.7,-172.1,-12.6,2.7,3.0,10.7
2018-08-26,2018.6507,97.9,-171.7,-20.4,2.6,2.9,10.0
2018-08-27,2018.6534,101.6,-172.9,-17.1,2.6,2.9,9.7
2018-08-28,2018.6562,102.1,-173.4,-19.8,2.6,2.9,10.1
2018-08-29,2018.6589,98.3,-169.2,-16.8,2.7,3.0,10.9
2018-08-30,2018.6616,100.5,-173.0,-28.1,2.6,2.9,10.6
2018-08-31,2018.6644,100.8,-172.1,-27.8,2.6,2.9,11.0
2018-09-01,2018.6671,99.6,-171.6,-19.6,2.2,2.5,9.2
2018-09-02,2018.6699,101.9,-171.5,-17.3,2.8,3.2,11.6
2018-09-03,2018.6726,102.3,-172.1,-20.5,2.6,2.9,10.7
2018-09-04,2018.6753,100.2,-171.8,-27.3,2.3,2.6,9.1
2018-09-05,2018.6781,100.1,-173.4,-21.9,2.6,2.8,9.9
2018-09-06,2018.6808,101.8,-169.9,-27.7,2.7,3.0,10.6
2018-09-07,2018.6836,98.9,-170.7,-26.8,2.3,2.5,9.2
2018-09-08,2018.6863,99.5,-172.6,-29.2,2.3,2.6,9.0
2018-09-09,2018.689,99.1,-172.3,-30.3,2.4,2.7,9.2
2018-09-10,2018.6918,100.6,-170.6,-21.9,2.2,2.6,9.0
2018-09-11,2018.6945,100.9,-170.4,-18.6,2.5,2.9,10.1
2018-09-12,2018.6973,102.0,-172.8,-26.3,2.1,2.4,8.6
2018-09-13,2018.7,101.2,-171.6,-20.2,2.2,2.4,9.2
2018-09-14,2018.7027,101.3,-171.3,-29.2,2.4,2.7,9.8
2018-09-15,2018.7055,100.3,-170.7,-23.0,2.1,2.3,8.8
2018-09-16,2018.7082,101.6,-170.6,-16.8,2.4,2.7,9.5
2018-09-17,2018.711,100.2,-171.3,-22.5,2.5,2.8,10.0
2018-09-18,2018.7137,99.6,-170.4,-23.4,2.1,2.4,8.3
2018-09-19,2018.7164,98.9,-171.4,-21.4,2.6,3.0,10.4
2018-09-20,2018.7192,99.7,-170.0,-20.9,2.7,3.1,11.6
2018-09-21,2018.7219,100.5,-169.5,-24.4,2.3,2.7,9.4
2018-09-22,2018.7247,99.4,-170.8,-21.1,2.2,2.5,8.9
2018-09-23,2018.7274,99.7,-169.8,-16.5,2.4,2.7,9.5
2018-09-24,2018.7301,101.3,-170.3,-19.0,2.3,2.7,8.8
2018-09-25,2018.7329,99.6,-169.8,-23.5,2.1,2.3,8.6
2018-09-26,2018.7356,101.3,-169.6,-18.8,2.2,2.5,9.3
2018-09-27,2018.7384,99.3,-167.7,-22.2,2.1,2.4,8.6
2018-09-28,2018.7411,99.6,-168.0,-18.0,2.3,2.6,9.4
2018-09-29,2018.7438,100.1,-170.6,-16.3,2.1,2.5,8.9
2018-09-30,2018.7466,100.9,-169.7,-24.0,2.4,2.8,9.6
2018-10-01,2018.7493,99.5,-167.0,-20.7,2.5,2.9,10.6
2018-10-02,2018.7521,98.6,-169.0,-23.3,2.5,2.9,10.7
2018-10-03,2018.7548,98.1,-170.4,-31.2,2.2,2.6,9.1
2018-10-04,2018.7575,96.6,-167.6,-23.8,2.1,2.5,8.8
2018-10-05,2018.7603,98.9,-167.3,-24.1,2.2,2.6,9.0
2018-10-06,2018.763,98.3,-165.4,-27.1,2.2,2.5,8.8
2018-10-07,2018.7658,97.4,-166.8,-25.1,2.3,2.6,9.1
2018-10-08,2018.7685,97.9,-164.3,-26.7,2.1,2.4,8.7
2018-10-09,2018.7712,97.7,-166.6,-26.5,2.2,2.5,9.0
2018-10-10,2018.774,98.2,-166.8,-29.6,2.3,2.6,9.1
2018-10-11,2018.7767,96.5,-166.9,-24.1,2.1,2.4,8.3
2018-10-12,2018.7795,96.4,-165.7,-22.9,2.4,2.8,8.9
2018-10-13,2018.7822,96.3,-163.6,-21.4,2.1,2.4,8.4
2018-10-14,2018.7849,97.8,-165.9,-23.5,2.4,2.8,10.1
2018-10-15,2018.7877,98.2,-164.6,-24.2,2.4,2.8,9.8
2018-10-16,2018.7904,97.9,-166.3,-28.6,2.2,2.6,9.0
2018-10-17,2018.7932,96.5,-165.6,-26.8,2.3,2.6,8.8
2018-10-18,2018.7959,96.5,-165.5,-23.6,2.4,2.8,9.4
2018-10-19,2018.7986,97.7,-164.8,-24.2,2.2,2.5,9.0
2018-10-20,2018.8014,95.3,-164.2,-24.3,2.1,2.4,8.5
2018-10-21,2018.8041,95.8,-163.2,-24.8,2.2,2.5,8.8
2018-10-22,2018.8068,96.7,-164.9,-27.3,2.4,2.8,9.6
2018-10-23,2018.8096,94.5,-164.1,-22.8,2.2,2.6,8.6
2018-10-24,2018.8123,94.7,-164.3,-23.3,2.0,2.3,8.3
2018-10-25,2018.8151,95.7,-164.9,-22.5,2.0,2.2,8.1
2018-10-26,2018.8178,95.0,-164.2,-22.7,2.1,2.4,8.6
2018-10-27,2018.8205,96.8,-166.9,-26.9,2.1,2.5,8.8
2018-10-28,2018.8233,95.9,-164.8,-23.0,2.3,2.6,9.0
2018-10-29,2018.826,95.5,-163.6,-25.1,2.1,2.4,8.4
2018-10-30,2018.8288,94.4,-164.5,-20.0,2.0,2.3,8.5
2018-10-31,2018.8315,93.9,-164.7,-25.4,2.0,2.4,8.2
2018-11-01,2018.8342,94.0,-163.8,-22.2,1.9,2.2,8.35
2018-11-02,2018.837,94.0,-163.9,-19.0,2.1,2.5,8.5
2018-11-03,2018.8397,95.0,-162.3,-22.4,2.1,2.4,8.2
2018-11-04,2018.8425,94.6,-164.6,-21.13,2.0,2.3,8.37
2018-11-05,2018.8452,93.7,-162.7,-19.87,2.1,2.4,8.53
2018-11-06,2018.8479,93.2,-165.4,-18.6,2.1,2.4,8.7
2018-11-07,2018.8507,93.5,-163.8,-18.7,1.9,2.2,8.1
2018-11-08,2018.8534,94.6,-163.7,-14.8,2.1,2.6,8.6
2018-11-09,2018.8562,92.2,-161.5,-16.4,2.2,2.6,8.4
2018-11-10,2018.8589,92.4,-164.1,-18.9,2.1,2.3,8.4
2018-11-11,2018.8616,94.1,-162.3,-15.1,2.0,2.3,8.0
2018-11-12,2018.8644,93.8,-163.8,-13.5,2.0,2.2,7.9
2018-11-13,2018.8671,93.7,-164.0,-12.1,2.2,2.5,7.7
2018-11-14,2018.8699,94.8,-162.9,-10.7,1.9,2.1,7.5
2018-11-15,2018.8726,93.6,-164.0,-13.2,2.0,2.3,8.3
2018-11-16,2018.8753,93.1,-163.8,-13.6,2.1,2.4,8.1
2018-11-17,2018.8781,90.8,-164.3,-17.0,2.3,2.6,8.7
2018-11-18,2018.8808,92.9,-163.7,-13.7,2.2,2.6,8.5
2018-11-19,2018.8836,94.0,-162.7,-13.3,2.2,2.5,8.9
2018-11-20,2018.8863,93.9,-161.7,-15.8,2.2,2.6,8.5
2018-11-21,2018.889,93.8,-160.0,-16.2,2.3,2.6,8.6
2018-11-22,2018.8918,92.8,-161.6,-10.7,2.0,2.2,8.0
2018-11-23,2018.8945,93.0,-162.0,-15.8,2.2,2.6,8.7
2018-11-24,2018.8973,94.4,-162.0,-12.9,2.1,2.4,8.1
2018-11-25,2018.9,94.0,-164.5,-16.6,2.1,2.4,8.3
2018-11-26,2018.9027,93.0,-162.8,-14.8,2.3,2.6,8.9
2018-11-27,2018.9055,93.0,-161.5,-15.7,1.9,2.2,7.8
2018-11-28,2018.9082,95.0,-162.4,-12.5,2.3,2.6,9.2
2018-11-29,2018.911,93.0,-161.8,-12.8,2.1,2.3,8.5
2018-11-30,2018.9137,93.2,-160.7,-10.9,2.2,2.5,8.7
2018-12-01,2018.9164,93.1,-160.2,-12.4,2.2,2.5,8.8
2018-12-02,2018.9192,93.4,-162.7,-13.6,2.1,2.4,8.6
2018-12-03,2018.9219,94.8,-160.8,-11.6,2.2,2.6,8.9
2018-12-04,2018.9247,94.5,-163.3,-11.3,2.2,2.5,8.8
2018-12-05,2018.9274,95.0,-163.3,-12.55,2.2,2.5,8.8
2018-12-06,2018.9301,94.5,-161.2,-13.8,2.2,2.5,8.8
2018-12-07,2018.9329,97.7,-162.0,-8.5,2.3,2.6,9.4
2018-12-08,2018.9356,96.2,-160.8,-11.7,2.2,2.5,8.8
2018-12-09,2018.9384,94.1,-161.3,-13.5,2.1,2.4,9.1
2018-12-10,2018.9411,94.4,-160.5,-8.9,2.2,2.6,9.0
2018-12-11,2018.9438,93.2,-161.2,-14.0,2.2,2.6,8.8
2018-12-12,2018.9466,93.5,-162.8,-11.8,2.4,2.8,9.3
2018-12-13,2018.9493,93.5,-161.7,-12.6,2.2,2.6,9.2
2018-12-14,2018.9521,94.3,-161.6,-10.3,2.1,2.4,8.9
2018-12-15,2018.9548,94.1,-161.5,-14.8,2.2,2.6,9.2
2018-12-16,2018.9575,94.7,-160.7,-16.8,2.2,2.6,9.0
2018-12-17,2018.9603,93.8,-159.9,-11.2,2.1,2.5,8.8
2018-12-18,2018.963,93.6,-160.3,-9.2,2.3,2.6,9.7
2018-12-19,2018.9658,95.1,-161.2,-9.55,2.4,2.8,9.25
2018-12-20,2018.9685,92.9,-161.7,-9.9,2.2,2.6,8.8
2018-12-21,2018.9712,94.2,-162.1,-8.5,2.1,2.4,8.6
2018-12-22,2018.974,93.6,-161.1,-14.7,2.4,2.7,9.2
2018-12-23,2018.9767,92.0,-160.9,-14.8,2.2,2.6,8.8
2018-12-24,2018.9795,94.1,-162.8,-16.8,2.2,2.6,8.9
2018-12-25,2018.9822,93.3,-161.5,-11.2,2.1,2.4,8.5
2018-12-26,2018.9849,93.6,-162.8,-13.8,2.2,2.6,9.2
2018-12-27,2018.9877,95.4,-159.7,-15.2,2.0,2.2,8.1
2018-12-28,2018.9904,94.7,-159.8,-15.9,2.2,2.4,8.8
2018-12-29,2018.9932,94.6,-159.9,-8.0,2.3,2.6,9.2
2018-12-30,2018.9959,94.4,-160.9,-20.4,2.2,2.5,8.8
2018-12-31,2018.9986,94.6,-159.9,-19.6,2.0,2.3,8.3
2019-01-01,2019.0014,93.6,-159.4,-19.1,2.2,2.5,8.8
2019-01-02,2019.0041,92.9,-160.0,-11.3,2.2,2.5,8.7
2019-01-03,2019.0068,92.5,-156.9,-10.5,2.1,2.4,8.8
2019-01-04,2019.0096,93.4,-159.2,-13.9,2.2,2.5,8.7
2019-01-05,2019.0123,92.1,-157.7,-12.5,2.0,2.2,8.3
2019-01-06,2019.0151,93.2,-160.3,-15.2,2.2,2.5,8.8
2019-01-07,2019.0178,93.6,-158.4,-9.0,2.2,2.4,8.9
2019-01-08,2019.0205,94.5,-158.2,-10.0,2.4,2.7,9.2
2019-01-09,2019.0233,93.6,-159.8,-11.5,2.3,2.5,9.1
2019-01-10,2019.026,91.3,-161.5,-13.0,2.3,2.6,9.0
2019-01-11,2019.0288,92.4,-159.6,-9.4,2.3,2.5,8.7
2019-01-12,2019.0315,94.2,-161.5,-12.2,2.2,2.4,8.7
2019-01-13,2019.0342,92.1,-160.1,-6.2,2.0,2.2,8.4
2019-01-14,2019.037,94.1,-158.8,-10.0,2.1,2.3,8.4
2019-01-15,2019.0397,92.6,-158.7,-12.9,2.4,2.7,9.4
2019-01-16,2019.0425,92.4,-158.2,-10.8,2.2,2.4,8.7
2019-01-17,2019.0452,92.0,-158.1,-6.1,2.2,2.4,8.4
2019-01-18,2019.0479,91.3,-159.0,-5.1,2.1,2.3,8.6
2019-01-19,2019.0507,93.4,-158.2,-12.1,2.1,2.4,8.6
2019-01-20,2019.0534,94.6,-155.1,-14.9,2.3,2.6,8.8
2019-01-21,2019.0562,94.5,-156.9,-10.7,2.2,2.4,8.5
2019-01-22,2019.0589,93.6,-156.8,-9.2,2.2,2.4,8.8
2019-01-23,2019.0616,93.5,-156.9,-12.6,2.2,2.4,8.9
2019-01-24,2019.0644,93.5,-156.2,-7.8,2.2,2.4,8.8
2019-01-25,2019.0671,93.8,-157.8,-7.57,2.1,2.4,8.8
2019-01-26,2019.0699,94.1,-156.9,-7.33,2.2,2.5,8.8
2019-01-27,2019.0726,91.5,-158.4,-7.1,2.1,2.3,8.8
2019-01-28,2019.0753,95.3,-157.4,-7.3,2.2,2.5,8.8
2019-01-29,2019.0781,94.3,-156.4,-7.2,2.2,2.5,8.9
2019-01-30,2019.0808,94.1,-157.3,-7.8,2.4,2.7,9.5
2019-01-31,2019.0836,93.0,-156.8,-13.1,2.2,2.4,9.0
2019-02-01,2019.0863,93.1,-157.6,-5.0,2.1,2.4,8.8
2019-02-02,2019.089,91.0,-156.3,-1.4,2.1,2.4,8.5
2019-02-03,2019.0918,91.8,-157.1,-7.4,2.3,2.6,8.8
2019-02-04,2019.0945,94.0,-156.0,-5.5,2.1,2.4,8.6
2019-02-05,2019.0973,92.5,-157.4,-5.1,2.3,2.6,9.0
2019-02-06,2019.1,92.0,-159.5,-4.4,2.2,2.4,8.7
2019-02-07,2019.1027,92.5,-157.2,-8.6,2.4,2.7,9.5
2019-02-08,2019.1055,91.4,-156.2,-5.4,2.2,2.5,8.8
2019-02-09,2019.1082,93.4,-154.7,2.2,2.3,2.6,9.4
2019-02-10,2019.111,91.8,-156.0,-12.9,2.3,2.6,9.1
2019-02-11,2019.1137,92.6,-156.6,-9.9,2.2,2.5,9.0
2019-02-12,2019.1164,94.1,-157.1,-8.8,2.1,2.4,8.7
2019-02-13,2019.1192,93.8,-156.8,-14.8,2.1,2.4,8.6
2019-02-14,2019.1219,91.7,-155.0,-11.7,2.3,2.6,9.1
2019-02-15,2019.1247,92.5,-155.3,-13.9,2.4,2.6,9.5
2019-02-16,2019.1274,92.1,-156.5,-11.2,2.1,2.4,8.7
2019-02-17,2019.1301,93.6,-157.3,-16.2,2.5,2.9,9.7
2019-02-18,,,,,,,
2019-02-19,2019.1356,91.5,-154.8,-10.6,2.2,2.4,8.8
2019-02-20,2019.1384,92.0,-156.0,-12.3,2.1,2.3,8.4
2019-02-21,2019.1411,92.8,-156.3,-11.2,2.1,2.3,8.5
2019-02-22,2019.1438,93.6,-154.1,-12.7,2.2,2.4,8.8
2019-02-23,2019.1466,94.4,-156.0,-8.5,2.5,2.8,9.7
2019-02-24,2019.1493,92.2,-156.0,-5.7,2.2,2.5,9.0
2019-02-25,2019.1521,92.6,-155.2,-1.9,2.1,2.4,8.6
2019-02-26,2019.1548,93.6,-155.6,-0.5,2.4,2.7,9.2
2019-02-27,2019.1575,92.4,-156.0,-5.5,2.2,2.4,9.0
2019-02-28,2019.1603,92.9,-155.6,-3.2,2.1,2.4,8.8
2019-03-01,2019.163,92.2,-155.6,-1.9,2.6,3.0,10.2
2019-03-02,2019.1658,93.8,-157.7,-3.6,2.3,2.6,8.7
2019-03-03,2019.1685,94.5,-156.0,-1.8,2.3,2.6,8.6
2019-03-04,2019.1712,93.2,-157.2,4.1,2.3,2.6,8.6
2019-03-05,2019.174,93.7,-156.0,-2.4,2.3,2.7,8.9
2019-03-06,2019.1767,93.8,-157.3,2.1,2.2,2.6,8.8
2019-03-07,2019.1795,94.9,-155.4,-4.8,2.2,2.5,8.9
2019-03-08,2019.1822,94.5,-154.5,4.5,2.1,2.3,8.2
2019-03-09,2019.1849,94.7,-156.3,-4.5,2.3,2.5,8.8
2019-03-10,2019.1877,94.6,-154.2,0.1,2.0,2.3,8.1
2019-03-11,2019.1904,93.8,-154.8,-12.1,2.1,2.6,8.5
2019-03-12,2019.1932,93.4,-155.4,-6.2,2.3,2.9,9.6
2019-03-13,2019.1959,94.8,-157.8,-1.1,2.6,3.5,10.0
2019-03-14,2019.1986,96.2,-157.8,-3.7,2.4,2.9,9.4
2019-03-15,2019.2014,96.0,-152.7,-8.8,2.6,3.0,10.2
2019-03-16,2019.2041,94.5,-157.9,0.4,2.3,2.6,8.9
2019-03-17,2019.2068,93.7,-155.7,-0.4,2.1,2.5,8.9
2019-03-18,2019.2096,94.9,-154.1,0.7,2.3,3.0,9.1
2019-03-19,2019.2123,94.0,-153.4,2.1,2.3,2.7,9.2
2019-03-20,2019.2151,96.2,-156.5,2.0,2.2,2.6,9.0
2019-03-21,2019.2178,97.0,-153.6,-1.8,2.4,2.9,9.7
2019-03-22,2019.2205,97.8,-159.4,2.6,2.4,2.9,9.3
2019-03-23,2019.2233,94.4,-156.3,3.6,2.6,3.1,10.2
2019-03-24,2019.226,94.4,-155.6,-10.5,2.6,3.1,10.1
2019-03-25,2019.2288,93.4,-156.2,0.3,2.1,2.8,8.5
2019-03-26,2019.2315,95.6,-157.1,-3.3,2.5,3.0,9.7
2019-03-27,2019.2342,93.9,-154.2,-9.1,2.2,2.5,8.9
2019-03-28,2019.237,95.9,-153.8,-1.1,2.4,2.9,9.2
2019-03-29,2019.2397,94.0,-153.7,-3.2,2.2,2.5,8.8
2019-03-30,2019.2425,93.0,-154.7,-1.9,2.4,2.8,9.2
2019-03-31,2019.2452,94.6,-154.6,-4.7,2.5,2.9,9.4
2019-04-01,2019.2479,93.9,-152.1,-9.4,2.4,2.8,9.3
2019-04-02,2019.2507,94.4,-154.6,-8.7,2.7,3.2,10.8
2019-04-03,2019.2534,94.5,-153.1,-7.8,2.3,2.8,8.7
2019-04-04,2019.2562,92.4,-155.5,-8.8,2.2,2.6,9.0
2019-04-05,2019.2589,93.7,-155.4,-8.6,2.0,2.3,8.1
2019-04-06,2019.2616,94.8,-154.0,-5.8,2.3,2.8,9.2
2019-04-07,2019.2644,94.3,-153.3,-5.2,2.4,2.9,8.9
2019-04-08,2019.2671,93.9,-151.4,-12.8,2.3,2.8,9.3
2019-04-09,2019.2699,94.9,-153.7,-5.8,2.4,3.1,9.1
2019-04-10,2019.2726,94.8,-150.4,-2.1,2.6,3.1,9.9
2019-04-11,2019.2753,93.7,-153.7,1.0,2.4,2.7,9.7
2019-04-12,2019.2781,92.5,-148.8,-10.7,2.7,3.1,10.5
2019-04-13,2019.2808,92.1,-151.7,-3.7,2.5,2.8,10.1
2019-04-14,2019.2836,90.4,-148.3,0.2,2.5,2.9,9.9
2019-04-15,2019.2863,91.0,-152.4,1.1,2.3,2.7,9.6
2019-04-16,2019.289,90.6,-151.4,0.8,2.5,2.9,10.3
2019-04-17,2019.2918,92.1,-151.1,4.1,2.6,3.1,10.0
2019-04-18,2019.2945,90.0,-147.0,-0.9,2.6,3.1,10.1
2019-04-19,,,,,,,
2019-04-20,2019.3,93.1,-151.2,-0.3,2.7,3.2,10.7
2019-04-21,,,,,,,
2019-04-22,2019.3055,92.1,-151.7,-1.9,2.4,2.8,9.9
2019-04-23,2019.3082,94.1,-151.9,-1.3,2.7,3.2,10.5
2019-04-24,2019.311,91.0,-151.3,-0.5,2.6,3.0,10.0
2019-04-25,2019.3137,92.2,-150.9,-0.8,2.7,3.1,10.9
2019-04-26,2019.3164,92.6,-148.6,-9.1,2.6,3.0,9.9
2019-04-27,2019.3192,92.6,-149.5,-0.2,2.2,2.6,9.3
2019-04-28,2019.3219,90.7,-149.5,-4.5,2.3,2.6,9.5
2019-04-29,2019.3247,91.6,-150.1,4.1,2.6,2.9,10.0
2019-04-30,2019.3274,90.8,-148.8,-0.6,2.4,2.9,9.8
2019-05-01,2019.3301,90.6,-149.2,-3.0,2.9,3.8,10.9
2019-05-02,2019.3329,90.9,-141.5,1.2,2.5,2.9,10.0
2019-05-03,,,,,,,
2019-05-04,2019.3384,92.0,-147.9,7.0,2.5,3.0,10.4
2019-05-05,2019.3411,88.7,-150.0,4.0,2.5,2.8,10.2
2019-05-06,2019.3438,90.3,-147.9,6.5,2.5,2.9,10.7
2019-05-07,2019.3466,92.6,-148.7,4.4,2.7,3.2,10.6
2019-05-08,2019.3493,92.9,-141.8,4.0,2.6,3.1,10.6
2019-05-09,2019.3521,91.1,-145.0,0.2,2.6,3.2,10.4
2019-05-10,2019.3548,90.6,-147.0,2.9,2.4,2.9,10.1
2019-05-11,2019.3575,90.3,-146.7,-6.9,2.9,3.4,11.4
2019-05-12,2019.3603,90.5,-148.3,-3.9,2.5,2.8,10.3
2019-05-13,2019.363,91.4,-147.5,-3.8,2.5,2.8,10.3
2019-05-14,2019.3658,90.8,-147.8,-4.6,2.4,2.8,10.1
2019-05-15,2019.3685,88.9,-149.6,5.6,2.5,3.0,10.1
2019-05-16,2019.3712,87.0,-147.2,4.5,2.9,3.2,11.1
2019-05-17,2019.374,90.2,-147.3,0.1,2.6,2.9,10.8
2019-05-18,2019.3767,86.1,-146.5,2.6,2.6,3.0,10.8
2019-05-19,2019.3795,88.9,-148.9,2.3,2.5,2.8,10.2
2019-05-20,2019.3822,87.4,-149.8,-4.9,2.7,3.2,10.7
2019-05-21,2019.3849,89.2,-147.3,-1.1,2.6,2.9,10.1
2019-05-22,2019.3877,89.1,-146.2,-1.9,2.3,2.7,9.4
2019-05-23,2019.3904,91.3,-147.5,-1.5,2.4,2.9,9.7
2019-05-24,2019.3932,88.5,-148.4,-4.3,2.5,3.0,10.3
2019-05-25,2019.3959,90.1,-147.3,4.0,2.3,2.7,9.7
2019-05-26,2019.3986,89.8,-147.3,-4.5,2.6,3.0,10.5
2019-05-27,2019.4014,87.4,-148.2,-11.3,3.1,3.5,12.7
2019-05-28,,,,,,,
2019-05-29,2019.4068,88.7,-146.2,2.2,2.5,2.8,10.2
2019-05-30,2019.4096,88.7,-146.9,0.3,2.5,3.0,10.4
2019-05-31,2019.4123,88.2,-146.6,0.1,2.6,3.1,10.8
2019-06-01,2019.4151,88.6,-146.8,-5.8,2.6,3.0,10.2
2019-06-02,2019.4178,87.6,-146.7,-6.2,2.8,3.2,11.8
2019-06-03,2019.4205,85.5,-145.2,3.8,2.9,3.4,11.3
2019-06-04,2019.4233,87.2,-146.9,2.1,2.4,2.8,10.1
2019-06-05,2019.426,87.7,-145.1,5.4,2.8,3.3,11.0
2019-06-06,2019.4288,88.4,-144.5,-1.7,2.4,2.8,10.2
2019-06-07,,,,,,,
2019-06-08,2019.4342,88.7,-144.9,-1.1,2.4,2.9,10.3
2019-06-09,2019.437,85.8,-141.8,7.6,3.9,4.3,13.7
2019-06-10,,,,,,,
2019-06-11,,,,,,,
2019-06-12,2019.4452,89.0,-145.4,3.3,2.9,3.4,11.5
2019-06-13,2019.4479,90.7,-148.4,-1.6,3.0,3.5,12.6
2019-06-14,2019.4507,89.7,-145.5,-0.6,2.5,2.9,10.3
2019-06-15,2019.4534,89.3,-142.7,1.2,2.7,3.2,11.4
2019-06-16,2019.4562,88.1,-144.4,5.1,2.5,2.9,10.8
2019-06-17,2019.4589,88.6,-143.2,-4.5,2.8,3.1,11.1
2019-06-18,2019.4616,88.8,-144.2,-5.2,2.6,3.1,10.6
2019-06-19,2019.4644,88.4,-142.4,-4.0,2.6,3.1,10.8
2019-06-20,2019.4671,88.6,-144.0,0.1,2.3,2.6,9.8
2019-06-21,2019.4699,87.5,-145.2,8.4,2.5,2.9,10.3
2019-06-22,2019.4726,89.6,-145.4,-1.8,2.6,3.1,11.0
2019-06-23,2019.4753,90.1,-144.2,-5.8,2.8,3.4,10.8
2019-06-24,2019.4781,89.4,-144.2,-5.1,2.6,3.0,10.2
2019-06-25,2019.4808,87.8,-144.2,-1.0,2.4,2.7,10.3
2019-06-26,2019.4836,87.2,-143.4,3.1,2.5,2.8,10.3
2019-06-27,2019.4863,87.2,-144.4,-6.4,2.5,2.9,10.3
2019-06-28,2019.489,89.0,-144.4,0.9,2.6,3.0,10.3
2019-06-29,2019.4918,86.6,-141.2,5.3,2.9,3.4,11.8
2019-06-30,2019.4945,87.8,-141.7,-1.5,2.6,3.0,10.5
2019-07-01,2019.4973,88.5,-143.7,-2.4,2.4,2.8,10.0
2019-07-02,2019.5,84.7,-141.1,3.9,2.7,3.0,10.6
2019-07-03,2019.5027,89.0,-141.6,8.3,2.7,3.1,10.6
2019-07-04,2019.5055,88.7,-142.0,4.2,2.6,3.0,10.9
2019-07-05,2019.5082,85.5,-141.6,-3.2,2.7,3.1,11.0
2019-07-06,2019.511,87.8,-141.7,0.8,2.5,2.8,10.6
2019-07-07,2019.5137,86.4,-133.8,3.0,5.0,5.3,14.2
2019-07-08,2019.5164,89.0,-142.1,1.6,2.6,3.0,11.0
2019-07-09,,,,,,,
2019-07-10,,,,,,,
2019-07-11,2019.5247,86.8,-141.9,-3.5,2.5,2.8,10.2
2019-07-12,2019.5274,86.7,-141.9,-0.4,2.9,3.1,10.8
2019-07-13,2019.5301,86.9,-140.7,-11.5,2.6,2.9,10.4
2019-07-14,2019.5329,86.4,-143.3,-7.3,2.6,3.0,10.5
2019-07-15,,,,,,,
2019-07-16,2019.5384,87.5,-141.7,0.6,3.0,3.5,11.8
2019-07-17,,,,,,,
2019-07-18,2019.5438,90.0,-143.4,-5.3,2.7,3.2,11.3
2019-07-19,2019.5466,86.9,-143.7,1.4,3.4,3.9,13.1
2019-07-20,2019.5493,85.4,-141.0,-6.2,3.0,3.6,11.8
2019-07-21,2019.5521,87.3,-142.8,-7.1,2.8,3.2,11.0
2019-07-22,2019.5548,85.7,-141.6,-1.2,2.8,3.3,11.8
2019-07-23,2019.5575,86.9,-141.6,-3.4,2.5,2.8,10.2
2019-07-24,2019.5603,84.5,-142.4,-11.0,2.7,3.2,11.4
2019-07-25,2019.563,88.3,-140.4,-7.5,2.7,3.2,11.1
2019-07-26,2019.5658,84.3,-142.0,-1.5,2.9,3.6,11.7
2019-07-27,2019.5685,86.9,-142.7,-14.5,2.9,3.4,11.4
2019-07-28,2019.5712,87.4,-142.2,-12.5,3.1,3.6,13.1
2019-07-29,2019.574,87.0,-141.1,-6.8,2.4,2.8,10.0
2019-07-30,2019.5767,86.7,-140.6,-7.7,2.4,2.7,10.1
2019-07-31,2019.5795,86.7,-139.8,-9.1,2.9,3.4,11.3
2019-08-01,2019.5822,88.4,-142.1,-14.6,2.6,3.0,10.3
2019-08-02,2019.5849,87.0,-142.6,-5.6,2.7,3.0,11.0
2019-08-03,2019.5877,85.6,-140.7,-9.3,2.8,3.1,11.5
2019-08-04,2019.5904,86.0,-139.1,-8.3,2.7,3.1,11.5
2019-08-05,2019.5932,86.4,-139.9,-9.4,2.5,3.0,10.4
2019-08-06,2019.5959,86.6,-140.0,-11.4,2.7,3.1,10.9
2019-08-07,2019.5986,87.2,-137.7,-11.0,2.9,3.6,11.6
2019-08-08,2019.6014,87.3,-142.1,-11.5,2.6,3.1,10.7
2019-08-09,2019.6041,86.6,-139.8,-8.6,2.8,3.1,11.0
2019-08-10,2019.6068,86.9,-140.2,-7.6,2.8,3.3,11.4
2019-08-11,2019.6096,87.1,-142.2,-12.1,2.4,2.8,10.5
2019-08-12,2019.6123,85.8,-140.3,-5.8,3.0,3.4,12.2
2019-08-13,2019.6151,87.6,-144.0,-8.9,2.9,3.3,12.2
2019-08-14,2019.6178,85.2,-138.6,-14.7,2.9,3.4,11.1
2019-08-15,2019.6205,83.6,-141.9,-18.6,2.8,3.3,11.7
2019-08-16,2019.6233,81.9,-140.8,-13.4,2.7,3.0,12.1
2019-08-17,2019.626,83.2,-139.9,-2.9,2.5,2.8,10.7
2019-08-18,2019.6288,83.7,-139.0,-5.5,2.4,2.7,10.2
2019-08-19,2019.6315,86.1,-142.8,-16.5,2.6,2.9,10.5
2019-08-20,2019.6342,86.5,-142.0,-15.9,3.4,3.9,13.6
2019-08-21,2019.637,82.7,-144.1,-14.7,2.9,3.2,12.5
2019-08-22,2019.6397,82.9,-140.6,-9.8,2.9,3.5,11.6
2019-08-23,2019.6425,83.3,-142.2,-17.7,2.5,2.9,10.3
2019-08-24,2019.6452,84.6,-140.0,-16.3,2.6,2.9,11.1
2019-08-25,2019.6479,83.8,-138.5,-18.8,2.4,2.7,10.2
2019-08-26,2019.6507,82.9,-141.1,-10.6,2.7,3.0,11.3
2019-08-27,2019.6534,85.0,-142.7,-1.6,3.2,3.5,13.6
2019-08-28,2019.6562,85.6,-140.4,-12.2,2.7,3.0,12.0
2019-08-29,2019.6589,84.9,-140.7,-12.7,3.4,3.8,13.9
2019-08-30,2019.6616,84.9,-140.8,-12.5,2.8,3.2,11.4
2019-08-31,2019.6644,86.1,-141.5,-17.4,2.3,2.6,10.1
2019-09-01,2019.6671,84.9,-142.9,-17.4,2.7,3.1,10.9
2019-09-02,2019.6699,85.1,-141.3,-12.3,2.7,3.1,10.7
2019-09-03,2019.6726,84.3,-141.8,-15.2,2.4,2.7,10.3
2019-09-04,2019.6753,84.5,-139.6,-7.0,2.3,2.6,10.1
2019-09-05,2019.6781,84.9,-139.3,-7.2,2.7,3.2,11.4
2019-09-06,2019.6808,85.7,-141.7,-5.6,2.6,3.1,11.3
2019-09-07,2019.6836,84.9,-138.6,-7.0,2.8,3.3,11.5
2019-09-08,2019.6863,84.9,-140.3,-11.7,2.3,2.7,9.8
2019-09-09,2019.689,85.2,-139.2,-10.0,2.6,3.0,10.6
2019-09-10,2019.6918,85.0,-138.3,-17.8,2.8,3.2,12.6
2019-09-11,2019.6945,82.3,-137.6,-10.9,2.6,3.0,11.6
2019-09-12,2019.6973,84.0,-137.4,-8.8,2.8,3.4,11.9
2019-09-13,2019.7,81.1,-138.3,-13.7,2.4,2.9,10.7
2019-09-14,2019.7027,81.2,-138.9,-14.4,2.2,2.7,9.6
2019-09-15,2019.7055,81.9,-137.9,-9.0,2.3,2.7,9.9
2019-09-16,2019.7082,82.9,-137.6,-17.7,2.4,2.8,10.0
2019-09-17,2019.711,83.9,-139.9,-18.2,2.6,3.1,10.5
2019-09-18,2019.7137,85.1,-138.4,-18.7,2.6,3.1,11.0
2019-09-19,2019.7164,83.9,-139.7,-24.2,2.8,3.2,11.1
2019-09-20,2019.7192,83.8,-139.4,-17.4,2.7,3.1,11.7
2019-09-21,2019.7219,82.3,-138.6,-19.7,2.2,2.5,9.3
2019-09-22,2019.7247,82.3,-137.2,-14.1,2.1,2.4,9.1
2019-09-23,2019.7274,79.9,-138.9,-23.4,2.3,2.6,9.3
2019-09-24,2019.7301,80.7,-137.2,-19.6,2.3,2.7,9.8
2019-09-25,2019.7329,81.6,-137.7,-18.75,2.2,2.5,9.9
2019-09-26,2019.7356,81.4,-136.8,-17.9,2.3,2.6,10.0
2019-09-27,2019.7384,79.8,-136.8,-12.5,2.6,3.1,10.8
2019-09-28,2019.7411,80.5,-136.4,-20.5,2.4,2.7,10.5
2019-09-29,2019.7438,79.9,-136.9,-17.0,2.4,2.8,9.9
2019-09-30,2019.7466,78.3,-137.2,-21.6,2.3,2.7,9.7
2019-10-01,2019.7493,81.3,-137.5,-11.5,2.5,2.9,10.0
2019-10-02,2019.7521,79.0,-136.7,-11.1,2.6,3.1,10.9
2019-10-03,2019.7548,80.7,-136.1,-13.6,2.5,2.9,10.2
2019-10-04,2019.7575,80.0,-135.7,-12.8,2.6,3.0,11.2
2019-10-05,2019.7603,79.5,-136.1,-19.9,2.3,2.5,9.4
2019-10-06,2019.763,80.3,-135.4,-22.3,2.5,2.9,10.1
2019-10-07,2019.7658,80.8,-136.6,-17.4,2.4,2.8,10.0
2019-10-08,2019.7685,78.2,-135.5,-14.8,2.5,2.9,10.4
2019-10-09,2019.7712,79.1,-135.2,-13.7,2.3,2.7,9.8
2019-10-10,2019.774,79.8,-137.5,-24.7,2.7,3.2,11.0
2019-10-11,2019.7767,77.9,-136.4,-16.8,2.7,3.2,11.0
2019-10-12,2019.7795,78.3,-133.0,-17.3,2.6,3.0,10.4
2019-10-13,2019.7822,79.5,-135.8,-16.9,2.4,2.9,10.4
2019-10-14,2019.7849,79.7,-135.4,-24.5,2.8,3.2,11.7
2019-10-15,2019.7877,77.5,-133.6,-24.6,2.5,2.8,10.7
2019-10-16,2019.7904,77.8,-133.7,-18.2,2.4,2.7,10.0
2019-10-17,2019.7932,78.4,-135.4,-18.7,2.3,2.7,9.8
2019-10-18,2019.7959,78.5,-133.3,-12.7,2.4,2.7,10.1
2019-10-19,2019.7986,77.0,-131.2,-9.9,2.4,2.9,10.4
2019-10-20,2019.8014,76.8,-129.9,-8.9,2.3,2.7,9.8
2019-10-21,2019.8041,76.0,-132.6,-7.4,2.6,2.9,10.2
2019-10-22,2019.8068,76.8,-131.5,-11.6,2.4,2.8,10.7
2019-10-23,2019.8096,75.8,-132.1,-8.5,2.3,2.7,9.6
2019-10-24,2019.8123,78.6,-133.0,-15.9,2.5,2.9,10.1
2019-10-25,2019.8151,76.0,-131.9,-23.5,2.6,3.0,10.8
2019-10-26,2019.8178,76.6,-132.2,-14.9,2.3,2.6,9.9
2019-10-27,2019.8205,76.5,-130.5,-14.4,2.4,2.7,10.2
2019-10-28,2019.8233,76.2,-131.8,-15.9,2.3,2.6,9.8
2019-10-29,2019.826,77.5,-133.9,-15.4,2.3,2.6,9.7
2019-10-30,2019.8288,75.5,-132.2,-16.2,2.6,3.0,10.7
2019-10-31,2019.8315,77.1,-132.0,-15.8,2.4,2.8,10.3
2019-11-01,2019.8342,75.4,-131.8,-16.2,2.4,2.8,10.2
2019-11-02,2019.837,77.4,-133.6,-18.5,2.2,2.5,9.5
2019-11-03,2019.8397,73.0,-133.1,-13.6,2.4,2.8,10.1
2019-11-04,2019.8425,75.6,-132.3,-19.4,2.3,2.7,10.2
2019-11-05,2019.8452,76.4,-133.5,-17.1,2.5,2.9,10.8
2019-11-06,2019.8479,75.3,-132.2,-14.7,2.4,2.7,9.9
2019-11-07,2019.8507,75.7,-132.0,-13.7,2.5,2.8,10.1
2019-11-08,2019.8534,74.4,-130.5,-16.4,2.4,2.9,10.5
2019-11-09,2019.8562,74.4,-132.8,-18.7,2.4,2.7,10.4
2019-11-10,2019.8589,76.0,-132.5,-7.7,2.5,2.8,10.5
2019-11-11,2019.8616,74.3,-132.0,-11.0,2.4,2.7,10.2
2019-11-12,2019.8644,74.4,-131.6,-15.8,2.4,2.7,10.3
2019-11-13,2019.8671,74.2,-132.5,-18.6,2.2,2.4,9.4
2019-11-14,2019.8699,75.0,-132.6,-11.7,2.3,2.5,9.3
2019-11-15,2019.8726,74.5,-130.5,-10.5,2.4,2.8,9.7
2019-11-16,2019.8753,75.4,-134.3,-13.3,2.2,2.4,9.3
2019-11-17,2019.8781,74.5,-132.3,-14.2,2.4,2.8,10.1
2019-11-18,2019.8808,74.5,-131.4,-15.6,2.5,2.8,10.7
2019-11-19,2019.8836,75.4,-133.1,-15.1,2.3,2.6,9.7
2019-11-20,2019.8863,74.4,-131.1,-17.5,2.4,2.6,9.8
2019-11-21,2019.889,74.2,-132.2,-14.4,2.3,2.6,9.7
2019-11-22,2019.8918,75.8,-132.2,-18.7,2.2,2.4,9.4
2019-11-23,2019.8945,76.5,-131.7,-15.8,2.2,2.5,9.5
2019-11-24,2019.8973,76.5,-131.4,-15.0,2.1,2.4,9.1
2019-11-25,2019.9,77.1,-130.0,-13.15,2.3,2.6,9.35
2019-11-26,2019.9027,77.5,-130.5,-11.3,2.2,2.5,9.6
2019-11-27,2019.9055,77.5,-131.6,-11.1,2.4,2.8,9.9
2019-11-28,2019.9082,76.8,-132.3,-12.1,2.1,2.4,8.8
2019-11-29,2019.911,75.7,-128.7,-16.6,2.1,2.5,10.2
2019-11-30,2019.9137,76.3,-131.5,-21.1,2.7,3.2,11.6
2019-12-01,2019.9164,77.1,-132.2,-16.4,2.2,2.4,8.9
2019-12-02,2019.9192,76.3,-132.1,-12.2,2.4,2.9,9.7
2019-12-03,2019.9219,76.4,-131.1,-11.0,2.4,3.0,9.6
2019-12-04,2019.9247,75.7,-127.6,-14.9,2.1,2.5,8.8
2019-12-05,2019.9274,76.5,-129.4,-21.8,2.0,2.2,8.4
2019-12-06,2019.9301,77.3,-131.0,-16.7,2.2,2.7,9.0
2019-12-07,2019.9329,75.8,-127.9,-18.3,2.0,2.4,8.6
2019-12-08,2019.9356,75.3,-130.4,-13.8,2.3,2.6,9.2
2019-12-09,2019.9384,73.8,-130.2,-15.5,2.4,2.8,9.2
2019-12-10,2019.9411,74.1,-130.9,-14.3,2.0,2.3,8.4
2019-12-11,2019.9438,74.4,-131.2,-22.8,2.6,3.1,9.8
2019-12-12,2019.9466,74.6,-129.7,-14.8,2.1,2.3,8.8
2019-12-13,2019.9493,73.5,-132.4,-15.8,2.4,2.8,9.4
2019-12-14,2019.9521,75.8,-131.4,-10.9,2.4,3.1,9.9
2019-12-15,2019.9548,74.7,-132.7,-6.9,2.4,3.1,9.4
2019-12-16,2019.9575,74.2,-132.6,-14.1,2.8,3.3,10.7
2019-12-17,2019.9603,75.1,-131.5,-14.3,2.1,2.4,8.9
2019-12-18,2019.963,74.9,-129.0,-16.2,2.4,2.9,9.1
2019-12-19,2019.9658,74.2,-129.4,-11.6,2.2,2.5,8.9
2019-12-20,2019.9685,75.1,-130.0,-13.8,2.3,2.7,9.8
2019-12-21,2019.9712,75.1,-127.5,-7.7,2.4,2.8,9.5
2019-12-22,2019.974,73.8,-126.3,-9.75,2.1,2.4,9.35
2019-12-23,2019.9767,73.3,-128.5,-11.8,2.2,2.5,9.2
2019-12-24,2019.9795,73.8,-129.1,-6.8,2.3,2.5,9.3
2019-12-25,2019.9822,71.9,-130.1,-4.2,2.4,2.6,9.5
2019-12-26,2019.9849,75.9,-130.2,-9.7,2.3,2.6,9.1
2019-12-27,2019.9877,75.4,-128.0,-13.2,2.2,2.4,9.0
2019-12-28,2019.9904,74.8,-127.5,-12.1,2.4,2.6,9.9
2019-12-29,2019.9932,74.2,-127.5,-9.3,2.7,3.0,9.9
2019-12-30,2019.9959,75.5,-128.8,-18.0,2.1,2.3,8.5
2019-12-31,2019.9986,73.0,-128.2,-18.1,2.2,2.4,9.3
2020-01-01,2020.0014,73.2,-127.0,-10.7,2.3,2.6,9.7
2020-01-02,2020.0041,72.3,-125.9,-10.8,2.5,2.8,10.3
2020-01-03,2020.0068,71.4,-125.4,-9.6,2.4,2.7,10.1
2020-01-04,2020.0096,72.5,-125.0,-10.4,2.3,2.6,9.9
2020-01-05,2020.0123,70.7,-125.6,-14.9,2.4,2.7,10.4
2020-01-06,2020.015,74.3,-125.1,-9.5,2.4,2.6,9.5
2020-01-07,2020.0178,74.3,-126.8,-5.6,2.4,2.8,10.0
2020-01-08,2020.0205,72.2,-126.8,-4.43,2.5,2.8,10.0
2020-01-09,2020.0232,74.3,-127.3,-3.27,2.4,2.7,10.0
2020-01-10,2020.026,73.6,-127.0,-2.1,2.4,2.8,10.0
2020-01-11,2020.0287,74.8,-127.2,-5.9,2.4,2.7,9.6
2020-01-12,2020.0314,74.8,-128.7,-5.3,2.6,2.9,10.3
2020-01-13,2020.0342,75.2,-125.5,-7.8,2.4,2.7,9.5
2020-01-14,2020.0369,75.4,-127.5,1.2,2.4,2.8,9.9
2020-01-15,2020.0396,74.0,-126.5,4.6,2.3,2.6,9.2
2020-01-16,2020.0423,72.4,-125.3,0.0,2.4,2.8,9.8
2020-01-17,2020.0451,73.7,-125.5,2.6,2.4,2.7,9.9
2020-01-18,2020.0478,74.0,-125.4,-0.6,2.4,2.8,10.1
2020-01-19,2020.0505,72.4,-124.1,4.0,2.1,2.4,8.7
2020-01-20,2020.0533,74.4,-126.8,5.2,2.7,3.0,10.0
2020-01-21,2020.056,73.0,-125.4,-1.8,2.5,2.8,9.8
2020-01-22,2020.0587,72.8,-126.4,-2.6,2.4,2.7,9.8
2020-01-23,2020.0615,72.6,-124.2,-0.9,2.3,2.6,9.3
2020-01-24,2020.0642,74.5,-124.3,-10.1,2.2,2.5,8.9
2020-01-25,2020.0669,73.9,-125.5,-11.2,2.2,2.4,8.6
2020-01-26,2020.0697,74.3,-123.2,-2.5,2.6,2.9,9.7
2020-01-27,2020.0724,74.2,-123.6,-5.0,2.7,3.1,10.2
2020-01-28,2020.0751,74.0,-124.3,-4.2,2.1,2.4,8.3
2020-01-29,2020.0779,74.2,-124.5,-4.5,2.3,2.6,9.2
2020-01-30,2020.0806,74.0,-122.6,-1.7,2.2,2.4,8.8
2020-01-31,2020.0833,72.7,-124.3,-4.0,2.3,2.6,9.3
2020-02-01,2020.0861,70.7,-124.9,1.1,2.5,2.8,9.8
2020-02-02,2020.0888,72.6,-122.3,-1.8,2.3,2.7,9.5
2020-02-03,2020.0915,74.5,-125.0,-3.6,2.3,2.6,9.3
2020-02-04,2020.0943,72.5,-121.7,-8.8,2.3,2.6,9.2
2020-02-05,2020.097,71.6,-122.7,-4.6,2.6,2.8,9.4
2020-02-06,2020.0997,73.6,-122.5,-10.5,2.3,2.6,9.2
2020-02-07,2020.1025,72.4,-123.1,-4.7,2.5,2.9,9.7
2020-02-08,2020.1052,74.3,-122.9,-1.8,2.4,2.8,9.5
2020-02-09,2020.1079,71.3,-121.5,-7.3,2.2,2.5,9.1
2020-02-10,2020.1107,73.6,-124.1,-5.9,2.4,2.7,9.8
2020-02-11,2020.1134,71.3,-122.6,-6.2,2.5,2.9,9.9
2020-02-12,2020.1161,73.3,-123.8,-10.3,2.4,2.6,9.7
2020-02-13,2020.1189,74.1,-123.0,-4.2,2.6,2.9,10.5
2020-02-14,2020.1216,73.6,-123.0,-2.0,2.2,2.5,9.4
2020-02-15,2020.1243,74.8,-125.2,-4.4,2.4,2.7,9.7
2020-02-16,2020.127,74.1,-122.0,-4.4,2.3,2.6,9.3
2020-02-17,2020.1298,72.8,-122.2,-8.2,2.4,2.7,10.0
2020-02-18,2020.1325,72.7,-120.5,-1.9,2.5,2.8,10.3
2020-02-19,2020.1352,73.1,-124.0,-2.5,2.3,2.7,9.9
2020-02-20,2020.138,73.8,-125.0,-3.5,2.5,2.9,9.9
2020-02-21,2020.1407,74.1,-124.1,-6.4,2.3,2.6,9.7
2020-02-22,2020.1434,73.2,-124.9,-2.8,2.4,2.8,9.9
2020-02-23,2020.1462,72.8,-124.7,-2.1,2.4,2.8,10.05
2020-02-24,2020.1489,73.1,-122.2,-1.4,2.5,2.9,10.2
2020-02-25,2020.1516,73.8,-124.1,-3.4,2.3,2.6,9.7
2020-02-26,2020.1544,73.8,-124.0,2.4,2.4,2.7,10.1
2020-02-27,2020.1571,72.9,-125.2,-3.4,2.7,3.0,10.9
2020-02-28,2020.1598,75.5,-122.6,-4.7,2.6,3.0,10.7
2020-02-29,2020.1626,73.9,-123.8,-2.4,2.6,2.9,10.3
2020-03-01,2020.1653,75.2,-122.6,-0.3,2.5,2.8,10.0
2020-03-02,2020.168,72.4,-124.6,-0.2,2.6,3.0,10.2
2020-03-03,2020.1708,72.3,-124.9,3.0,2.7,3.2,10.8
2020-03-04,2020.1735,74.9,-120.8,1.4,2.6,3.0,10.2
2020-03-05,2020.1762,74.0,-121.1,2.3,2.5,2.9,10.2
2020-03-06,2020.179,73.4,-123.1,5.4,2.4,2.8,9.9
2020-03-07,2020.1817,73.5,-122.9,4.7,2.7,3.1,9.83
2020-03-08,2020.1844,72.5,-120.9,4.0,2.6,3.1,9.77
2020-03-09,2020.1872,74.1,-122.6,3.3,2.3,2.6,9.7
2020-03-10,2020.1899,75.5,-122.5,-2.8,2.5,2.9,10.5
2020-03-11,2020.1926,73.0,-119.1,8.5,2.4,2.8,9.7
2020-03-12,2020.1954,73.3,-122.6,1.4,2.5,2.9,10.4
2020-03-13,2020.1981,73.9,-123.9,-2.6,2.4,2.7,9.9
2020-03-14,2020.2008,74.2,-125.1,1.5,2.4,2.8,10.0
2020-03-15,2020.2036,75.3,-124.2,-1.3,2.5,2.9,10.8
2020-03-16,2020.2063,75.2,-125.8,7.9,2.6,3.0,10.8
2020-03-17,2020.209,74.8,-120.8,-1.1,2.5,3.0,10.8
2020-03-18,2020.2117,71.7,-121.9,-2.9,2.4,2.9,10.2
2020-03-19,2020.2145,73.8,-120.8,6.9,2.4,2.8,9.8
2020-03-20,2020.2172,73.5,-118.0,-0.2,2.5,2.9,10.4
2020-03-21,2020.2199,73.5,-123.1,-0.4,2.5,3.1,10.4
2020-03-22,2020.2227,75.0,-120.3,2.1,2.7,3.1,10.4
2020-03-23,2020.2254,74.7,-122.4,-2.4,2.5,2.9,10.2
2020-03-24,2020.2281,74.1,-121.2,-3.1,2.4,2.7,10.2
2020-03-25,2020.2309,73.6,-120.0,0.8,2.4,2.8,10.3
2020-03-26,2020.2336,72.7,-115.3,-0.9,2.6,3.1,10.7
2020-03-27,2020.2363,72.5,-120.6,5.9,2.6,3.0,10.3
2020-03-28,2020.2391,71.3,-118.0,5.6,2.5,3.0,10.4
2020-03-29,2020.2418,72.9,-119.0,2.3,2.4,2.9,10.5
2020-03-30,2020.2445,72.3,-117.7,9.1,2.5,2.9,10.3
2020-03-31,2020.2473,73.2,-120.0,-5.9,2.5,2.9,10.6
2020-04-01,2020.25,74.2,-121.0,2.5,2.4,2.8,10.4
2020-04-02,2020.2527,76.1,-119.2,3.4,2.6,3.3,10.8
2020-04-03,2020.2555,75.2,-117.6,1.3,2.6,3.0,10.6
2020-04-04,2020.2582,74.5,-118.1,-3.6,2.5,3.0,10.7
2020-04-05,2020.2609,73.1,-116.6,-0.9,2.4,2.8,10.0
2020-04-06,2020.2637,74.5,-114.6,5.9,2.4,2.9,9.9
2020-04-07,2020.2664,71.9,-115.5,4.1,2.5,3.1,10.0
2020-04-08,2020.2691,75.6,-115.6,-6.2,2.7,3.4,10.5
2020-04-09,2020.2719,73.1,-115.1,6.2,2.4,2.9,10.2
2020-04-10,2020.2746,74.3,-113.2,-1.2,2.4,2.9,10.1
2020-04-11,2020.2773,73.0,-117.9,-2.5,2.4,2.8,10.3
2020-04-12,2020.2801,74.8,-118.2,0.9,2.4,2.8,10.6
2020-04-13,2020.2828,73.5,-118.2,-3.5,2.4,2.9,10.4
2020-04-14,2020.2855,71.5,-119.2,1.4,2.3,2.7,10.0
2020-04-15,2020.2883,72.7,-114.6,9.9,2.7,3.2,11.0
2020-04-16,2020.291,72.2,-115.9,5.8,2.4,2.8,9.9
2020-04-17,2020.2937,71.5,-116.9,8.7,2.4,2.9,10.2
2020-04-18,2020.2964,72.1,-113.4,4.7,2.7,3.1,11.1
2020-04-19,2020.2992,72.3,-112.2,2.6,2.8,3.3,11.2
2020-04-20,2020.3019,70.4,-113.6,6.5,2.6,3.1,10.6
2020-04-21,2020.3046,72.8,-113.0,3.7,2.4,2.9,10.4
2020-04-22,2020.3074,72.9,-116.4,3.5,2.4,2.9,10.3
2020-04-23,2020.3101,71.4,-117.0,4.4,2.6,3.1,10.9
2020-04-24,2020.3128,71.9,-113.6,-0.4,2.6,3.1,10.3
2020-04-25,2020.3156,73.8,-117.3,-10.2,2.5,2.9,10.9
2020-04-26,2020.3183,71.2,-117.3,-3.5,2.2,2.5,9.4
2020-04-27,2020.321,69.6,-115.8,-6.7,2.2,2.5,9.5
2020-04-28,2020.3238,70.4,-117.7,-3.3,2.2,2.7,9.7
2020-04-29,2020.3265,70.7,-116.5,-3.5,2.3,2.9,9.7
2020-04-30,2020.3292,70.4,-117.6,-2.4,2.4,2.8,10.3
2020-05-01,2020.332,69.7,-116.9,3.1,2.3,2.6,10.1
2020-05-02,2020.3347,69.9,-118.8,9.2,2.5,2.8,10.8
2020-05-03,2020.3374,69.2,-116.3,7.5,2.8,3.2,11.2
2020-05-04,2020.3402,70.5,-114.5,-0.8,2.8,3.3,11.5
2020-05-05,2020.3429,71.3,-115.1,1.9,2.5,2.9,10.8
2020-05-06,2020.3456,71.2,-114.9,-4.2,2.6,3.0,11.5
2020-05-07,2020.3484,67.8,-114.6,-2.4,2.7,3.2,11.0
2020-05-08,2020.3511,68.2,-116.9,6.4,2.6,2.9,10.9
2020-05-09,2020.3538,70.9,-116.0,2.3,2.9,3.4,11.7
2020-05-10,2020.3566,70.4,-116.1,6.1,2.5,2.9,10.9
2020-05-11,2020.3593,69.0,-114.6,9.5,2.8,3.2,11.2
2020-05-12,2020.362,69.9,-114.8,2.2,2.6,2.9,11.3
2020-05-13,2020.3648,70.6,-116.2,2.1,2.6,3.0,11.1
2020-05-14,2020.3675,69.4,-115.1,3.0,2.5,2.8,10.8
2020-05-15,2020.3702,69.1,-117.1,2.7,2.8,3.3,11.6
2020-05-16,2020.373,71.5,-116.7,0.6,2.9,3.6,12.1
2020-05-17,2020.3757,71.9,-116.1,1.6,2.4,2.8,10.5
2020-05-18,2020.3784,69.3,-116.4,-6.0,2.8,3.2,11.5
2020-05-19,2020.3811,70.6,-115.6,4.7,2.6,3.2,11.7
2020-05-20,2020.3839,68.7,-115.3,3.9,2.7,3.1,11.3
2020-05-21,2020.3866,70.6,-115.4,5.9,2.6,3.0,11.6
2020-05-22,2020.3893,71.2,-117.5,-1.7,2.9,3.4,12.3
2020-05-23,2020.3921,69.8,-114.7,7.5,2.9,3.4,12.6
2020-05-24,2020.3948,71.4,-113.5,2.9,2.6,3.0,11.5
2020-05-25,2020.3975,69.8,-114.3,-5.5,2.8,3.3,11.3
2020-05-26,2020.4003,69.9,-115.3,4.0,2.7,3.2,12.0
2020-05-27,2020.403,70.5,-114.0,3.2,2.6,2.9,11.2
2020-05-28,2020.4057,69.1,-112.4,3.7,2.6,3.0,11.0
2020-05-29,2020.4085,69.9,-114.8,0.1,2.6,2.9,11.4
2020-05-30,2020.4112,69.6,-114.8,2.0,2.6,3.1,11.4
2020-05-31,2020.4139,70.0,-114.3,-3.1,2.5,2.9,10.8
2020-06-01,2020.4167,69.0,-115.1,2.4,2.6,3.0,11.0
2020-06-02,2020.4194,69.7,-116.0,-4.0,2.8,3.2,11.6
2020-06-03,2020.4221,69.7,-114.4,2.1,3.0,3.5,11.6
2020-06-04,2020.4249,70.3,-114.8,0.1,2.4,2.8,10.7
2020-06-05,2020.4276,68.6,-114.1,4.1,2.4,2.7,10.1
2020-06-06,2020.4303,70.6,-116.7,-0.9,2.6,3.0,11.2
2020-06-07,2020.4331,72.7,-113.2,4.2,2.7,3.2,11.5
2020-06-08,2020.4358,72.2,-115.4,3.6,2.7,3.1,11.4
2020-06-09,2020.4385,70.8,-114.2,-2.2,2.7,3.1,12.2
2020-06-10,2020.4413,69.3,-112.7,3.5,2.9,3.3,12.2
2020-06-11,2020.444,69.9,-113.6,5.4,2.7,3.1,11.7
2020-06-12,2020.4467,68.1,-113.8,-4.0,2.6,2.9,11.5
2020-06-13,2020.4495,68.8,-114.7,2.1,2.8,3.2,11.9
2020-06-14,2020.4522,69.6,-112.1,-1.6,2.4,2.7,10.4
2020-06-15,2020.4549,70.2,-112.7,8.3,2.6,3.0,11.8
2020-06-16,2020.4577,68.6,-113.1,7.4,2.6,3.1,11.3
2020-06-17,2020.4604,69.8,-114.0,4.4,2.4,2.8,10.6
2020-06-18,2020.4631,69.2,-112.9,-5.8,2.8,3.2,11.8
2020-06-19,2020.4658,70.2,-113.5,-1.2,2.6,3.1,11.7
2020-06-20,2020.4686,71.0,-113.3,0.0,2.6,3.0,11.2
2020-06-21,2020.4713,69.4,-112.9,-1.7,2.4,2.8,10.6
2020-06-22,2020.474,69.5,-112.0,-8.3,2.6,2.9,11.3
2020-06-23,2020.4768,68.5,-111.4,-3.3,2.7,3.1,11.7
2020-06-24,2020.4795,69.9,-112.5,-9.3,3.2,3.7,13.3
2020-06-25,2020.4822,68.2,-111.0,6.1,2.8,3.2,11.6
2020-06-26,2020.485,69.4,-111.6,-1.7,2.6,3.0,11.5
2020-06-27,2020.4877,69.9,-113.6,-4.9,2.4,2.8,10.4
2020-06-28,2020.4904,70.1,-112.3,-5.0,2.5,2.8,11.0
2020-06-29,2020.4932,70.0,-113.9,-5.6,2.6,2.9,11.4
2020-06-30,2020.4959,68.6,-110.1,-2.1,2.8,3.3,11.7
2020-07-01,2020.4986,68.8,-110.3,-12.1,3.3,3.7,14.1
2020-07-02,2020.5014,69.0,-111.3,-7.2,2.6,2.9,11.3
2020-07-03,2020.5041,67.2,-110.5,-9.2,2.5,2.8,11.5
2020-07-04,2020.5068,67.8,-111.4,-4.7,2.7,3.1,11.4
2020-07-05,2020.5096,68.0,-109.7,-8.1,2.7,3.1,11.2
2020-07-06,2020.5123,68.5,-110.0,-8.5,2.6,2.9,11.3
2020-07-07,2020.515,68.5,-111.5,-6.0,2.5,2.9,10.7
2020-07-08,2020.5178,69.5,-109.1,-3.5,2.5,3.0,11.2
2020-07-09,2020.5205,68.2,-111.4,0.2,2.8,3.2,11.6
2020-07-10,2020.5232,70.1,-112.1,-0.0,2.7,3.2,11.4
2020-07-11,2020.526,70.5,-111.0,-0.4,2.5,2.9,10.8
2020-07-12,2020.5287,69.3,-110.3,-3.8,2.8,3.2,12.0
2020-07-13,2020.5314,69.5,-109.2,-5.6,2.5,3.0,11.3
2020-07-14,2020.5342,69.5,-111.9,-15.1,2.6,3.0,11.9
2020-07-15,2020.5369,68.7,-111.1,-12.6,2.5,2.9,10.9
2020-07-16,2020.5396,69.8,-112.1,-9.8,2.7,3.2,11.7
2020-07-17,2020.5423,68.2,-110.6,-12.0,2.6,3.1,11.3
2020-07-18,2020.5451,68.1,-111.2,-5.4,2.7,3.2,11.5
2020-07-19,2020.5478,67.0,-112.2,-11.8,2.8,3.3,11.7
2020-07-20,2020.5505,66.9,-109.6,-16.6,2.7,3.2,11.8
2020-07-21,2020.5533,67.3,-111.0,-15.6,2.6,3.0,11.1
2020-07-22,2020.556,66.5,-113.3,-16.9,2.6,3.1,11.2
2020-07-23,2020.5587,68.6,-113.3,-14.7,2.8,3.3,11.2
2020-07-24,2020.5615,68.4,-111.3,-12.9,2.5,2.9,11.0
2020-07-25,2020.5642,69.4,-110.6,-9.4,2.7,3.3,12.0
2020-07-26,2020.5669,69.1,-112.2,-15.5,2.6,3.0,11.8
2020-07-27,2020.5697,67.0,-108.7,-12.6,2.7,3.2,12.2
2020-07-28,2020.5724,66.5,-108.8,-12.9,2.6,3.1,11.5
2020-07-29,2020.5751,66.9,-108.5,-8.6,2.8,3.3,11.8
2020-07-30,2020.5779,66.7,-109.4,-7.4,3.4,3.9,12.9
2020-07-31,2020.5806,67.0,-110.9,-15.4,2.9,3.5,12.5
2020-08-01,2020.5833,65.6,-108.5,-16.2,3.1,3.6,12.9
2020-08-02,2020.5861,64.6,-111.7,-6.8,3.1,3.5,13.9
2020-08-03,2020.5888,67.7,-110.6,-9.5,3.2,3.6,13.7
2020-08-04,2020.5915,65.3,-109.6,-19.9,2.9,3.4,12.8
2020-08-05,2020.5943,65.4,-108.8,-18.8,2.9,3.4,13.1
2020-08-06,2020.597,66.5,-110.2,-12.6,3.1,3.6,13.1
2020-08-07,2020.5997,64.8,-110.6,-22.1,3.5,4.1,15.4
2020-08-08,2020.6025,67.6,-110.3,-16.1,2.9,3.5,12.4
2020-08-09,2020.6052,65.9,-110.8,-14.1,3.0,3.4,12.6
2020-08-10,2020.6079,67.2,-111.3,-16.8,2.9,3.5,12.3
2020-08-11,2020.6107,65.8,-109.9,-10.7,3.0,3.6,12.4
2020-08-12,2020.6134,65.3,-110.1,-7.4,2.7,3.2,12.2
2020-08-13,2020.6161,63.9,-110.3,-13.1,2.6,3.1,11.4
2020-08-14,2020.6189,65.4,-109.5,-18.1,2.7,3.2,12.2
2020-08-15,2020.6216,64.8,-109.8,-12.4,2.5,2.9,10.8
2020-08-16,2020.6243,62.2,-109.2,-14.8,2.9,3.3,11.9
2020-08-17,2020.627,65.0,-108.4,-19.8,2.7,3.3,11.8
2020-08-18,2020.6298,64.6,-109.5,-17.7,2.4,2.8,10.9
2020-08-19,2020.6325,63.4,-108.8,-20.3,2.6,3.1,11.3
2020-08-20,2020.6352,64.1,-109.6,-21.3,2.6,3.0,12.1
2020-08-21,2020.638,64.5,-110.9,-21.4,2.7,3.2,12.3
2020-08-22,2020.6407,66.2,-109.2,-23.7,2.7,3.2,12.2
2020-08-23,2020.6434,64.1,-110.2,-17.8,2.7,3.2,11.5
2020-08-24,2020.6462,63.2,-107.7,-17.6,2.7,3.5,12.0
2020-08-25,2020.6489,63.6,-108.3,-15.7,2.6,3.2,11.7
2020-08-26,2020.6516,64.6,-110.0,-21.1,2.8,3.4,12.3
2020-08-27,2020.6544,64.3,-110.2,-14.5,3.0,3.7,12.7
2020-08-28,2020.6571,64.0,-108.2,-13.3,2.8,3.3,12.1
2020-08-29,2020.6598,65.4,-108.6,-18.2,2.8,3.4,12.3
2020-08-30,2020.6626,62.2,-108.3,-16.3,2.8,3.4,11.9
2020-08-31,2020.6653,64.4,-108.0,-17.8,2.9,3.4,12.0
2020-09-01,2020.668,62.9,-109.0,-21.7,2.7,3.4,11.7
2020-09-02,2020.6708,63.7,-108.6,-15.0,2.9,3.6,13.4
2020-09-03,2020.6735,60.0,-105.6,-15.4,2.8,3.5,11.4
2020-09-04,2020.6762,62.1,-107.7,-24.2,3.3,3.9,12.8
2020-09-05,2020.679,61.6,-105.9,-20.0,2.6,3.1,11.1
2020-09-06,2020.6817,62.7,-107.4,-20.0,2.8,3.3,12.1
2020-09-07,2020.6844,62.7,-105.4,-17.2,2.7,3.2,11.4
2020-09-08,2020.6872,62.9,-106.1,-20.4,2.6,3.1,11.2
2020-09-09,2020.6899,62.4,-107.2,-26.1,2.5,3.0,11.4
2020-09-10,2020.6926,62.3,-106.1,-23.6,2.9,3.5,11.8
2020-09-11,2020.6954,62.9,-104.8,-22.9,2.9,3.4,12.3
2020-09-12,2020.6981,62.3,-104.5,-17.6,2.9,3.4,12.4
2020-09-13,2020.7008,62.4,-104.1,-17.9,2.6,3.1,11.3
2020-09-14,2020.7036,63.5,-105.0,-15.8,2.8,3.4,11.8
2020-09-15,2020.7063,63.0,-104.3,-17.4,2.6,3.2,11.4
2020-09-16,2020.709,62.7,-103.2,-15.8,2.5,3.0,10.9
2020-09-17,2020.7117,62.6,-104.4,-22.1,2.9,3.6,12.3
2020-09-18,2020.7145,61.4,-104.5,-22.3,2.7,3.4,11.3
2020-09-19,2020.7172,63.1,-105.7,-17.2,2.6,3.1,11.3
2020-09-20,2020.7199,62.0,-105.0,-12.7,2.6,3.3,11.4
2020-09-21,2020.7227,62.1,-104.7,-21.0,2.8,3.3,11.9
2020-09-22,2020.7254,61.4,-103.1,-17.2,2.7,3.2,12.0
2020-09-23,2020.7281,60.9,-105.3,-18.4,2.6,3.1,11.7
2020-09-24,2020.7309,60.4,-104.0,-21.3,2.5,2.9,10.8
2020-09-25,2020.7336,61.1,-105.5,-22.1,2.8,3.5,11.8
2020-09-26,2020.7363,59.4,-103.2,-17.8,2.6,3.3,11.2
2020-09-27,2020.7391,60.0,-105.8,-19.8,2.6,3.1,11.1
2020-09-28,2020.7418,59.4,-104.5,-18.5,2.6,3.1,11.6
2020-09-29,2020.7445,60.2,-103.4,-11.3,2.5,3.1,10.9
2020-09-30,2020.7473,61.0,-102.5,-16.6,2.7,3.3,11.8
2020-10-01,2020.75,59.8,-102.3,-18.8,2.8,3.6,12.1
2020-10-02,2020.7527,60.8,-103.7,-18.8,2.5,3.1,10.9
2020-10-03,2020.7555,58.0,-103.0,-15.3,2.7,3.3,11.25
2020-10-04,2020.7582,61.0,-103.4,-11.8,2.6,3.1,11.6
2020-10-05,2020.7609,59.1,-101.8,-13.4,2.5,3.1,11.1
2020-10-06,2020.7637,58.1,-102.9,-19.2,2.6,3.1,11.4
2020-10-07,2020.7664,58.0,-100.0,-17.8,2.7,3.3,11.7
2020-10-08,2020.7691,59.2,-102.8,-19.2,2.8,3.5,11.9
2020-10-09,2020.7719,58.7,-100.9,-17.8,2.5,3.0,11.3
2020-10-10,2020.7746,58.4,-102.2,-16.4,2.5,2.9,10.7
2020-10-11,2020.7773,57.5,-100.0,-16.8,2.7,3.1,11.0
2020-10-12,2020.7801,57.6,-99.9,-18.1,2.6,3.1,10.8
2020-10-13,2020.7828,59.4,-101.1,-16.7,2.6,3.2,11.0
2020-10-14,2020.7855,60.5,-102.6,-15.7,2.5,2.9,11.0
2020-10-15,2020.7883,59.7,-101.2,-18.0,2.6,3.1,10.8
2020-10-16,2020.791,58.1,-99.4,-14.1,2.8,3.2,11.3
2020-10-17,2020.7937,60.7,-100.1,-8.9,2.6,3.0,11.3
2020-10-18,2020.7964,59.1,-102.6,-18.7,2.6,3.1,11.2
2020-10-19,2020.7992,57.7,-101.8,-13.0,2.7,3.2,12.2
2020-10-20,2020.8019,57.7,-101.4,-20.0,2.7,3.2,12.2
2020-10-21,2020.8046,58.8,-102.1,-15.0,2.6,3.2,11.4
2020-10-22,2020.8074,56.9,-102.1,-14.2,2.5,3.1,10.6
2020-10-23,2020.8101,56.9,-101.9,-14.4,2.4,2.8,10.2
2020-10-24,2020.8128,56.6,-101.0,-13.9,2.7,3.3,11.7
2020-10-25,2020.8156,57.7,-101.8,-16.9,2.7,3.1,11.9
2020-10-26,2020.8183,57.1,-102.7,-12.5,2.4,2.8,10.2
2020-10-27,2020.821,57.4,-102.7,-10.2,2.6,3.1,11.3
2020-10-28,2020.8238,57.9,-100.5,-16.4,2.6,2.9,10.8
2020-10-29,2020.8265,58.5,-103.0,-13.8,2.5,2.9,11.1
2020-10-30,2020.8292,58.3,-101.3,-12.0,2.6,3.2,10.8
2020-10-31,2020.832,58.0,-104.2,-12.0,2.6,3.0,11.1
2020-11-01,2020.8347,58.4,-102.3,-9.0,2.4,2.9,10.4
2020-11-02,2020.8374,59.2,-101.8,-14.4,2.7,3.2,11.4
2020-11-03,2020.8402,57.7,-99.5,-20.3,2.7,3.1,11.6
2020-11-04,2020.8429,56.9,-102.4,-14.1,2.6,3.1,11.3
2020-11-05,2020.8456,57.6,-100.5,-14.3,2.6,3.1,10.9
2020-11-06,2020.8484,57.0,-100.4,-12.5,2.4,2.8,10.0
2020-11-07,2020.8511,56.7,-98.6,-15.7,2.5,2.9,10.2
2020-11-08,2020.8538,58.7,-99.6,-13.2,2.4,2.8,10.2
2020-11-09,2020.8566,57.5,-100.1,-13.8,2.3,2.6,9.8
2020-11-10,2020.8593,57.4,-99.0,-15.2,2.5,3.0,10.8
2020-11-11,2020.862,57.2,-98.2,-11.2,2.5,2.9,10.3
2020-11-12,2020.8648,57.9,-99.6,-17.6,2.4,2.8,10.3
2020-11-13,2020.8675,56.8,-100.1,-10.7,2.6,3.0,10.8
2020-11-14,2020.8702,55.9,-99.3,-17.4,2.5,2.9,10.4
2020-11-15,2020.873,57.2,-99.1,-12.6,2.4,3.1,10.4
2020-11-16,2020.8757,55.1,-99.6,-12.7,2.4,2.9,10.4
2020-11-17,2020.8784,56.4,-98.4,-13.0,2.5,2.9,10.4
2020-11-18,2020.8811,56.0,-95.9,-13.3,2.7,3.3,10.4
2020-11-19,2020.8839,55.7,-96.7,-13.6,2.3,2.7,10.4
2020-11-20,2020.8866,56.5,-97.1,-13.9,2.5,3.0,10.4
2020-11-21,2020.8893,58.3,-98.7,-14.2,2.4,2.9,10.4
2020-11-22,2020.8921,58.2,-98.3,-13.05,2.5,3.1,10.5
2020-11-23,2020.8948,55.6,-98.1,-11.9,2.5,3.0,10.6
2020-11-24,2020.8975,55.7,-97.5,-10.2,2.7,3.2,11.2
2020-11-25,2020.9003,56.8,-96.6,-9.9,2.6,3.2,10.9
2020-11-26,2020.903,57.2,-97.7,-10.1,2.3,2.8,10.0
2020-11-27,2020.9057,55.9,-98.6,-14.0,2.6,3.0,11.2
2020-11-28,2020.9085,55.3,-98.7,-12.5,2.2,2.7,9.9
2020-11-29,2020.9112,56.5,-97.0,-7.5,2.4,3.0,10.2
2020-11-30,2020.9139,55.9,-97.3,-12.4,2.4,2.8,10.3
2020-12-01,2020.9167,55.5,-98.5,-9.4,2.5,3.0,10.3
2020-12-02,2020.9194,55.3,-97.3,-9.2,2.4,2.9,10.4
2020-12-03,2020.9221,55.7,-96.0,-8.2,2.5,3.0,10.3
2020-12-04,2020.9249,53.3,-96.1,-12.1,2.5,3.0,10.5
2020-12-05,2020.9276,54.2,-95.0,-5.0,2.3,2.7,9.8
2020-12-06,2020.9303,56.8,-95.5,-10.4,2.4,2.9,9.9
2020-12-07,2020.9331,54.2,-93.4,-8.5,2.3,2.6,9.9
2020-12-08,2020.9358,57.0,-96.9,-5.7,2.4,2.8,10.0
2020-12-09,2020.9385,55.5,-96.0,-9.4,2.4,2.9,9.9
2020-12-10,2020.9413,56.0,-96.8,-6.6,2.4,2.7,10.0
2020-12-11,2020.944,56.8,-96.0,-3.0,2.2,2.6,9.6
2020-12-12,2020.9467,55.9,-96.4,-2.0,2.3,2.6,10.1
2020-12-13,2020.9495,56.0,-96.4,1.6,2.4,2.8,10.3
2020-12-14,2020.9522,55.5,-98.2,-1.8,2.4,2.8,10.1
2020-12-15,2020.9549,56.2,-96.0,-2.4,2.5,3.0,10.3
2020-12-16,2020.9577,56.6,-97.2,-2.6,2.5,2.9,10.3
2020-12-17,2020.9604,54.5,-96.6,-3.6,2.3,2.6,9.8
2020-12-18,2020.9631,56.7,-97.1,-5.8,2.4,2.9,9.9
2020-12-19,2020.9658,54.7,-95.1,-1.7,2.2,2.5,9.2
2020-12-20,2020.9686,56.3,-94.9,-6.2,2.3,2.6,9.6
2020-12-21,2020.9713,57.1,-94.6,-4.8,2.2,2.5,9.4
2020-12-22,2020.974,56.3,-95.2,-3.3,2.5,2.8,9.9
2020-12-23,2020.9768,54.9,-93.9,1.6,2.4,2.7,9.9
2020-12-24,2020.9795,55.3,-94.3,1.6,2.5,2.8,10.0
2020-12-25,2020.9822,53.6,-93.5,1.4,2.6,2.9,10.2
2020-12-26,2020.985,55.3,-96.2,-1.9,2.3,2.7,9.6
2020-12-27,2020.9877,54.0,-96.9,3.1,2.4,2.8,9.5
2020-12-28,2020.9904,53.1,-92.7,0.8,2.4,2.8,9.7
2020-12-29,2020.9932,56.5,-95.7,-4.5,2.3,2.6,9.4
2020-12-30,2020.9959,55.7,-95.4,-0.6,2.3,2.6,9.3
2020-12-31,2020.9986,56.3,-94.9,-4.7,2.4,2.7,9.8
2021-01-01,2021.0014,56.1,-95.5,4.0,2.2,2.6,9.3
2021-01-02,2021.0041,56.1,-93.9,4.4,2.2,2.6,9.3
2021-01-03,2021.0068,56.6,-93.8,0.8,2.2,2.5,9.1
2021-01-04,2021.0096,56.8,-94.5,2.8,2.3,2.6,9.5
2021-01-05,2021.0123,52.5,-89.2,5.65,1.8,2.0,8.45
2021-01-06,2021.0151,55.9,-89.6,8.5,1.9,2.1,7.4
2021-01-07,2021.0178,55.9,-91.1,1.6,2.4,2.7,9.9
2021-01-08,2021.0205,55.6,-93.0,5.4,2.2,2.5,8.9
2021-01-09,2021.0233,55.0,-91.5,5.6,2.3,2.6,9.5
2021-01-10,2021.026,54.6,-92.0,1.6,2.5,2.9,10.0
2021-01-11,2021.0288,54.4,-91.5,1.3,1.7,1.9,6.5
2021-01-12,2021.0315,54.1,-95.9,1.2,2.2,2.5,9.1
2021-01-13,2021.0342,54.7,-93.2,4.5,2.2,2.4,9.0
2021-01-14,2021.037,55.7,-92.8,5.6,2.1,2.4,8.9
2021-01-15,2021.0397,55.8,-91.4,5.6,2.2,2.5,9.1
2021-01-16,2021.0425,55.7,-90.7,2.4,2.4,2.6,9.6
2021-01-17,2021.0452,55.0,-90.4,-5.2,2.2,2.6,9.1
2021-01-18,2021.0479,53.9,-91.2,3.9,2.2,2.5,9.2
2021-01-19,2021.0507,55.2,-91.3,5.6,2.1,2.4,8.8
2021-01-20,2021.0534,52.7,-91.4,3.5,2.3,2.6,9.4
2021-01-21,2021.0562,53.4,-89.9,0.8,1.9,2.1,9.2
2021-01-22,2021.0589,53.4,-90.2,-1.9,2.2,2.5,9.0
2021-01-23,2021.0616,53.7,-92.1,0.8,2.3,2.6,9.3
2021-01-24,2021.0644,54.0,-91.6,6.6,2.3,2.6,9.5
2021-01-25,2021.0671,52.0,-91.4,2.5,2.2,2.5,9.2
2021-01-26,2021.0699,54.1,-93.6,2.6,2.3,2.6,9.8
2021-01-27,2021.0726,53.4,-91.4,-2.2,2.3,2.6,9.4
2021-01-28,2021.0753,53.9,-92.3,1.2,2.1,2.4,9.0
2021-01-29,2021.0781,55.8,-88.7,1.2,2.3,2.5,9.3
2021-01-30,2021.0808,54.1,-92.2,6.8,2.3,2.6,9.5
2021-01-31,2021.0836,55.6,-89.9,3.7,1.7,1.9,6.7
2021-02-01,2021.0863,54.9,-91.3,-2.4,2.2,2.5,9.2
2021-02-02,2021.089,55.4,-93.1,5.1,2.2,2.5,8.9
2021-02-03,2021.0918,55.6,-92.4,1.6,2.2,2.5,9.2
2021-02-04,2021.0945,54.2,-92.6,5.7,2.2,2.5,9.2
2021-02-05,2021.0973,55.1,-93.2,1.5,1.7,1.9,6.8
2021-02-06,2021.1,55.1,-91.0,9.5,2.2,2.5,9.4
2021-02-07,2021.1027,54.9,-91.8,9.9,2.3,2.5,9.4
2021-02-08,2021.1055,52.5,-91.8,9.9,2.2,2.4,9.3
2021-02-09,2021.1082,54.1,-91.3,4.2,2.4,2.7,9.6
2021-02-10,2021.111,55.2,-90.6,7.4,2.4,2.8,10.0
2021-02-11,2021.1137,55.0,-91.3,6.9,2.5,2.8,10.4
2021-02-12,2021.1164,55.8,-91.7,6.5,2.3,2.6,9.6
2021-02-13,2021.1192,55.8,-91.1,9.8,2.4,2.7,9.8
2021-02-14,2021.1219,55.7,-91.4,11.9,1.8,2.1,7.0
2021-02-15,2021.1247,55.5,-89.8,4.6,1.8,2.0,7.3
2021-02-16,2021.1274,53.6,-91.6,8.4,2.2,2.4,9.1
2021-02-17,2021.1301,53.8,-91.6,1.2,1.7,2.0,6.9
2021-02-18,2021.1329,52.6,-92.3,8.8,2.4,2.7,9.9
2021-02-19,2021.1356,53.5,-90.3,4.5,2.1,2.4,8.9
2021-02-20,2021.1384,52.3,-93.5,2.5,2.2,2.6,9.5
2021-02-21,2021.1411,51.6,-93.0,8.3,2.2,2.6,9.5
2021-02-22,2021.1438,53.3,-92.7,7.2,2.2,2.5,9.3
2021-02-23,2021.1466,52.8,-92.6,11.7,2.3,2.7,9.8
2021-02-24,2021.1493,52.6,-88.5,12.5,2.3,2.6,9.7
2021-02-25,2021.1521,52.8,-90.0,11.9,2.2,2.5,9.6
2021-02-26,2021.1548,53.5,-88.8,7.8,2.2,2.5,9.4
2021-02-27,2021.1575,54.6,-91.7,8.7,2.4,2.7,10.1
2021-02-28,2021.1603,52.8,-86.0,4.9,2.4,2.8,10.2
2021-03-01,2021.163,54.3,-86.8,2.2,1.8,2.1,7.2
2021-03-02,2021.1658,53.5,-88.8,9.3,1.8,2.0,7.0
2021-03-03,2021.1685,54.4,-88.7,2.3,2.4,2.8,9.6
2021-03-04,2021.1712,54.8,-90.3,10.8,2.3,2.7,9.6
2021-03-05,2021.174,55.0,-87.2,6.6,2.3,2.7,9.7
2021-03-06,2021.1767,52.5,-86.9,0.4,2.4,2.7,9.8
2021-03-07,2021.1795,53.2,-88.5,6.1,2.3,2.6,9.6
2021-03-08,2021.1822,53.3,-87.3,4.5,2.4,2.8,9.8
2021-03-09,2021.1849,54.7,-87.6,3.8,2.3,2.7,9.85
2021-03-10,2021.1877,54.8,-90.4,3.1,2.4,2.7,9.9
2021-03-11,2021.1904,54.3,-90.0,7.2,2.3,2.6,9.7
2021-03-12,2021.1932,52.9,-88.6,2.5,2.3,2.6,9.6
2021-03-13,2021.1959,54.8,-88.6,5.1,2.3,2.6,9.6
2021-03-14,2021.1986,55.9,-87.4,11.1,2.5,2.8,10.3
2021-03-15,2021.2014,55.8,-88.3,3.2,2.4,2.7,10.0
2021-03-16,2021.2041,55.2,-89.5,12.9,1.9,2.1,7.4
2021-03-17,2021.2068,56.1,-88.2,13.5,2.4,2.7,10.0
2021-03-18,2021.2096,54.6,-87.5,16.1,1.9,2.1,7.1
2021-03-19,2021.2123,56.5,-87.0,10.4,2.4,2.8,9.8
2021-03-20,2021.2151,54.3,-86.1,19.4,2.4,3.0,10.2
2021-03-21,2021.2178,55.1,-84.7,7.9,2.5,2.9,10.5
2021-03-22,2021.2205,54.9,-84.4,4.0,2.7,3.1,11.0
2021-03-23,2021.2233,54.0,-85.3,5.0,2.4,3.0,10.3
2021-03-24,2021.226,53.1,-83.6,6.5,2.6,3.2,10.6
2021-03-25,2021.2288,54.1,-83.6,12.5,2.5,2.9,10.7
2021-03-26,2021.2315,55.2,-86.0,19.1,2.5,2.9,10.6
2021-03-27,2021.2342,54.6,-85.7,8.4,1.9,2.1,7.2
2021-03-28,2021.237,55.6,-85.2,8.7,2.5,3.0,10.6
2021-03-29,2021.2397,54.9,-81.6,19.3,2.5,2.9,10.8
2021-03-30,2021.2425,54.2,-83.3,19.6,2.4,2.8,10.2
2021-03-31,2021.2452,53.7,-82.5,21.1,2.5,2.9,10.4
2021-04-01,2021.2479,55.6,-80.2,20.9,2.5,2.9,10.8
2021-04-02,2021.2507,56.9,-80.7,18.6,2.0,2.3,7.8
2021-04-03,2021.2534,52.9,-84.3,12.3,2.4,2.7,10.6
2021-04-04,2021.2562,55.6,-85.9,15.0,2.4,2.8,10.0
2021-04-05,2021.2589,55.6,-83.7,13.6,2.3,2.7,9.5
2021-04-06,2021.2616,53.7,-85.7,5.7,2.3,2.6,10.1
2021-04-07,2021.2644,54.9,-83.8,15.1,2.5,2.8,10.6
2021-04-08,2021.2671,56.0,-82.1,3.1,2.4,2.7,10.4
2021-04-09,2021.2699,53.0,-82.3,6.7,2.6,2.9,10.9
2021-04-10,2021.2726,54.8,-83.3,8.1,2.7,3.1,11.4
2021-04-11,2021.2753,55.0,-83.9,8.3,2.0,2.2,8.1
2021-04-12,2021.2781,55.1,-83.2,0.9,2.4,2.8,10.3
2021-04-13,2021.2808,54.4,-85.2,8.2,2.7,3.2,11.1
2021-04-14,2021.2836,54.1,-83.1,13.4,2.6,2.9,10.6
2021-04-15,2021.2863,55.1,-84.2,5.5,2.6,2.9,10.9
2021-04-16,2021.289,53.8,-85.4,7.7,2.4,2.7,9.9
2021-04-17,2021.2918,51.3,-82.9,6.3,2.6,3.0,10.3
2021-04-18,2021.2945,52.9,-83.8,8.8,2.4,2.7,10.3
2021-04-19,2021.2973,52.3,-80.1,8.7,2.8,3.3,11.3
2021-04-20,2021.3,51.7,-78.4,8.9,3.0,3.5,12.0
2021-04-21,2021.3027,53.0,-82.9,3.6,2.8,3.2,11.3
2021-04-22,2021.3055,53.8,-82.1,12.0,2.9,3.4,12.2
2021-04-23,2021.3082,54.4,-82.7,5.8,2.6,2.9,10.8
2021-04-24,2021.311,54.7,-84.0,1.2,2.5,2.8,10.3
2021-04-25,2021.3137,52.7,-82.8,-1.9,2.5,2.8,10.3
2021-04-26,2021.3164,51.7,-80.5,6.9,2.4,2.7,10.3
2021-04-27,2021.3192,53.0,-80.5,-2.5,2.6,3.1,10.8
2021-04-28,2021.3219,52.2,-80.9,3.5,2.5,2.8,10.8
2021-04-29,2021.3247,51.1,-83.4,6.9,2.4,2.6,10.2
2021-04-30,2021.3274,52.1,-83.8,6.5,2.5,2.9,10.6
2021-05-01,2021.3301,50.6,-82.1,1.6,2.5,2.8,10.4
2021-05-02,2021.3329,51.8,-81.4,5.1,2.6,3.0,10.6
2021-05-03,2021.3356,52.8,-84.4,5.8,2.5,2.8,10.7
2021-05-04,2021.3384,50.9,-82.8,3.5,2.5,2.9,10.7
2021-05-05,2021.3411,54.0,-80.8,2.8,2.6,3.0,10.9
2021-05-06,2021.3438,53.2,-80.4,5.6,2.8,3.3,11.6
2021-05-07,2021.3466,51.2,-82.8,2.1,2.6,3.1,11.3
2021-05-08,2021.3493,52.0,-81.6,8.6,2.6,3.0,10.9
2021-05-09,2021.3521,51.0,-80.1,8.1,2.8,3.2,11.6
2021-05-10,2021.3548,54.1,-78.5,10.1,2.6,2.9,11.2
2021-05-11,2021.3575,51.5,-81.0,9.8,2.5,2.8,10.8
2021-05-12,2021.3603,52.4,-81.3,8.5,2.4,2.7,10.3
2021-05-13,2021.363,54.4,-79.7,6.4,2.6,2.9,10.7
2021-05-14,2021.3658,51.2,-81.0,4.6,2.5,2.8,10.5
2021-05-15,2021.3685,50.7,-79.9,-0.4,2.7,3.0,11.2
2021-05-16,2021.3712,52.4,-80.8,6.0,2.6,2.9,10.9
2021-05-17,2021.374,53.6,-78.5,2.4,2.0,2.2,7.9
2021-05-18,2021.3767,52.3,-80.1,2.2,2.5,2.8,10.4
2021-05-19,2021.3795,51.6,-80.2,3.07,2.6,3.0,10.63
2021-05-20,2021.3822,53.2,-80.8,3.93,2.5,2.9,10.87
2021-05-21,2021.3849,51.4,-79.7,4.8,2.5,2.9,11.1
2021-05-22,2021.3877,51.6,-78.5,12.9,2.5,2.8,10.8
2021-05-23,2021.3904,53.8,-81.6,2.9,2.7,3.1,11.3
2021-05-24,2021.3932,54.4,-82.0,6.8,2.5,2.8,11.0
2021-05-25,2021.3959,52.4,-81.1,11.4,2.6,2.9,11.4
2021-05-26,2021.3986,52.4,-80.2,13.3,2.5,2.8,10.8
2021-05-27,2021.4014,51.1,-79.8,16.2,2.6,2.9,11.2
2021-05-28,2021.4041,51.8,-81.5,11.3,2.6,3.0,11.1
2021-05-29,2021.4068,51.9,-80.7,11.3,2.6,3.0,11.2
2021-05-30,2021.4096,50.3,-79.6,17.9,2.1,2.4,8.4
2021-05-31,2021.4123,52.8,-80.7,19.0,2.7,3.0,11.3
2021-06-01,2021.4151,50.7,-80.3,13.2,2.0,2.3,8.2
2021-06-02,2021.4178,51.8,-81.6,6.3,2.6,3.0,11.7
2021-06-03,2021.4205,50.4,-80.1,7.0,2.7,3.1,11.4
2021-06-04,2021.4233,51.9,-78.6,16.4,2.6,2.9,11.2
2021-06-05,2021.426,52.4,-77.0,10.1,2.9,3.5,11.4
2021-06-06,2021.4288,50.4,-79.2,6.1,2.7,3.1,11.0
2021-06-07,2021.4315,50.5,-80.6,-2.7,3.1,3.3,13.6
2021-06-08,2021.4342,51.3,-81.5,8.1,2.1,2.4,8.9
2021-06-09,2021.437,53.6,-78.8,9.1,2.6,3.1,11.3
2021-06-10,2021.4397,51.8,-79.7,8.6,2.5,2.9,10.9
2021-06-11,2021.4425,50.4,-82.1,0.3,2.6,3.2,10.7
2021-06-12,2021.4452,49.6,-76.8,13.1,2.7,3.1,11.5
2021-06-13,2021.4479,48.9,-79.6,10.3,2.9,3.3,11.5
2021-06-14,2021.4507,50.3,-81.1,9.8,2.9,3.3,11.7
2021-06-15,2021.4534,49.8,-78.5,7.0,2.6,2.8,11.4
2021-06-16,2021.4562,50.5,-79.6,1.8,2.1,2.3,8.5
2021-06-17,2021.4589,47.5,-75.5,11.7,2.8,3.2,12.4
2021-06-18,2021.4616,49.1,-79.0,12.1,2.6,3.1,11.6
2021-06-19,2021.4644,52.9,-82.6,2.0,2.6,3.0,11.6
2021-06-20,2021.4671,50.8,-79.7,6.9,2.6,3.1,11.3
2021-06-21,2021.4699,50.2,-80.2,4.4,2.8,3.2,11.3
2021-06-22,2021.4726,50.5,-80.4,1.9,2.6,3.1,11.3
2021-06-23,2021.4753,52.0,-81.6,7.0,2.6,3.1,10.9
2021-06-24,2021.4781,50.3,-78.6,3.8,2.6,3.1,11.2
2021-06-25,2021.4808,52.1,-79.2,3.9,2.7,3.2,11.5
2021-06-26,2021.4836,52.2,-79.3,6.2,2.7,3.2,11.3
2021-06-27,2021.4863,51.6,-81.3,11.0,2.8,3.2,11.7
2021-06-28,2021.489,49.0,-79.5,11.6,2.6,3.0,11.5
2021-06-29,2021.4918,51.9,-80.2,11.4,2.7,3.1,11.9
2021-06-30,2021.4945,53.5,-79.5,8.1,2.8,3.2,11.6
2021-07-01,2021.4973,53.9,-77.4,14.2,2.1,2.3,8.6
2021-07-02,2021.5,48.4,-75.5,12.8,2.6,2.9,10.9
2021-07-03,2021.5027,52.5,-80.7,8.3,2.7,3.1,11.4
2021-07-04,2021.5055,50.7,-77.4,2.5,2.6,2.9,10.9
2021-07-05,2021.5082,51.7,-77.2,2.0,2.8,3.1,11.8
2021-07-06,2021.511,51.1,-77.6,1.8,2.6,2.9,11.2
2021-07-07,2021.5137,50.1,-81.4,10.8,2.9,3.4,13.1
2021-07-08,2021.5164,48.7,-76.7,-1.9,2.8,3.2,12.3
2021-07-09,2021.5192,50.2,-78.1,5.3,2.8,3.2,11.9
2021-07-10,2021.5219,49.7,-77.4,2.0,2.6,2.9,11.1
2021-07-11,2021.5247,51.2,-79.1,-1.5,2.6,3.0,11.2
2021-07-12,2021.5274,50.4,-78.0,-6.2,2.9,3.4,12.4
2021-07-13,2021.5301,48.9,-79.4,-1.7,2.1,2.3,8.1
2021-07-14,2021.5329,48.7,-78.5,1.7,2.8,3.2,11.3
2021-07-15,2021.5356,49.6,-79.1,-4.7,2.1,2.3,8.4
2021-07-16,2021.5384,50.4,-77.0,8.6,2.6,2.9,11.3
2021-07-17,2021.5411,50.9,-75.3,5.4,2.9,3.3,12.8
2021-07-18,2021.5438,50.0,-80.4,7.6,2.9,3.3,12.9
2021-07-19,2021.5466,52.2,-79.1,8.4,2.9,3.4,13.0
2021-07-20,2021.5493,49.4,-78.0,3.4,2.9,3.2,12.5
2021-07-21,2021.5521,47.7,-77.7,0.0,2.7,3.0,11.5
2021-07-22,2021.5548,47.9,-75.1,10.2,3.1,3.6,13.0
2021-07-23,2021.5575,50.4,-80.4,-4.2,2.9,3.3,12.3
2021-07-24,2021.5603,49.9,-78.6,4.4,3.1,3.6,13.5
2021-07-25,2021.563,50.6,-79.7,-1.2,2.4,2.7,10.0
2021-07-26,2021.5658,47.5,-77.3,-2.7,2.9,3.4,12.6
2021-07-27,2021.5685,50.2,-79.0,7.0,2.7,3.1,11.6
2021-07-28,2021.5712,48.7,-76.1,-4.1,2.7,3.1,11.6
2021-07-29,2021.574,49.7,-78.0,1.5,2.0,2.3,8.1
2021-07-30,2021.5767,50.0,-79.9,5.3,2.1,2.4,8.6
2021-07-31,2021.5795,50.3,-78.8,2.6,2.8,3.2,12.6
2021-08-01,2021.5822,48.9,-80.3,-3.9,2.7,3.1,12.1
2021-08-02,2021.5849,47.6,-79.1,-4.2,2.8,3.2,12.8
2021-08-03,2021.5877,46.9,-78.8,-3.7,2.6,2.9,12.6
2021-08-04,2021.5904,46.8,-77.3,-3.2,2.8,3.2,12.4
2021-08-05,2021.5932,49.9,-78.9,-2.1,3.0,3.5,13.4
2021-08-06,2021.5959,46.5,-77.8,2.7,2.8,3.4,12.3
2021-08-07,2021.5986,47.4,-79.1,1.0,2.7,3.1,12.0
2021-08-08,2021.6014,49.1,-80.2,-0.3,3.0,3.6,12.7
2021-08-09,2021.6041,47.4,-80.0,-8.4,2.6,2.9,11.5
2021-08-10,2021.6068,46.8,-79.1,-7.5,2.8,3.3,12.2
2021-08-11,2021.6096,47.1,-78.3,-10.8,2.1,2.5,9.1
2021-08-12,2021.6123,47.5,-79.9,-11.7,2.7,3.1,12.2
2021-08-13,2021.6151,45.6,-77.8,-4.7,2.7,3.1,11.9
2021-08-14,2021.6178,45.3,-77.6,-9.0,2.6,3.1,11.7
2021-08-15,2021.6205,47.2,-74.5,-4.0,2.5,3.1,11.2
2021-08-16,2021.6233,45.2,-81.6,-13.5,3.2,3.8,14.1
2021-08-17,2021.626,45.2,-75.4,-11.5,2.5,3.0,11.5
2021-08-18,2021.6288,47.5,-77.7,-12.9,2.6,3.1,11.6
2021-08-19,2021.6315,44.6,-76.6,-9.6,2.6,3.0,11.6
2021-08-20,2021.6342,44.7,-73.2,-13.6,2.9,3.4,12.1
2021-08-21,2021.637,45.2,-77.0,-9.7,2.6,3.1,11.9
2021-08-22,2021.6397,44.5,-76.2,-9.3,2.8,3.4,11.8
2021-08-23,2021.6425,42.5,-73.5,-6.5,2.9,3.6,12.2
2021-08-24,2021.6452,45.5,-75.9,-12.45,2.9,3.5,12.2
2021-08-25,2021.6479,44.7,-77.6,-18.4,2.8,3.4,12.2
2021-08-26,2021.6507,45.7,-76.6,-13.7,2.6,3.1,11.4
2021-08-27,2021.6534,44.3,-76.3,-18.1,2.8,3.4,12.0
2021-08-28,2021.6562,44.7,-75.6,-8.7,2.7,3.2,11.3
2021-08-29,2021.6589,43.4,-74.7,-12.1,2.7,3.2,11.8
2021-08-30,2021.6616,42.9,-74.9,-14.6,2.9,3.5,12.4
2021-08-31,2021.6644,44.0,-74.6,-13.9,2.5,3.0,11.2
2021-09-01,2021.6671,43.3,-74.9,-8.2,3.0,3.6,12.7
2021-09-02,2021.6699,46.0,-76.1,-8.8,3.2,4.0,13.4
2021-09-03,2021.6726,42.8,-73.5,-6.4,2.7,3.3,11.8
2021-09-04,2021.6753,43.5,-72.2,-7.7,2.9,3.5,12.7
2021-09-05,2021.6781,41.5,-73.7,-5.0,2.8,3.2,12.3
2021-09-06,2021.6808,42.9,-72.1,-12.4,2.6,3.0,11.6
2021-09-07,2021.6836,44.2,-71.9,-13.4,3.0,3.7,12.5
2021-09-08,2021.6863,44.1,-71.8,-10.3,3.0,3.9,12.7
2021-09-09,2021.689,43.7,-72.8,-8.4,2.6,3.4,11.8
2021-09-10,2021.6918,42.7,-71.1,-6.2,2.9,3.5,12.5
2021-09-11,2021.6945,44.5,-72.3,-5.7,2.8,3.5,12.2
2021-09-12,2021.6973,43.1,-73.7,-14.1,3.1,3.9,13.3
2021-09-13,2021.7,43.0,-71.1,-4.1,3.0,3.7,12.8
2021-09-14,2021.7027,39.7,-71.2,-13.0,3.0,3.8,12.6
2021-09-15,2021.7055,41.8,-72.3,-6.7,2.9,3.4,12.5
2021-09-16,2021.7082,40.7,-72.3,-8.1,2.6,3.1,11.6
2021-09-17,2021.711,40.2,-71.0,-8.1,2.6,3.2,11.8
2021-09-18,2021.7137,41.6,-73.2,-11.2,2.6,3.1,11.4
2021-09-19,2021.7164,41.0,-74.1,-10.7,2.8,3.4,12.7
2021-09-20,2021.7192,41.4,-72.0,-5.5,2.8,3.5,12.3
2021-09-21,2021.7219,40.2,-71.0,-8.6,3.0,3.6,12.6
2021-09-22,2021.7247,41.1,-71.0,-3.6,2.6,3.1,11.5
2021-09-23,2021.7274,39.1,-71.1,-9.1,2.9,3.5,13.5
2021-09-24,2021.7301,41.9,-72.5,-10.7,3.0,3.9,12.8
2021-09-25,2021.7329,39.4,-71.3,-12.0,3.1,3.8,12.8
2021-09-26,2021.7356,39.2,-72.4,-6.3,2.8,3.5,12.6
2021-09-27,2021.7384,40.2,-70.1,-12.2,2.8,3.3,12.3
2021-09-28,2021.7411,40.7,-73.0,-9.6,2.9,3.5,13.1
2021-09-29,2021.7438,38.3,-69.5,-12.2,2.5,2.9,11.5
2021-09-30,2021.7466,41.3,-72.1,-14.6,2.7,3.2,12.5
2021-10-01,2021.7493,36.1,-70.7,-0.4,3.0,3.7,13.1
2021-10-02,2021.7521,38.5,-72.5,-4.7,3.1,3.7,13.4
2021-10-03,2021.7548,39.4,-72.5,-13.5,2.9,3.6,12.0
2021-10-04,2021.7575,38.1,-69.5,-2.7,3.0,3.6,13.2
2021-10-05,2021.7603,40.7,-73.3,-13.2,2.7,3.3,12.2
2021-10-06,2021.763,39.2,-69.1,-8.3,3.0,3.6,12.2
2021-10-07,2021.7658,40.8,-71.6,-11.0,2.9,3.6,13.0
2021-10-08,2021.7685,39.6,-71.8,-7.7,2.9,3.5,12.3
2021-10-09,2021.7712,41.8,-72.6,-6.0,2.7,3.3,11.8
2021-10-10,2021.774,38.5,-68.7,-17.0,2.8,3.1,12.3
2021-10-11,2021.7767,37.6,-69.9,-12.7,2.7,3.2,11.8
2021-10-12,2021.7795,38.6,-70.4,-15.2,2.7,3.1,11.5
2021-10-13,2021.7822,39.3,-70.5,-11.4,3.0,3.8,12.5
2021-10-14,2021.7849,38.6,-69.9,-12.3,2.8,3.4,11.7
2021-10-15,2021.7877,40.5,-71.0,-12.7,2.7,3.2,11.7
2021-10-16,2021.7904,38.6,-70.7,-12.1,2.6,3.1,11.4
2021-10-17,2021.7932,37.7,-71.0,-9.7,2.5,3.1,11.2
2021-10-18,2021.7959,38.9,-69.6,-6.4,2.5,3.0,11.4
2021-10-19,2021.7986,38.4,-69.8,-8.7,2.6,3.1,11.8
2021-10-20,2021.8014,38.7,-70.5,-13.8,2.7,3.2,11.7
2021-10-21,2021.8041,37.4,-69.7,-16.3,2.7,3.3,12.0
2021-10-22,2021.8068,41.1,-70.5,-11.4,2.8,3.4,12.9
2021-10-23,2021.8096,39.6,-69.8,-12.2,2.5,2.9,10.9
2021-10-24,2021.8123,39.9,-68.6,-8.4,2.5,3.0,11.3
2021-10-25,2021.8151,37.8,-69.3,-11.7,2.7,3.2,11.6
2021-10-26,2021.8178,39.5,-67.7,-10.1,2.6,3.1,11.3
2021-10-27,2021.8205,39.2,-71.7,-10.3,2.8,3.3,12.6
2021-10-28,2021.8233,38.3,-68.3,-10.9,2.8,3.4,12.1
2021-10-29,2021.826,40.0,-67.5,-11.2,2.5,2.9,11.0
2021-10-30,2021.8288,38.5,-66.6,-3.1,2.6,3.1,11.7
2021-10-31,2021.8315,40.6,-69.5,-6.2,3.0,3.7,12.7
2021-11-01,2021.8342,41.0,-67.6,-9.6,2.7,3.4,11.4
2021-11-02,2021.837,36.7,-66.7,-9.0,2.6,3.1,11.4
2021-11-03,2021.8397,38.8,-68.1,-6.9,2.7,3.4,11.8
2021-11-04,2021.8425,39.2,-70.2,-5.5,2.5,3.1,11.3
2021-11-05,2021.8452,38.5,-67.5,-12.1,2.8,3.4,12.1
2021-11-06,2021.8479,39.7,-66.6,-10.1,2.6,3.2,11.9
2021-11-07,2021.8507,38.8,-68.3,-8.0,2.7,3.3,11.5
2021-11-08,2021.8534,39.0,-68.0,-9.9,2.5,2.9,11.2
2021-11-09,2021.8562,39.2,-67.5,-6.6,2.5,3.0,11.0
2021-11-10,2021.8589,39.5,-65.4,-4.8,2.6,3.1,11.5
2021-11-11,2021.8616,38.3,-66.9,-11.2,2.6,3.2,11.6
2021-11-12,2021.8644,36.7,-66.3,-11.8,2.8,3.4,11.75
2021-11-13,2021.8671,37.9,-68.5,-12.4,2.7,3.2,11.9
2021-11-14,2021.8699,36.7,-65.5,-8.0,2.5,3.0,11.1
2021-11-15,2021.8726,37.5,-65.9,-7.2,2.8,3.2,11.3
2021-11-16,2021.8753,37.9,-68.2,-6.4,2.5,2.9,11.5
2021-11-17,2021.8781,38.1,-66.1,-3.6,2.6,3.2,11.7
2021-11-18,2021.8808,37.4,-65.9,-3.1,2.8,3.4,11.7
2021-11-19,2021.8836,36.7,-66.4,-3.8,2.3,2.7,10.6
2021-11-20,2021.8863,38.0,-68.5,-7.0,1.9,2.3,8.1
2021-11-21,2021.889,38.2,-67.5,-9.3,2.4,2.9,10.9
2021-11-22,2021.8918,38.2,-64.9,-1.6,2.4,2.8,11.0
2021-11-23,2021.8945,38.0,-64.1,-0.9,2.6,3.1,11.6
2021-11-24,2021.8973,36.1,-65.5,-7.6,2.4,2.9,11.1
2021-11-25,2021.9,38.6,-67.1,-9.8,2.6,3.3,11.4
2021-11-26,2021.9027,36.9,-66.4,-3.4,2.6,3.0,11.1
2021-11-27,2021.9055,38.4,-67.8,-8.6,2.4,2.8,11.0
2021-11-28,2021.9082,37.5,-66.6,-7.3,2.3,2.9,10.8
2021-11-29,2021.911,36.9,-66.8,-8.1,2.6,3.1,11.3
2021-11-30,2021.9137,38.3,-65.0,-7.4,2.5,2.9,11.0
2021-12-01,2021.9164,37.5,-65.2,-3.0,2.5,3.0,11.3
2021-12-02,2021.9192,36.6,-63.7,-8.3,2.5,2.9,11.0
2021-12-03,2021.9219,35.0,-63.7,-8.6,2.5,2.9,10.8
2021-12-04,2021.9247,36.9,-64.7,-6.5,2.5,3.0,10.9
2021-12-05,2021.9274,36.9,-65.3,-3.7,2.4,2.8,10.4
2021-12-06,2021.9301,36.8,-66.0,-1.5,2.6,3.1,11.9
2021-12-07,2021.9329,35.7,-64.7,0.2,2.5,2.8,11.0
2021-12-08,2021.9356,36.4,-63.9,-7.4,2.4,2.8,10.8
2021-12-09,2021.9384,37.2,-63.4,-2.9,2.4,2.8,10.4
2021-12-10,2021.9411,36.3,-64.0,-4.0,2.7,3.1,11.4
2021-12-11,2021.9438,34.9,-64.4,-0.7,2.6,3.0,10.7
2021-12-12,2021.9466,37.7,-64.5,0.8,2.7,3.1,10.7
2021-12-13,2021.9493,36.1,-63.9,-0.7,2.6,3.0,10.9
2021-12-14,2021.9521,34.1,-63.7,1.6,2.5,2.9,10.6
2021-12-15,2021.9548,35.2,-63.3,2.8,2.6,3.0,10.9
2021-12-16,2021.9575,35.4,-64.9,-0.9,2.6,3.0,11.2
2021-12-17,2021.9603,35.2,-63.0,2.4,2.5,2.9,11.0
2021-12-18,2021.963,35.7,-63.0,5.7,2.5,3.0,10.8
2021-12-19,2021.9658,34.8,-61.9,4.75,2.5,2.8,10.7
2021-12-20,2021.9685,36.1,-63.2,3.8,2.5,2.9,10.6
2021-12-21,2021.9712,35.3,-61.9,6.2,2.6,3.1,11.2
2021-12-22,2021.974,35.0,-60.4,9.2,2.6,3.0,10.7
2021-12-23,2021.9767,36.0,-62.2,-3.5,2.6,3.0,11.1
2021-12-24,2021.9795,34.9,-61.8,2.1,2.4,2.8,9.9
2021-12-25,2021.9822,36.3,-63.1,-3.1,2.7,3.2,11.4
2021-12-26,2021.9849,35.5,-61.2,-6.0,2.5,2.9,10.9
2021-12-27,2021.9877,35.9,-61.9,-0.5,2.5,2.8,10.5
2021-12-28,2021.9904,34.0,-60.9,3.0,2.4,2.8,10.1
2021-12-29,2021.9932,33.4,-63.0,4.3,2.6,3.0,10.8
2021-12-30,2021.9959,33.7,-60.0,3.1,2.4,2.8,10.5
2021-12-31,2021.9986,32.9,-61.6,5.5,1.9,2.1,7.6
2022-01-01,2022.0014,35.7,-65.6,-3.2,2.7,3.2,11.2
2022-01-02,2022.0041,37.2,-65.1,1.6,2.5,3.0,10.9
2022-01-03,2022.0068,36.0,-63.8,1.6,2.8,3.3,11.5
2022-01-04,2022.0096,36.6,-63.9,-3.5,2.6,3.0,11.0
2022-01-05,2022.0123,36.6,-62.3,3.5,2.5,2.9,10.6
2022-01-06,2022.0151,37.2,-63.7,6.1,3.0,3.6,12.6
2022-01-07,2022.0178,37.5,-62.2,-3.3,2.6,3.2,11.5
2022-01-08,2022.0205,36.4,-60.0,0.9,2.5,3.0,10.9
2022-01-09,2022.0233,35.8,-63.7,3.3,2.8,3.3,11.9
2022-01-10,2022.026,36.4,-63.8,1.1,2.8,3.3,11.6
2022-01-11,2022.0288,35.0,-62.6,6.3,2.6,3.1,11.3
2022-01-12,2022.0315,36.6,-62.5,3.6,2.9,3.4,12.0
2022-01-13,2022.0342,34.0,-60.9,4.7,3.0,3.6,12.4
2022-01-14,2022.037,32.5,-61.4,-1.2,2.8,3.2,10.9
2022-01-15,2022.0397,35.7,-61.7,-2.5,2.4,3.0,10.9
2022-01-16,2022.0425,36.0,-61.9,-0.5,2.8,3.2,11.7
2022-01-17,2022.0452,35.3,-63.3,-8.7,2.8,3.2,10.7
2022-01-18,2022.0479,34.1,-60.7,-6.4,2.7,3.1,10.9
2022-01-19,2022.0507,34.9,-60.0,-1.6,2.7,3.1,11.0
2022-01-20,2022.0534,34.0,-61.7,-4.4,2.8,3.2,11.3
2022-01-21,2022.0562,34.2,-62.4,-2.1,2.6,2.9,10.8
2022-01-22,2022.0589,35.7,-60.7,-1.3,2.4,2.7,9.9
2022-01-23,2022.0616,36.6,-61.6,2.8,3.1,3.6,11.4
2022-01-24,2022.0644,36.5,-61.0,-4.3,3.0,3.5,12.1
2022-01-25,2022.0671,35.5,-64.5,0.5,2.7,3.1,11.2
2022-01-26,2022.0699,38.1,-62.5,-11.0,2.7,3.2,11.6
2022-01-27,2022.0726,39.7,-61.0,3.8,2.6,3.1,11.2
2022-01-28,2022.0753,34.9,-62.4,-0.7,2.9,3.4,11.9
2022-01-29,2022.0781,35.9,-60.6,1.2,2.8,3.2,11.0
2022-01-30,2022.0808,34.8,-61.3,0.2,2.5,2.9,10.3
2022-01-31,2022.0836,37.2,-61.7,-4.4,2.8,3.2,11.2
2022-02-01,2022.0863,36.3,-60.0,-2.7,2.7,3.1,11.2
2022-02-02,2022.089,37.0,-63.1,-9.3,2.8,3.8,11.4
2022-02-03,2022.0918,35.0,-60.7,-7.9,3.0,3.4,11.2
2022-02-04,2022.0945,35.8,-56.1,-0.2,2.7,3.2,11.5
2022-02-05,2022.0973,33.1,-60.7,-0.8,2.9,3.4,11.8
2022-02-06,2022.1,34.5,-60.7,1.9,2.8,3.4,11.4
2022-02-07,2022.1027,35.1,-59.0,4.6,2.7,3.1,11.0
2022-02-08,2022.1055,35.2,-58.7,-3.9,2.7,3.2,10.8
2022-02-09,2022.1082,35.0,-58.5,8.4,2.6,3.1,11.0
2022-02-10,2022.111,36.8,-59.1,5.1,2.8,3.3,12.0
2022-02-11,2022.1137,34.0,-58.8,-0.6,2.9,3.3,11.5
2022-02-12,2022.1164,36.6,-60.5,0.9,2.6,3.2,10.6
2022-02-13,2022.1192,36.1,-58.3,8.0,2.7,3.2,11.3
2022-02-14,2022.1219,36.3,-56.2,2.1,3.1,3.7,12.2
2022-02-15,2022.1247,35.3,-57.1,6.6,3.1,3.4,12.1
2022-02-16,2022.1274,36.7,-56.9,12.5,2.7,3.1,11.5
2022-02-17,2022.1301,36.4,-58.0,5.5,2.6,3.0,11.0
2022-02-18,2022.1329,36.3,-57.1,2.3,2.7,3.3,11.1
2022-02-19,2022.1356,39.2,-54.5,-0.0,2.6,3.1,11.0
2022-02-20,2022.1384,39.1,-57.2,8.8,3.2,3.7,12.2
2022-02-21,2022.1411,36.3,-56.5,-7.7,2.9,3.3,10.9
2022-02-22,2022.1438,35.7,-55.1,-0.1,3.0,3.3,11.3
2022-02-23,2022.1466,37.2,-57.8,-1.8,2.7,3.2,10.7
2022-02-24,2022.1493,35.7,-54.6,11.1,3.0,3.4,11.7
2022-02-25,2022.1521,33.4,-57.6,0.3,3.0,3.9,12.2
2022-02-26,2022.1548,34.0,-54.2,12.1,3.0,3.5,12.5
2022-02-27,2022.1575,35.5,-55.2,8.9,3.0,3.5,12.5
2022-02-28,2022.1603,36.9,-55.6,17.7,2.7,3.2,11.8
2022-03-01,2022.163,36.9,-58.0,4.8,2.6,3.1,11.2
2022-03-02,2022.1658,36.0,-56.5,8.6,3.0,3.7,12.5
2022-03-03,2022.1685,38.0,-57.8,10.7,2.8,3.5,11.8
2022-03-04,2022.1712,37.1,-55.2,5.4,2.8,3.3,12.4
2022-03-05,2022.174,37.2,-58.3,10.9,3.3,4.0,13.5
2022-03-06,2022.1767,37.6,-57.3,11.0,2.8,3.5,12.3
2022-03-07,2022.1795,38.7,-56.8,8.5,3.0,3.7,12.3
2022-03-08,2022.1822,36.7,-54.9,5.5,3.0,3.7,12.5
2022-03-09,2022.1849,36.5,-56.2,5.0,2.9,3.7,12.0
2022-03-10,2022.1877,38.6,-55.1,5.2,2.6,3.1,11.3
2022-03-11,2022.1904,37.3,-56.2,15.4,2.7,3.4,12.0
2022-03-12,2022.1932,37.6,-54.4,5.6,2.7,3.5,11.9
2022-03-13,2022.1959,38.6,-53.4,15.2,2.7,3.4,11.8
2022-03-14,2022.1986,35.2,-57.0,5.2,2.7,3.3,12.1
2022-03-15,2022.2014,37.2,-54.2,13.0,3.0,3.5,12.5
2022-03-16,2022.2041,37.0,-55.5,14.9,3.4,4.1,13.4
2022-03-17,2022.2068,38.7,-56.6,7.1,2.9,3.5,12.9
2022-03-18,2022.2096,37.2,-55.0,11.8,3.1,3.7,12.4
2022-03-19,2022.2123,40.6,-54.7,7.4,3.0,3.9,12.3
2022-03-20,2022.2151,35.6,-50.2,4.5,2.9,3.5,13.6
2022-03-21,2022.2178,36.8,-55.0,15.5,2.8,3.4,12.6
2022-03-22,2022.2205,35.7,-51.7,5.0,2.9,3.7,12.4
2022-03-23,2022.2233,37.4,-53.2,10.2,3.4,4.2,13.8
2022-03-24,2022.226,34.8,-55.8,9.1,3.4,3.9,14.1
2022-03-25,2022.2288,35.3,-54.0,15.9,3.0,3.6,12.7
2022-03-26,2022.2315,34.4,-52.6,6.5,2.7,3.2,11.8
2022-03-27,2022.2342,36.4,-54.4,10.4,3.2,3.8,12.3
2022-03-28,2022.237,35.3,-55.2,5.3,2.8,3.5,11.9
2022-03-29,2022.2397,38.9,-53.5,10.4,3.2,4.4,13.3
2022-03-30,2022.2425,39.9,-54.6,6.8,3.0,4.0,12.3
2022-03-31,2022.2452,36.2,-54.4,2.6,3.1,4.0,12.3
2022-04-01,2022.2479,38.1,-52.7,1.2,2.7,3.2,12.37
2022-04-02,2022.2507,35.3,-52.1,-0.2,2.7,3.3,12.43
2022-04-03,2022.2534,37.1,-52.0,-1.6,3.0,3.9,12.5
2022-04-04,2022.2562,35.6,-51.5,-3.2,2.8,3.7,12.8
2022-04-05,2022.2589,35.2,-51.3,-2.6,3.4,4.3,13.4
2022-04-06,2022.2616,35.0,-52.2,-2.8,2.7,3.3,11.8
2022-04-07,2022.2644,33.1,-51.3,7.6,3.2,3.9,12.8
2022-04-08,2022.2671,34.1,-50.8,10.2,3.1,3.8,12.5
2022-04-09,2022.2699,35.0,-50.9,1.6,2.7,3.3,11.5
2022-04-10,2022.2726,35.6,-53.9,9.1,2.7,3.3,12.2
2022-04-11,2022.2753,36.0,-51.7,9.1,2.8,3.6,12.5
2022-04-12,2022.2781,34.0,-53.6,4.6,3.0,3.7,12.6
2022-04-13,2022.2808,34.4,-53.2,5.9,3.1,3.8,13.2
2022-04-14,2022.2836,36.7,-53.2,0.3,3.1,3.8,13.0
2022-04-15,2022.2863,34.8,-51.7,2.3,2.9,3.8,12.8
2022-04-16,2022.289,34.1,-54.6,3.0,3.0,3.6,13.0
2022-04-17,2022.2918,36.3,-50.7,-2.6,2.7,3.4,12.4
2022-04-18,2022.2945,37.4,-54.0,-8.6,2.8,3.6,12.1
2022-04-19,2022.2973,34.3,-48.1,-3.8,3.1,3.8,12.4
2022-04-20,2022.3,33.8,-54.0,9.8,2.8,3.6,12.6
2022-04-21,2022.3027,32.5,-51.2,2.6,3.4,4.1,13.8
2022-04-22,2022.3055,38.6,-53.3,11.7,3.0,4.3,13.1
2022-04-23,2022.3082,33.9,-47.4,4.3,3.7,4.6,13.9
2022-04-24,2022.311,34.8,-47.5,4.4,3.5,4.4,14.7
2022-04-25,2022.3137,36.4,-44.9,-7.0,3.1,4.6,13.6
2022-04-26,2022.3164,35.8,-51.2,-0.2,3.3,4.1,13.6
2022-04-27,2022.3192,37.7,-47.2,7.4,3.5,4.6,14.2
2022-04-28,2022.3219,35.7,-51.8,1.1,2.5,3.1,11.7
2022-04-29,2022.3247,37.4,-47.8,11.0,3.2,4.0,13.8
2022-04-30,2022.3274,36.1,-50.9,-0.7,2.8,3.4,12.7
2022-05-01,2022.3301,36.7,-50.2,-0.6,3.3,4.2,13.3
2022-05-02,2022.3329,35.5,-47.9,-8.7,3.2,3.9,13.1
2022-05-03,2022.3356,34.7,-49.4,8.7,2.5,3.3,11.4
2022-05-04,2022.3384,35.4,-50.7,0.9,2.8,3.5,12.2
2022-05-05,2022.3411,33.7,-49.8,5.2,3.4,4.2,13.4
2022-05-06,2022.3438,38.5,-49.5,1.9,3.2,4.1,13.1
2022-05-07,2022.3466,35.9,-51.3,4.2,3.0,3.5,13.0
2022-05-08,2022.3493,35.4,-51.1,-3.7,3.1,3.6,13.6
2022-05-09,2022.3521,33.7,-49.2,-2.5,3.2,3.9,13.5
2022-05-10,2022.3548,34.4,-50.4,2.8,2.9,3.5,12.5
2022-05-11,2022.3575,35.0,-51.2,4.8,3.6,4.7,14.6
2022-05-12,2022.3603,35.9,-51.2,9.5,3.1,3.8,13.4
2022-05-13,2022.363,33.2,-52.6,6.5,2.9,3.4,12.4
2022-05-14,2022.3658,33.4,-51.2,3.4,3.2,3.9,14.1
2022-05-15,2022.3685,36.3,-47.9,6.5,3.3,4.1,14.2
2022-05-16,2022.3712,34.9,-49.9,4.9,3.2,4.0,13.3
2022-05-17,2022.374,32.1,-52.9,3.4,3.0,3.6,13.3
2022-05-18,2022.3767,35.9,-50.0,4.1,3.4,4.5,14.0
2022-05-19,2022.3795,33.3,-48.5,12.5,3.6,4.4,13.9
2022-05-20,2022.3822,34.4,-51.7,3.7,3.4,4.1,13.8
2022-05-21,2022.3849,32.5,-49.6,3.8,3.0,4.1,12.8
2022-05-22,2022.3877,33.6,-52.1,8.7,3.5,4.2,14.7
2022-05-23,2022.3904,33.8,-50.1,5.9,3.5,4.2,14.2
2022-05-24,2022.3932,32.4,-53.3,4.7,3.0,4.0,13.2
2022-05-25,2022.3959,30.8,-49.5,2.3,3.2,4.1,13.4
2022-05-26,2022.3986,29.9,-48.3,2.6,3.0,3.5,13.1
2022-05-27,2022.4014,33.6,-49.8,8.0,3.1,3.9,14.2
2022-05-28,2022.4041,33.0,-50.8,6.2,3.1,3.4,13.4
2022-05-29,2022.4068,31.8,-49.3,5.5,2.9,3.4,12.4
2022-05-30,2022.4096,31.4,-51.6,-2.5,3.5,4.4,14.7
2022-05-31,2022.4123,30.8,-49.4,4.9,3.5,4.2,14.7
2022-06-01,2022.4151,31.2,-49.6,10.2,3.3,4.2,14.3
2022-06-02,2022.4178,30.3,-50.9,1.6,3.3,4.2,14.3
2022-06-03,2022.4205,30.7,-49.1,5.9,3.1,3.8,14.2
2022-06-04,2022.4233,32.3,-46.9,0.0,2.7,3.2,12.5
2022-06-05,2022.426,32.8,-45.9,8.2,3.1,3.9,13.9
2022-06-06,2022.4288,34.2,-46.6,0.5,3.3,3.8,14.2
2022-06-07,2022.4315,34.7,-49.7,3.7,2.9,3.5,13.2
2022-06-08,2022.4342,33.4,-51.0,1.0,2.9,3.3,13.1
2022-06-09,2022.437,32.2,-48.8,2.9,3.1,3.9,13.8
2022-06-10,2022.4397,32.3,-47.6,2.0,3.3,4.0,13.6
2022-06-11,2022.4425,34.1,-51.3,-2.3,3.2,3.8,12.9
2022-06-12,2022.4452,33.8,-49.3,3.1,3.4,4.6,14.1
2022-06-13,2022.4479,30.2,-46.7,1.35,3.1,3.8,13.05
2022-06-14,2022.4507,31.2,-49.8,-0.4,2.7,3.3,12.0
2022-06-15,2022.4534,31.6,-48.0,-4.7,3.2,3.9,12.9
2022-06-16,2022.4562,33.1,-50.6,-0.1,3.6,4.2,13.5
2022-06-17,2022.4589,32.6,-46.0,5.6,2.8,3.4,12.2
2022-06-18,2022.4616,29.7,-47.2,0.3,3.2,4.2,13.5
2022-06-19,2022.4644,33.0,-47.8,0.0,2.8,3.3,12.2
2022-06-20,2022.4671,32.1,-48.9,2.8,2.9,3.4,13.2
2022-06-21,2022.4699,31.0,-47.9,3.8,2.9,3.5,12.6
2022-06-22,2022.4726,32.1,-49.5,-5.0,3.2,3.8,13.0
2022-06-23,2022.4753,31.7,-47.1,-5.3,2.7,3.2,12.2
2022-06-24,2022.4781,33.1,-48.2,1.0,2.8,3.5,13.1
2022-06-25,2022.4808,31.5,-49.4,3.7,3.3,4.0,13.7
2022-06-26,2022.4836,30.0,-45.8,7.2,3.0,3.6,13.1
2022-06-27,2022.4863,30.8,-48.8,-0.0,3.0,3.8,13.9
2022-06-28,2022.489,30.9,-45.7,-0.4,3.3,3.9,13.8
2022-06-29,2022.4918,30.4,-49.1,-1.0,2.7,3.1,12.4
2022-06-30,2022.4945,29.5,-47.4,-3.2,3.0,3.4,13.4
2022-07-01,2022.4973,31.6,-46.8,-4.8,3.5,4.1,13.8
2022-07-02,2022.5,30.5,-47.9,-6.4,3.8,4.4,14.2
2022-07-03,2022.5027,28.4,-48.0,-1.0,3.6,4.3,14.8
2022-07-04,2022.5055,31.3,-47.0,-0.8,3.2,3.7,14.5
2022-07-05,2022.5082,31.5,-44.7,0.3,3.7,4.2,15.9
2022-07-06,2022.511,31.9,-45.2,-5.4,3.8,4.4,15.9
2022-07-07,2022.5137,28.0,-46.2,0.5,3.9,4.4,16.0
2022-07-08,2022.5164,29.2,-45.6,-5.8,3.5,4.0,14.8
2022-07-09,2022.5192,29.9,-45.8,-1.9,3.0,3.6,13.8
2022-07-10,2022.5219,30.6,-45.9,-3.9,3.5,4.0,14.8
2022-07-11,2022.5247,31.6,-48.1,-7.2,3.5,4.1,15.0
2022-07-12,2022.5274,29.5,-48.4,-12.4,3.7,4.2,15.9
2022-07-13,2022.5301,29.8,-47.5,-0.3,3.3,4.0,14.9
2022-07-14,2022.5329,26.7,-46.9,5.2,3.9,4.5,16.8
2022-07-15,2022.5356,28.2,-47.7,2.9,3.1,3.6,14.1
2022-07-16,2022.5384,30.0,-46.0,-8.2,3.0,3.6,13.6
2022-07-17,2022.5411,30.6,-45.9,-0.1,3.4,3.8,13.5
2022-07-18,2022.5438,29.3,-44.7,8.1,3.5,4.1,13.8
2022-07-19,2022.5466,30.3,-49.0,-2.2,3.5,4.1,14.6
2022-07-20,2022.5493,29.9,-46.2,-8.8,3.6,4.2,13.4
2022-07-21,2022.5521,30.5,-45.2,-7.2,3.1,3.8,13.7
2022-07-22,2022.5548,28.2,-47.9,-9.5,3.0,3.6,13.6
2022-07-23,2022.5575,26.7,-46.9,-11.8,3.5,3.9,13.5
2022-07-24,2022.5603,28.4,-45.8,-9.5,3.0,3.5,13.3
2022-07-25,2022.563,26.4,-46.9,-10.2,3.4,4.1,13.9
2022-07-26,2022.5658,28.0,-48.8,-12.5,3.3,3.9,14.0
2022-07-27,2022.5685,26.0,-47.1,-11.9,3.5,4.0,14.4
2022-07-28,2022.5712,30.0,-49.4,-7.7,3.4,4.7,14.2
2022-07-29,2022.574,27.4,-45.8,5.7,3.8,4.3,15.3
2022-07-30,2022.5767,27.4,-48.5,-8.1,3.3,4.0,14.1
2022-07-31,2022.5795,29.3,-45.4,-13.8,3.7,4.3,14.9
2022-08-01,2022.5822,30.2,-44.1,-4.5,3.7,4.2,14.6
2022-08-02,2022.5849,28.4,-46.6,-9.4,3.1,3.8,13.4
2022-08-03,2022.5877,27.2,-45.1,-11.7,2.7,3.2,12.1
2022-08-04,2022.5904,28.2,-47.5,-17.2,3.3,3.8,14.5
2022-08-05,2022.5932,28.0,-46.8,-21.6,3.2,3.8,14.1
2022-08-06,2022.5959,26.6,-45.8,-12.2,3.2,3.8,13.4
2022-08-07,2022.5986,27.0,-44.0,4.2,3.1,3.6,13.6
2022-08-08,2022.6014,27.4,-45.4,-9.7,3.0,3.4,12.7
2022-08-09,2022.6041,26.6,-46.0,-4.8,3.7,4.2,15.2
2022-08-10,2022.6068,26.6,-47.8,-7.2,3.2,4.0,14.2
2022-08-11,2022.6096,28.2,-48.4,9.5,3.2,3.7,13.7
2022-08-12,2022.6123,27.5,-45.7,6.3,3.3,3.9,14.7
2022-08-13,2022.6151,25.7,-43.9,-8.8,3.5,4.1,14.1
2022-08-14,2022.6178,28.0,-43.3,-7.0,3.6,4.2,14.9
2022-08-15,2022.6205,27.6,-44.8,-6.9,3.7,4.5,15.5
2022-08-16,2022.6233,28.1,-41.6,-0.9,3.3,3.9,13.9
2022-08-17,2022.626,28.6,-40.5,-3.6,3.4,4.3,15.0
2022-08-18,2022.6288,22.8,-41.5,-9.0,3.6,4.1,14.6
2022-08-19,2022.6315,25.9,-39.7,2.7,3.6,4.3,14.6
2022-08-20,2022.6342,27.8,-43.6,-10.0,3.3,4.0,14.9
2022-08-21,2022.637,25.7,-42.7,-3.4,3.1,3.7,13.7
2022-08-22,2022.6397,26.5,-40.5,-5.7,3.6,4.5,14.6
2022-08-23,2022.6425,26.4,-42.8,-3.7,2.9,3.4,13.4
2022-08-24,2022.6452,24.2,-41.9,-3.0,3.6,4.2,15.4
2022-08-25,2022.6479,23.3,-40.3,5.5,3.7,4.6,16.5
2022-08-26,2022.6507,25.9,-55.0,-12.5,3.3,3.9,14.1
2022-08-27,2022.6534,24.6,-41.5,-5.4,3.6,4.1,14.5
2022-08-28,2022.6562,24.5,-40.2,-8.0,3.4,3.8,13.6
2022-08-29,2022.6589,24.7,-40.0,-7.3,3.3,3.8,13.4
2022-08-30,2022.6616,28.4,-40.2,-8.6,3.0,3.6,12.9
2022-08-31,2022.6644,26.6,-42.6,-5.1,2.9,3.4,12.7
2022-09-01,2022.6671,24.4,-41.6,-5.6,2.8,3.3,12.3
2022-09-02,2022.6699,25.1,-41.6,-9.2,3.2,3.8,13.4
2022-09-03,2022.6726,25.9,-41.2,-6.0,3.0,3.6,13.4
2022-09-04,2022.6753,27.2,-44.2,-3.1,2.9,3.5,12.6
2022-09-05,2022.6781,24.8,-41.3,-7.8,3.1,3.6,13.2
2022-09-06,2022.6808,26.4,-41.4,-8.9,3.1,3.8,12.7
2022-09-07,2022.6836,23.9,-42.3,-12.7,3.2,3.7,12.9
2022-09-08,2022.6863,25.5,-41.9,-10.5,2.7,3.1,13.05
2022-09-09,2022.689,24.1,-38.9,-8.3,2.9,3.6,13.2
2022-09-10,2022.6918,26.0,-42.4,-8.85,3.1,4.0,14.0
2022-09-11,2022.6945,27.4,-38.4,-9.4,3.2,4.0,14.8
2022-09-12,2022.6973,25.9,-39.4,-8.8,2.9,3.6,13.3
2022-09-13,2022.7,27.9,-43.5,-14.0,3.1,3.8,14.2
2022-09-14,2022.7027,24.5,-41.9,-12.73,3.0,3.8,14.37
2022-09-15,2022.7055,26.3,-43.8,-11.47,3.7,4.4,14.53
2022-09-16,2022.7082,25.8,-39.0,-10.2,3.3,4.0,14.7
2022-09-17,2022.711,24.3,-38.8,-8.8,3.2,3.9,14.0
2022-09-18,2022.7137,25.4,-43.8,-7.3,2.8,3.4,12.7
2022-09-19,2022.7164,23.9,-41.4,-10.3,3.3,3.8,13.1
2022-09-20,2022.7192,26.8,-40.3,-8.6,3.9,5.0,16.3
2022-09-21,2022.7219,26.8,-42.5,-10.5,2.7,3.4,12.4
2022-09-22,2022.7247,25.6,-42.1,-5.7,2.7,3.4,12.8
2022-09-23,2022.7274,25.3,-42.0,-10.3,3.0,3.6,13.0
2022-09-24,2022.7301,26.1,-41.2,-14.1,3.3,4.1,14.3
2022-09-25,2022.7329,24.7,-40.1,-6.1,2.6,3.4,12.2
2022-09-26,2022.7356,26.0,-41.2,-6.7,2.9,3.6,12.4
2022-09-27,2022.7384,22.8,-38.6,-7.6,2.8,3.3,11.8
2022-09-28,2022.7411,25.0,-42.9,-8.7,2.9,3.4,12.9
2022-09-29,2022.7438,25.8,-35.2,-11.2,3.2,4.2,13.2
2022-09-30,2022.7466,23.9,-40.7,-11.9,2.9,3.3,12.4
2022-10-01,2022.7493,26.0,-38.3,-3.2,2.9,3.4,12.5
2022-10-02,2022.7521,24.6,-37.8,-4.0,3.2,3.8,12.8
2022-10-03,2022.7548,24.9,-37.0,-13.5,3.2,4.2,13.4
2022-10-04,2022.7575,23.4,-39.5,-11.3,2.9,3.4,12.2
2022-10-05,2022.7603,26.0,-39.2,-6.6,3.1,3.5,12.8
2022-10-06,2022.763,24.6,-40.0,-10.3,2.8,4.2,12.4
2022-10-07,2022.7658,25.8,-41.4,-14.5,2.7,3.6,12.3
2022-10-08,2022.7685,24.6,-39.2,-9.5,3.1,4.0,12.7
2022-10-09,2022.7712,25.9,-38.6,-15.5,2.6,3.3,12.4
2022-10-10,2022.774,26.1,-41.0,-19.1,2.9,3.5,12.5
2022-10-11,2022.7767,23.8,-38.4,-6.6,2.9,3.5,12.7
2022-10-12,2022.7795,25.9,-39.1,-9.6,2.7,3.3,12.5
2022-10-13,2022.7822,22.5,-39.1,-13.6,2.7,3.2,12.0
2022-10-14,2022.7849,21.9,-39.1,-12.9,2.7,3.3,11.6
2022-10-15,2022.7877,23.2,-40.0,-12.5,2.8,3.5,13.3
2022-10-16,2022.7904,23.3,-39.2,-17.0,2.8,3.5,13.4
2022-10-17,2022.7932,22.7,-37.7,-8.4,2.7,3.4,12.1
2022-10-18,2022.7959,24.6,-35.9,-9.6,2.8,3.6,12.4
2022-10-19,2022.7986,22.4,-36.0,-9.3,2.9,3.6,13.1
2022-10-20,2022.8014,23.3,-39.4,-15.6,2.7,3.5,12.0
2022-10-21,2022.8041,24.1,-36.4,-5.8,2.7,3.4,12.2
2022-10-22,2022.8068,20.4,-38.0,-16.7,2.9,3.6,12.6
2022-10-23,2022.8096,22.9,-35.9,-13.8,2.8,3.5,12.4
2022-10-24,2022.8123,23.8,-34.3,-4.1,2.7,3.6,12.5
2022-10-25,2022.8151,24.7,-37.6,-12.2,2.9,3.7,13.0
2022-10-26,2022.8178,25.2,-38.9,-16.8,2.7,3.9,12.7
2022-10-27,2022.8205,22.1,-37.0,-9.3,2.7,3.3,11.7
2022-10-28,2022.8233,22.6,-37.2,-19.6,2.6,3.1,11.7
2022-10-29,2022.826,24.3,-36.3,-7.6,2.7,3.4,12.1
2022-10-30,2022.8288,23.0,-40.1,-15.9,2.5,3.1,11.7
2022-10-31,2022.8315,21.6,-36.1,-11.6,2.6,3.1,11.5
2022-11-01,2022.8342,21.0,-38.7,-12.8,3.0,3.5,12.0
2022-11-02,2022.837,22.2,-36.8,-13.5,2.9,3.6,12.0
2022-11-03,2022.8397,24.8,-37.4,-15.4,2.7,3.4,12.0
2022-11-04,2022.8425,22.8,-36.8,-15.3,2.7,3.3,11.8
2022-11-05,2022.8452,22.9,-37.8,-11.7,2.8,3.4,12.7
2022-11-06,2022.8479,23.6,-38.6,-13.1,2.6,3.1,11.8
2022-11-07,2022.8507,18.8,-36.6,-12.8,2.6,3.2,11.4
2022-11-08,2022.8534,24.0,-36.2,-4.5,2.8,3.6,12.4
2022-11-09,2022.8562,24.5,-37.4,-8.4,2.8,3.6,12.4
2022-11-10,2022.8589,22.6,-36.2,-7.9,2.7,3.4,11.9
2022-11-11,2022.8616,23.2,-35.6,-2.7,2.5,3.1,11.3
2022-11-12,2022.8644,21.8,-36.0,-7.5,2.9,3.5,12.1
2022-11-13,2022.8671,20.4,-34.8,-4.3,2.9,3.4,12.3
2022-11-14,2022.8699,23.4,-34.1,-6.9,2.8,3.4,12.5
2022-11-15,2022.8726,24.0,-38.5,-9.1,2.6,3.3,11.9
2022-11-16,2022.8753,21.9,-36.0,-2.3,2.7,3.2,12.0
2022-11-17,2022.8781,21.7,-36.4,-3.3,2.6,3.3,11.8
2022-11-18,2022.8808,22.2,-37.5,-9.4,2.9,3.4,12.0
2022-11-19,2022.8836,22.0,-35.6,-1.8,2.5,3.1,11.2
2022-11-20,2022.8863,21.9,-36.2,-5.4,2.6,3.1,11.2
2022-11-21,2022.889,22.9,-35.5,-2.0,2.9,3.4,12.4
2022-11-22,2022.8918,21.5,-34.5,-1.9,2.7,3.2,12.0
2022-11-23,2022.8945,21.6,-36.5,-5.0,2.5,2.9,11.0
2022-11-24,2022.8973,22.0,-35.7,-10.2,2.5,3.0,11.2
2022-11-25,2022.9,20.9,-36.7,-8.8,2.6,3.1,11.5
2022-11-26,2022.9027,22.1,-34.7,-3.1,2.8,3.3,12.0
2022-11-27,2022.9055,20.5,-37.8,-1.8,2.9,3.4,12.6
2022-11-28,2022.9082,21.8,-35.1,-1.4,2.6,3.1,11.5
2022-11-29,2022.911,22.9,-35.6,-6.4,2.6,3.1,11.4
2022-11-30,2022.9137,20.4,-34.5,-6.2,2.9,3.4,11.6
2022-12-01,2022.9164,21.5,-33.1,0.6,2.8,3.2,11.9
2022-12-02,2022.9192,20.0,-36.4,-6.4,2.5,2.9,10.9
2022-12-03,2022.9219,21.9,-35.5,-5.9,2.6,3.1,11.1
2022-12-04,2022.9247,21.5,-35.4,-4.2,2.6,3.0,11.2
2022-12-05,2022.9274,20.0,-36.8,0.9,2.5,3.0,11.1
2022-12-06,2022.9301,21.6,-38.3,-10.5,2.9,3.3,11.7
2022-12-07,2022.9329,21.1,-35.6,-3.8,2.8,3.3,11.4
2022-12-08,2022.9356,21.3,-35.3,-2.7,2.6,3.1,10.8
2022-12-09,2022.9384,20.7,-35.7,-1.1,2.8,3.1,11.5
2022-12-10,2022.9411,19.6,-35.5,1.8,2.7,3.2,10.8
2022-12-11,2022.9438,20.5,-34.0,-1.6,2.6,3.0,11.1
2022-12-12,2022.9466,22.8,-35.2,-8.0,3.0,3.5,11.8
2022-12-13,2022.9493,20.2,-34.5,1.1,2.8,3.5,11.7
2022-12-14,2022.9521,19.0,-33.3,-3.5,2.6,3.1,10.8
2022-12-15,2022.9548,23.3,-35.6,-2.0,3.0,3.7,12.2
2022-12-16,2022.9575,21.0,-34.9,-5.1,2.6,3.1,11.1
2022-12-17,2022.9603,21.8,-34.6,-4.3,2.8,3.2,11.8
2022-12-18,2022.963,19.3,-33.7,-6.5,2.7,3.1,11.2
2022-12-19,2022.9658,19.9,-32.3,1.5,2.7,3.1,11.3
2022-12-20,2022.9685,18.6,-33.4,0.7,2.9,3.6,11.5
2022-12-21,2022.9712,19.2,-35.6,1.4,2.5,3.0,10.9
2022-12-22,2022.974,17.7,-34.6,4.5,2.7,3.1,11.2
2022-12-23,2022.9767,18.9,-35.5,8.8,2.7,3.0,11.0
2022-12-24,2022.9795,19.3,-33.7,7.4,2.9,3.4,11.17
2022-12-25,2022.9822,18.5,-34.3,6.0,3.0,3.6,11.33
2022-12-26,2022.9849,19.7,-32.1,4.6,2.7,3.2,11.5
2022-12-27,2022.9877,19.1,-29.6,-11.8,3.0,3.9,12.0
2022-12-28,2022.9904,17.0,-31.1,-6.5,2.7,3.1,11.0
2022-12-29,2022.9932,18.4,-32.4,-8.4,2.5,3.0,10.6
2022-12-30,2022.9959,18.3,-35.2,-3.5,2.6,3.0,11.1
2022-12-31,2022.9986,19.2,-33.0,-7.3,2.7,3.4,11.6
2023-01-01,2023.0014,20.4,-34.4,-0.8,2.8,3.2,11.0
2023-01-02,2023.0041,18.9,-32.5,-2.1,2.6,3.2,11.1
2023-01-03,2023.0068,20.4,-31.5,-0.4,2.7,3.2,11.4
2023-01-04,2023.0096,18.2,-33.6,0.5,2.8,3.2,11.5
2023-01-05,2023.0123,19.1,-32.1,-6.7,2.6,3.3,11.2
2023-01-06,2023.0151,17.5,-31.7,0.0,2.5,3.0,10.9
2023-01-07,2023.0178,19.4,-30.2,-3.5,2.7,3.3,11.5
2023-01-08,2023.0205,19.0,-32.8,0.5,2.7,3.3,11.7
2023-01-09,2023.0233,20.4,-33.6,-0.4,2.8,3.3,11.5
2023-01-10,2023.026,19.1,-30.8,-0.8,2.7,3.2,11.3
2023-01-11,2023.0288,19.4,-31.1,0.7,3.1,3.6,12.5
2023-01-12,2023.0315,19.0,-31.5,7.5,2.7,3.3,11.6
2023-01-13,2023.0342,18.9,-31.1,7.6,2.7,3.2,12.0
2023-01-14,2023.037,21.8,-30.6,0.3,2.6,3.2,11.5
2023-01-15,2023.0397,20.6,-35.0,-5.2,2.7,3.3,11.4
2023-01-16,2023.0425,20.2,-32.9,1.9,2.7,3.3,11.4
2023-01-17,2023.0452,20.2,-31.1,0.7,2.5,3.1,10.8
2023-01-18,2023.0479,19.5,-30.9,0.0,3.0,3.8,11.7
2023-01-19,2023.0507,19.7,-31.6,-7.3,3.0,3.6,12.4
2023-01-20,2023.0534,18.1,-31.0,-1.3,2.7,3.4,10.9
2023-01-21,2023.0562,21.5,-30.5,2.0,2.9,3.8,12.5
2023-01-22,2023.0589,23.0,-29.7,-0.9,2.9,3.9,12.4
2023-01-23,2023.0616,20.4,-31.0,1.7,2.5,3.0,10.9
2023-01-24,2023.0644,21.2,-32.8,4.5,2.8,3.6,11.7
2023-01-25,2023.0671,21.6,-32.7,-2.1,2.9,3.7,12.0
2023-01-26,2023.0699,19.1,-30.8,2.4,2.7,3.4,11.5
2023-01-27,2023.0726,19.2,-32.4,3.4,2.6,3.2,11.1
2023-01-28,2023.0753,19.1,-29.7,-2.1,2.6,3.3,11.4
2023-01-29,2023.0781,20.1,-30.1,-1.2,2.9,3.5,11.8
2023-01-30,2023.0808,16.6,-29.3,5.0,2.6,3.1,11.2
2023-01-31,2023.0836,19.5,-27.8,4.83,2.7,3.4,11.67
2023-02-01,2023.0863,18.5,-34.2,4.67,3.1,4.0,12.13
2023-02-02,2023.089,19.8,-30.2,4.5,3.2,4.0,12.6
2023-02-03,2023.0918,21.4,-27.8,9.1,3.1,4.1,12.8
2023-02-04,2023.0945,20.1,-28.5,4.6,2.9,3.6,12.0
2023-02-05,2023.0973,19.6,-26.3,6.5,2.6,3.1,11.3
2023-02-06,2023.1,22.3,-25.5,9.3,2.8,3.4,11.7
2023-02-07,2023.1027,19.1,-28.2,7.2,2.9,3.7,12.5
2023-02-08,2023.1055,20.9,-26.9,7.2,2.8,3.3,11.8
2023-02-09,2023.1082,19.2,-24.3,8.5,2.9,3.5,11.6
2023-02-10,2023.111,18.7,-28.9,9.3,2.8,3.4,11.8
2023-02-11,2023.1137,23.5,-25.3,12.1,2.8,3.4,12.0
2023-02-12,2023.1164,22.3,-31.1,-0.8,3.2,4.4,12.6
2023-02-13,2023.1192,21.4,-27.8,9.8,2.9,3.6,12.5
2023-02-14,2023.1219,19.5,-30.4,5.0,2.8,3.5,11.7
2023-02-15,2023.1247,17.7,-29.0,9.6,2.9,4.2,12.9
2023-02-16,2023.1274,19.7,-27.9,3.7,2.7,3.4,11.8
2023-02-17,2023.1301,20.5,-29.8,4.4,2.9,3.8,12.8
2023-02-18,2023.1329,17.2,-27.8,2.2,3.0,3.7,12.3
2023-02-19,2023.1356,21.9,-29.5,6.2,3.1,4.0,13.2
2023-02-20,2023.1384,19.9,-27.6,10.6,2.7,3.3,11.5
2023-02-21,2023.1411,20.1,-25.4,13.5,2.8,3.6,12.4
2023-02-22,2023.1438,18.1,-24.2,8.7,2.8,3.5,12.4
2023-02-23,2023.1466,17.8,-27.9,6.1,3.0,3.7,12.7
2023-02-24,2023.1493,19.8,-27.4,4.5,2.6,3.4,11.9
2023-02-25,2023.1521,21.4,-26.4,1.85,3.0,3.9,11.9
2023-02-26,2023.1548,21.6,-24.8,-0.8,2.7,3.5,11.9
2023-02-27,2023.1575,19.0,-27.9,1.4,2.6,3.2,11.4
2023-02-28,2023.1603,18.4,-23.8,5.1,2.7,3.5,12.3
2023-03-01,2023.163,21.9,-26.8,3.5,3.2,3.9,12.8
2023-03-02,2023.1658,21.3,-20.9,5.7,3.0,4.4,12.9
2023-03-03,2023.1685,18.7,-23.4,9.4,2.7,3.3,11.9
2023-03-04,2023.1712,21.8,-25.6,6.0,3.0,4.0,12.6
2023-03-05,2023.174,17.6,-24.0,1.4,3.1,3.8,12.8
2023-03-06,2023.1767,20.5,-24.9,13.9,3.0,3.8,12.6
2023-03-07,2023.1795,20.9,-29.2,-0.9,2.9,3.9,12.9
2023-03-08,2023.1822,21.5,-25.3,8.1,2.8,3.6,12.2
2023-03-09,2023.1849,20.1,-27.5,4.3,2.7,3.4,11.8
2023-03-10,2023.1877,21.7,-29.0,3.6,3.0,4.3,13.6
2023-03-11,2023.1904,24.9,-27.1,6.1,3.0,4.1,12.8
2023-03-12,2023.1932,19.2,-23.7,6.0,2.8,3.5,12.2
2023-03-13,2023.1959,23.0,-24.8,11.4,2.7,3.4,12.4
2023-03-14,2023.1986,20.0,-25.6,9.8,3.0,4.0,12.9
2023-03-15,2023.2014,16.8,-23.8,8.8,2.8,3.3,12.2
2023-03-16,2023.2041,23.9,-24.7,13.4,2.9,4.2,12.7
2023-03-17,2023.2068,19.9,-23.0,-1.4,2.9,3.9,12.6
2023-03-18,2023.2096,19.8,-27.6,3.3,2.7,3.4,12.2
2023-03-19,2023.2123,21.6,-26.1,12.9,2.8,3.8,12.2
2023-03-20,2023.2151,22.7,-22.2,13.1,2.9,3.5,12.7
2023-03-21,2023.2178,22.8,-22.8,7.5,3.4,4.6,13.4
2023-03-22,2023.2205,21.1,-23.4,3.1,2.9,4.1,13.0
2023-03-23,2023.2233,21.7,-22.9,3.9,3.0,5.0,12.9
2023-03-24,2023.226,17.3,-24.4,-0.6,2.9,3.4,11.8
2023-03-25,2023.2288,20.4,-23.6,12.2,2.9,3.8,12.6
2023-03-26,2023.2315,19.4,-25.2,9.7,3.0,3.9,13.2
2023-03-27,2023.2342,20.5,-25.3,8.9,2.9,4.3,13.1
2023-03-28,2023.237,19.5,-23.6,0.5,2.9,4.2,12.7
2023-03-29,2023.2397,19.6,-23.6,7.6,3.0,4.0,12.7
2023-03-30,2023.2425,22.1,-23.8,5.9,2.8,3.6,12.4
2023-03-31,2023.2452,20.2,-25.7,0.1,3.1,3.9,13.0
2023-04-01,2023.2479,20.6,-23.6,8.4,3.1,3.9,13.8
2023-04-02,2023.2507,18.0,-25.7,8.8,3.0,3.8,12.7
2023-04-03,2023.2534,21.6,-23.7,9.6,2.8,3.7,13.0
2023-04-04,2023.2562,20.6,-23.3,4.0,2.9,3.7,12.4
2023-04-05,2023.2589,19.1,-18.9,11.4,3.3,4.4,13.7
2023-04-06,2023.2616,19.8,-22.1,18.4,2.9,3.8,13.1
2023-04-07,2023.2644,19.5,-22.2,-2.8,2.7,3.4,12.5
2023-04-08,2023.2671,20.9,-23.5,5.5,2.9,3.7,12.9
2023-04-09,2023.2699,20.3,-19.7,20.8,3.2,4.7,13.7
2023-04-10,2023.2726,19.5,-22.8,1.8,3.4,4.5,14.1
2023-04-11,2023.2753,19.8,-21.9,11.8,3.0,3.8,13.7
2023-04-12,2023.2781,17.9,-22.3,6.2,3.4,4.5,14.2
2023-04-13,2023.2808,18.3,-16.4,8.2,3.9,5.6,16.3
2023-04-14,2023.2836,21.1,-20.9,7.3,3.0,4.3,13.7
2023-04-15,2023.2863,19.1,-23.0,12.0,3.1,4.0,13.6
2023-04-16,2023.289,21.4,-17.6,20.7,3.4,4.8,15.0
2023-04-17,2023.2918,18.6,-22.5,3.1,3.3,4.0,14.3
2023-04-18,2023.2945,18.5,-23.8,15.7,3.0,4.0,13.5
2023-04-19,2023.2973,23.4,-23.8,3.8,3.3,4.2,14.6
2023-04-20,2023.3,18.3,-20.0,14.2,3.1,4.0,13.4
2023-04-21,2023.3027,21.1,-21.0,16.1,2.9,3.6,12.8
2023-04-22,2023.3055,19.7,-19.1,10.2,3.0,4.1,14.1
2023-04-23,2023.3082,18.9,-20.7,8.1,2.9,4.1,13.4
2023-04-24,2023.311,18.1,-20.5,2.6,3.0,3.6,13.0
2023-04-25,2023.3137,18.7,-21.1,13.3,3.1,4.2,13.4
2023-04-26,2023.3164,19.6,-21.9,15.6,3.2,4.2,13.5
2023-04-27,2023.3192,19.6,-16.7,9.5,3.2,3.9,13.2
2023-04-28,2023.3219,21.4,-19.8,6.9,3.3,4.5,13.8
2023-04-29,2023.3247,21.0,-20.8,15.5,3.1,4.4,13.5
2023-04-30,2023.3274,18.2,-21.4,3.1,4.1,4.9,17.1
2023-05-01,2023.3301,17.3,-20.2,12.5,3.3,4.3,13.6
2023-05-02,2023.3329,16.6,-20.8,1.7,3.4,4.5,15.1
2023-05-03,2023.3356,16.8,-16.8,14.1,3.2,3.8,14.1
2023-05-04,2023.3384,15.8,-18.9,16.7,2.9,3.4,13.1
2023-05-05,2023.3411,20.8,-19.0,24.5,3.7,4.7,15.0
2023-05-06,2023.3438,21.1,-19.1,20.9,3.2,4.6,14.3
2023-05-07,2023.3466,20.3,-22.6,11.0,3.7,4.7,14.8
2023-05-08,2023.3493,20.8,-20.6,9.4,3.3,4.2,13.5
2023-05-09,2023.3521,19.2,-19.6,9.6,3.1,3.7,13.7
2023-05-10,2023.3548,18.5,-19.7,3.2,3.1,3.9,14.1
2023-05-11,2023.3575,19.7,-23.2,-4.2,3.0,4.1,13.5
2023-05-12,2023.3603,17.5,-22.9,6.0,3.3,4.0,13.9
2023-05-13,2023.363,18.8,-22.7,5.8,3.0,3.6,13.2
2023-05-14,2023.3658,18.4,-20.8,11.8,3.2,4.1,14.0
2023-05-15,2023.3685,17.5,-25.2,1.9,3.9,5.1,15.6
2023-05-16,2023.3712,15.4,-23.1,2.9,3.8,4.6,15.3
2023-05-17,2023.374,16.1,-23.8,8.8,3.5,4.3,15.0
2023-05-18,2023.3767,15.5,-22.6,-0.4,3.5,4.8,15.6
2023-05-19,2023.3795,15.8,-22.8,1.9,3.1,4.0,14.0
2023-05-20,2023.3822,15.7,-24.4,1.5,3.1,3.6,14.3
2023-05-21,2023.3849,17.1,-22.2,1.2,3.0,3.5,14.0
2023-05-22,2023.3877,17.2,-20.9,10.6,3.3,4.5,14.6
2023-05-23,2023.3904,17.3,-21.5,-3.0,3.0,3.5,13.6
2023-05-24,2023.3932,14.4,-22.6,8.4,3.9,5.6,16.1
2023-05-25,2023.3959,16.8,-21.3,0.4,3.6,4.4,14.7
2023-05-26,2023.3986,18.6,-20.2,2.9,3.0,4.3,14.2
2023-05-27,2023.4014,17.6,-21.2,3.1,3.0,3.7,13.5
2023-05-28,2023.4041,17.8,-24.0,-5.7,3.7,4.5,14.7
2023-05-29,2023.4068,17.3,-22.4,4.3,3.3,4.1,14.0
2023-05-30,2023.4096,15.0,-19.2,0.8,3.2,3.9,14.5
2023-05-31,2023.4123,16.6,-18.5,7.0,3.1,3.6,13.8
2023-06-01,2023.4151,16.2,-21.6,12.5,3.1,3.6,13.5
2023-06-02,2023.4178,15.2,-17.0,18.4,3.6,4.6,14.3
2023-06-03,2023.4205,18.1,-22.3,-3.1,3.1,3.9,14.2
2023-06-04,2023.4233,17.4,-19.7,13.4,3.3,4.1,14.7
2023-06-05,2023.426,19.1,-20.6,5.2,3.2,4.2,14.1
2023-06-06,2023.4288,17.1,-23.4,-0.2,3.2,4.9,14.3
2023-06-07,2023.4315,19.5,-18.6,5.7,3.3,4.2,14.9
2023-06-08,2023.4342,16.2,-21.3,10.3,3.2,4.1,14.6
2023-06-09,2023.437,16.8,-19.3,5.9,3.1,3.7,13.7
2023-06-10,2023.4397,16.0,-20.5,0.1,3.2,3.9,13.5
2023-06-11,2023.4425,16.1,-18.6,7.2,2.8,3.4,12.6
2023-06-12,2023.4452,16.2,-19.5,8.8,3.7,4.9,15.0
2023-06-13,2023.4479,14.9,-18.3,3.6,3.8,4.8,15.3
2023-06-14,2023.4507,15.8,-21.1,9.4,3.4,4.1,14.5
2023-06-15,2023.4534,16.4,-19.7,0.5,3.5,4.3,14.5
2023-06-16,2023.4562,14.7,-21.0,5.5,3.7,4.5,14.9
2023-06-17,2023.4589,14.5,-21.0,9.2,4.0,5.5,15.6
2023-06-18,2023.4616,18.5,-21.0,-5.0,3.1,3.7,14.3
2023-06-19,2023.4644,17.4,-18.9,4.6,3.3,4.2,14.3
2023-06-20,2023.4671,16.0,-18.4,5.7,3.7,4.9,15.2
2023-06-21,2023.4699,16.1,-18.9,5.1,3.1,4.0,14.4
2023-06-22,2023.4726,13.9,-18.1,0.1,3.4,4.5,14.2
2023-06-23,2023.4753,14.5,-20.2,11.2,3.2,3.8,15.0
2023-06-24,2023.4781,16.5,-16.3,5.2,3.3,3.9,15.2
2023-06-25,2023.4808,15.9,-19.5,-2.4,3.9,5.2,16.7
2023-06-26,2023.4836,14.0,-18.9,1.4,3.4,3.9,14.7
2023-06-27,2023.4863,14.0,-17.8,12.5,3.4,4.0,15.1
2023-06-28,2023.489,16.1,-18.3,-2.7,3.5,4.6,14.2
2023-06-29,2023.4918,14.6,-16.3,5.4,3.4,4.4,14.9
2023-06-30,2023.4945,12.8,-19.1,-0.2,3.7,4.6,15.3
2023-07-01,2023.4973,11.8,-17.8,5.2,2.9,3.4,13.4
2023-07-02,2023.5,13.2,-19.3,-2.2,3.0,3.5,14.0
2023-07-03,2023.5027,14.0,-18.9,-0.9,3.2,3.8,13.8
2023-07-04,2023.5055,13.1,-19.6,-6.8,3.7,4.3,15.0
2023-07-05,2023.5082,12.3,-19.5,5.7,3.5,4.0,13.9
2023-07-06,2023.511,14.3,-17.9,2.0,3.4,4.2,14.4
2023-07-07,2023.5137,11.6,-21.1,-5.5,2.9,3.4,12.8
2023-07-08,2023.5164,13.4,-18.7,-3.4,3.2,3.8,13.8
2023-07-09,2023.5192,13.4,-18.4,-4.3,3.1,3.9,14.1
2023-07-10,2023.5219,13.1,-21.3,-4.4,3.3,4.0,14.4
2023-07-11,2023.5247,9.3,-16.5,-5.8,3.6,4.2,14.8
2023-07-12,2023.5274,9.3,-17.4,-1.3,3.8,4.5,15.0
2023-07-13,2023.5301,13.4,-19.1,-1.8,3.9,4.6,16.8
2023-07-14,2023.5329,11.2,-19.5,-14.4,3.4,4.0,15.5
2023-07-15,2023.5356,11.1,-18.6,-4.5,3.6,4.5,14.2
2023-07-16,2023.5384,13.9,-23.3,-14.9,3.2,3.9,13.7
2023-07-17,2023.5411,11.8,-19.5,-5.3,3.0,3.5,13.2
2023-07-18,2023.5438,12.4,-18.1,-9.1,3.2,3.9,14.2
2023-07-19,2023.5466,13.1,-18.9,-5.2,3.1,4.0,14.2
2023-07-20,2023.5493,10.2,-15.6,-12.3,3.6,4.5,14.7
2023-07-21,2023.5521,10.7,-17.4,-7.6,3.1,3.8,13.8
2023-07-22,2023.5548,12.9,-21.7,-1.1,3.1,4.1,14.1
2023-07-23,2023.5575,9.4,-15.4,-1.7,3.2,4.1,14.6
2023-07-24,2023.5603,10.8,-21.4,-0.9,3.4,5.3,15.7
2023-07-25,2023.563,9.3,-17.4,-5.5,3.5,4.4,14.95
2023-07-26,2023.5658,11.4,-19.7,-10.1,3.4,4.1,14.2
2023-07-27,2023.5685,16.1,-17.6,-7.3,3.4,4.4,14.3
2023-07-28,2023.5712,11.3,-11.9,-2.2,3.2,3.8,13.9
2023-07-29,2023.574,10.7,-18.4,-6.5,3.1,4.0,13.3
2023-07-30,2023.5767,9.7,-13.3,-12.2,3.9,5.2,16.6
2023-07-31,2023.5795,10.3,-16.5,-0.5,3.6,4.3,15.7
2023-08-01,2023.5822,10.0,-15.2,-0.5,3.7,4.8,15.6
2023-08-02,2023.5849,10.5,-17.8,4.2,3.2,4.1,14.7
2023-08-03,2023.5877,7.4,-13.3,2.1,3.3,4.0,14.6
2023-08-04,2023.5904,11.0,-13.2,-5.2,3.1,4.1,14.9
2023-08-05,2023.5932,10.8,-15.0,-6.9,3.1,3.9,14.0
2023-08-06,2023.5959,9.4,-14.7,3.5,3.8,5.1,16.1
2023-08-07,2023.5986,11.4,-14.3,0.3,3.3,4.6,14.9
2023-08-08,2023.6014,8.4,-15.5,-9.6,3.3,4.5,14.2
2023-08-09,2023.6041,9.2,-13.8,-9.0,3.6,4.5,15.4
2023-08-10,2023.6068,6.4,-15.9,-8.1,3.4,4.3,14.7
2023-08-11,2023.6096,8.7,-17.2,-9.8,4.1,5.6,17.8
2023-08-12,2023.6123,4.0,-10.5,-7.7,4.0,4.7,15.7
2023-08-13,2023.6151,8.2,-13.8,-8.1,3.9,5.2,16.0
2023-08-14,2023.6178,6.9,-10.6,-10.9,3.8,4.6,16.3
2023-08-15,2023.6205,7.2,-8.6,-0.1,3.9,5.1,17.9
2023-08-16,2023.6233,10.0,-11.0,2.1,3.7,4.5,15.5
2023-08-17,2023.626,7.6,-11.8,-11.5,3.2,4.0,14.6
2023-08-18,2023.6288,7.5,-13.8,-5.7,3.2,4.2,14.9
2023-08-19,2023.6315,7.2,-9.6,-2.8,4.0,5.0,17.1
2023-08-20,2023.6342,11.3,-13.4,-11.6,3.8,4.8,16.1
2023-08-21,2023.637,9.1,-11.9,-6.7,3.7,4.6,15.2
2023-08-22,2023.6397,10.3,-13.2,-13.8,3.1,4.5,13.8
2023-08-23,2023.6425,9.7,-8.2,-14.2,3.9,5.1,16.5
2023-08-24,2023.6452,8.5,-12.6,-10.9,3.4,4.3,15.3
2023-08-25,2023.6479,5.6,-12.8,-8.4,3.6,4.3,15.9
2023-08-26,2023.6507,7.0,-11.5,-9.5,3.7,4.3,15.4
2023-08-27,2023.6534,9.4,-13.4,-8.6,3.1,3.9,14.2
2023-08-28,2023.6562,5.6,-8.8,-9.4,3.3,4.2,14.1
2023-08-29,2023.6589,7.2,-12.6,-8.8,3.0,3.5,13.7
2023-08-30,2023.6616,7.3,-12.8,-12.3,3.5,4.5,14.9
2023-08-31,2023.6644,6.5,-13.9,-11.6,3.1,3.8,14.6
2023-09-01,2023.6671,7.3,-11.9,-6.1,3.4,4.2,14.4
2023-09-02,2023.6699,5.2,-12.8,-6.3,3.3,4.1,14.0
2023-09-03,2023.6726,4.6,-12.8,-4.7,3.2,3.9,14.1
2023-09-04,2023.6753,6.1,-12.1,-10.5,3.3,4.3,14.5
2023-09-05,2023.6781,2.2,-10.4,-6.7,2.9,3.5,13.5
2023-09-06,2023.6808,4.0,-12.8,-7.1,3.4,5.0,14.9
2023-09-07,2023.6836,7.8,-11.8,-3.6,3.6,4.6,15.8
2023-09-08,2023.6863,7.0,-12.5,-11.2,3.1,4.0,14.0
2023-09-09,2023.689,6.1,-15.0,-9.0,3.2,4.2,14.7
2023-09-10,2023.6918,7.1,-12.4,-8.4,3.4,4.4,14.9
2023-09-11,2023.6945,2.5,-11.1,-13.3,3.2,4.0,13.8
2023-09-12,2023.6973,5.4,-8.6,-11.75,3.8,4.6,14.2
2023-09-13,2023.7,5.9,-10.7,-10.2,3.2,4.3,14.6
2023-09-14,2023.7027,2.6,-13.4,-5.5,2.9,3.4,13.3
2023-09-15,2023.7055,6.3,-13.5,-6.6,3.3,4.0,14.2
2023-09-16,2023.7082,1.7,-12.9,-7.7,3.3,3.9,15.1
2023-09-17,2023.711,3.6,-13.5,-9.55,3.1,3.8,14.95
2023-09-18,2023.7137,1.4,-9.7,-11.4,3.5,4.4,14.8
2023-09-19,2023.7164,2.9,-13.0,-6.8,2.9,3.5,13.5
2023-09-20,2023.7192,5.5,-11.4,-11.5,3.0,3.6,13.7
2023-09-21,2023.7219,5.1,-11.9,-12.5,3.0,3.6,13.7
2023-09-22,2023.7247,3.0,-10.2,-7.3,3.0,3.6,13.6
2023-09-23,2023.7274,6.0,-11.2,-12.9,2.8,3.7,12.8
2023-09-24,2023.7301,5.7,-11.4,-3.0,3.0,3.6,13.8
2023-09-25,2023.7329,3.0,-10.6,-8.1,3.1,3.8,14.4
2023-09-26,2023.7356,3.8,-10.3,-6.1,3.1,3.8,13.6
2023-09-27,2023.7384,5.8,-11.2,-15.3,3.1,4.1,14.5
2023-09-28,2023.7411,5.1,-15.1,-5.4,3.7,4.5,15.6
2023-09-29,2023.7438,3.1,-13.2,-11.2,3.2,4.1,14.2
2023-09-30,2023.7466,3.1,-11.0,-3.4,3.7,5.0,15.5
2023-10-01,2023.7493,7.3,-13.1,-0.4,3.2,4.0,14.6
2023-10-02,2023.7521,4.9,-10.1,-4.5,3.1,4.0,13.6
2023-10-03,2023.7548,7.1,-8.4,-5.1,3.4,4.9,15.5
2023-10-04,2023.7575,3.7,-8.5,-7.5,3.0,3.7,13.8
2023-10-05,2023.7603,5.3,-9.0,-10.4,3.0,3.9,13.0
2023-10-06,2023.763,5.9,-11.8,-8.1,3.4,4.7,15.0
2023-10-07,2023.7658,3.4,-7.5,-3.9,3.2,4.1,14.4
2023-10-08,2023.7685,4.0,-10.0,-18.6,3.1,4.2,14.2
2023-10-09,2023.7712,3.5,-8.9,-14.2,3.6,4.6,16.1
2023-10-10,2023.774,3.4,-10.0,-8.2,3.5,4.3,15.8
2023-10-11,2023.7767,4.2,-11.4,-11.7,3.1,4.1,14.4
2023-10-12,2023.7795,2.1,-10.4,-11.9,3.2,4.6,14.5
2023-10-13,2023.7822,4.8,-10.1,-13.5,3.5,4.5,14.9
2023-10-14,2023.7849,3.4,-9.0,-14.6,3.7,5.0,15.4
2023-10-15,2023.7877,4.6,-11.8,-7.0,3.2,4.2,14.1
2023-10-16,2023.7904,3.3,-9.2,-19.4,3.1,4.5,13.8
2023-10-17,2023.7932,5.3,-7.9,-13.1,3.0,4.4,13.6
2023-10-18,2023.7959,7.1,-8.1,-11.5,3.2,4.1,13.8
2023-10-19,2023.7986,4.2,-9.1,-13.1,3.2,4.0,14.0
2023-10-20,2023.8014,4.5,-9.6,-15.4,2.9,3.7,13.4
2023-10-21,2023.8041,3.6,-8.9,-17.9,2.9,3.6,13.3
2023-10-22,2023.8068,3.4,-7.7,-9.5,3.1,3.9,13.1
2023-10-23,2023.8096,3.8,-9.3,-12.6,3.1,4.7,13.8
2023-10-24,2023.8123,3.7,-8.8,-7.9,3.0,3.7,13.0
2023-10-25,2023.8151,5.4,-10.3,-18.6,3.3,4.2,14.7
2023-10-26,2023.8178,3.4,-8.2,-10.6,3.4,4.4,14.6
2023-10-27,2023.8205,3.2,-8.6,-9.7,2.8,3.6,12.9
2023-10-28,2023.8233,4.1,-5.6,-10.0,3.5,4.5,14.4
2023-10-29,2023.826,1.0,-6.4,-12.5,2.8,3.4,12.5
2023-10-30,2023.8288,4.2,-7.8,-14.6,2.9,3.7,13.1
2023-10-31,2023.8315,5.4,-10.1,-10.0,3.2,4.6,13.9
2023-11-01,2023.8342,3.4,-7.1,-12.2,3.1,4.8,13.5
2023-11-02,2023.837,5.5,-9.2,-9.7,2.9,3.7,13.4
2023-11-03,2023.8397,3.3,-5.2,-11.55,3.7,4.6,13.5
2023-11-04,2023.8425,5.0,-9.0,-13.4,3.0,3.8,13.6
2023-11-05,2023.8452,1.7,-8.3,-13.8,3.1,3.8,14.0
2023-11-06,2023.8479,-0.2,-5.7,-12.1,2.7,3.3,12.1
2023-11-07,2023.8507,0.8,-5.6,-11.0,3.3,3.9,13.5
2023-11-08,2023.8534,6.1,-6.7,-9.25,3.1,4.1,13.5
2023-11-09,2023.8562,4.0,-4.1,-7.5,3.2,4.0,13.5
2023-11-10,2023.8589,3.6,-6.1,-9.8,3.5,4.2,13.9
2023-11-11,2023.8616,4.6,-7.5,-9.1,2.9,3.6,12.5
2023-11-12,2023.8644,2.0,-5.6,-12.6,3.0,3.8,13.4
2023-11-13,2023.8671,3.6,-3.2,-14.3,3.5,4.4,14.2
2023-11-14,2023.8699,1.4,-3.9,-9.5,3.0,3.6,12.6
2023-11-15,2023.8726,2.2,-5.0,-8.8,3.2,4.0,13.5
2023-11-16,2023.8753,1.9,-5.3,-15.8,2.9,3.5,12.5
2023-11-17,2023.8781,0.8,-4.2,-10.6,2.8,3.3,11.9
2023-11-18,2023.8808,2.1,-8.7,-16.6,3.1,3.7,13.4
2023-11-19,2023.8836,-3.3,-4.8,-14.0,3.0,3.5,12.5
2023-11-20,2023.8863,-0.6,-5.0,-7.1,3.1,3.8,13.1
2023-11-21,2023.889,0.6,-5.5,-12.3,2.8,3.2,12.3
2023-11-22,2023.8918,1.0,-4.1,-9.3,2.7,3.2,12.0
2023-11-23,2023.8945,2.2,-5.2,-7.9,3.1,3.9,12.8
2023-11-24,2023.8973,-1.2,-3.8,-12.2,3.2,3.7,12.7
2023-11-25,2023.9,3.5,-8.0,-12.6,3.5,4.7,13.8
2023-11-26,2023.9027,1.0,-7.4,-7.8,2.9,3.4,11.5
2023-11-27,2023.9055,3.4,-5.3,-11.7,3.0,3.7,12.6
2023-11-28,2023.9082,0.5,-3.4,-8.9,3.4,4.0,13.4
2023-11-29,2023.911,2.7,-1.5,-8.95,2.8,3.4,13.0
2023-11-30,2023.9137,2.8,-3.3,-9.0,2.9,3.6,12.6
2023-12-01,2023.9164,3.6,-4.4,-6.9,3.4,4.3,13.7
2023-12-02,2023.9192,1.7,-5.3,-8.2,3.0,3.5,12.8
2023-12-03,2023.9219,2.0,-4.7,-1.7,3.2,4.3,13.1
2023-12-04,2023.9247,0.9,-3.5,-4.5,3.2,3.8,13.0
2023-12-05,2023.9274,1.9,-3.8,-2.3,3.2,3.9,12.65
2023-12-06,2023.9301,1.9,-2.0,-0.1,2.9,3.5,12.3
2023-12-07,2023.9329,0.7,-3.1,-3.6,2.9,3.7,12.55
2023-12-08,2023.9356,-0.7,-4.6,-7.1,2.9,3.5,12.8
2023-12-09,2023.9384,0.9,-3.0,-5.35,3.0,3.7,12.75
2023-12-10,2023.9411,-0.2,-5.2,-3.6,2.8,3.4,12.7
2023-12-11,2023.9438,-1.8,-2.3,0.4,2.5,3.1,11.5
2023-12-12,2023.9466,4.3,-3.3,2.4,3.5,4.0,14.0
2023-12-13,2023.9493,-0.5,-7.4,9.5,3.1,3.8,13.8
2023-12-14,2023.9521,1.5,-4.3,2.4,3.0,3.6,13.8
2023-12-15,2023.9548,0.3,-3.6,1.8,3.2,3.7,13.0
2023-12-16,2023.9575,2.0,-3.5,-2.4,3.7,4.8,14.5
2023-12-17,2023.9603,-0.4,-3.7,-3.5,2.8,3.5,12.3
2023-12-18,2023.963,2.2,-4.0,-2.1,2.9,3.6,12.6
2023-12-19,2023.9658,3.0,-3.9,-3.7,2.9,3.9,12.1
2023-12-20,2023.9685,1.6,-5.8,0.2,2.8,3.8,12.6
2023-12-21,2023.9712,2.2,-2.5,-3.3,2.9,4.2,12.7
2023-12-22,2023.974,0.8,-2.6,-8.2,2.8,3.7,12.2
2023-12-23,2023.9767,-0.1,-6.6,-10.3,2.7,3.4,12.3
2023-12-24,2023.9795,1.5,-3.4,-11.0,2.8,3.5,12.4
2023-12-25,2023.9822,-2.4,-3.3,-9.9,2.8,3.3,12.3
2023-12-26,2023.9849,-1.0,-3.5,-3.6,3.0,3.7,13.1
2023-12-27,2023.9877,-2.0,-4.5,-8.8,3.3,4.1,13.6
2023-12-28,2023.9904,-0.7,-3.2,-0.4,2.7,3.5,12.3
2023-12-29,2023.9932,-0.7,-1.3,-2.2,2.9,3.5,12.6
2023-12-30,2023.9959,-1.8,-2.1,-5.1,2.7,3.3,12.4
2023-12-31,2023.9986,-1.5,-1.6,-3.6,3.1,3.7,13.2
2024-01-01,2024.0014,-1.2,-3.1,-8.2,3.2,3.7,13.3
2024-01-02,2024.0041,-0.3,-0.3,1.1,2.8,3.4,12.4
2024-01-03,2024.0068,0.2,0.4,-6.0,2.8,3.5,12.3
2024-01-04,2024.0096,-0.9,-1.4,1.3,3.3,3.8,13.2
2024-01-05,2024.0123,-0.3,-4.3,-12.5,3.2,3.9,13.0
2024-01-06,2024.015,-0.3,-2.5,-4.4,2.8,3.4,12.3
2024-01-07,2024.0178,1.6,-3.8,-2.0,2.8,3.5,12.7
2024-01-08,2024.0205,-0.1,-2.9,-0.1,3.1,4.0,13.1
2024-01-09,2024.0232,-3.5,-1.4,3.2,2.9,3.5,12.2
2024-01-10,2024.026,-0.2,-0.8,-3.2,3.1,3.7,12.5
2024-01-11,2024.0287,0.9,-1.4,2.4,3.3,4.2,13.2
2024-01-12,2024.0314,-2.3,-1.3,5.6,3.2,3.9,13.0
2024-01-13,2024.0342,-4.2,-1.0,-5.4,3.3,3.9,13.0
2024-01-14,2024.0369,-1.9,-3.0,1.4,2.9,3.4,12.1
2024-01-15,2024.0396,-2.4,-3.2,2.7,2.8,3.3,11.9
2024-01-16,2024.0423,0.6,-2.9,0.9,3.1,3.8,13.2
2024-01-17,2024.0451,1.8,0.1,-0.3,2.9,3.7,12.6
2024-01-18,2024.0478,0.7,-1.4,1.6,3.1,3.9,13.5
2024-01-19,2024.0505,-0.1,-1.1,-0.4,3.2,4.1,12.9
2024-01-20,2024.0533,-0.1,-0.2,-6.7,3.2,3.8,12.5
2024-01-21,2024.056,1.4,1.3,3.6,2.8,3.6,12.1
2024-01-22,2024.0587,-1.6,-0.2,-7.4,2.8,3.2,11.4
2024-01-23,2024.0615,0.8,-1.4,1.2,2.8,3.6,12.2
2024-01-24,2024.0642,-0.8,1.9,8.0,2.9,3.4,12.0
2024-01-25,2024.0669,1.8,-1.6,-4.2,3.6,4.5,14.0
2024-01-26,2024.0697,2.3,2.7,-8.8,6.1,7.3,26.8
2024-01-27,,,,,,,
2024-01-28,2024.0751,0.3,2.0,-4.9,3.2,4.0,12.5
2024-01-29,2024.0779,0.2,1.5,8.7,3.3,4.3,13.8
2024-01-30,2024.0806,-2.1,-2.9,-6.3,2.9,3.2,11.9
2024-01-31,2024.0833,1.2,1.6,-6.6,3.1,4.1,13.6
2024-02-01,2024.0861,-0.1,0.9,-0.9,2.9,3.6,12.0
2024-02-02,2024.0888,-1.9,1.0,-1.1,2.9,3.7,12.5
2024-02-03,2024.0915,-1.1,1.7,-2.6,3.1,4.0,12.7
2024-02-04,2024.0943,-0.7,1.6,5.9,3.1,3.8,12.9
2024-02-05,2024.097,0.6,0.7,8.3,3.1,4.0,12.8
2024-02-06,2024.0997,-1.5,7.6,5.6,2.9,3.5,12.7
2024-02-07,2024.1025,2.3,5.3,-0.6,3.1,3.8,13.1
2024-02-08,2024.1052,2.5,1.8,2.5,3.0,4.1,13.0
2024-02-09,2024.1079,1.4,0.1,6.7,2.8,3.7,12.3
2024-02-10,2024.1107,0.3,3.7,-3.7,2.9,3.5,12.9
2024-02-11,2024.1134,2.1,4.1,4.4,3.0,3.6,13.0
2024-02-12,2024.1161,2.2,2.1,8.2,3.1,3.9,13.1
2024-02-13,2024.1189,2.5,5.7,2.1,2.9,3.6,12.7
2024-02-14,2024.1216,4.0,3.3,7.5,2.9,3.6,12.4
2024-02-15,2024.1243,4.7,1.7,5.8,2.9,3.5,13.0
2024-02-16,2024.127,3.4,3.6,12.3,3.2,4.0,14.0
2024-02-17,2024.1298,1.9,1.1,1.1,2.9,3.7,13.1
2024-02-18,2024.1325,-0.7,1.4,4.4,2.9,3.7,13.0
2024-02-19,2024.1352,0.1,2.8,10.2,2.9,4.6,13.3
2024-02-20,2024.138,-2.4,3.8,7.8,3.4,4.1,13.8
2024-02-21,2024.1407,0.9,1.5,13.7,3.2,4.5,14.9
2024-02-22,2024.1434,3.6,1.9,8.0,3.3,4.3,14.3
2024-02-23,2024.1462,3.5,4.5,9.5,3.1,4.0,14.9
2024-02-24,2024.1489,-0.5,6.2,10.2,3.0,3.8,13.6
2024-02-25,2024.1516,1.2,0.9,2.0,2.9,3.7,13.2
2024-02-26,2024.1544,-0.5,3.8,0.4,2.8,3.4,12.8
2024-02-27,2024.1571,0.9,3.3,2.6,2.8,3.4,12.6
2024-02-28,2024.1598,0.2,4.5,5.5,3.5,4.4,14.8
2024-02-29,2024.1626,-0.6,6.2,1.2,2.6,3.3,12.0
2024-03-01,2024.1653,1.5,5.0,1.7,2.9,3.4,12.2
2024-03-02,2024.168,-0.2,2.0,7.0,2.7,3.8,12.6
2024-03-03,2024.1708,0.1,4.8,10.0,3.2,4.0,14.1
2024-03-04,2024.1735,3.2,5.9,3.4,3.3,5.4,15.3
2024-03-05,2024.1762,-0.9,4.1,3.9,3.3,4.2,13.8
2024-03-06,2024.179,4.0,6.0,8.0,2.9,3.6,13.0
2024-03-07,2024.1817,2.4,7.3,11.4,3.0,3.7,13.5
2024-03-08,2024.1844,5.6,4.8,9.3,3.1,4.0,13.4
2024-03-09,2024.1872,3.1,5.0,-2.6,3.2,4.2,13.6
2024-03-10,2024.1899,2.5,4.7,2.9,3.0,4.1,12.8
2024-03-11,2024.1926,1.1,6.0,2.9,3.0,4.2,13.7
2024-03-12,2024.1954,0.5,8.9,5.6,3.2,4.3,13.5
2024-03-13,2024.1981,-0.6,5.0,5.7,2.9,4.0,12.5
2024-03-14,2024.2008,-1.5,4.0,9.4,3.0,3.7,12.8
2024-03-15,2024.2036,0.7,4.6,4.2,3.1,3.9,13.7
2024-03-16,2024.2063,-0.7,2.8,-2.1,3.1,3.9,13.3
2024-03-17,2024.209,-0.5,6.2,-0.6,3.0,4.5,13.8
2024-03-18,2024.2117,2.4,3.4,-5.0,2.9,4.4,13.5
2024-03-19,2024.2145,0.7,6.6,-5.0,3.1,4.1,12.7
2024-03-20,2024.2172,-0.0,5.2,-2.9,2.8,4.0,12.5
2024-03-21,2024.2199,-2.7,10.4,2.8,3.6,4.8,15.4
2024-03-22,2024.2227,-2.9,10.6,8.2,3.2,4.1,13.8
2024-03-23,2024.2254,-0.8,9.7,0.8,3.3,4.6,14.3
2024-03-24,2024.2281,-2.1,10.5,0.1,3.5,4.7,14.5
2024-03-25,2024.2309,0.1,6.3,0.6,2.9,3.5,13.2
2024-03-26,2024.2336,-2.1,9.1,1.1,3.5,4.6,15.1
2024-03-27,2024.2363,0.7,7.7,2.9,3.2,4.9,14.5
2024-03-28,2024.2391,1.9,5.6,1.1,3.2,5.0,14.2
2024-03-29,2024.2418,0.6,6.6,-3.65,3.7,5.0,14.2
2024-03-30,2024.2445,-2.3,9.2,-8.4,3.1,4.5,14.2
2024-03-31,2024.2473,-2.0,10.8,4.9,3.1,3.7,13.4
2024-04-01,2024.25,-1.2,7.0,10.8,3.1,4.1,13.9
2024-04-02,2024.2527,0.8,6.7,3.7,3.0,3.8,13.4
2024-04-03,2024.2555,1.4,8.7,9.3,3.1,3.9,13.2
2024-04-04,2024.2582,0.6,7.8,4.1,3.0,3.9,13.0
2024-04-05,2024.2609,0.2,6.0,-5.1,3.1,3.8,13.5
2024-04-06,2024.2637,0.6,9.1,11.3,3.2,4.0,13.8
2024-04-07,2024.2664,-0.3,6.7,2.4,3.1,4.1,14.3
2024-04-08,2024.2691,-0.8,5.7,-5.2,3.3,4.2,13.7
2024-04-09,2024.2719,1.1,7.0,5.5,3.0,3.7,13.4
2024-04-10,2024.2746,0.5,4.9,2.6,3.1,4.0,14.0
2024-04-11,2024.2773,-0.3,6.7,5.7,2.9,3.7,13.1
2024-04-12,2024.2801,-1.1,7.9,-2.5,3.3,4.1,13.9
2024-04-13,2024.2828,0.4,7.4,-5.5,3.9,5.1,15.0
2024-04-14,2024.2855,0.0,7.2,-1.2,2.9,3.7,12.9
2024-04-15,2024.2883,0.8,6.8,5.0,3.1,3.8,13.4
2024-04-16,2024.291,-0.8,7.4,12.0,3.4,4.2,14.1
2024-04-17,2024.2937,-0.5,7.9,5.3,2.9,3.6,13.4
2024-04-18,2024.2964,2.9,8.1,6.7,3.9,5.2,16.4
2024-04-19,2024.2992,2.3,5.5,5.7,3.6,4.5,14.4
2024-04-20,2024.3019,2.2,7.9,10.2,3.2,4.2,13.3
2024-04-21,2024.3046,-0.6,7.0,8.7,3.2,3.9,14.5
2024-04-22,2024.3074,-0.4,11.3,3.5,2.9,3.5,12.7
2024-04-23,2024.3101,1.6,7.8,6.5,3.7,4.6,15.4
2024-04-24,2024.3128,-1.5,7.2,11.5,3.6,5.0,15.8
2024-04-25,2024.3156,-3.0,8.2,2.1,4.1,5.6,17.2
2024-04-26,2024.3183,-1.2,9.6,-2.0,3.5,4.7,14.8
2024-04-27,2024.321,-0.5,5.9,4.2,3.3,4.3,14.1
2024-04-28,2024.3238,-0.1,9.2,-5.9,3.2,4.5,15.2
2024-04-29,2024.3265,-1.7,9.5,-1.5,3.6,4.5,14.9
2024-04-30,2024.3292,-0.6,6.3,4.0,3.3,4.2,14.4
2024-05-01,2024.332,0.3,7.3,3.1,3.3,4.1,14.15
2024-05-02,2024.3347,-3.9,8.1,2.2,3.3,3.9,13.9
2024-05-03,2024.3374,-3.6,7.3,-1.2,3.1,3.7,13.7
2024-05-04,2024.3402,-2.4,8.1,4.6,3.1,3.7,13.9
2024-05-05,2024.3429,-2.1,8.0,1.5,3.1,4.0,13.8
2024-05-06,2024.3456,-1.9,8.3,8.7,3.3,4.1,14.7
2024-05-07,2024.3484,-1.0,9.4,-4.6,3.2,4.2,14.0
2024-05-08,2024.3511,-0.7,10.3,-2.9,3.3,4.2,14.1
2024-05-09,2024.3538,-3.6,8.2,-1.8,3.3,4.3,13.9
2024-05-10,2024.3566,-1.6,7.3,-0.5,3.6,5.0,15.6
2024-05-11,2024.3593,-4.2,8.4,-4.4,3.0,3.6,12.9
2024-05-12,2024.362,-4.6,9.4,2.1,2.9,3.6,13.3
2024-05-13,2024.3648,-1.0,8.5,1.1,3.3,4.3,14.1
2024-05-14,2024.3675,-0.7,10.1,5.5,3.2,4.3,14.4
2024-05-15,2024.3702,-0.9,8.3,-4.0,3.2,4.1,14.3
2024-05-16,2024.373,-0.5,9.9,10.2,3.6,4.5,14.6
2024-05-17,2024.3757,-1.5,11.3,0.8,3.8,4.8,15.3
2024-05-18,2024.3784,0.0,10.0,7.5,3.4,4.3,14.3
2024-05-19,2024.3811,0.6,12.7,12.9,3.3,4.2,14.4
2024-05-20,2024.3839,-1.7,10.1,-0.4,3.5,4.3,13.8
2024-05-21,2024.3866,-1.6,13.0,9.6,3.1,3.8,13.3
2024-05-22,2024.3893,-4.2,9.3,3.2,2.9,3.5,13.7
2024-05-23,2024.3921,-0.9,9.4,7.1,3.1,3.7,13.5
2024-05-24,2024.3948,-3.0,10.0,0.2,3.1,3.8,13.4
2024-05-25,2024.3975,-5.0,10.2,12.3,3.2,4.2,14.1
2024-05-26,2024.4003,-2.6,12.3,2.1,3.7,4.5,15.8
2024-05-27,2024.403,-3.9,11.2,2.1,3.4,4.1,14.1
2024-05-28,2024.4057,-5.5,13.7,0.7,3.1,3.7,13.5
2024-05-29,2024.4085,-4.2,9.9,5.5,3.3,3.9,15.1
2024-05-30,2024.4112,-5.0,10.8,5.3,3.2,3.8,14.2
2024-05-31,2024.4139,-2.4,12.0,0.7,3.1,3.7,14.7
2024-06-01,2024.4167,-4.1,7.6,0.6,3.4,4.2,16.1
2024-06-02,2024.4194,-1.6,10.6,0.5,3.8,4.8,17.5
2024-06-03,2024.4221,-1.7,11.1,-3.9,3.5,4.5,14.7
2024-06-04,2024.4249,-2.8,8.5,-8.4,3.4,4.6,15.1
2024-06-05,2024.4276,-3.7,10.2,-0.5,3.3,4.1,15.3
2024-06-06,2024.4303,-4.1,13.0,-2.6,3.2,4.0,14.4
2024-06-07,2024.4331,-4.2,11.3,1.2,3.7,4.9,16.0
2024-06-08,2024.4358,-4.8,9.6,-4.2,3.6,4.3,14.9
2024-06-09,2024.4385,-7.4,12.2,-0.7,3.8,4.5,16.9
2024-06-10,2024.4413,-1.9,12.5,-2.6,3.3,4.2,14.8
2024-06-11,2024.444,-4.9,12.6,-1.5,3.6,4.3,14.4
2024-06-12,2024.4467,-7.4,12.1,-6.6,3.2,3.9,15.1
2024-06-13,2024.4495,-2.3,14.1,0.6,3.2,4.1,15.1
2024-06-14,2024.4522,-5.2,11.7,1.7,3.7,4.5,15.5
2024-06-15,2024.4549,-4.1,9.5,6.2,3.6,4.9,15.6
2024-06-16,2024.4577,-4.0,12.1,-3.7,3.4,4.2,15.7
2024-06-17,2024.4604,-3.8,11.3,1.8,3.1,3.7,15.3
2024-06-18,2024.4631,-3.2,13.3,1.1,3.4,4.2,15.8
2024-06-19,,,,,,,
2024-06-20,2024.4686,-7.0,11.0,-8.1,3.2,4.0,13.9
2024-06-21,2024.4713,-4.6,11.7,-2.1,3.2,3.9,13.5
2024-06-22,2024.474,-6.4,13.1,3.9,3.0,3.5,13.6
2024-06-23,2024.4768,-5.0,9.0,-6.6,3.4,4.3,15.5
2024-06-24,2024.4795,-5.8,10.5,-4.3,3.1,3.8,13.5
2024-06-25,2024.4822,-5.0,12.2,-3.6,2.8,3.5,12.9
2024-06-26,2024.485,-4.8,10.5,-7.6,3.4,4.1,13.9
2024-06-27,2024.4877,-5.3,10.7,-9.6,3.6,4.9,15.9
2024-06-28,2024.4904,-2.9,11.0,-9.1,3.4,5.7,14.9
2024-06-29,2024.4932,-5.6,12.0,-3.2,3.3,4.0,14.4
2024-06-30,2024.4959,-5.6,11.9,0.6,3.2,3.9,14.3
2024-07-01,2024.4986,-6.7,12.2,-2.9,3.0,3.7,14.0
2024-07-02,2024.5014,-6.0,12.2,-0.0,3.3,4.4,14.8
2024-07-03,2024.5041,-7.5,14.0,-3.1,3.1,4.1,15.3
2024-07-04,2024.5068,-5.6,11.9,-9.0,2.8,3.4,13.5
2024-07-05,2024.5096,-6.6,14.7,-3.3,3.2,4.1,15.1
2024-07-06,2024.5123,-7.0,13.1,-1.6,3.2,4.0,14.0
2024-07-07,2024.515,-8.4,14.3,-7.1,3.1,4.0,14.7
2024-07-08,2024.5178,-9.1,14.1,-6.9,3.5,4.5,14.5
2024-07-09,2024.5205,-7.9,14.7,2.8,3.4,4.2,14.8
2024-07-10,2024.5232,-8.2,11.2,-4.5,3.4,4.6,15.1
2024-07-11,2024.526,-8.4,14.6,-6.8,3.5,4.3,15.3
2024-07-12,2024.5287,-8.4,15.4,-12.2,3.5,4.5,15.2
2024-07-13,2024.5314,-8.2,15.9,-11.3,3.5,4.2,14.5
2024-07-14,2024.5342,-6.5,13.9,-3.5,3.2,4.0,15.2
2024-07-15,2024.5369,-6.5,14.8,-10.9,3.2,4.4,14.7
2024-07-16,2024.5396,-7.9,13.5,-3.3,2.9,3.6,13.5
2024-07-17,2024.5423,-8.7,18.0,-5.2,3.5,4.3,14.6
2024-07-18,2024.5451,-7.0,18.4,-4.6,3.7,5.0,15.7
2024-07-19,2024.5478,-5.8,15.7,-2.65,3.1,3.9,15.7
2024-07-20,2024.5505,-7.9,16.1,-0.7,3.7,4.7,15.7
2024-07-21,2024.5533,-8.5,14.1,-6.3,3.8,4.8,15.7
2024-07-22,2024.556,-8.9,19.2,-3.17,3.7,4.4,16.23
2024-07-23,2024.5587,-7.1,21.0,-0.03,3.4,4.4,16.77
2024-07-24,2024.5615,-6.6,17.8,3.1,3.9,4.8,17.3
2024-07-25,2024.5642,-8.4,15.8,-5.4,3.9,5.2,17.5
2024-07-26,2024.5669,-8.3,16.8,-3.1,3.7,4.8,16.8
2024-07-27,2024.5697,-10.4,20.3,-5.2,3.7,4.5,16.7
2024-07-28,2024.5724,-9.9,16.5,-1.4,3.7,4.4,16.6
2024-07-29,2024.5751,-10.3,17.0,-4.9,3.5,4.2,15.1
2024-07-30,2024.5779,-8.8,16.0,-5.8,3.0,3.7,13.7
2024-07-31,2024.5806,-7.7,17.1,-6.0,2.9,3.5,13.3
2024-08-01,2024.5833,-8.1,18.3,2.9,3.3,4.3,14.9
2024-08-02,2024.5861,-9.0,17.3,-7.5,3.3,4.0,15.8
2024-08-03,2024.5888,-10.0,16.4,-11.1,3.5,6.4,16.0
2024-08-04,2024.5915,-10.4,18.9,-2.3,3.2,4.2,14.1
2024-08-05,2024.5943,-8.4,18.3,-8.7,3.7,4.9,15.9
2024-08-06,2024.597,-9.4,19.3,-9.4,3.1,3.7,15.1
2024-08-07,2024.5997,-8.1,16.8,-7.8,3.3,4.4,15.4
2024-08-08,2024.6025,-7.8,19.0,-2.5,3.3,4.5,15.7
2024-08-09,2024.6052,-8.4,14.4,-14.0,3.4,4.7,16.1
2024-08-10,2024.6079,-8.3,17.2,-4.9,3.4,4.7,16.3
2024-08-11,2024.6107,-7.2,12.8,-14.6,3.5,4.6,15.2
2024-08-12,2024.6134,-10.4,14.8,-11.8,3.6,4.7,15.2
2024-08-13,2024.6161,-8.6,16.8,-12.8,3.2,5.0,16.0
2024-08-14,,,,,,,
2024-08-15,,,,,,,
2024-08-16,,,,,,,
2024-08-17,2024.627,-9.3,16.2,-15.0,3.3,4.6,15.4
2024-08-18,2024.6298,-10.1,20.2,-14.0,3.1,4.2,14.5
2024-08-19,2024.6325,-10.6,19.3,-7.3,3.6,4.7,17.1
2024-08-20,2024.6352,-8.9,15.8,-18.7,3.7,5.6,16.2
2024-08-21,2024.638,-11.7,18.3,-4.2,3.4,5.1,15.8
2024-08-22,2024.6407,-12.6,17.4,-11.1,3.7,4.6,16.1
2024-08-23,2024.6434,-7.2,18.0,-12.4,3.5,5.2,16.7
2024-08-24,2024.6462,-9.4,16.1,-15.0,3.6,4.8,17.7
2024-08-25,2024.6489,-12.4,18.9,-0.8,3.2,4.4,15.7
2024-08-26,2024.6516,-7.5,19.3,-15.4,4.3,5.4,17.5
2024-08-27,2024.6544,-8.5,17.2,-6.5,3.6,4.6,15.5
2024-08-28,2024.6571,-12.1,18.3,-4.3,3.7,4.7,15.8
2024-08-29,2024.6598,-12.6,19.9,-4.0,3.4,4.2,15.0
2024-08-30,2024.6626,-13.3,17.0,-0.2,3.4,4.5,15.8
2024-08-31,2024.6653,-12.1,17.6,-5.8,4.2,5.3,17.6
2024-09-01,2024.668,-14.0,17.2,-4.6,3.1,4.0,13.9
2024-09-02,2024.6708,-10.8,18.9,-6.3,3.4,4.4,15.1
2024-09-03,2024.6735,-10.3,17.4,-4.8,3.4,5.3,16.3
2024-09-04,2024.6762,-12.9,20.0,7.6,3.3,4.1,15.3
2024-09-05,2024.679,-10.1,18.6,-6.9,3.5,4.5,15.9
2024-09-06,2024.6817,-10.7,19.1,-8.8,3.1,4.2,14.1
2024-09-07,2024.6844,-8.3,19.0,-10.3,3.6,4.7,16.5
2024-09-08,2024.6872,-9.4,18.3,-9.2,3.5,4.7,14.9
2024-09-09,2024.6899,-10.9,17.4,6.9,3.8,4.9,17.9
2024-09-10,2024.6926,-6.4,23.5,5.7,4.3,5.9,19.6
2024-09-11,2024.6954,-10.5,21.2,-16.5,3.3,4.2,15.3
2024-09-12,2024.6981,-12.2,22.6,-14.1,3.4,4.3,14.9
2024-09-13,2024.7008,-15.1,22.8,-13.5,3.1,3.9,14.8
2024-09-14,2024.7036,-10.5,17.9,-8.1,3.3,4.3,15.2
2024-09-15,2024.7063,-11.5,14.9,-11.6,3.6,4.8,16.2
2024-09-16,2024.709,-13.7,20.4,-12.4,3.2,4.1,14.1
2024-09-17,2024.7117,-13.0,19.6,-12.0,3.1,4.1,14.8
2024-09-18,2024.7145,-8.9,20.0,-12.4,3.4,4.6,15.2
2024-09-19,2024.7172,-11.9,23.7,-7.9,3.4,4.5,15.7
2024-09-20,2024.7199,-10.3,18.5,-14.4,3.3,5.0,15.5
2024-09-21,2024.7227,-11.1,19.5,-11.5,2.8,3.6,13.1
2024-09-22,2024.7254,-12.8,23.9,-10.0,3.2,4.2,15.1
2024-09-23,2024.7281,-13.4,20.8,-7.1,3.0,4.1,14.5
2024-09-24,2024.7309,-11.3,18.6,0.3,3.1,4.4,15.2
2024-09-25,2024.7336,-11.8,22.5,-8.0,3.4,4.7,15.3
2024-09-26,2024.7363,-9.2,20.0,-5.1,3.2,4.2,14.4
2024-09-27,2024.7391,-10.8,21.9,-3.8,3.4,4.4,14.8
2024-09-28,2024.7418,-11.3,17.1,-2.2,3.1,4.0,14.6
2024-09-29,2024.7445,-10.8,19.9,-10.7,2.8,4.0,13.8
2024-09-30,2024.7473,-9.3,20.8,-9.4,3.9,6.2,17.2
2024-10-01,2024.75,-10.0,21.5,-11.6,3.0,4.2,14.2
2024-10-02,2024.7527,-9.3,19.4,-6.6,3.0,4.2,13.9
2024-10-03,2024.7555,-11.0,21.3,-8.7,3.0,4.1,14.0
2024-10-04,2024.7582,-11.4,17.9,-14.3,3.5,4.6,15.1
2024-10-05,2024.7609,-9.7,19.7,-16.5,3.2,5.9,15.8
2024-10-06,2024.7637,-10.3,21.0,-8.7,3.1,4.7,15.0
2024-10-07,2024.7664,-10.1,21.2,-7.2,3.3,4.3,15.1
2024-10-08,2024.7691,-13.4,18.2,-17.1,3.2,4.1,14.2
2024-10-09,2024.7719,-10.5,19.9,-9.9,3.3,4.2,14.5
2024-10-10,2024.7746,-9.2,19.2,-15.9,3.0,3.9,14.2
2024-10-11,2024.7773,-15.4,21.2,-15.6,3.2,4.0,14.6
2024-10-12,2024.7801,-11.0,19.5,-3.7,3.5,4.7,15.6
2024-10-13,2024.7828,-10.0,21.1,-10.8,3.3,4.2,15.4
2024-10-14,2024.7855,-10.3,22.1,-11.7,3.0,3.6,13.8
2024-10-15,2024.7883,-11.7,20.8,-18.7,3.4,4.3,15.2
2024-10-16,2024.791,-11.1,21.8,-11.9,3.1,4.0,14.5
2024-10-17,2024.7937,-11.3,22.9,-5.1,3.8,4.9,16.2
2024-10-18,2024.7964,-6.2,20.6,-18.8,3.2,4.4,15.0
2024-10-19,2024.7992,-9.4,23.7,-15.3,3.6,4.7,16.2
2024-10-20,2024.8019,-11.0,21.6,-10.3,3.1,4.1,14.9
2024-10-21,2024.8046,-9.2,23.1,-6.9,3.2,4.7,15.2
2024-10-22,2024.8074,-11.5,19.9,-15.8,2.9,3.6,13.4
2024-10-23,2024.8101,-9.6,23.2,-11.4,3.0,4.3,14.6
2024-10-24,2024.8128,-10.7,20.0,-14.2,2.9,4.1,14.0
2024-10-25,2024.8156,-11.5,24.3,-11.2,3.9,4.7,15.6
2024-10-26,2024.8183,-9.6,21.4,-15.9,3.1,4.0,15.0
2024-10-27,2024.821,-11.9,23.2,-10.1,3.3,4.7,15.0
2024-10-28,2024.8238,-10.0,24.0,-13.1,2.9,3.9,14.3
2024-10-29,2024.8265,-11.5,25.1,-10.4,3.2,4.3,14.7
2024-10-30,2024.8292,-10.4,22.5,-14.5,2.9,3.8,13.7
2024-10-31,2024.832,-12.9,25.2,-6.0,3.0,3.7,13.9
2024-11-01,2024.8347,-12.7,23.9,-19.4,2.8,3.6,13.7
2024-11-02,2024.8374,-10.7,19.7,-8.4,3.1,4.0,14.3
2024-11-03,2024.8402,-13.8,22.9,-9.3,3.2,4.1,14.4
2024-11-04,2024.8429,-11.6,25.6,-19.0,3.1,4.1,14.6
2024-11-05,2024.8456,-12.0,27.1,-13.2,3.4,4.7,14.6
2024-11-06,2024.8484,-14.7,24.3,-21.0,3.1,4.1,13.9
2024-11-07,2024.8511,-13.1,21.5,-18.0,3.2,4.5,14.4
2024-11-08,2024.8538,-12.4,23.1,-13.0,3.6,5.9,16.2
2024-11-09,2024.8566,-14.5,24.8,-15.7,3.0,3.9,13.2
2024-11-10,2024.8593,-16.9,24.0,-14.0,2.9,3.8,13.8
2024-11-11,2024.862,-17.2,22.8,-17.9,2.8,3.6,13.2
2024-11-12,2024.8648,-12.4,21.4,-12.6,2.9,3.8,13.1
2024-11-13,2024.8675,-12.7,24.9,-7.8,2.9,3.9,13.1
2024-11-14,2024.8702,-12.7,22.5,-12.0,3.1,4.0,12.9
2024-11-15,2024.873,-12.0,23.0,-7.8,3.2,4.2,13.3
2024-11-16,2024.8757,-16.2,21.9,-15.1,2.9,3.7,12.6
2024-11-17,2024.8784,-14.4,25.7,-6.9,2.7,3.4,12.3
2024-11-18,2024.8811,-12.6,25.2,-10.2,2.9,3.8,13.0
2024-11-19,2024.8839,-14.0,26.4,-5.7,2.9,3.9,13.6
2024-11-20,2024.8866,-13.4,21.9,-5.7,3.1,4.1,14.2
2024-11-21,2024.8893,-11.2,24.9,-8.9,2.9,3.9,13.5
2024-11-22,2024.8921,-13.1,24.6,-5.9,3.1,4.1,14.5
2024-11-23,2024.8948,-13.5,21.7,-5.5,2.9,3.8,13.0
2024-11-24,2024.8975,-14.3,21.9,-7.3,3.2,4.2,14.0
2024-11-25,2024.9003,-12.9,24.7,-4.6,3.1,4.1,14.1
2024-11-26,2024.903,-12.3,22.5,-3.4,3.0,4.3,13.4
2024-11-27,2024.9057,-12.7,21.9,-2.9,3.3,4.2,14.1
2024-11-28,2024.9085,-12.3,23.5,-2.3,3.2,4.5,14.2
2024-11-29,2024.9112,-13.9,25.1,-1.1,2.8,3.6,12.6
2024-11-30,2024.9139,-16.0,22.8,2.8,3.2,4.2,14.3
2024-12-01,2024.9167,-13.4,23.3,-0.5,2.9,3.9,13.4
2024-12-02,2024.9194,-14.2,24.6,6.6,2.7,3.5,12.7
2024-12-03,2024.9221,-13.9,22.1,-1.7,2.9,3.9,13.3
2024-12-04,2024.9249,-15.4,23.0,1.0,3.2,4.3,14.0
2024-12-05,2024.9276,-16.6,23.9,-0.9,2.7,3.4,12.6
2024-12-06,,,,,,,
2024-12-07,2024.9331,-16.5,24.1,-7.0,3.7,4.8,15.3
2024-12-08,2024.9358,-16.2,22.5,0.2,2.9,3.7,13.5
2024-12-09,2024.9385,-13.4,23.9,-3.8,2.8,3.8,13.4
2024-12-10,2024.9413,-14.4,24.5,2.5,2.8,3.6,13.1
2024-12-11,2024.944,-14.7,23.8,0.5,2.9,3.7,13.5
2024-12-12,2024.9467,-15.4,22.7,-4.5,3.1,4.0,14.1
2024-12-13,2024.9495,-16.7,24.2,-2.1,3.0,3.7,14.1
2024-12-14,2024.9522,-17.1,25.2,-2.6,3.3,4.2,14.2
2024-12-15,2024.9549,-16.4,23.0,-4.2,3.2,4.1,13.5
2024-12-16,2024.9577,-16.8,25.5,-2.0,3.4,4.4,14.9
2024-12-17,2024.9604,-15.3,24.3,-5.1,3.4,4.3,14.3
2024-12-18,2024.9631,-17.7,25.9,-6.6,3.4,4.1,14.6
2024-12-19,2024.9658,-17.9,26.4,-0.1,2.9,3.8,13.2
2024-12-20,2024.9686,-18.3,26.8,6.8,3.4,4.3,14.2
2024-12-21,2024.9713,-19.0,27.4,3.6,3.4,4.3,15.2
2024-12-22,2024.974,-17.3,24.5,-0.5,3.1,4.2,14.4
2024-12-23,2024.9768,-16.1,25.7,-2.8,2.8,3.6,13.3
2024-12-24,2024.9795,-17.3,28.1,-6.3,3.1,4.6,15.0
2024-12-25,2024.9822,-15.9,26.0,5.3,3.1,4.0,14.0
2024-12-26,2024.985,-16.8,25.2,-7.1,3.3,4.5,14.0
2024-12-27,2024.9877,-15.5,24.6,-1.5,3.3,4.2,13.8
2024-12-28,2024.9904,-17.7,28.3,-2.3,3.1,4.5,13.8
2024-12-29,2024.9932,-19.7,26.0,-2.35,3.4,4.2,13.75
2024-12-30,2024.9959,-17.5,26.3,-2.4,3.1,4.0,13.7
2024-12-31,2024.9986,-19.9,29.9,-0.1,3.3,4.3,14.4
