YYYYMMDD,YYYY.DECM,N(m),E(m),U(m),sig_n(mm),sig_e(mm),sig_u(mm)
2010-06-11,2010.4425,240.8,-475.6,-6.4,2.4,3.0,9.9
2010-06-12,2010.4452,239.3,-477.8,-14.7,2.2,2.8,9.0
2010-06-13,2010.4479,240.3,-478.2,-4.8,2.1,2.8,8.4
2010-06-14,2010.4507,241.7,-478.0,-11.9,2.1,2.6,8.3
2010-06-15,2010.4534,240.8,-478.1,-13.0,2.1,2.6,8.4
2010-06-16,2010.4562,239.9,-478.9,-13.5,2.1,2.6,8.5
2010-06-17,2010.4589,239.7,-475.3,-6.6,2.3,3.0,9.4
2010-06-18,2010.4616,240.4,-475.4,-7.6,2.4,3.1,9.6
2010-06-19,2010.4644,238.2,-477.1,-4.9,2.2,2.8,8.7
2010-06-20,2010.4671,238.8,-478.3,-13.3,2.0,2.4,8.1
2010-06-21,2010.4699,239.8,-476.4,-9.2,1.9,2.4,7.5
2010-06-22,2010.4726,240.1,-477.8,-18.2,2.1,2.5,8.3
2010-06-23,2010.4753,237.4,-477.9,-15.7,2.2,2.7,8.9
2010-06-24,2010.4781,238.2,-477.7,-12.7,2.2,2.6,8.5
2010-06-25,2010.4808,236.7,-477.9,-4.6,2.2,2.7,8.7
2010-06-26,2010.4836,240.8,-475.3,-7.7,2.2,2.6,8.5
2010-06-27,2010.4863,238.3,-478.6,-9.5,2.0,2.4,7.8
2010-06-28,2010.489,236.4,-478.0,-9.2,2.3,2.8,9.1
2010-06-29,2010.4918,238.7,-477.3,-15.0,2.1,2.5,8.2
2010-06-30,2010.4945,237.8,-475.0,-17.4,2.2,2.6,8.6
2010-07-01,2010.4973,237.4,-476.7,-8.7,2.0,2.4,7.8
2010-07-02,2010.5,238.2,-476.7,-13.8,2.0,2.4,7.7
2010-07-03,2010.5027,238.6,-472.9,-16.0,2.2,2.7,8.8
2010-07-04,2010.5055,238.2,-476.5,-10.8,1.9,2.3,7.6
2010-07-05,2010.5082,237.4,-478.1,-9.4,2.1,2.5,8.1
2010-07-06,2010.511,238.5,-477.3,-14.9,1.9,2.3,7.6
2010-07-07,2010.5137,237.0,-476.4,-18.0,2.2,2.7,8.2
2010-07-08,2010.5164,237.1,-475.0,-17.3,1.8,2.1,7.2
2010-07-09,2010.5192,238.0,-475.6,-11.3,1.8,2.2,7.3
2010-07-10,2010.5219,237.3,-477.2,-13.0,1.9,2.2,7.4
2010-07-11,2010.5247,234.4,-475.4,-10.0,1.9,2.2,7.6
2010-07-12,2010.5274,236.5,-476.2,-10.1,2.1,2.6,8.1
2010-07-13,2010.5301,237.9,-476.3,-13.9,2.2,2.5,8.8
2010-07-14,2010.5329,237.0,-475.1,-14.0,2.3,2.8,9.0
2010-07-15,2010.5356,236.9,-476.0,-15.0,1.7,2.1,6.9
2010-07-16,2010.5384,237.6,-475.5,-11.0,2.5,3.1,10.0
2010-07-17,2010.5411,236.2,-473.6,-12.6,2.4,3.0,9.5
2010-07-18,2010.5438,236.7,-475.8,-12.1,1.9,2.2,7.4
2010-07-19,2010.5466,236.2,-475.2,-18.1,1.9,2.2,7.4
2010-07-20,2010.5493,235.6,-474.0,-14.2,1.7,2.0,6.8
2010-07-21,2010.5521,236.9,-472.4,-19.7,2.2,2.6,8.9
2010-07-22,2010.5548,234.9,-475.2,-5.4,2.5,2.9,10.1
2010-07-23,2010.5575,235.8,-474.9,-15.2,2.1,2.4,8.7
2010-07-24,2010.5603,235.6,-476.8,-16.4,2.1,2.4,8.3
2010-07-25,2010.563,233.8,-474.6,-19.7,2.0,2.4,8.1
2010-07-26,2010.5658,235.3,-476.4,-13.5,1.9,2.2,7.7
2010-07-27,2010.5685,236.4,-478.1,-17.3,2.2,2.6,8.9
2010-07-28,2010.5712,233.6,-475.2,-17.9,2.2,2.5,9.0
2010-07-29,2010.574,234.8,-476.0,-16.9,2.2,2.7,8.7
2010-07-30,2010.5767,234.4,-475.4,-22.4,2.3,2.8,9.1
2010-07-31,2010.5795,234.2,-474.3,-17.5,2.5,2.9,10.4
2010-08-01,2010.5822,235.8,-475.9,-18.25,2.7,3.4,9.35
2010-08-02,2010.5849,233.5,-473.8,-19.0,2.1,2.4,8.3
2010-08-03,2010.5877,235.1,-476.4,-18.5,1.9,2.2,7.1
2010-08-04,2010.5904,235.3,-472.0,-22.9,2.2,2.6,9.1
2010-08-05,2010.5932,233.0,-474.2,-22.2,2.7,3.1,10.7
2010-08-06,2010.5959,232.6,-474.1,-22.1,2.3,2.8,9.0
2010-08-07,2010.5986,236.8,-474.2,-26.0,2.6,3.1,10.4
2010-08-08,2010.6014,232.8,-472.8,-23.8,2.7,3.1,10.5
2010-08-09,2010.6041,233.2,-476.8,-30.3,2.9,3.3,11.5
2010-08-10,2010.6068,234.0,-474.6,-26.1,2.4,2.8,12.05
2010-08-11,2010.6096,235.0,-472.4,-21.9,3.1,3.4,12.6
2010-08-12,2010.6123,235.1,-472.2,-22.7,2.3,2.7,9.4
2010-08-13,2010.6151,234.4,-471.2,-23.8,2.0,2.3,8.1
2010-08-14,2010.6178,236.3,-471.7,-25.0,3.1,3.8,13.2
2010-08-15,2010.6205,234.7,-470.9,-30.7,2.4,2.9,9.1
2010-08-16,2010.6233,235.3,-471.6,-31.3,2.8,3.3,11.2
2010-08-17,2010.626,233.6,-472.1,-21.4,2.6,3.1,10.0
2010-08-18,2010.6288,235.2,-469.7,-20.9,2.5,3.1,10.2
2010-08-19,2010.6315,232.7,-471.0,-27.9,2.3,2.8,8.7
2010-08-20,2010.6342,231.6,-470.0,-28.3,2.0,2.3,7.7
2010-08-21,2010.637,233.1,-471.9,-21.8,1.9,2.3,7.4
2010-08-22,2010.6397,233.2,-471.1,-29.3,1.8,2.0,6.8
2010-08-23,2010.6425,232.6,-470.6,-27.7,2.0,2.4,7.8
2010-08-24,2010.6452,233.1,-469.6,-26.2,2.0,2.3,7.6
2010-08-25,2010.6479,234.3,-471.5,-29.3,2.0,2.4,7.7
2010-08-26,2010.6507,235.1,-470.4,-26.5,2.2,2.5,8.4
2010-08-27,2010.6534,234.2,-470.6,-31.8,1.8,2.1,7.0
2010-08-28,2010.6562,234.1,-469.3,-35.6,1.9,2.2,7.3
2010-08-29,2010.6589,234.1,-468.8,-25.4,2.2,2.6,8.0
2010-08-30,2010.6616,234.0,-470.1,-28.5,2.3,2.6,9.5
2010-08-31,2010.6644,235.9,-469.1,-18.9,2.5,2.7,10.0
2010-09-01,2010.6671,233.8,-469.5,-31.6,2.1,2.3,8.0
2010-09-02,2010.6699,235.0,-469.8,-20.5,2.2,2.7,8.3
2010-09-03,2010.6726,234.0,-469.4,-25.3,2.2,2.5,8.0
2010-09-04,2010.6753,233.0,-468.7,-26.4,2.1,2.4,8.1
2010-09-05,2010.6781,234.2,-467.9,-19.7,2.1,2.5,7.9
2010-09-06,2010.6808,234.0,-469.3,-21.1,2.2,2.5,8.8
2010-09-07,2010.6836,232.6,-468.6,-25.4,2.1,2.3,8.1
2010-09-08,2010.6863,233.9,-468.9,-29.8,2.2,2.6,8.4
2010-09-09,2010.689,233.4,-471.0,-29.9,2.0,2.2,7.7
2010-09-10,2010.6918,234.6,-469.4,-18.6,2.3,2.6,8.6
2010-09-11,2010.6945,234.4,-468.2,-26.8,1.8,1.9,6.8
2010-09-12,2010.6973,233.1,-467.4,-29.9,2.0,2.3,7.4
2010-09-13,2010.7,233.3,-467.3,-17.2,2.0,2.4,7.5
2010-09-14,2010.7027,233.2,-468.0,-23.7,2.1,2.4,7.6
2010-09-15,2010.7055,232.6,-465.9,-32.2,1.8,2.1,7.0
2010-09-16,2010.7082,233.0,-467.6,-31.6,2.0,2.2,7.5
2010-09-17,2010.711,232.9,-468.6,-31.3,2.2,2.6,8.0
2010-09-18,2010.7137,233.3,-467.9,-29.6,2.3,2.8,8.3
2010-09-19,2010.7164,233.1,-465.2,-28.3,2.1,2.4,8.1
2010-09-20,2010.7192,234.5,-469.5,-31.25,2.1,2.4,9.85
2010-09-21,2010.7219,231.9,-470.0,-34.2,2.9,3.1,11.6
2010-09-22,2010.7247,236.1,-468.3,-31.1,2.5,2.9,9.6
2010-09-23,2010.7274,234.2,-466.8,-30.2,2.0,2.4,8.0
2010-09-24,2010.7301,232.7,-468.3,-30.2,2.2,2.6,8.3
2010-09-25,2010.7329,234.1,-466.9,-24.5,2.1,2.5,7.9
2010-09-26,2010.7356,234.2,-467.9,-28.3,1.9,2.1,7.1
2010-09-27,2010.7384,234.4,-466.6,-33.1,2.1,2.4,8.0
2010-09-28,2010.7411,233.8,-467.9,-27.0,2.1,2.4,8.0
2010-09-29,2010.7438,234.1,-467.4,-26.9,2.4,2.8,9.0
2010-09-30,2010.7466,234.4,-468.3,-25.0,2.5,3.0,9.4
2010-10-01,2010.7493,233.6,-467.3,-21.0,2.2,2.6,8.4
2010-10-02,2010.7521,235.2,-466.7,-31.9,2.0,2.3,7.7
2010-10-03,2010.7548,234.8,-468.7,-31.7,2.0,2.4,7.6
2010-10-04,2010.7575,232.6,-466.9,-31.7,2.0,2.4,7.9
2010-10-05,2010.7603,234.0,-466.4,-27.1,1.8,2.1,6.6
2010-10-06,2010.763,232.8,-466.1,-30.9,1.9,2.2,7.0
2010-10-07,2010.7658,233.3,-467.6,-28.2,1.7,1.9,6.3
2010-10-08,2010.7685,234.0,-466.9,-27.2,1.7,2.0,6.3
2010-10-09,2010.7712,232.3,-469.0,-25.8,1.9,2.1,7.2
2010-10-10,2010.774,232.8,-466.6,-26.6,2.1,2.4,7.6
2010-10-11,2010.7767,233.5,-466.3,-33.3,2.1,2.5,7.6
2010-10-12,2010.7795,231.6,-467.1,-29.6,2.0,2.3,7.4
2010-10-13,2010.7822,233.8,-466.1,-26.3,1.9,2.2,7.0
2010-10-14,2010.7849,235.7,-465.4,-32.8,2.4,2.8,9.3
2010-10-15,2010.7877,231.8,-467.3,-29.5,2.1,2.5,7.5
2010-10-16,2010.7904,233.5,-465.4,-26.7,1.7,1.9,6.4
2010-10-17,2010.7932,232.1,-466.1,-30.8,1.8,2.1,7.0
2010-10-18,2010.7959,230.3,-466.6,-31.4,1.8,2.1,6.9
2010-10-19,2010.7986,232.1,-466.1,-32.2,1.8,2.0,6.5
2010-10-20,2010.8014,230.2,-466.8,-29.3,2.2,2.5,8.4
2010-10-21,2010.8041,231.9,-465.4,-30.1,1.8,2.1,7.0
2010-10-22,2010.8068,230.7,-464.6,-29.1,2.0,2.3,7.4
2010-10-23,2010.8096,229.7,-464.2,-23.5,1.8,2.0,6.7
2010-10-24,2010.8123,230.2,-462.8,-31.8,2.3,2.6,8.5
2010-10-25,2010.8151,230.9,-463.8,-35.4,2.1,2.5,8.1
2010-10-26,2010.8178,226.6,-466.6,-38.1,2.0,2.3,7.8
2010-10-27,2010.8205,231.3,-465.7,-29.0,2.1,2.4,7.9
2010-10-28,2010.8233,231.2,-463.9,-29.2,2.0,2.2,7.6
2010-10-29,2010.826,230.1,-463.8,-38.7,1.7,1.9,6.2
2010-10-30,2010.8288,230.7,-465.6,-34.75,1.8,2.0,6.5
2010-10-31,2010.8315,229.8,-464.1,-30.8,1.8,2.0,6.8
2010-11-01,2010.8342,230.2,-465.0,-34.1,1.9,2.1,7.1
2010-11-02,2010.837,228.0,-465.9,-34.75,1.9,2.1,7.45
2010-11-03,2010.8397,230.2,-464.7,-35.4,2.0,2.3,7.8
2010-11-04,2010.8425,229.0,-466.1,-36.9,1.7,1.9,6.3
2010-11-05,2010.8452,229.1,-465.6,-37.7,1.8,2.0,6.6
2010-11-06,2010.8479,230.7,-467.0,-33.6,1.9,2.1,6.9
2010-11-07,2010.8507,230.4,-464.8,-35.1,1.9,2.2,7.2
2010-11-08,2010.8534,230.3,-464.7,-36.6,1.9,2.1,7.3
2010-11-09,2010.8562,229.3,-464.6,-36.8,1.9,2.0,6.8
2010-11-10,2010.8589,230.1,-464.8,-35.6,1.9,2.2,6.7
2010-11-11,2010.8616,229.8,-464.6,-33.3,2.1,2.4,7.3
2010-11-12,2010.8644,229.8,-464.4,-30.1,1.7,1.9,6.3
2010-11-13,2010.8671,230.2,-463.4,-31.4,1.8,2.0,6.9
2010-11-14,2010.8699,231.8,-463.7,-29.2,1.9,2.2,6.9
2010-11-15,2010.8726,230.7,-463.5,-33.1,1.7,1.9,6.3
2010-11-16,2010.8753,229.4,-463.1,-30.1,1.8,1.9,6.6
2010-11-17,2010.8781,231.3,-463.0,-25.1,1.9,2.1,6.6
2010-11-18,2010.8808,231.7,-462.6,-25.8,1.9,2.1,6.7
2010-11-19,2010.8836,230.2,-463.4,-21.0,1.8,2.1,6.8
2010-11-20,2010.8863,230.6,-464.2,-26.4,1.9,2.2,7.1
2010-11-21,2010.889,230.0,-463.0,-26.6,1.9,2.2,7.0
2010-11-22,2010.8918,230.9,-462.1,-21.1,1.8,2.0,6.3
2010-11-23,2010.8945,229.6,-462.8,-22.6,1.7,2.0,6.4
2010-11-24,2010.8973,229.8,-462.6,-24.6,1.6,1.8,5.9
2010-11-25,2010.9,230.0,-462.5,-29.5,1.5,1.7,5.6
2010-11-26,2010.9027,229.9,-461.8,-23.9,1.7,1.9,6.0
2010-11-27,2010.9055,230.4,-463.1,-20.2,1.7,1.9,6.3
2010-11-28,2010.9082,229.8,-462.4,-22.7,1.8,2.1,6.4
2010-11-29,2010.911,227.6,-460.7,-22.0,1.9,2.2,7.2
2010-11-30,2010.9137,229.0,-459.1,-27.0,1.9,2.2,6.9
2010-12-01,2010.9164,229.6,-462.1,-17.5,1.6,1.9,6.1
2010-12-02,2010.9192,230.1,-460.1,-19.6,1.8,2.0,6.5
2010-12-03,2010.9219,228.2,-462.0,-23.7,1.6,1.9,6.1
2010-12-04,2010.9247,229.0,-462.9,-16.0,1.7,1.9,6.3
2010-12-05,2010.9274,229.7,-460.2,-19.8,1.7,1.9,6.2
2010-12-06,2010.9301,229.3,-460.1,-15.5,1.7,2.0,6.3
2010-12-07,2010.9329,229.8,-459.6,-13.9,1.6,1.7,5.8
2010-12-08,2010.9356,229.2,-459.4,-17.0,1.8,2.0,6.4
2010-12-09,2010.9384,229.2,-460.2,-7.3,1.8,2.0,6.6
2010-12-10,2010.9411,227.1,-459.5,-9.3,2.1,2.5,7.9
2010-12-11,2010.9438,229.5,-457.8,-19.5,2.1,2.3,7.8
2010-12-12,2010.9466,228.8,-459.0,-11.3,1.9,2.2,7.4
2010-12-13,2010.9493,229.4,-459.2,-17.9,1.6,1.8,6.1
2010-12-14,2010.9521,227.9,-457.6,-18.5,2.0,2.2,7.4
2010-12-15,2010.9548,229.6,-460.4,-22.2,1.6,1.8,6.0
2010-12-16,2010.9575,228.3,-459.7,-21.6,1.6,1.8,5.9
2010-12-17,2010.9603,228.3,-463.0,-14.4,1.8,2.0,6.6
2010-12-18,2010.963,229.9,-458.3,-15.2,1.7,1.9,6.2
2010-12-19,2010.9658,227.4,-459.8,-18.4,1.7,2.0,6.2
2010-12-20,2010.9685,229.1,-459.7,-16.3,1.6,1.8,5.8
2010-12-21,2010.9712,228.1,-459.8,-17.3,1.6,1.7,5.9
2010-12-22,2010.974,229.9,-455.6,-25.5,1.7,1.9,6.2
2010-12-23,2010.9767,229.4,-456.6,-17.7,1.8,1.9,6.5
2010-12-24,2010.9795,229.0,-458.7,-18.6,1.8,2.0,6.4
2010-12-25,2010.9822,228.3,-458.3,-15.4,1.6,1.8,5.9
2010-12-26,2010.9849,228.7,-459.2,-15.8,1.6,1.9,5.9
2010-12-27,2010.9877,228.0,-459.3,-13.9,1.6,1.8,5.8
2010-12-28,2010.9904,228.6,-459.1,-10.3,1.7,1.9,6.2
2010-12-29,2010.9932,228.2,-458.3,-13.7,1.5,1.7,5.6
2010-12-30,2010.9959,228.1,-457.8,-14.0,1.6,1.7,5.7
2010-12-31,2010.9986,229.9,-459.2,-9.8,1.7,1.9,6.1
2011-01-01,2011.0014,226.4,-459.5,-12.1,1.9,2.1,6.9
2011-01-02,2011.0041,228.6,-460.9,-15.7,1.8,2.0,6.8
2011-01-03,,,,,,,
2011-01-04,2011.0096,227.8,-458.0,-16.2,1.5,1.8,5.7
2011-01-05,2011.0123,227.1,-459.2,-15.6,1.8,2.0,6.5
2011-01-06,2011.0151,226.7,-458.3,-19.4,1.7,1.9,6.1
2011-01-07,2011.0178,228.4,-456.9,-15.7,1.6,1.8,6.1
2011-01-08,2011.0205,228.9,-454.6,-18.3,1.8,2.1,6.6
2011-01-09,2011.0233,226.2,-458.4,-12.8,1.8,2.1,6.8
2011-01-10,,,,,,,
2011-01-11,,,,,,,
2011-01-12,,,,,,,
2011-01-13,,,,,,,
2011-01-14,,,,,,,
2011-01-15,,,,,,,
2011-01-16,,,,,,,
2011-01-17,,,,,,,
2011-01-18,,,,,,,
2011-01-19,,,,,,,
2011-01-20,2011.0534,229.1,-455.7,-14.3,1.6,1.8,6.1
2011-01-21,2011.0562,227.5,-453.4,-15.5,1.7,2.0,6.2
2011-01-22,2011.0589,228.7,-456.9,-10.1,1.8,2.1,6.7
2011-01-23,2011.0616,228.8,-454.6,-12.6,1.8,2.1,6.6
2011-01-24,2011.0644,228.5,-455.3,-13.75,1.8,2.1,6.7
2011-01-25,2011.0671,228.6,-455.2,-14.9,1.8,2.1,6.8
2011-01-26,2011.0699,227.8,-453.3,-17.4,1.7,2.0,6.5
2011-01-27,2011.0726,228.4,-453.0,-16.9,1.7,2.0,6.8
2011-01-28,2011.0753,227.3,-454.5,-16.4,1.8,2.1,7.1
2011-01-29,2011.0781,227.7,-455.1,-15.2,1.6,1.9,6.2
2011-01-30,2011.0808,229.1,-451.5,-16.8,1.8,2.1,6.9
2011-01-31,2011.0836,226.8,-455.4,-18.4,1.6,1.9,6.3
2011-02-01,2011.0863,227.8,-454.2,-12.5,1.8,2.0,6.5
2011-02-02,2011.089,227.4,-452.5,-14.9,1.6,1.8,6.0
2011-02-03,2011.0918,227.3,-454.3,-13.7,1.8,2.1,6.4
2011-02-04,2011.0945,227.1,-454.7,-13.4,1.9,2.2,6.8
2011-02-05,2011.0973,226.8,-454.3,-9.2,1.6,2.0,6.1
2011-02-06,2011.1,227.5,-452.8,-9.5,1.6,1.9,6.22
2011-02-07,2011.1027,227.3,-454.7,-9.8,1.8,2.3,6.33
2011-02-08,2011.1055,227.0,-451.7,-10.1,1.9,2.3,6.45
2011-02-09,2011.1082,229.1,-452.0,-10.4,2.1,2.5,6.57
2011-02-10,2011.111,227.1,-454.2,-10.7,2.0,2.5,6.68
2011-02-11,2011.1137,225.9,-451.0,-11.0,1.8,2.1,6.8
2011-02-12,2011.1164,227.4,-454.5,-3.6,1.9,2.3,7.2
2011-02-13,2011.1192,228.3,-453.0,-7.5,1.8,2.1,6.6
2011-02-14,2011.1219,226.1,-451.2,-1.4,2.0,2.5,7.5
2011-02-15,2011.1247,228.3,-445.9,-1.6,2.1,2.5,8.1
2011-02-16,2011.1274,226.4,-448.1,3.6,1.9,2.3,7.4
2011-02-17,2011.1301,226.4,-449.6,-2.7,2.1,2.6,8.1
2011-02-18,2011.1329,224.7,-450.1,-7.6,1.9,2.3,7.4
2011-02-19,2011.1356,224.6,-452.1,-4.2,1.9,2.3,7.1
2011-02-20,2011.1384,227.5,-450.1,-5.1,1.8,2.1,6.7
2011-02-21,2011.1411,226.2,-450.0,-0.2,1.7,2.1,6.5
2011-02-22,2011.1438,226.6,-450.8,-11.3,1.7,2.1,6.8
2011-02-23,2011.1466,227.7,-451.2,-11.7,1.7,2.2,6.6
2011-02-24,2011.1493,226.1,-449.9,-2.0,1.8,2.2,6.5
2011-02-25,2011.1521,226.3,-449.5,-2.4,1.8,2.4,6.8
2011-02-26,2011.1548,222.1,-444.9,9.1,2.7,3.1,10.9
2011-02-27,2011.1575,227.6,-446.6,-5.5,2.0,2.3,7.8
2011-02-28,2011.1603,227.5,-450.2,-7.3,1.6,2.0,6.2
2011-03-01,2011.163,227.9,-451.2,-2.2,2.2,2.6,8.8
2011-03-02,2011.1658,228.3,-450.6,-4.7,1.7,2.2,6.6
2011-03-03,2011.1685,227.0,-443.9,-9.1,1.9,2.4,7.3
2011-03-04,2011.1712,225.8,-448.8,1.5,1.9,2.4,7.4
2011-03-05,2011.174,226.7,-448.2,-2.6,1.9,2.8,7.7
2011-03-06,2011.1767,225.5,-450.8,-13.3,2.1,2.6,7.8
2011-03-07,2011.1795,227.1,-451.1,-8.8,2.0,2.7,7.8
2011-03-08,2011.1822,228.0,-449.2,-8.9,2.1,2.8,7.6
2011-03-09,2011.1849,226.8,-447.7,-6.9,2.2,2.8,8.3
2011-03-10,2011.1877,227.6,-445.6,-1.9,1.9,2.4,7.1
2011-03-11,,,,,,,
2011-03-12,2011.1932,224.7,-450.4,-3.4,1.9,2.4,7.6
2011-03-13,2011.1959,230.5,-450.3,-5.5,2.1,2.8,8.2
2011-03-14,2011.1986,228.4,-452.4,-9.2,2.5,3.4,10.1
2011-03-15,2011.2014,229.5,-447.6,-14.7,2.1,2.7,7.8
2011-03-16,2011.2041,229.3,-448.3,-15.1,1.9,2.4,7.0
2011-03-17,2011.2068,228.9,-448.1,-11.9,1.9,2.6,7.1
2011-03-18,2011.2096,226.1,-451.5,-3.5,1.9,2.3,7.1
2011-03-19,2011.2123,226.9,-448.8,-8.7,2.2,2.8,8.1
2011-03-20,2011.2151,226.9,-453.1,-8.2,2.2,2.8,8.1
2011-03-21,2011.2178,227.8,-450.6,-5.3,2.1,2.8,8.1
2011-03-22,2011.2205,228.3,-443.9,-7.1,2.0,2.5,7.6
2011-03-23,2011.2233,226.4,-447.4,-5.8,2.1,2.6,8.0
2011-03-24,2011.226,228.7,-448.9,-13.5,2.1,2.6,7.7
2011-03-25,2011.2288,228.1,-448.6,-6.8,2.0,2.5,7.4
2011-03-26,2011.2315,229.4,-450.3,-10.1,2.0,2.4,7.6
2011-03-27,2011.2342,227.9,-449.6,-14.9,1.7,2.0,6.3
2011-03-28,2011.237,228.7,-448.6,-13.8,1.8,2.2,6.4
2011-03-29,2011.2397,226.1,-447.8,-12.7,1.9,2.5,6.7
2011-03-30,2011.2425,227.5,-448.7,-14.5,2.0,2.5,7.3
2011-03-31,2011.2452,229.0,-448.6,-5.3,1.9,2.3,6.9
2011-04-01,2011.2479,226.3,-446.9,-9.1,2.1,2.9,7.9
2011-04-02,2011.2507,226.1,-450.2,-8.5,1.9,2.4,7.4
2011-04-03,2011.2534,227.8,-455.8,-10.2,2.1,2.9,8.0
2011-04-04,2011.2562,226.9,-442.5,-5.7,1.9,2.3,7.3
2011-04-05,2011.2589,226.7,-447.6,-3.8,2.0,2.5,7.8
2011-04-06,2011.2616,226.5,-446.4,-6.8,2.1,2.9,8.1
2011-04-07,2011.2644,227.8,-446.9,-9.2,2.0,2.6,7.8
2011-04-08,2011.2671,229.5,-447.7,-10.1,2.0,2.6,7.4
2011-04-09,2011.2699,227.1,-445.4,-2.8,2.1,2.7,8.2
2011-04-10,2011.2726,228.2,-449.1,-7.5,2.0,2.5,7.6
2011-04-11,2011.2753,227.1,-449.5,-11.2,2.2,2.9,8.5
2011-04-12,2011.2781,227.0,-449.1,-6.8,2.0,2.4,7.6
2011-04-13,2011.2808,226.9,-448.4,-2.4,2.0,2.5,7.6
2011-04-14,2011.2836,229.2,-446.9,-4.2,2.1,2.6,8.0
2011-04-15,2011.2863,228.6,-451.1,-1.2,2.0,2.4,7.8
2011-04-16,2011.289,228.1,-449.9,-5.55,2.0,2.6,8.2
2011-04-17,2011.2918,228.2,-447.5,-9.9,2.2,2.9,8.6
2011-04-18,2011.2945,226.7,-448.9,-11.9,1.9,2.4,7.0
2011-04-19,2011.2973,226.4,-447.5,-9.1,1.9,2.3,7.2
2011-04-20,2011.3,225.1,-445.6,1.4,2.2,2.7,8.1
2011-04-21,2011.3027,225.8,-449.2,-4.6,2.1,2.6,8.2
2011-04-22,2011.3055,226.8,-446.6,-7.6,1.9,2.4,7.0
2011-04-23,2011.3082,226.6,-449.6,-13.0,2.2,2.9,7.9
2011-04-24,2011.311,226.5,-446.3,-16.1,2.1,2.6,7.6
2011-04-25,2011.3137,224.7,-447.9,-11.5,2.0,2.6,7.5
2011-04-26,2011.3164,227.6,-449.4,-10.7,2.1,2.6,8.1
2011-04-27,2011.3192,229.4,-445.6,-11.75,2.8,4.2,7.5
2011-04-28,2011.3219,226.0,-446.5,-12.8,1.8,2.2,6.9
2011-04-29,2011.3247,227.4,-448.6,-6.9,1.9,2.4,7.4
2011-04-30,2011.3274,225.0,-446.0,-6.0,2.2,2.8,8.3
2011-05-01,2011.3301,226.5,-449.9,-16.7,2.3,3.0,8.7
2011-05-02,2011.3329,229.0,-448.6,-17.8,2.3,3.0,8.8
2011-05-03,2011.3356,226.8,-446.2,-15.7,2.0,2.5,7.6
2011-05-04,2011.3384,226.2,-446.7,-14.2,2.2,2.9,8.1
2011-05-05,2011.3411,226.2,-447.1,-9.0,2.6,3.3,10.2
2011-05-06,2011.3438,224.6,-445.3,-8.1,1.9,2.5,7.7
2011-05-07,2011.3466,224.2,-447.8,-0.1,2.6,3.0,10.6
2011-05-08,2011.3493,224.5,-445.7,-7.5,2.2,2.8,8.5
2011-05-09,2011.3521,226.6,-447.3,-6.4,2.4,3.1,9.0
2011-05-10,2011.3548,224.5,-445.6,-7.8,2.0,2.6,7.9
2011-05-11,,,,,,,
2011-05-12,2011.3603,224.1,-443.7,-12.4,2.5,3.2,9.2
2011-05-13,2011.363,225.3,-443.2,0.5,2.7,3.4,10.5
2011-05-14,2011.3658,226.4,-446.4,-6.9,2.0,2.4,8.0
2011-05-15,2011.3685,226.0,-445.7,-12.7,2.1,2.5,8.1
2011-05-16,2011.3712,224.6,-444.9,-10.3,2.2,2.7,8.1
2011-05-17,2011.374,223.4,-445.8,-5.2,2.1,2.6,8.2
2011-05-18,2011.3767,225.1,-444.2,-8.2,2.1,2.5,8.1
2011-05-19,,,,,,,
2011-05-20,2011.3822,225.5,-444.2,-1.5,2.1,2.7,7.8
2011-05-21,2011.3849,223.5,-445.8,-8.8,2.1,2.5,8.0
2011-05-22,2011.3877,225.8,-443.6,-6.5,2.3,2.9,8.1
2011-05-23,2011.3904,224.0,-444.5,-2.6,2.1,2.5,8.1
2011-05-24,2011.3932,224.5,-445.0,-4.4,2.2,2.7,8.0
2011-05-25,2011.3959,225.8,-442.4,-7.6,2.0,2.3,7.5
2011-05-26,,,,,,,
2011-05-27,2011.4014,224.3,-440.9,-6.2,2.1,2.4,8.0
2011-05-28,2011.4041,225.6,-443.4,-12.8,2.5,3.0,9.2
2011-05-29,2011.4068,226.2,-442.3,-12.2,2.1,2.8,7.6
2011-05-30,2011.4096,225.6,-443.0,-12.2,2.1,2.6,7.9
2011-05-31,2011.4123,225.9,-441.3,-11.3,2.4,3.1,8.8
2011-06-01,2011.4151,223.6,-445.3,-15.6,2.3,2.9,8.1
2011-06-02,2011.4178,222.4,-443.9,-15.0,2.5,3.0,9.4
2011-06-03,2011.4205,220.9,-446.8,-12.5,2.5,3.0,9.2
2011-06-04,2011.4233,221.3,-444.1,-16.3,2.1,2.7,8.2
2011-06-05,2011.426,224.4,-448.1,-15.6,2.2,2.6,8.7
2011-06-06,2011.4288,224.9,-441.6,-11.7,2.4,2.9,9.1
2011-06-07,2011.4315,225.1,-444.0,-18.7,2.1,2.5,8.5
2011-06-08,2011.4342,222.2,-445.0,-12.6,2.3,2.9,8.2
2011-06-09,2011.437,222.7,-442.1,-12.6,2.1,2.6,8.0
2011-06-10,2011.4397,222.0,-442.0,-12.0,2.3,2.8,8.3
2011-06-11,2011.4425,222.6,-440.3,0.9,2.6,3.0,9.4
2011-06-12,2011.4452,221.9,-444.7,-14.4,2.5,3.0,9.1
2011-06-13,2011.4479,223.3,-442.4,-15.5,2.1,2.4,7.9
2011-06-14,2011.4507,222.6,-443.1,-11.1,2.6,3.0,10.1
2011-06-15,2011.4534,223.6,-443.1,-11.7,2.1,2.5,8.2
2011-06-16,2011.4562,222.4,-441.9,-15.3,2.5,3.0,9.3
2011-06-17,2011.4589,219.7,-444.0,-11.9,2.3,2.7,8.6
2011-06-18,2011.4616,221.6,-442.0,-17.7,2.1,2.4,7.8
2011-06-19,2011.4644,220.6,-445.4,-12.7,2.4,2.8,8.9
2011-06-20,2011.4671,223.2,-445.6,-9.8,2.9,3.4,10.8
2011-06-21,2011.4699,221.5,-441.6,-9.2,2.6,3.1,9.3
2011-06-22,2011.4726,222.9,-442.6,-4.5,2.2,2.6,8.7
2011-06-23,2011.4753,222.5,-442.8,-9.5,2.0,2.2,7.7
2011-06-24,2011.4781,220.3,-442.6,-10.7,2.8,3.3,10.5
2011-06-25,2011.4808,224.4,-443.2,-9.6,2.5,3.0,9.73
2011-06-26,2011.4836,220.2,-440.9,-8.5,2.3,2.6,8.97
2011-06-27,2011.4863,221.3,-440.8,-7.4,2.1,2.4,8.2
2011-06-28,2011.489,221.0,-444.0,-14.9,2.1,2.5,8.6
2011-06-29,2011.4918,221.3,-442.6,-3.4,2.3,2.9,8.6
2011-06-30,2011.4945,221.3,-443.4,-13.2,2.4,2.8,9.4
2011-07-01,2011.4973,221.8,-439.8,-15.3,2.2,2.7,8.5
2011-07-02,2011.5,220.6,-443.4,-12.3,2.3,2.8,8.9
2011-07-03,2011.5027,220.7,-440.1,-13.3,2.3,2.6,8.7
2011-07-04,2011.5055,222.3,-440.6,-19.7,2.1,2.5,8.4
2011-07-05,2011.5082,222.4,-442.9,-10.2,2.1,2.4,8.4
2011-07-06,2011.511,220.2,-440.8,-5.1,2.4,3.0,8.7
2011-07-07,2011.5137,224.5,-442.0,-12.3,2.5,2.9,8.8
2011-07-08,2011.5164,222.5,-440.4,-5.6,2.4,2.9,8.8
2011-07-09,2011.5192,221.6,-440.1,-16.7,2.2,2.6,8.7
2011-07-10,2011.5219,222.4,-441.4,-12.5,2.4,2.8,9.7
2011-07-11,2011.5247,222.9,-439.6,-16.0,2.3,2.7,8.7
2011-07-12,,,,,,,
2011-07-13,2011.5301,221.3,-439.9,-8.9,2.4,2.9,8.9
2011-07-14,2011.5329,221.0,-440.5,-12.1,1.8,2.1,6.7
2011-07-15,2011.5356,218.2,-442.3,-15.7,1.7,2.0,6.7
2011-07-16,2011.5384,220.3,-441.9,-15.2,1.9,2.1,7.2
2011-07-17,2011.5411,221.2,-441.8,-19.4,2.3,2.7,9.0
2011-07-18,2011.5438,221.5,-441.0,-14.5,2.3,2.7,9.0
2011-07-19,2011.5466,220.1,-438.9,-14.9,2.6,3.0,10.5
2011-07-20,2011.5493,221.6,-440.7,-23.6,2.4,2.8,9.7
2011-07-21,2011.5521,219.7,-438.3,-16.4,2.3,2.6,9.1
2011-07-22,2011.5548,222.5,-441.6,-19.1,2.7,3.2,11.0
2011-07-23,2011.5575,220.1,-444.1,-7.8,3.2,3.8,12.7
2011-07-24,2011.5603,219.2,-437.8,-18.7,2.1,2.4,8.5
2011-07-25,2011.563,219.4,-437.9,-21.7,2.0,2.4,7.7
2011-07-26,2011.5658,220.1,-439.6,-18.0,2.2,2.8,8.4
2011-07-27,2011.5685,222.0,-442.9,-19.2,2.4,2.9,9.2
2011-07-28,2011.5712,218.8,-437.6,-25.0,2.2,2.7,8.5
2011-07-29,2011.574,218.5,-437.8,-10.1,2.7,3.2,10.1
2011-07-30,2011.5767,220.1,-443.4,-15.85,3.4,3.9,9.45
2011-07-31,2011.5795,220.6,-439.2,-21.6,2.2,2.6,8.8
2011-08-01,2011.5822,219.3,-438.5,-19.7,2.0,2.4,7.8
2011-08-02,2011.5849,219.5,-437.1,-18.2,2.1,2.6,7.8
2011-08-03,2011.5877,219.6,-435.7,-22.2,2.3,2.8,8.6
2011-08-04,2011.5904,219.5,-434.7,-8.7,2.3,3.0,8.6
2011-08-05,2011.5932,218.5,-437.9,-11.6,2.2,2.8,8.1
2011-08-06,2011.5959,220.9,-437.3,-17.7,2.3,2.7,9.0
2011-08-07,2011.5986,219.8,-434.2,-12.7,2.3,2.7,8.9
2011-08-08,2011.6014,219.7,-437.9,-15.7,2.3,2.8,8.8
2011-08-09,2011.6041,218.1,-435.7,-24.2,2.7,3.1,10.4
2011-08-10,2011.6068,216.8,-436.4,-21.1,2.5,2.8,10.3
2011-08-11,2011.6096,214.4,-436.8,-27.2,2.7,3.1,10.6
2011-08-12,2011.6123,217.1,-435.6,-23.6,2.4,2.9,9.9
2011-08-13,2011.6151,219.6,-437.0,-27.6,2.3,2.8,9.5
2011-08-14,2011.6178,217.6,-431.0,-18.9,4.5,6.8,15.7
2011-08-15,2011.6205,218.7,-435.5,-17.1,2.2,2.8,8.1
2011-08-16,2011.6233,217.0,-436.7,-22.4,2.3,2.8,8.9
2011-08-17,2011.626,218.2,-436.6,-22.5,2.6,3.1,10.0
2011-08-18,2011.6288,219.1,-435.8,-26.1,2.3,2.8,8.7
2011-08-19,2011.6315,218.3,-434.2,-10.8,3.2,3.9,13.0
2011-08-20,2011.6342,218.7,-434.2,-25.7,2.2,2.6,8.8
2011-08-21,2011.637,217.9,-436.3,-24.2,2.0,2.3,7.9
2011-08-22,2011.6397,220.4,-435.7,-18.2,2.2,2.6,8.2
2011-08-23,2011.6425,219.2,-435.3,-22.2,2.2,2.6,8.9
2011-08-24,2011.6452,217.6,-434.9,-18.9,2.7,3.2,9.9
2011-08-25,2011.6479,218.6,-435.6,-27.4,1.8,2.2,6.9
2011-08-26,2011.6507,219.3,-437.7,-30.5,2.1,2.6,8.2
2011-08-27,2011.6534,218.4,-435.0,-14.1,2.2,2.5,8.7
2011-08-28,2011.6562,219.1,-433.9,-28.4,3.0,3.6,11.7
2011-08-29,2011.6589,220.4,-436.6,-26.6,2.3,2.7,9.1
2011-08-30,2011.6616,218.8,-440.0,-29.3,2.7,3.2,11.0
2011-08-31,2011.6644,223.2,-434.6,-20.6,3.2,3.8,13.6
2011-09-01,2011.6671,219.2,-434.9,-18.1,3.2,3.8,12.4
2011-09-02,2011.6699,219.2,-435.7,-26.4,2.2,2.6,8.5
2011-09-03,2011.6726,221.0,-436.2,-6.0,2.6,3.1,10.3
2011-09-04,2011.6753,218.0,-434.9,-17.8,2.4,3.1,8.9
2011-09-05,2011.6781,217.8,-434.4,-24.4,2.4,2.7,9.0
2011-09-06,2011.6808,219.8,-434.6,-19.7,2.0,2.4,8.0
2011-09-07,2011.6836,218.1,-430.3,-10.1,2.3,2.7,8.3
2011-09-08,2011.6863,220.8,-433.3,-16.8,2.4,2.9,9.8
2011-09-09,2011.689,219.2,-430.0,-23.3,2.3,2.8,8.4
2011-09-10,2011.6918,216.6,-435.2,-25.2,2.3,2.7,8.9
2011-09-11,2011.6945,221.3,-434.0,-25.6,2.3,2.7,9.0
2011-09-12,2011.6973,220.1,-434.2,-24.6,2.3,2.6,9.2
2011-09-13,2011.7,217.5,-429.9,-20.3,2.3,2.7,8.7
2011-09-14,2011.7027,219.1,-436.4,-18.8,2.1,2.5,8.2
2011-09-15,2011.7055,219.9,-434.7,-19.1,1.9,2.3,7.7
2011-09-16,2011.7082,221.0,-434.4,-26.3,2.0,2.4,7.6
2011-09-17,2011.711,220.4,-433.8,-19.1,2.1,2.6,7.9
2011-09-18,2011.7137,219.7,-433.4,-16.4,2.1,2.7,8.0
2011-09-19,2011.7164,218.4,-431.7,-22.6,2.1,2.4,8.0
2011-09-20,2011.7192,219.0,-432.1,-21.4,2.1,2.6,8.5
2011-09-21,2011.7219,219.0,-434.8,-24.2,2.2,2.7,8.4
2011-09-22,2011.7247,218.8,-431.9,-22.9,2.1,2.5,7.7
2011-09-23,2011.7274,220.6,-431.9,-16.9,2.2,2.6,8.7
2011-09-24,2011.7301,220.7,-432.6,-19.6,1.7,2.1,6.6
2011-09-25,2011.7329,219.0,-432.2,-23.7,2.2,2.8,8.2
2011-09-26,2011.7356,216.0,-433.6,-20.5,2.4,3.0,9.2
2011-09-27,2011.7384,217.3,-432.8,-23.5,2.1,2.4,8.2
2011-09-28,2011.7411,219.3,-430.9,-28.3,2.4,2.8,9.5
2011-09-29,2011.7438,221.5,-432.4,-24.5,2.0,2.5,7.9
2011-09-30,2011.7466,219.5,-433.0,-23.6,2.0,2.4,7.6
2011-10-01,2011.7493,220.6,-431.0,-25.5,2.2,2.8,8.0
2011-10-02,2011.7521,219.6,-430.0,-23.2,2.0,2.3,7.2
2011-10-03,2011.7548,219.0,-431.8,-25.0,1.9,2.3,7.3
2011-10-04,2011.7575,217.5,-432.7,-22.4,1.9,2.2,7.0
2011-10-05,2011.7603,218.2,-432.4,-27.8,1.9,2.4,7.3
2011-10-06,2011.763,219.1,-429.9,-23.9,2.2,2.6,8.5
2011-10-07,2011.7658,217.6,-430.9,-22.75,2.2,2.7,8.15
2011-10-08,2011.7685,217.8,-429.6,-21.6,2.1,2.5,7.8
2011-10-09,2011.7712,214.3,-430.3,-22.7,2.2,2.7,8.1
2011-10-10,2011.774,216.7,-432.9,-24.8,1.9,2.4,7.4
2011-10-11,2011.7767,217.9,-431.6,-28.9,2.3,2.8,8.4
2011-10-12,2011.7795,218.6,-433.6,-25.5,2.5,3.0,9.9
2011-10-13,2011.7822,216.7,-431.9,-25.55,2.4,2.8,9.2
2011-10-14,2011.7849,217.6,-433.6,-25.6,2.2,2.6,8.5
2011-10-15,2011.7877,216.3,-432.2,-24.9,2.3,2.8,8.7
2011-10-16,2011.7904,216.9,-431.3,-17.2,2.2,2.7,8.2
2011-10-17,2011.7932,216.3,-430.9,-23.7,2.2,2.6,8.7
2011-10-18,2011.7959,215.8,-430.3,-23.7,2.0,2.3,7.2
2011-10-19,2011.7986,215.8,-430.8,-24.6,2.0,2.4,7.4
2011-10-20,2011.8014,217.2,-433.1,-26.7,1.9,2.3,6.8
2011-10-21,2011.8041,216.7,-433.6,-24.8,2.0,2.5,7.4
2011-10-22,2011.8068,215.4,-431.1,-26.6,2.2,2.8,7.8
2011-10-23,2011.8096,217.2,-429.6,-28.4,2.2,2.6,8.2
2011-10-24,2011.8123,217.6,-431.5,-29.5,1.9,2.2,7.0
2011-10-25,2011.8151,215.0,-432.0,-23.9,2.1,2.5,8.1
2011-10-26,2011.8178,216.4,-433.6,-23.4,2.2,2.7,8.2
2011-10-27,2011.8205,216.4,-429.7,-21.9,2.0,2.3,7.7
2011-10-28,2011.8233,217.3,-430.9,-23.4,1.9,2.2,7.1
2011-10-29,2011.826,217.0,-431.0,-26.0,2.2,2.6,8.0
2011-10-30,2011.8288,214.6,-431.3,-18.8,2.0,2.4,7.6
2011-10-31,2011.8315,215.8,-430.5,-24.6,2.0,2.5,7.4
2011-11-01,2011.8342,216.9,-429.9,-22.1,2.0,2.4,7.6
2011-11-02,2011.837,215.5,-429.0,-22.8,2.4,3.0,8.6
2011-11-03,2011.8397,216.2,-430.8,-21.9,2.1,2.4,7.6
2011-11-04,2011.8425,217.2,-428.5,-18.4,1.8,2.2,6.7
2011-11-05,2011.8452,214.2,-431.5,-24.6,1.9,2.2,6.8
2011-11-06,2011.8479,216.0,-429.2,-24.1,2.3,2.8,8.1
2011-11-07,2011.8507,217.2,-429.8,-23.8,2.2,2.6,8.1
2011-11-08,2011.8534,216.9,-427.6,-22.7,2.0,2.3,6.9
2011-11-09,2011.8562,216.9,-429.4,-24.1,2.0,2.3,7.1
2011-11-10,2011.8589,217.5,-428.2,-20.9,1.8,2.2,6.6
2011-11-11,2011.8616,215.5,-429.0,-20.9,1.7,2.0,6.3
2011-11-12,2011.8644,215.0,-427.6,-21.3,2.1,2.5,7.3
2011-11-13,2011.8671,216.5,-429.3,-19.7,1.7,2.0,6.5
2011-11-14,2011.8699,214.9,-430.0,-17.1,1.8,2.2,6.7
2011-11-15,2011.8726,213.7,-429.8,-18.45,1.9,2.2,7.15
2011-11-16,2011.8753,217.4,-430.1,-19.8,2.1,2.7,7.6
2011-11-17,2011.8781,215.1,-428.2,-19.6,1.9,2.2,7.2
2011-11-18,2011.8808,217.3,-426.4,-16.9,2.1,2.6,7.8
2011-11-19,2011.8836,215.1,-427.8,-17.0,1.8,2.3,6.8
2011-11-20,2011.8863,215.1,-428.3,-20.9,2.0,2.5,7.4
2011-11-21,2011.889,214.8,-427.4,-21.1,1.8,2.1,6.5
2011-11-22,2011.8918,216.0,-427.8,-20.5,1.9,2.3,7.1
2011-11-23,2011.8945,215.6,-426.4,-22.1,1.7,2.1,6.3
2011-11-24,2011.8973,215.0,-428.5,-20.4,1.6,1.9,6.0
2011-11-25,2011.9,215.8,-425.6,-17.3,1.9,2.3,6.8
2011-11-26,2011.9027,214.6,-427.4,-16.8,1.7,2.1,6.6
2011-11-27,2011.9055,215.3,-427.7,-16.6,1.8,2.1,6.7
2011-11-28,2011.9082,214.6,-426.9,-11.9,2.0,2.3,6.9
2011-11-29,2011.911,215.1,-427.5,-14.4,1.7,2.0,6.2
2011-11-30,2011.9137,215.9,-425.3,-16.7,1.8,2.2,6.7
2011-12-01,2011.9164,215.0,-427.0,-17.3,1.8,2.1,6.7
2011-12-02,2011.9192,214.4,-427.9,-14.4,1.9,2.2,7.3
2011-12-03,2011.9219,214.0,-428.0,-12.1,1.8,2.1,6.8
2011-12-04,,,,,,,
2011-12-05,2011.9274,215.9,-423.3,-14.2,1.8,2.0,6.8
2011-12-06,2011.9301,215.1,-426.6,-15.1,2.2,2.7,7.0
2011-12-07,2011.9329,214.1,-425.9,-16.0,2.0,2.4,7.2
2011-12-08,2011.9356,213.5,-423.9,-14.6,1.9,2.1,6.9
2011-12-09,2011.9384,213.6,-425.7,-15.1,1.9,2.2,7.1
2011-12-10,2011.9411,214.6,-421.0,-23.5,1.9,2.3,7.1
2011-12-11,2011.9438,212.6,-424.4,-19.9,1.9,2.3,7.1
2011-12-12,2011.9466,211.5,-423.2,-16.0,1.8,2.1,6.6
2011-12-13,2011.9493,214.0,-425.8,-11.8,1.9,2.2,6.8
2011-12-14,2011.9521,213.6,-424.4,-15.2,1.8,2.1,6.5
2011-12-15,2011.9548,213.1,-426.0,-19.1,1.8,2.1,6.6
2011-12-16,2011.9575,213.5,-424.3,-21.5,2.0,2.3,7.2
2011-12-17,2011.9603,210.8,-426.2,-15.6,2.1,2.3,7.3
2011-12-18,2011.963,211.6,-424.9,-12.7,2.0,2.4,7.2
2011-12-19,2011.9658,212.4,-425.6,-10.1,1.9,2.3,6.6
2011-12-20,2011.9685,214.0,-424.5,-12.2,1.8,2.1,6.4
2011-12-21,2011.9712,211.9,-423.9,-11.2,1.8,2.1,6.7
2011-12-22,2011.974,212.6,-424.9,-10.7,1.8,2.2,6.7
2011-12-23,2011.9767,212.1,-421.2,-14.1,1.9,2.3,6.7
2011-12-24,2011.9795,209.0,-424.7,-19.9,1.9,2.3,7.0
2011-12-25,2011.9822,211.6,-425.5,-11.0,1.9,2.2,6.7
2011-12-26,2011.9849,212.9,-418.8,-19.1,1.7,2.0,6.5
2011-12-27,2011.9877,212.0,-420.0,-17.15,2.1,2.4,6.75
2011-12-28,2011.9904,211.4,-423.5,-15.2,1.9,2.2,7.0
2011-12-29,2011.9932,211.7,-422.4,-10.9,1.7,2.0,6.3
2011-12-30,2011.9959,212.2,-422.6,-14.0,1.7,2.1,6.6
2011-12-31,2011.9986,213.7,-421.4,-10.1,1.7,2.1,6.4
2012-01-01,2012.0014,212.4,-425.8,-7.8,2.0,2.4,7.0
2012-01-02,2012.0041,208.4,-421.8,-9.5,2.0,2.2,7.15
2012-01-03,2012.0068,209.6,-421.0,-11.2,2.0,2.3,7.3
2012-01-04,2012.0096,211.2,-420.4,-13.4,2.1,2.5,7.8
2012-01-05,2012.0123,211.9,-418.7,-7.6,2.3,2.7,8.0
2012-01-06,2012.015,212.8,-420.5,-14.5,1.8,2.2,6.9
2012-01-07,2012.0178,209.8,-421.8,-8.4,1.8,2.1,6.7
2012-01-08,2012.0205,211.0,-422.2,-3.1,1.9,2.2,7.1
2012-01-09,2012.0232,210.1,-421.8,-4.5,1.8,2.2,6.9
2012-01-10,2012.026,212.0,-422.2,-12.3,2.0,2.3,7.4
2012-01-11,2012.0287,210.9,-421.8,-10.9,2.1,2.4,7.7
2012-01-12,2012.0314,211.3,-420.3,-11.3,1.9,2.2,7.4
2012-01-13,2012.0342,209.6,-421.6,-10.35,2.1,2.4,7.5
2012-01-14,2012.0369,212.2,-421.1,-9.4,2.1,2.6,7.6
2012-01-15,2012.0396,213.1,-420.4,-8.2,1.8,2.2,6.7
2012-01-16,2012.0423,213.8,-418.8,-4.4,1.8,2.2,6.5
2012-01-17,2012.0451,212.0,-418.2,-1.6,1.8,2.2,6.8
2012-01-18,2012.0478,215.3,-419.1,-6.3,1.8,2.2,6.8
2012-01-19,2012.0505,211.6,-419.8,1.1,1.7,2.1,6.6
2012-01-20,2012.0533,212.5,-424.8,2.1,2.0,2.4,7.4
2012-01-21,2012.056,214.2,-420.4,-4.4,2.1,2.5,7.8
2012-01-22,2012.0587,212.7,-420.6,-1.6,2.3,2.8,7.9
2012-01-23,2012.0615,214.5,-419.6,-8.7,2.1,2.5,7.8
2012-01-24,2012.0642,211.3,-418.6,-6.9,2.0,2.3,6.9
2012-01-25,2012.0669,212.5,-419.6,-0.8,1.9,2.4,7.2
2012-01-26,2012.0697,212.5,-415.2,-10.0,1.8,2.2,6.5
2012-01-27,2012.0724,212.1,-418.9,-1.6,2.2,2.7,8.2
2012-01-28,2012.0751,213.1,-415.5,-4.6,2.0,2.3,6.8
2012-01-29,2012.0779,214.2,-418.7,-3.3,1.9,2.4,7.4
2012-01-30,2012.0806,211.9,-418.2,-1.8,1.9,2.3,6.9
2012-01-31,2012.0833,212.7,-415.1,-4.6,1.8,2.2,6.7
2012-02-01,2012.0861,211.8,-418.3,-11.6,1.9,2.3,6.9
2012-02-02,2012.0888,211.5,-417.1,-4.3,1.9,2.3,6.8
2012-02-03,2012.0915,210.4,-416.4,-1.3,1.9,2.3,6.8
2012-02-04,2012.0943,211.6,-416.8,4.5,1.9,2.4,7.2
2012-02-05,2012.097,209.5,-410.7,2.15,2.1,2.7,7.4
2012-02-06,2012.0997,209.6,-416.0,-0.2,2.0,2.3,7.6
2012-02-07,2012.1025,212.5,-414.1,-0.3,1.9,2.4,6.9
2012-02-08,2012.1052,210.3,-416.7,0.8,1.9,2.4,6.6
2012-02-09,2012.1079,209.3,-416.9,-5.2,1.9,2.3,7.3
2012-02-10,2012.1107,210.2,-416.4,-9.5,1.9,2.3,7.2
2012-02-11,2012.1134,210.2,-417.4,-7.9,2.2,2.8,8.3
2012-02-12,2012.1161,208.9,-412.3,-10.3,2.0,2.5,7.3
2012-02-13,2012.1189,209.4,-412.7,-7.0,2.0,2.5,7.4
2012-02-14,2012.1216,210.6,-418.7,-3.5,2.3,2.8,8.7
2012-02-15,2012.1243,213.9,-418.1,-4.6,2.2,2.9,8.0
2012-02-16,2012.127,211.5,-414.2,-4.0,1.9,2.3,7.0
2012-02-17,2012.1298,210.6,-419.9,1.2,2.0,2.6,7.6
2012-02-18,2012.1325,211.9,-415.1,3.8,2.1,2.6,7.9
2012-02-19,2012.1352,209.2,-413.1,-9.9,1.9,2.3,7.1
2012-02-20,2012.138,208.9,-417.4,-6.8,1.9,2.4,7.1
2012-02-21,2012.1407,208.7,-416.6,-2.5,2.3,2.9,8.0
2012-02-22,2012.1434,209.4,-418.9,-14.1,2.3,2.8,8.1
2012-02-23,2012.1462,209.9,-416.9,-8.2,2.2,2.7,8.0
2012-02-24,2012.1489,209.6,-413.0,5.7,2.3,2.7,8.6
2012-02-25,2012.1516,212.3,-411.8,3.3,2.3,2.9,8.4
2012-02-26,2012.1544,211.7,-414.6,-1.9,2.1,2.8,7.6
2012-02-27,2012.1571,211.6,-418.3,-2.7,1.9,2.2,7.1
2012-02-28,2012.1598,210.1,-415.4,0.4,2.1,2.5,7.7
2012-02-29,2012.1626,212.2,-414.9,-8.2,2.1,2.6,8.0
2012-03-01,2012.1653,212.9,-415.4,-15.2,2.2,2.8,8.0
2012-03-02,2012.168,210.7,-412.8,-11.6,2.0,2.6,7.5
2012-03-03,2012.1708,211.3,-417.0,-11.0,2.1,2.7,7.8
2012-03-04,2012.1735,212.6,-418.7,0.9,1.9,2.3,7.2
2012-03-05,2012.1762,214.0,-420.9,-5.6,2.3,2.9,7.7
2012-03-06,2012.179,211.4,-412.2,-1.7,2.1,2.6,8.1
2012-03-07,2012.1817,212.9,-424.0,-15.4,2.0,2.5,7.7
2012-03-08,2012.1844,215.0,-426.4,-15.0,2.2,2.8,8.4
2012-03-09,2012.1872,215.3,-418.5,-7.9,2.0,2.4,7.5
2012-03-10,2012.1899,215.4,-423.3,-15.5,2.3,3.0,8.2
2012-03-11,2012.1926,213.8,-416.8,-12.4,2.0,2.7,7.4
2012-03-12,2012.1954,213.8,-419.6,-11.2,2.2,2.8,7.5
2012-03-13,2012.1981,215.5,-413.4,-21.9,2.4,3.2,8.3
2012-03-14,2012.2008,212.1,-406.4,-2.4,2.6,3.5,9.5
2012-03-15,2012.2036,211.7,-415.2,-14.0,2.5,3.2,8.3
2012-03-16,2012.2063,211.0,-419.6,-6.1,2.4,3.0,8.8
2012-03-17,2012.209,214.6,-417.9,-13.2,2.4,3.2,8.3
2012-03-18,2012.2117,213.9,-417.2,-10.8,2.1,2.6,7.0
2012-03-19,2012.2145,213.9,-417.1,-12.0,2.1,2.7,7.2
2012-03-20,2012.2172,210.9,-418.6,-4.4,2.0,2.5,7.8
2012-03-21,2012.2199,214.6,-416.6,-5.5,2.1,2.9,8.1
2012-03-22,2012.2227,212.3,-415.0,-14.4,2.4,3.1,8.8
2012-03-23,2012.2254,211.7,-416.1,-9.4,2.1,2.7,7.5
2012-03-24,2012.2281,210.0,-416.1,-10.8,2.2,3.0,8.2
2012-03-25,2012.2309,208.2,-415.6,-11.3,2.2,2.8,8.2
2012-03-26,2012.2336,213.1,-416.3,-13.7,2.9,3.9,9.9
2012-03-27,2012.2363,210.1,-417.1,-10.3,2.4,3.1,9.4
2012-03-28,2012.2391,211.2,-415.5,-8.0,2.0,2.5,7.8
2012-03-29,2012.2418,209.7,-418.0,-12.2,2.6,3.4,9.0
2012-03-30,2012.2445,213.7,-417.7,-14.8,2.2,2.7,8.2
2012-03-31,2012.2473,212.9,-414.5,-9.2,2.2,3.0,7.7
2012-04-01,2012.25,214.0,-419.8,-4.2,2.4,3.1,8.1
2012-04-02,2012.2527,212.9,-416.5,-9.9,1.9,2.4,7.2
2012-04-03,2012.2555,209.5,-416.2,-0.6,2.2,2.8,8.4
2012-04-04,2012.2582,209.5,-417.6,-10.6,2.3,3.1,8.5
2012-04-05,2012.2609,211.7,-417.6,-6.0,2.0,2.5,7.9
2012-04-06,2012.2637,213.5,-416.7,-15.8,1.9,2.5,7.8
2012-04-07,2012.2664,210.8,-414.7,-19.5,2.4,3.2,9.2
2012-04-08,2012.2691,211.0,-416.9,-10.1,2.1,2.7,7.9
2012-04-09,2012.2719,211.5,-417.0,-10.8,2.3,2.8,8.1
2012-04-10,2012.2746,211.0,-418.7,-17.5,2.6,3.4,9.1
2012-04-11,2012.2773,211.4,-417.6,-19.1,2.2,2.7,8.0
2012-04-12,2012.2801,210.1,-418.3,-8.8,2.3,3.1,8.8
2012-04-13,2012.2828,209.4,-416.0,-5.2,2.1,2.7,8.3
2012-04-14,2012.2855,210.7,-414.2,0.5,2.6,3.3,9.4
2012-04-15,2012.2883,210.4,-418.2,-3.5,2.4,3.0,9.2
2012-04-16,2012.291,212.0,-413.4,-12.6,2.6,3.3,9.2
2012-04-17,2012.2937,210.5,-414.1,-0.6,2.3,3.1,9.0
2012-04-18,2012.2964,212.5,-411.8,-5.9,2.2,2.7,8.2
2012-04-19,2012.2992,213.7,-412.5,-5.6,2.5,3.2,9.7
2012-04-20,2012.3019,211.9,-412.3,-9.4,2.3,3.0,8.8
2012-04-21,2012.3046,208.3,-412.7,-14.4,2.5,3.2,9.3
2012-04-22,2012.3074,210.3,-413.1,-8.0,2.5,3.1,8.8
2012-04-23,2012.3101,208.6,-407.7,1.6,2.4,3.3,9.2
2012-04-24,2012.3128,210.0,-412.0,-1.5,2.3,2.8,9.2
2012-04-25,2012.3156,210.3,-413.3,-8.2,2.6,3.2,9.0
2012-04-26,2012.3183,210.0,-410.0,0.1,2.3,3.0,8.4
2012-04-27,2012.321,210.2,-411.2,3.9,2.7,3.5,9.4
2012-04-28,2012.3238,210.9,-407.8,-4.6,2.3,2.9,8.5
2012-04-29,2012.3265,211.9,-412.8,-10.1,2.6,3.4,9.9
2012-04-30,2012.3292,212.2,-411.0,3.9,2.2,2.8,8.3
2012-05-01,2012.332,209.7,-412.9,-8.7,2.3,2.8,8.4
2012-05-02,2012.3347,207.6,-408.7,7.9,2.9,3.7,9.5
2012-05-03,2012.3374,209.5,-409.1,3.9,2.1,2.6,7.9
2012-05-04,2012.3402,210.7,-412.6,-3.4,2.2,2.9,7.9
2012-05-05,2012.3429,210.4,-413.4,-0.3,2.4,3.2,8.3
2012-05-06,2012.3456,210.7,-410.6,-3.1,2.2,2.9,7.5
2012-05-07,2012.3484,210.0,-409.3,-3.4,2.3,3.0,9.0
2012-05-08,2012.3511,206.8,-408.2,-9.7,2.4,3.1,9.0
2012-05-09,2012.3538,208.4,-409.7,-13.2,2.1,2.7,7.6
2012-05-10,2012.3566,209.7,-409.2,-10.8,2.4,3.3,8.6
2012-05-11,2012.3593,211.3,-411.7,3.3,2.3,3.0,8.4
2012-05-12,2012.362,208.3,-412.8,-7.2,2.2,2.6,8.3
2012-05-13,2012.3648,211.0,-407.2,2.6,2.3,2.8,8.7
2012-05-14,2012.3675,209.2,-410.5,-13.9,2.4,2.8,8.3
2012-05-15,2012.3702,208.2,-409.9,-3.7,2.8,3.5,9.7
2012-05-16,2012.373,210.1,-408.1,-7.6,2.3,2.8,8.5
2012-05-17,2012.3757,208.0,-409.1,1.5,2.7,3.3,9.5
2012-05-18,2012.3784,209.8,-407.8,1.6,2.4,3.3,8.3
2012-05-19,2012.3811,207.6,-409.6,-1.4,2.2,2.7,8.1
2012-05-20,2012.3839,205.7,-408.6,-9.6,2.4,3.1,8.6
2012-05-21,2012.3866,206.5,-407.1,-1.6,2.7,3.6,9.2
2012-05-22,2012.3893,208.8,-409.4,5.5,2.6,3.1,10.1
2012-05-23,2012.3921,206.6,-406.6,-7.9,2.5,3.4,8.9
2012-05-24,2012.3948,206.2,-407.4,-5.2,2.1,2.6,7.7
2012-05-25,2012.3975,205.4,-408.6,-17.4,2.5,3.0,9.7
2012-05-26,2012.4003,205.0,-408.5,-2.1,2.4,2.9,9.2
2012-05-27,2012.403,206.1,-406.9,-10.6,2.8,3.6,10.6
2012-05-28,2012.4057,204.6,-404.5,-7.2,2.6,3.1,10.4
2012-05-29,2012.4085,204.0,-408.1,-1.8,2.6,3.3,9.8
2012-05-30,2012.4112,206.5,-407.5,-8.1,2.0,2.5,7.1
2012-05-31,2012.4139,204.7,-408.9,-13.4,2.1,2.6,7.5
2012-06-01,2012.4167,206.9,-406.9,-8.1,1.9,2.3,7.2
2012-06-02,2012.4194,206.0,-409.5,-9.8,2.1,2.5,7.8
2012-06-03,2012.4221,206.0,-405.1,-5.5,2.4,3.0,9.1
2012-06-04,2012.4249,205.8,-408.2,-11.4,2.4,3.0,9.2
2012-06-05,2012.4276,205.7,-409.2,-6.6,2.4,3.2,8.9
2012-06-06,2012.4303,204.8,-405.0,0.6,2.4,3.0,9.1
2012-06-07,2012.4331,207.9,-409.7,-10.0,2.3,2.9,8.4
2012-06-08,2012.4358,204.1,-404.7,-13.1,2.4,2.8,9.4
2012-06-09,2012.4385,206.5,-409.9,-0.3,2.1,2.6,8.4
2012-06-10,2012.4413,206.6,-408.0,0.4,2.3,2.8,8.5
2012-06-11,2012.444,205.6,-406.9,-4.3,2.0,2.4,7.9
2012-06-12,2012.4467,204.6,-406.1,-4.2,2.3,2.7,8.7
2012-06-13,2012.4495,206.8,-407.9,-0.1,1.9,2.4,7.4
2012-06-14,2012.4522,206.9,-405.2,-1.3,2.2,2.7,8.7
2012-06-15,2012.4549,206.4,-406.8,-5.6,1.9,2.4,7.0
2012-06-16,2012.4577,205.8,-405.3,-4.1,2.1,2.7,7.6
2012-06-17,2012.4604,205.4,-405.5,-2.3,1.8,2.1,6.9
2012-06-18,2012.4631,205.0,-406.5,-5.7,2.2,2.6,8.3
2012-06-19,2012.4658,203.5,-409.3,-3.7,2.2,2.7,9.0
2012-06-20,2012.4686,206.5,-407.9,1.6,1.8,2.3,6.9
2012-06-21,2012.4713,205.5,-406.4,-1.4,2.0,2.4,7.7
2012-06-22,2012.474,204.8,-405.6,-6.3,2.1,2.5,8.2
2012-06-23,2012.4768,204.3,-405.3,-8.9,1.9,2.3,7.4
2012-06-24,2012.4795,204.7,-405.8,-2.9,2.0,2.4,7.4
2012-06-25,2012.4822,205.3,-403.6,-0.8,2.1,2.6,7.7
2012-06-26,2012.485,202.9,-405.1,-2.4,1.7,2.0,6.8
2012-06-27,2012.4877,202.9,-405.3,-1.2,1.9,2.3,7.3
2012-06-28,2012.4904,203.8,-405.5,-7.9,1.9,2.3,7.0
2012-06-29,2012.4932,203.9,-404.9,-4.6,2.3,2.7,9.0
2012-06-30,2012.4959,204.0,-407.6,-15.5,2.1,2.6,8.1
2012-07-01,2012.4986,203.3,-407.4,-13.9,2.5,2.9,8.25
2012-07-02,2012.5014,204.5,-403.5,-12.3,2.2,2.7,8.4
2012-07-03,2012.5041,203.3,-405.6,-6.2,2.3,3.0,8.0
2012-07-04,2012.5068,205.2,-405.2,-10.1,2.0,2.5,7.3
2012-07-05,2012.5096,202.6,-406.5,-12.4,2.4,3.0,8.8
2012-07-06,2012.5123,202.9,-407.2,-11.7,2.0,2.5,7.5
2012-07-07,2012.515,205.3,-405.3,-11.9,2.2,2.8,8.4
2012-07-08,2012.5178,204.4,-404.8,-5.3,2.1,2.6,7.9
2012-07-09,2012.5205,203.8,-405.3,-6.0,2.2,2.9,8.4
2012-07-10,2012.5232,201.9,-404.1,-13.5,2.2,2.8,8.8
2012-07-11,2012.526,202.8,-403.8,-10.4,2.0,2.5,7.8
2012-07-12,2012.5287,203.1,-402.6,-2.2,2.3,2.9,8.4
2012-07-13,2012.5314,203.5,-404.2,-9.6,2.3,2.9,8.4
2012-07-14,2012.5342,201.8,-405.2,-15.3,2.3,2.6,8.5
2012-07-15,2012.5369,203.2,-403.9,-13.2,2.3,2.9,8.1
2012-07-16,2012.5396,200.6,-406.2,-11.6,1.8,2.1,6.8
2012-07-17,2012.5423,204.3,-402.6,-14.2,2.0,2.6,7.7
2012-07-18,2012.5451,205.1,-403.9,-12.7,2.3,2.9,8.2
2012-07-19,2012.5478,201.6,-406.0,-20.7,2.3,2.9,8.8
2012-07-20,2012.5505,200.4,-404.1,-14.8,2.1,2.7,8.3
2012-07-21,2012.5533,201.7,-402.3,-16.6,1.9,2.2,7.0
2012-07-22,2012.556,203.2,-403.1,-16.5,2.0,2.6,7.5
2012-07-23,2012.5587,203.2,-399.9,-12.9,2.2,2.9,8.0
2012-07-24,2012.5615,203.2,-401.9,-11.1,2.1,2.6,8.2
2012-07-25,2012.5642,203.2,-400.7,-10.4,2.0,2.5,7.7
2012-07-26,2012.5669,201.0,-398.4,-12.5,2.6,3.2,10.3
2012-07-27,2012.5697,202.1,-400.3,-13.8,2.4,2.9,9.4
2012-07-28,2012.5724,202.2,-400.2,-14.1,2.1,2.7,7.9
2012-07-29,2012.5751,200.8,-401.5,-15.5,2.2,2.8,8.6
2012-07-30,2012.5779,199.5,-401.1,-16.9,2.2,2.6,9.3
2012-07-31,2012.5806,203.2,-400.3,-18.3,2.6,3.2,10.0
2012-08-01,2012.5833,202.3,-400.3,-20.6,2.1,2.5,7.6
2012-08-02,2012.5861,200.3,-403.2,-18.8,2.4,3.2,8.7
2012-08-03,2012.5888,201.4,-399.1,-20.7,2.0,2.4,8.65
2012-08-04,2012.5915,202.0,-398.8,-22.6,2.3,2.8,8.6
2012-08-05,2012.5943,204.2,-397.3,-27.8,2.7,3.5,10.7
2012-08-06,2012.597,201.3,-398.8,-19.9,2.1,2.7,8.0
2012-08-07,2012.5997,201.8,-402.3,-12.6,2.5,3.1,9.8
2012-08-08,2012.6025,202.3,-401.1,-18.0,2.3,2.8,9.0
2012-08-09,2012.6052,202.6,-403.0,-18.8,3.0,3.6,11.6
2012-08-10,2012.6079,200.8,-398.0,-16.7,2.6,3.3,9.9
2012-08-11,2012.6107,200.1,-397.5,-17.3,2.2,2.8,8.6
2012-08-12,2012.6134,198.6,-398.1,-28.9,2.5,3.0,10.2
2012-08-13,2012.6161,202.1,-397.5,-7.0,2.8,3.5,10.7
2012-08-14,2012.6189,203.3,-399.3,-14.9,2.3,2.7,8.8
2012-08-15,2012.6216,200.5,-400.9,-17.5,2.3,2.8,8.8
2012-08-16,2012.6243,199.7,-399.6,-15.1,2.5,3.0,9.6
2012-08-17,2012.627,199.5,-399.9,-15.7,2.9,3.5,11.0
2012-08-18,2012.6298,200.7,-401.8,-6.4,2.3,2.7,8.5
2012-08-19,2012.6325,200.9,-398.7,-10.8,2.1,2.7,8.0
2012-08-20,2012.6352,202.8,-397.4,-24.3,2.3,2.6,9.0
2012-08-21,2012.638,205.1,-398.1,-19.2,2.3,2.9,8.8
2012-08-22,2012.6407,202.0,-399.1,-20.9,1.8,2.2,6.6
2012-08-23,2012.6434,200.6,-398.6,-18.1,2.0,2.4,7.2
2012-08-24,2012.6462,202.2,-397.1,-22.3,2.0,2.4,7.3
2012-08-25,2012.6489,201.8,-399.1,-20.6,2.1,2.6,8.1
2012-08-26,2012.6516,200.6,-399.5,-24.3,2.0,2.4,7.7
2012-08-27,2012.6544,202.0,-400.8,-19.3,2.1,2.5,8.0
2012-08-28,2012.6571,201.8,-397.8,-19.0,2.2,2.5,8.4
2012-08-29,2012.6598,200.8,-399.3,-16.4,2.3,2.7,8.2
2012-08-30,2012.6626,201.1,-398.9,-14.2,2.1,2.5,8.2
2012-08-31,2012.6653,202.6,-396.5,-18.7,2.1,2.6,8.0
2012-09-01,2012.668,200.9,-398.8,-21.9,2.3,2.8,8.5
2012-09-02,2012.6708,200.2,-396.1,-21.3,1.9,2.2,7.0
2012-09-03,2012.6735,200.9,-398.9,-26.9,2.4,2.9,9.0
2012-09-04,2012.6762,201.7,-398.6,-25.4,1.9,2.3,6.9
2012-09-05,2012.679,201.8,-398.6,-24.4,2.0,2.6,7.5
2012-09-06,2012.6817,200.1,-398.6,-27.9,2.0,2.6,7.4
2012-09-07,2012.6844,201.3,-397.4,-25.7,2.1,2.6,7.5
2012-09-08,2012.6872,200.7,-396.7,-24.4,2.1,2.7,7.8
2012-09-09,2012.6899,199.2,-396.7,-22.4,2.2,2.7,8.0
2012-09-10,2012.6926,200.5,-396.2,-24.7,2.1,2.4,7.9
2012-09-11,2012.6954,201.6,-395.8,-24.4,2.1,2.4,7.8
2012-09-12,2012.6981,199.6,-396.0,-22.4,1.9,2.4,7.2
2012-09-13,2012.7008,199.7,-394.6,-23.6,2.2,2.6,7.7
2012-09-14,2012.7036,199.8,-395.7,-23.5,2.0,2.5,7.4
2012-09-15,2012.7063,202.5,-395.8,-21.9,1.7,2.0,6.2
2012-09-16,2012.709,201.1,-395.8,-23.7,1.8,2.3,6.7
2012-09-17,2012.7117,199.7,-396.3,-27.1,2.0,2.4,7.2
2012-09-18,2012.7145,201.2,-396.0,-21.4,1.9,2.3,7.0
2012-09-19,2012.7172,201.0,-396.0,-24.9,2.1,2.6,7.8
2012-09-20,2012.7199,201.3,-397.4,-23.3,2.1,2.6,7.8
2012-09-21,2012.7227,202.5,-396.1,-29.1,2.0,2.4,7.4
2012-09-22,2012.7254,201.7,-396.4,-24.4,2.3,2.8,8.1
2012-09-23,2012.7281,200.8,-397.2,-26.47,2.1,2.6,8.2
2012-09-24,2012.7309,201.4,-395.2,-28.53,2.9,3.3,8.3
2012-09-25,2012.7336,200.3,-397.1,-30.6,2.2,2.7,8.4
2012-09-26,2012.7363,200.5,-392.6,-23.9,2.6,3.1,9.3
2012-09-27,2012.7391,197.4,-396.5,-26.7,2.3,2.8,9.1
2012-09-28,2012.7418,198.6,-396.1,-32.3,2.1,2.6,7.5
2012-09-29,2012.7445,200.6,-395.9,-30.5,2.3,2.8,8.1
2012-09-30,2012.7473,200.1,-397.5,-25.5,2.2,2.6,8.7
2012-10-01,2012.75,198.8,-397.4,-27.3,2.1,2.5,7.1
2012-10-02,2012.7527,201.7,-394.6,-24.2,2.3,2.8,7.9
2012-10-03,2012.7555,200.9,-395.9,-29.6,2.4,2.9,8.1
2012-10-04,2012.7582,200.9,-395.4,-28.8,2.0,2.4,7.4
2012-10-05,2012.7609,200.1,-395.6,-30.6,1.9,2.2,6.8
2012-10-06,2012.7637,199.8,-396.2,-25.7,2.2,2.6,8.0
2012-10-07,2012.7664,198.7,-394.8,-20.0,2.0,2.4,7.8
2012-10-08,2012.7691,199.3,-394.1,-20.6,2.0,2.4,7.8
2012-10-09,2012.7719,197.1,-396.4,-27.7,2.9,3.4,11.1
2012-10-10,2012.7746,199.4,-396.8,-34.5,2.3,2.8,8.2
2012-10-11,2012.7773,199.0,-398.0,-26.5,1.9,2.3,6.9
2012-10-12,2012.7801,199.1,-395.7,-22.2,1.9,2.3,7.3
2012-10-13,2012.7828,200.9,-394.0,-21.0,2.1,2.4,7.9
2012-10-14,2012.7855,199.5,-394.8,-27.1,2.0,2.3,7.6
2012-10-15,2012.7883,199.2,-397.0,-19.7,2.1,2.5,7.9
2012-10-16,2012.791,200.7,-394.8,-23.8,1.9,2.3,6.9
2012-10-17,2012.7937,201.2,-394.4,-24.8,1.9,2.4,7.3
2012-10-18,2012.7964,200.3,-397.8,-27.0,2.3,2.9,7.8
2012-10-19,2012.7992,199.3,-394.5,-24.4,1.9,2.3,7.2
2012-10-20,2012.8019,199.9,-393.4,-18.9,2.1,2.7,7.9
2012-10-21,2012.8046,201.0,-395.0,-21.3,1.9,2.3,6.7
2012-10-22,2012.8074,199.2,-393.2,-27.8,2.3,2.8,8.2
2012-10-23,2012.8101,199.9,-395.5,-18.5,1.9,2.4,7.1
2012-10-24,2012.8128,196.8,-391.3,-19.3,2.4,2.8,8.4
2012-10-25,2012.8156,198.5,-395.7,-20.3,2.3,2.8,8.0
2012-10-26,2012.8183,197.6,-392.7,-18.7,2.2,2.6,7.5
2012-10-27,2012.821,197.4,-393.6,-25.5,1.9,2.2,6.9
2012-10-28,2012.8238,198.3,-393.8,-20.2,2.0,2.4,7.2
2012-10-29,2012.8265,198.6,-392.6,-21.9,2.1,2.5,7.6
2012-10-30,2012.8292,197.2,-393.1,-25.0,2.0,2.4,7.2
2012-10-31,2012.832,196.4,-392.0,-27.5,1.9,2.3,7.0
2012-11-01,2012.8347,196.7,-394.6,-24.2,1.9,2.2,6.8
2012-11-02,2012.8374,198.6,-393.5,-17.6,2.1,2.4,6.9
2012-11-03,2012.8402,198.0,-393.1,-17.2,2.2,2.5,7.5
2012-11-04,2012.8429,198.5,-392.2,-21.4,1.9,2.3,7.0
2012-11-05,2012.8456,197.5,-396.2,-18.0,2.0,2.4,7.5
2012-11-06,2012.8484,196.7,-391.5,-14.3,2.3,2.6,8.4
2012-11-07,2012.8511,200.5,-389.8,-18.5,2.3,2.6,8.5
2012-11-08,2012.8538,197.4,-392.2,-20.6,2.1,2.5,8.2
2012-11-09,2012.8566,197.2,-393.0,-19.3,2.0,2.4,7.6
2012-11-10,2012.8593,196.9,-391.3,-18.0,1.9,2.3,7.0
2012-11-11,2012.862,195.9,-393.0,-22.2,2.1,2.6,7.7
2012-11-12,2012.8648,195.8,-392.4,-18.1,1.8,2.1,7.0
2012-11-13,2012.8675,195.5,-390.4,-14.1,2.1,2.6,7.6
2012-11-14,2012.8702,196.6,-392.2,-13.7,2.4,3.0,9.4
2012-11-15,2012.873,195.8,-394.8,-24.2,2.1,2.6,7.3
2012-11-16,2012.8757,198.0,-392.3,-19.9,2.2,2.5,8.1
2012-11-17,2012.8784,195.8,-392.1,-15.1,1.9,2.2,6.7
2012-11-18,2012.8811,196.6,-392.8,-22.6,2.0,2.4,7.0
2012-11-19,2012.8839,197.9,-395.8,-18.1,2.0,2.4,7.7
2012-11-20,2012.8866,196.1,-388.7,-19.0,2.4,2.8,7.7
2012-11-21,2012.8893,199.2,-392.0,-19.9,2.0,2.4,7.7
2012-11-22,2012.8921,196.8,-390.2,-18.8,2.0,2.4,7.5
2012-11-23,2012.8948,194.5,-393.2,-17.7,2.1,2.4,7.3
2012-11-24,2012.8975,192.1,-390.1,-13.2,2.1,2.4,7.6
2012-11-25,2012.9003,194.9,-386.9,-17.4,2.1,2.5,8.1
2012-11-26,2012.903,193.1,-385.0,-23.3,2.6,3.0,9.0
2012-11-27,2012.9057,196.3,-390.4,-23.7,2.7,3.1,9.0
2012-11-28,2012.9085,195.3,-392.1,-13.4,2.1,2.5,7.2
2012-11-29,2012.9112,195.9,-387.8,-14.0,1.9,2.1,7.0
2012-11-30,2012.9139,194.8,-389.3,-12.5,2.0,2.2,7.0
2012-12-01,2012.9167,195.2,-390.9,-13.2,2.2,2.4,7.2
2012-12-02,2012.9194,196.5,-389.6,-16.4,1.8,2.1,6.3
2012-12-03,2012.9221,195.2,-390.5,-15.8,1.8,2.0,6.4
2012-12-04,2012.9249,196.5,-390.7,-13.2,1.7,1.9,6.3
2012-12-05,2012.9276,195.4,-389.6,-13.5,1.7,1.9,6.2
2012-12-06,2012.9303,196.2,-389.1,-14.1,1.7,1.9,6.5
2012-12-07,2012.9331,195.9,-388.9,-12.7,1.8,2.1,6.4
2012-12-08,2012.9358,193.4,-389.3,-12.7,2.1,2.4,6.4
2012-12-09,2012.9385,194.5,-388.6,-12.7,1.8,2.0,6.4
2012-12-10,2012.9413,194.5,-390.4,-12.7,1.8,2.0,6.4
2012-12-11,2012.944,192.8,-388.5,-5.7,1.9,2.1,6.8
2012-12-12,2012.9467,192.3,-389.2,-11.5,2.1,2.4,7.7
2012-12-13,2012.9495,195.7,-388.9,-6.1,1.8,1.9,6.9
2012-12-14,2012.9522,198.3,-388.2,-11.3,2.0,2.3,7.2
2012-12-15,2012.9549,194.8,-387.3,-7.0,1.7,2.0,6.4
2012-12-16,2012.9577,195.7,-388.7,-9.3,1.8,2.0,6.5
2012-12-17,2012.9604,195.3,-387.4,-8.7,1.8,2.0,6.5
2012-12-18,2012.9631,194.8,-386.1,-12.0,1.9,2.2,6.7
2012-12-19,2012.9658,196.1,-385.6,-7.1,1.8,2.1,7.0
2012-12-20,2012.9686,196.6,-384.2,-10.8,1.7,2.1,6.7
2012-12-21,2012.9713,196.1,-385.6,-10.5,1.7,2.0,6.4
2012-12-22,2012.974,195.8,-384.5,-11.4,1.7,2.0,6.6
2012-12-23,2012.9768,193.9,-385.6,-15.1,1.7,2.1,6.2
2012-12-24,2012.9795,195.5,-385.9,-6.4,1.8,2.0,6.3
2012-12-25,2012.9822,197.3,-384.6,-12.9,1.7,2.0,6.6
2012-12-26,2012.985,193.9,-386.1,-10.9,1.9,2.1,7.1
2012-12-27,2012.9877,193.9,-383.9,-5.8,1.8,2.1,6.3
2012-12-28,2012.9904,194.1,-384.5,-6.6,1.8,2.0,6.9
2012-12-29,2012.9932,191.6,-385.2,-11.9,2.0,2.3,7.4
2012-12-30,2012.9959,194.0,-384.6,-7.4,1.7,2.0,6.3
2012-12-31,2012.9986,193.5,-383.4,-7.5,1.8,2.0,6.7
2013-01-01,2013.0014,195.0,-385.5,-1.9,1.8,2.1,6.4
2013-01-02,2013.0041,195.2,-385.4,-5.7,1.8,2.1,6.3
2013-01-03,2013.0068,195.9,-385.1,-13.2,2.0,2.2,7.4
2013-01-04,2013.0096,197.7,-381.6,-0.3,1.9,2.3,7.0
2013-01-05,2013.0123,195.2,-381.6,-5.5,2.1,2.4,7.2
2013-01-06,2013.0151,194.1,-380.2,1.4,1.9,2.3,6.7
2013-01-07,2013.0178,193.8,-383.0,-4.0,2.1,2.5,7.5
2013-01-08,2013.0205,196.3,-383.2,-5.1,2.0,2.4,7.6
2013-01-09,2013.0233,195.1,-382.2,-4.5,1.8,2.1,6.7
2013-01-10,2013.026,196.2,-383.1,-4.1,2.0,2.5,7.3
2013-01-11,2013.0288,195.1,-383.6,-9.7,1.7,2.0,6.2
2013-01-12,2013.0315,194.2,-382.6,-4.0,1.8,2.2,6.7
2013-01-13,2013.0342,195.1,-384.0,-2.5,1.7,2.1,6.4
2013-01-14,2013.037,193.4,-383.3,-4.3,2.0,2.4,7.1
2013-01-15,2013.0397,195.5,-383.9,-5.6,1.7,2.0,6.3
2013-01-16,2013.0425,195.2,-382.5,-3.1,2.1,2.6,7.3
2013-01-17,2013.0452,195.1,-383.0,-7.7,1.9,2.5,6.9
2013-01-18,2013.0479,195.7,-382.6,-3.6,1.6,2.0,6.1
2013-01-19,2013.0507,194.3,-380.8,-4.9,1.7,2.1,6.6
2013-01-20,2013.0534,194.6,-379.1,-4.0,1.9,2.4,7.3
2013-01-21,2013.0562,195.3,-382.6,-4.5,1.9,2.5,7.1
2013-01-22,2013.0589,193.0,-383.0,-6.1,1.8,2.2,6.8
2013-01-23,2013.0616,193.8,-380.1,-4.5,1.7,2.2,6.4
2013-01-24,2013.0644,192.9,-382.2,-9.6,1.9,2.2,6.9
2013-01-25,2013.0671,192.8,-382.4,-6.0,1.6,2.1,6.3
2013-01-26,2013.0699,193.4,-380.6,-8.5,1.7,2.1,6.4
2013-01-27,2013.0726,192.3,-377.8,-12.0,2.0,2.3,7.1
2013-01-28,2013.0753,192.3,-383.0,-8.7,1.7,2.0,6.3
2013-01-29,2013.0781,192.8,-382.7,-4.4,1.7,2.1,6.6
2013-01-30,2013.0808,191.7,-383.5,-9.1,1.9,2.3,7.2
2013-01-31,2013.0836,192.8,-381.9,-10.5,1.9,2.4,6.9
2013-02-01,2013.0863,192.3,-379.4,-10.4,1.8,2.3,6.4
2013-02-02,2013.089,190.9,-381.9,-4.5,1.9,2.3,6.9
2013-02-03,2013.0918,192.7,-381.7,-3.1,1.7,2.1,6.5
2013-02-04,2013.0945,193.6,-382.5,-4.7,2.0,2.5,7.1
2013-02-05,2013.0973,192.7,-381.8,-5.7,1.8,2.1,6.3
2013-02-06,2013.1,195.0,-381.8,-5.1,2.1,2.8,7.3
2013-02-07,2013.1027,193.1,-377.7,-3.25,1.8,2.2,7.25
2013-02-08,2013.1055,191.9,-381.3,-1.4,1.9,2.3,7.2
2013-02-09,2013.1082,193.7,-380.3,-0.3,2.0,2.6,7.5
2013-02-10,2013.111,195.0,-381.2,-6.4,2.1,2.6,7.8
2013-02-11,2013.1137,193.0,-381.7,-12.4,1.9,2.4,6.8
2013-02-12,2013.1164,192.5,-384.4,-9.8,1.9,2.3,6.55
2013-02-13,2013.1192,192.3,-382.4,-7.2,1.7,2.1,6.3
2013-02-14,2013.1219,193.1,-378.6,-3.1,1.9,2.3,6.9
2013-02-15,2013.1247,194.1,-378.9,-7.1,1.8,2.2,6.6
2013-02-16,2013.1274,194.3,-383.1,-1.6,1.9,2.3,7.2
2013-02-17,2013.1301,193.1,-385.4,1.6,2.0,2.4,7.5
2013-02-18,2013.1329,191.4,-380.8,-5.2,2.0,2.4,7.8
2013-02-19,2013.1356,193.4,-379.5,-6.0,2.1,2.5,7.8
2013-02-20,2013.1384,192.4,-378.9,-9.8,2.0,2.5,7.0
2013-02-21,2013.1411,192.9,-378.5,-7.9,1.9,2.4,7.0
2013-02-22,2013.1438,193.0,-381.0,-14.3,1.8,2.2,6.6
2013-02-23,2013.1466,194.0,-380.0,-11.2,1.8,2.2,6.8
2013-02-24,2013.1493,195.3,-380.0,-8.0,1.8,2.1,6.6
2013-02-25,2013.1521,193.5,-381.0,-4.3,1.9,2.2,7.3
2013-02-26,2013.1548,193.1,-378.9,-5.9,2.1,2.5,7.2
2013-02-27,2013.1575,197.1,-379.8,-2.0,2.0,2.5,7.3
2013-02-28,2013.1603,197.2,-381.8,-2.6,2.1,2.6,7.8
2013-03-01,2013.163,194.8,-383.4,-6.0,2.0,2.4,7.2
2013-03-02,2013.1658,197.4,-381.3,-1.4,1.9,2.5,6.8
2013-03-03,2013.1685,196.8,-378.5,-8.6,2.0,2.5,7.0
2013-03-04,2013.1712,196.4,-381.3,-9.8,1.8,2.3,6.9
2013-03-05,2013.174,196.5,-379.8,-12.0,1.8,2.4,6.8
2013-03-06,2013.1767,196.0,-381.3,-13.2,1.9,2.5,6.8
2013-03-07,2013.1795,194.1,-379.7,-8.4,1.7,2.1,6.5
2013-03-08,2013.1822,196.4,-382.5,-3.0,2.0,2.5,7.4
2013-03-09,2013.1849,195.3,-382.9,-5.4,1.9,2.4,7.0
2013-03-10,2013.1877,193.8,-383.1,-1.3,2.0,2.4,7.4
2013-03-11,2013.1904,194.0,-382.1,-1.6,2.2,2.8,8.1
2013-03-12,2013.1932,196.0,-382.6,-1.5,2.1,2.5,7.3
2013-03-13,2013.1959,194.1,-382.0,-9.9,1.9,2.5,7.5
2013-03-14,2013.1986,194.5,-381.6,-6.4,2.2,2.9,8.1
2013-03-15,2013.2014,194.7,-372.7,2.5,2.2,2.8,9.0
2013-03-16,2013.2041,195.0,-383.7,2.3,2.4,3.1,9.4
2013-03-17,2013.2068,193.7,-377.4,0.6,2.4,3.0,8.8
2013-03-18,2013.2096,193.2,-381.4,-0.4,2.0,2.5,7.8
2013-03-19,2013.2123,193.8,-380.8,-7.2,2.0,2.5,7.6
2013-03-20,2013.2151,193.3,-380.4,-6.9,2.0,2.6,7.6
2013-03-21,2013.2178,192.2,-378.2,-6.65,2.1,2.7,8.3
2013-03-22,2013.2205,195.5,-379.3,-6.4,2.4,3.0,9.0
2013-03-23,2013.2233,195.1,-379.5,-6.9,2.1,2.6,7.5
2013-03-24,2013.226,193.8,-382.3,-5.0,2.1,2.6,7.8
2013-03-25,2013.2288,195.4,-378.0,-0.8,2.2,2.7,8.5
2013-03-26,2013.2315,193.8,-380.9,-9.8,2.0,2.5,7.8
2013-03-27,2013.2342,194.3,-380.4,-2.3,2.4,2.9,8.8
2013-03-28,2013.237,195.8,-377.4,-10.0,2.2,2.8,8.3
2013-03-29,2013.2397,197.0,-382.5,-7.7,2.1,2.6,7.9
2013-03-30,2013.2425,196.2,-376.6,-7.6,1.9,2.3,7.6
2013-03-31,2013.2452,197.1,-379.6,-2.4,2.3,2.7,8.7
2013-04-01,2013.2479,195.6,-377.7,1.8,2.3,3.0,9.0
2013-04-02,2013.2507,194.8,-383.3,0.4,2.6,3.1,9.5
2013-04-03,2013.2534,190.9,-377.1,7.0,2.6,3.4,9.6
2013-04-04,2013.2562,194.8,-377.9,1.2,2.5,3.1,9.0
2013-04-05,2013.2589,194.3,-378.0,-10.1,2.5,3.2,9.1
2013-04-06,2013.2616,195.1,-377.1,-12.3,2.2,2.7,8.1
2013-04-07,2013.2644,195.7,-378.8,-8.6,2.2,2.9,7.8
2013-04-08,2013.2671,194.2,-377.8,-3.3,2.4,3.0,8.9
2013-04-09,2013.2699,196.5,-377.3,-2.4,2.4,2.8,8.9
2013-04-10,2013.2726,193.7,-374.5,-1.4,2.5,3.1,8.7
2013-04-11,2013.2753,196.1,-376.6,-5.0,2.4,3.1,8.8
2013-04-12,2013.2781,193.3,-377.8,-12.6,2.3,2.8,8.9
2013-04-13,2013.2808,194.3,-376.9,-7.1,2.4,3.0,9.0
2013-04-14,2013.2836,194.6,-376.4,1.1,2.3,2.9,8.8
2013-04-15,2013.2863,194.2,-378.1,0.5,2.5,3.1,9.5
2013-04-16,2013.289,194.5,-376.6,1.5,2.5,3.1,9.0
2013-04-17,2013.2918,195.9,-377.1,-3.8,2.2,2.7,8.4
2013-04-18,2013.2945,193.9,-378.7,2.3,2.6,3.2,9.4
2013-04-19,2013.2973,193.6,-376.6,2.3,2.3,2.7,8.1
2013-04-20,2013.3,192.9,-375.6,-2.9,2.3,2.6,8.7
2013-04-21,2013.3027,194.0,-375.2,-4.2,2.1,2.6,8.2
2013-04-22,2013.3055,194.3,-372.0,4.7,2.3,2.8,8.5
2013-04-23,2013.3082,193.0,-378.8,4.0,2.4,2.8,8.9
2013-04-24,2013.311,195.0,-378.9,-5.3,2.3,2.9,8.6
2013-04-25,2013.3137,195.1,-376.2,-6.9,2.4,2.9,9.1
2013-04-26,2013.3164,193.2,-376.3,-1.9,2.1,2.6,7.6
2013-04-27,2013.3192,195.8,-375.2,-1.9,2.0,2.5,7.6
2013-04-28,2013.3219,194.4,-377.2,-0.5,2.3,2.8,8.5
2013-04-29,2013.3247,191.8,-374.2,-5.4,2.1,2.7,7.7
2013-04-30,2013.3274,195.0,-373.7,-10.5,2.5,3.7,9.1
2013-05-01,2013.3301,194.7,-371.6,-2.9,2.2,2.7,8.3
2013-05-02,2013.3329,195.1,-375.9,-10.1,2.3,3.1,8.6
2013-05-03,2013.3356,196.6,-375.1,-5.1,2.4,3.3,8.7
2013-05-04,2013.3384,192.2,-374.0,-11.9,2.3,2.9,8.5
2013-05-05,2013.3411,194.2,-374.8,-6.6,2.1,2.6,8.3
2013-05-06,2013.3438,193.3,-375.7,-9.5,2.3,2.8,8.0
2013-05-07,2013.3466,192.8,-375.1,-7.2,2.1,2.6,8.0
2013-05-08,2013.3493,192.0,-373.9,-4.8,2.4,3.0,8.5
2013-05-09,2013.3521,192.5,-374.5,-9.1,2.2,2.6,8.1
2013-05-10,2013.3548,193.4,-373.2,-9.8,2.4,3.2,8.5
2013-05-11,2013.3575,193.4,-375.9,-7.8,2.3,3.0,7.9
2013-05-12,2013.3603,190.6,-375.8,-16.1,2.1,2.5,8.2
2013-05-13,2013.363,193.6,-379.3,-2.9,2.1,2.7,8.4
2013-05-14,2013.3658,194.3,-374.0,-6.3,2.5,3.4,8.8
2013-05-15,2013.3685,193.0,-375.1,-6.4,2.4,2.9,8.9
2013-05-16,2013.3712,190.3,-375.0,-7.9,2.5,3.1,9.1
2013-05-17,2013.374,187.7,-374.5,-12.1,2.8,3.4,11.1
2013-05-18,2013.3767,190.8,-373.2,-3.8,2.2,2.7,8.9
2013-05-19,2013.3795,196.3,-374.6,-1.4,2.2,2.7,8.3
2013-05-20,2013.3822,191.8,-374.7,-5.7,2.3,2.6,8.8
2013-05-21,2013.3849,191.6,-373.6,-11.5,2.9,3.7,10.9
2013-05-22,2013.3877,191.1,-374.4,-6.1,2.3,2.8,8.5
2013-05-23,2013.3904,188.9,-372.2,-5.4,2.4,2.9,9.2
2013-05-24,2013.3932,191.8,-372.8,-5.6,2.2,2.6,8.3
2013-05-25,2013.3959,192.3,-372.7,-8.4,2.4,2.8,8.7
2013-05-26,2013.3986,190.0,-372.6,-10.4,2.5,3.1,9.6
2013-05-27,2013.4014,191.5,-374.8,-9.55,2.6,3.1,8.8
2013-05-28,2013.4041,190.8,-376.4,-8.7,2.2,2.7,8.0
2013-05-29,2013.4068,190.7,-374.8,-6.9,2.2,2.8,8.9
2013-05-30,2013.4096,189.1,-375.6,-2.6,2.6,3.2,9.4
2013-05-31,2013.4123,192.4,-370.6,-3.9,2.2,3.0,8.2
2013-06-01,2013.4151,189.1,-373.4,-0.1,2.6,3.1,9.1
2013-06-02,2013.4178,191.0,-371.6,-0.9,2.0,2.3,7.6
2013-06-03,2013.4205,190.3,-371.9,-4.1,2.2,2.6,8.8
2013-06-04,2013.4233,188.3,-373.5,-5.9,2.2,2.6,8.3
2013-06-05,2013.426,189.0,-368.5,0.4,2.5,3.2,9.0
2013-06-06,2013.4288,189.4,-373.0,2.7,2.4,2.7,9.7
2013-06-07,2013.4315,187.6,-370.9,-0.1,2.4,2.9,8.9
2013-06-08,2013.4342,188.6,-372.8,1.1,2.2,2.6,8.2
2013-06-09,2013.437,188.8,-372.1,0.1,2.3,2.7,9.1
2013-06-10,2013.4397,189.3,-370.9,-4.7,2.5,3.1,9.3
2013-06-11,2013.4425,187.9,-370.0,-6.7,2.3,3.0,8.7
2013-06-12,2013.4452,190.5,-366.9,3.0,2.5,3.5,9.2
2013-06-13,2013.4479,189.5,-369.9,5.4,2.2,2.8,8.0
2013-06-14,2013.4507,188.6,-366.9,8.0,2.4,2.9,8.6
2013-06-15,2013.4534,188.5,-370.6,-4.5,2.3,3.0,8.2
2013-06-16,2013.4562,187.5,-371.4,3.5,2.5,3.3,9.7
2013-06-17,2013.4589,188.2,-368.3,-3.6,2.6,3.3,9.7
2013-06-18,2013.4616,188.4,-369.7,3.6,2.3,2.8,9.0
2013-06-19,2013.4644,186.5,-369.0,6.2,2.5,3.2,9.4
2013-06-20,2013.4671,187.7,-373.1,-11.7,2.6,3.3,9.9
2013-06-21,2013.4699,189.8,-371.9,-10.2,2.3,3.0,8.5
2013-06-22,2013.4726,184.9,-374.1,0.5,2.4,3.2,8.9
2013-06-23,2013.4753,187.0,-369.0,-9.5,2.3,2.8,9.0
2013-06-24,2013.4781,190.2,-370.8,-2.9,2.4,2.8,9.4
2013-06-25,2013.4808,189.4,-371.8,-9.1,2.4,3.1,9.2
2013-06-26,2013.4836,186.9,-373.4,-10.5,2.4,3.3,9.0
2013-06-27,2013.4863,186.5,-370.7,-8.8,2.0,2.5,7.6
2013-06-28,2013.489,186.8,-369.7,-7.4,2.3,2.9,8.3
2013-06-29,2013.4918,185.4,-371.2,1.3,2.4,3.0,8.8
2013-06-30,2013.4945,189.5,-368.7,4.4,2.6,3.3,8.8
2013-07-01,2013.4973,186.8,-369.3,-5.8,2.2,2.6,8.0
2013-07-02,2013.5,187.7,-372.1,-4.3,2.2,2.8,8.4
2013-07-03,2013.5027,184.4,-368.8,-8.0,2.5,3.4,9.3
2013-07-04,2013.5055,186.0,-369.1,-3.8,2.2,2.8,8.2
2013-07-05,2013.5082,185.8,-368.1,0.3,2.3,3.0,8.3
2013-07-06,2013.511,186.4,-368.1,-9.6,2.4,3.2,8.4
2013-07-07,2013.5137,188.0,-369.9,-0.7,2.2,2.5,8.4
2013-07-08,2013.5164,186.2,-369.4,-6.1,2.0,2.6,7.4
2013-07-09,2013.5192,187.5,-367.4,-3.4,2.4,3.1,8.6
2013-07-10,2013.5219,185.8,-368.9,-4.4,2.1,2.6,7.8
2013-07-11,2013.5247,188.1,-371.4,-10.0,2.2,2.7,8.5
2013-07-12,2013.5274,188.2,-371.2,-3.5,2.4,3.1,9.3
2013-07-13,2013.5301,185.0,-367.2,-15.2,3.1,4.2,11.9
2013-07-14,2013.5329,184.7,-366.8,-18.3,2.7,3.3,10.4
2013-07-15,2013.5356,185.8,-370.6,-12.4,2.3,3.0,8.7
2013-07-16,2013.5384,187.6,-369.4,-12.1,2.8,3.6,8.45
2013-07-17,2013.5411,186.7,-366.8,-11.8,2.1,2.6,8.2
2013-07-18,2013.5438,186.8,-366.8,-0.6,2.2,2.9,8.2
2013-07-19,2013.5466,183.3,-368.9,-10.1,2.4,2.9,8.6
2013-07-20,2013.5493,184.9,-370.5,-11.8,2.2,2.7,8.75
2013-07-21,2013.5521,186.2,-365.6,-13.5,2.4,3.0,8.9
2013-07-22,2013.5548,184.9,-366.7,-13.4,2.2,2.6,8.2
2013-07-23,2013.5575,184.9,-369.1,-23.2,2.4,3.0,8.7
2013-07-24,2013.5603,183.9,-366.1,-17.6,2.2,2.7,8.2
2013-07-25,2013.563,184.2,-369.9,-15.2,2.1,2.7,7.7
2013-07-26,2013.5658,184.0,-368.1,-20.9,2.4,2.8,8.6
2013-07-27,2013.5685,183.8,-370.0,-18.5,2.6,3.3,10.1
2013-07-28,2013.5712,185.7,-365.9,-19.0,2.6,3.0,10.2
2013-07-29,2013.574,181.9,-367.3,-2.5,2.4,2.8,9.8
2013-07-30,2013.5767,183.4,-364.7,-13.3,2.6,3.2,9.4
2013-07-31,2013.5795,183.4,-365.4,-32.1,2.6,3.0,9.9
2013-08-01,2013.5822,181.8,-367.1,-13.5,2.6,3.1,9.2
2013-08-02,2013.5849,181.4,-368.9,-22.2,3.0,3.7,11.0
2013-08-03,2013.5877,186.5,-367.3,-10.1,3.3,3.9,13.3
2013-08-04,2013.5904,182.8,-366.6,-15.8,2.3,2.7,8.4
2013-08-05,2013.5932,182.7,-367.8,-12.4,2.5,3.1,9.0
2013-08-06,2013.5959,185.0,-366.5,-14.1,2.1,2.4,8.0
2013-08-07,2013.5986,185.5,-366.3,-28.9,2.5,3.1,9.2
2013-08-08,2013.6014,184.1,-367.5,-18.9,2.4,2.9,9.4
2013-08-09,2013.6041,184.8,-367.2,-22.4,2.4,2.9,8.7
2013-08-10,2013.6068,183.8,-365.0,-17.9,2.5,3.2,9.4
2013-08-11,2013.6096,185.0,-365.8,-21.3,2.4,3.0,8.6
2013-08-12,2013.6123,185.0,-366.3,-20.5,2.3,2.9,8.4
2013-08-13,2013.6151,183.6,-368.9,-18.8,2.8,3.4,10.7
2013-08-14,2013.6178,183.7,-366.7,-21.9,2.6,3.1,10.4
2013-08-15,2013.6205,184.2,-367.1,-11.7,3.0,3.6,11.2
2013-08-16,2013.6233,184.8,-365.6,-14.4,3.0,3.5,12.0
2013-08-17,2013.626,181.8,-367.6,-15.6,2.5,3.1,9.4
2013-08-18,2013.6288,185.5,-366.9,-12.4,2.3,3.0,8.7
2013-08-19,2013.6315,184.0,-365.4,-17.8,2.6,3.3,9.6
2013-08-20,2013.6342,182.5,-363.5,-22.6,2.6,3.3,9.9
2013-08-21,2013.637,182.8,-367.1,-11.1,2.8,3.6,10.2
2013-08-22,2013.6397,183.1,-366.7,-22.9,2.6,3.2,9.7
2013-08-23,2013.6425,182.7,-366.0,-20.9,2.6,3.2,10.5
2013-08-24,2013.6452,184.3,-369.6,-19.0,2.7,3.4,10.1
2013-08-25,2013.6479,184.0,-364.0,-16.4,2.4,3.1,8.1
2013-08-26,2013.6507,183.6,-365.9,-13.0,2.4,3.0,8.7
2013-08-27,2013.6534,183.8,-364.4,-20.7,2.0,2.5,7.5
2013-08-28,2013.6562,181.9,-361.8,-14.8,2.4,2.7,9.2
2013-08-29,2013.6589,183.4,-364.1,-9.2,2.6,3.4,8.9
2013-08-30,2013.6616,183.3,-363.2,-22.9,2.4,2.9,8.4
2013-08-31,2013.6644,180.2,-363.8,-20.0,2.0,2.2,7.1
2013-09-01,2013.6671,182.4,-365.1,-13.6,2.0,2.4,7.6
2013-09-02,2013.6699,183.0,-362.0,-18.5,2.4,3.0,8.4
2013-09-03,2013.6726,185.5,-363.2,-19.9,2.2,2.8,7.8
2013-09-04,2013.6753,184.1,-364.4,-21.0,2.1,2.4,7.8
2013-09-05,2013.6781,184.5,-360.6,-20.1,2.1,2.6,7.2
2013-09-06,2013.6808,184.5,-361.1,-19.5,2.4,3.1,8.4
2013-09-07,2013.6836,183.1,-362.6,-24.7,1.9,2.4,7.4
2013-09-08,2013.6863,184.4,-362.7,-27.1,2.2,2.7,7.6
2013-09-09,2013.689,184.8,-362.5,-25.9,2.4,3.0,8.3
2013-09-10,2013.6918,183.7,-359.9,-28.2,2.2,2.7,8.1
2013-09-11,2013.6945,181.7,-362.4,-24.7,2.2,2.6,8.4
2013-09-12,2013.6973,182.8,-362.9,-27.4,2.4,3.1,8.6
2013-09-13,2013.7,183.3,-361.7,-23.7,2.9,3.5,11.0
2013-09-14,2013.7027,181.0,-362.9,-30.2,2.4,2.8,9.2
2013-09-15,2013.7055,183.4,-362.4,-23.8,2.3,2.8,8.8
2013-09-16,2013.7082,181.4,-362.0,-18.1,2.3,3.0,8.1
2013-09-17,2013.711,180.9,-359.9,-21.3,2.3,3.0,8.1
2013-09-18,2013.7137,182.2,-365.8,-15.8,2.7,3.4,9.7
2013-09-19,2013.7164,179.4,-362.0,-24.5,2.8,3.5,9.9
2013-09-20,2013.7192,180.2,-362.6,-26.4,2.2,2.7,8.3
2013-09-21,2013.7219,182.5,-364.1,-25.2,2.2,2.8,8.3
2013-09-22,2013.7247,181.5,-361.9,-15.7,2.1,2.5,8.3
2013-09-23,2013.7274,180.7,-364.0,-14.4,2.9,3.3,11.5
2013-09-24,2013.7301,181.8,-362.2,-19.7,2.7,3.3,9.8
2013-09-25,2013.7329,180.3,-362.3,-19.7,2.2,3.0,8.1
2013-09-26,2013.7356,181.9,-362.6,-18.4,2.3,2.9,8.0
2013-09-27,2013.7384,180.2,-363.6,-26.6,2.3,2.7,8.3
2013-09-28,2013.7411,180.9,-360.2,-24.7,2.5,3.1,9.4
2013-09-29,2013.7438,178.8,-362.4,-27.6,2.9,3.4,10.8
2013-09-30,2013.7466,179.1,-361.0,-14.8,2.6,3.1,9.5
2013-10-01,2013.7493,179.5,-364.0,-21.2,2.5,3.1,8.9
2013-10-02,2013.7521,179.3,-360.9,-21.8,2.5,3.0,8.4
2013-10-03,2013.7548,182.1,-362.2,-29.3,2.3,2.7,8.0
2013-10-04,2013.7575,181.1,-362.4,-22.4,2.3,2.8,8.3
2013-10-05,2013.7603,180.4,-361.6,-17.7,2.0,2.3,7.6
2013-10-06,2013.763,181.8,-361.9,-23.0,1.9,2.2,7.2
2013-10-07,2013.7658,181.2,-361.6,-24.9,2.0,2.2,7.1
2013-10-08,2013.7685,182.9,-361.5,-24.0,1.9,2.2,7.0
2013-10-09,2013.7712,182.4,-361.4,-23.0,2.2,2.8,8.3
2013-10-10,2013.774,181.1,-360.9,-22.3,2.4,2.8,9.2
2013-10-11,2013.7767,180.7,-361.4,-20.3,2.3,2.7,8.9
2013-10-12,2013.7795,181.2,-359.6,-19.2,2.1,2.6,7.8
2013-10-13,2013.7822,181.5,-361.8,-16.1,2.1,2.5,7.6
2013-10-14,2013.7849,180.9,-359.3,-19.4,2.3,2.6,8.5
2013-10-15,2013.7877,180.9,-360.2,-18.4,1.9,2.2,7.1
2013-10-16,2013.7904,180.5,-359.5,-23.7,2.1,2.5,7.7
2013-10-17,2013.7932,181.2,-362.3,-24.8,2.1,2.5,7.7
2013-10-18,2013.7959,180.3,-361.2,-30.9,2.5,3.0,8.5
2013-10-19,2013.7986,180.5,-359.1,-23.9,2.4,2.8,8.8
2013-10-20,2013.8014,180.9,-358.7,-26.2,2.3,2.7,8.7
2013-10-21,2013.8041,180.7,-357.2,-27.9,2.1,2.5,7.8
2013-10-22,2013.8068,180.3,-360.0,-27.1,2.2,2.7,8.4
2013-10-23,2013.8096,182.8,-359.8,-22.6,2.0,2.4,7.5
2013-10-24,2013.8123,181.7,-358.0,-23.3,2.1,2.5,7.1
2013-10-25,2013.8151,182.2,-356.7,-21.8,2.0,2.5,7.3
2013-10-26,2013.8178,181.2,-357.4,-21.2,2.1,2.5,7.8
2013-10-27,2013.8205,180.7,-358.7,-19.9,2.1,2.5,7.8
2013-10-28,2013.8233,177.2,-357.9,-28.0,2.5,3.0,9.1
2013-10-29,2013.826,178.9,-357.8,-28.2,2.2,2.6,8.6
2013-10-30,2013.8288,178.7,-357.5,-18.9,2.4,2.9,8.0
2013-10-31,2013.8315,178.6,-358.2,-21.2,2.1,2.5,7.5
2013-11-01,2013.8342,179.3,-355.5,-25.8,2.1,2.8,7.7
2013-11-02,2013.837,179.1,-355.4,-19.8,1.9,2.3,7.0
2013-11-03,2013.8397,180.0,-355.3,-28.1,1.8,2.2,6.7
2013-11-04,2013.8425,177.6,-355.4,-22.3,2.1,2.7,7.5
2013-11-05,2013.8452,178.6,-355.5,-26.2,1.8,2.2,6.8
2013-11-06,2013.8479,179.7,-354.4,-21.4,2.0,2.3,7.0
2013-11-07,2013.8507,181.2,-353.8,-17.8,1.9,2.3,7.0
2013-11-08,2013.8534,177.7,-353.7,-19.9,1.9,2.2,6.9
2013-11-09,2013.8562,179.0,-356.9,-18.2,2.0,2.4,7.0
2013-11-10,2013.8589,177.6,-354.4,-19.8,2.3,2.8,8.2
2013-11-11,2013.8616,179.9,-355.5,-21.5,2.3,2.7,7.7
2013-11-12,2013.8644,178.1,-355.6,-19.8,2.0,2.4,7.5
2013-11-13,2013.8671,180.2,-354.1,-21.5,2.1,2.5,7.0
2013-11-14,2013.8699,176.3,-354.8,-20.5,2.2,2.5,7.2
2013-11-15,2013.8726,177.4,-353.2,-15.5,2.1,2.5,7.6
2013-11-16,2013.8753,177.4,-354.2,-22.5,2.2,2.5,7.6
2013-11-17,2013.8781,179.1,-353.7,-23.9,2.1,2.4,7.3
2013-11-18,2013.8808,179.1,-354.7,-15.8,2.1,2.3,6.9
2013-11-19,2013.8836,178.8,-354.2,-22.2,2.2,2.6,7.5
2013-11-20,2013.8863,178.1,-355.5,-15.9,2.0,2.3,6.9
2013-11-21,2013.889,179.2,-356.3,-15.2,2.0,2.4,6.9
2013-11-22,2013.8918,178.6,-356.9,-14.5,1.9,2.3,6.9
2013-11-23,2013.8945,178.5,-356.0,-13.8,2.1,2.2,6.9
2013-11-24,2013.8973,179.4,-354.3,-13.3,2.2,2.6,7.4
2013-11-25,2013.9,176.9,-354.3,-7.8,1.9,2.1,6.7
2013-11-26,2013.9027,177.2,-354.5,-7.4,2.2,2.5,7.8
2013-11-27,2013.9055,176.9,-353.9,-12.8,2.2,2.6,7.5
2013-11-28,2013.9082,176.8,-354.5,-13.8,1.8,2.1,6.4
2013-11-29,2013.911,176.6,-355.2,-9.5,1.9,2.2,6.8
2013-11-30,2013.9137,177.0,-354.2,-12.1,1.7,2.0,6.2
2013-12-01,2013.9164,174.9,-354.2,-13.4,1.9,2.2,7.0
2013-12-02,2013.9192,178.0,-354.2,-15.1,1.8,2.2,6.6
2013-12-03,2013.9219,176.7,-354.4,-15.4,1.9,2.2,6.6
2013-12-04,2013.9247,177.2,-353.8,-11.9,1.9,2.2,6.9
2013-12-05,2013.9274,177.0,-352.9,-6.4,2.0,2.3,6.9
2013-12-06,2013.9301,177.6,-354.7,-10.6,1.8,2.1,6.5
2013-12-07,2013.9329,179.3,-352.8,-4.5,1.8,2.1,6.5
2013-12-08,2013.9356,176.4,-353.9,-8.9,1.6,1.9,6.2
2013-12-09,2013.9384,178.4,-352.6,-14.1,1.9,2.3,7.1
2013-12-10,2013.9411,177.2,-353.4,-9.6,1.9,2.3,7.0
2013-12-11,2013.9438,176.4,-353.5,-5.9,2.1,2.6,7.7
2013-12-12,2013.9466,176.4,-352.4,-8.5,2.0,2.4,7.4
2013-12-13,2013.9493,176.5,-350.3,-6.9,1.9,2.3,7.1
2013-12-14,2013.9521,176.7,-352.2,-12.2,2.2,2.7,7.8
2013-12-15,2013.9548,176.9,-349.6,-10.5,2.0,2.3,7.0
2013-12-16,2013.9575,177.6,-351.8,-16.3,1.9,2.3,6.8
2013-12-17,2013.9603,177.4,-351.8,-13.8,1.7,2.0,6.4
2013-12-18,2013.963,178.5,-352.3,-13.5,1.8,2.2,6.3
2013-12-19,2013.9658,176.8,-351.3,-11.4,1.8,2.2,6.6
2013-12-20,2013.9685,176.8,-352.5,-12.1,1.8,2.2,6.7
2013-12-21,2013.9712,176.7,-352.1,-10.4,1.9,2.4,6.9
2013-12-22,2013.974,178.3,-350.8,-12.5,1.9,2.3,6.8
2013-12-23,2013.9767,176.4,-352.2,-13.2,1.8,2.2,6.4
2013-12-24,2013.9795,177.2,-351.4,-10.2,1.7,2.0,6.2
2013-12-25,2013.9822,177.1,-351.7,-5.6,1.8,2.2,6.6
2013-12-26,2013.9849,176.4,-351.6,-12.4,1.7,2.1,6.4
2013-12-27,2013.9877,176.7,-351.8,-9.7,1.8,2.3,6.6
2013-12-28,2013.9904,177.2,-350.8,-5.3,2.1,2.5,7.3
2013-12-29,2013.9932,177.8,-350.0,-4.4,1.8,2.2,7.0
2013-12-30,2013.9959,177.6,-350.9,-5.6,1.7,2.0,6.3
2013-12-31,2013.9986,176.6,-350.3,-5.9,1.7,2.1,6.4
2014-01-01,2014.0014,176.1,-349.1,2.9,1.7,2.0,6.3
2014-01-02,2014.0041,177.2,-352.3,-7.9,1.9,2.3,6.9
2014-01-03,2014.0068,176.5,-351.6,-6.1,1.9,2.3,6.4
2014-01-04,2014.0096,176.9,-350.3,-0.8,1.7,2.3,6.5
2014-01-05,2014.0123,177.8,-348.5,-1.9,1.8,2.3,6.7
2014-01-06,2014.0151,176.9,-348.4,-8.0,2.0,2.4,7.7
2014-01-07,2014.0178,178.0,-349.3,-6.0,1.8,2.2,6.9
2014-01-08,2014.0205,175.8,-346.5,-8.3,1.9,2.3,6.7
2014-01-09,2014.0233,179.9,-347.8,-2.7,2.3,3.0,8.5
2014-01-10,2014.026,179.4,-351.9,-1.9,2.0,2.4,7.7
2014-01-11,2014.0288,176.6,-343.3,-13.8,2.1,2.5,7.8
2014-01-12,2014.0315,175.5,-349.4,-12.3,1.8,2.2,6.8
2014-01-13,2014.0342,177.4,-349.8,-12.0,1.7,2.0,6.3
2014-01-14,2014.037,174.7,-348.4,-12.1,1.9,2.3,6.6
2014-01-15,2014.0397,176.7,-347.9,-10.3,1.8,2.3,7.0
2014-01-16,2014.0425,175.7,-345.9,-11.9,2.0,2.3,7.1
2014-01-17,2014.0452,176.8,-347.9,-12.1,1.7,2.0,6.4
2014-01-18,2014.0479,175.4,-347.2,-12.7,1.8,2.1,6.6
2014-01-19,2014.0507,175.7,-344.1,-13.1,1.9,2.3,6.65
2014-01-20,2014.0534,175.3,-346.3,-13.5,1.9,2.3,6.7
2014-01-21,2014.0562,175.3,-348.2,-12.4,2.1,2.6,7.2
2014-01-22,2014.0589,175.1,-348.3,-11.4,2.0,2.6,7.1
2014-01-23,2014.0616,175.1,-346.3,-4.4,1.9,2.2,6.8
2014-01-24,2014.0644,176.5,-347.9,-4.7,1.9,2.3,7.2
2014-01-25,2014.0671,176.5,-345.1,1.5,1.9,2.4,6.7
2014-01-26,2014.0699,175.1,-348.8,-5.1,1.9,2.3,6.9
2014-01-27,2014.0726,179.1,-342.8,-5.4,1.9,2.3,6.9
2014-01-28,2014.0753,175.7,-348.8,-14.2,2.0,2.3,7.3
2014-01-29,2014.0781,177.2,-348.5,-8.0,1.9,2.4,6.8
2014-01-30,2014.0808,178.7,-349.3,-10.8,1.9,2.3,7.0
2014-01-31,2014.0836,175.8,-348.2,-9.6,1.7,2.0,6.3
2014-02-01,2014.0863,180.2,-348.0,-6.5,1.8,2.2,6.6
2014-02-02,2014.089,179.5,-349.6,-6.5,1.9,2.4,6.4
2014-02-03,2014.0918,178.0,-346.4,-5.7,1.7,2.1,6.2
2014-02-04,2014.0945,178.4,-345.4,-3.9,2.1,2.5,7.2
2014-02-05,2014.0973,178.4,-344.3,-3.8,2.0,2.4,7.7
2014-02-06,2014.1,178.7,-345.8,-3.7,2.1,2.5,8.2
2014-02-07,2014.1027,180.6,-347.4,-2.0,2.1,2.5,7.5
2014-02-08,2014.1055,178.3,-343.7,2.6,2.2,2.7,8.2
2014-02-09,2014.1082,177.5,-343.9,-8.1,2.1,2.5,7.6
2014-02-10,2014.111,175.1,-343.1,-0.8,2.3,2.6,9.0
2014-02-11,2014.1137,178.6,-348.0,-8.0,1.9,2.2,7.0
2014-02-12,2014.1164,178.3,-343.8,-2.8,1.9,2.5,7.4
2014-02-13,2014.1192,176.8,-345.6,-3.3,2.1,2.6,7.6
2014-02-14,2014.1219,181.4,-345.9,0.6,2.1,2.8,7.7
2014-02-15,2014.1247,173.0,-348.2,-9.5,2.1,2.5,7.5
2014-02-16,2014.1274,174.9,-349.2,-15.7,2.1,2.4,7.2
2014-02-17,2014.1301,179.1,-345.3,-12.8,2.0,2.6,7.2
2014-02-18,2014.1329,180.1,-348.2,-5.0,2.2,2.7,8.2
2014-02-19,2014.1356,177.7,-347.5,-16.8,1.9,2.5,7.0
2014-02-20,2014.1384,177.2,-347.4,-7.5,2.0,2.4,7.4
2014-02-21,2014.1411,177.9,-346.5,-7.7,2.2,2.8,8.1
2014-02-22,2014.1438,178.4,-350.0,-14.3,2.0,2.5,7.5
2014-02-23,2014.1466,177.5,-346.1,4.0,2.3,3.0,8.9
2014-02-24,2014.1493,178.8,-344.3,-0.0,2.2,2.9,8.7
2014-02-25,2014.1521,180.4,-348.8,-16.2,2.1,2.7,7.6
2014-02-26,2014.1548,176.8,-347.5,-10.8,1.9,2.4,7.4
2014-02-27,2014.1575,178.6,-346.7,-13.5,2.3,3.0,8.5
2014-02-28,2014.1603,180.8,-339.7,-10.4,2.4,3.1,9.0
2014-03-01,2014.163,181.0,-348.4,-9.8,2.3,3.0,8.4
2014-03-02,2014.1658,179.1,-342.7,-10.4,2.2,2.8,8.1
2014-03-03,2014.1685,179.0,-344.8,-9.2,2.4,3.4,8.6
2014-03-04,2014.1712,179.4,-343.7,-20.4,2.3,3.0,8.4
2014-03-05,2014.174,179.1,-345.3,-18.0,2.3,3.2,9.0
2014-03-06,2014.1767,180.0,-343.4,-13.4,2.5,3.2,8.8
2014-03-07,2014.1795,181.6,-344.0,-16.1,2.2,3.2,8.0
2014-03-08,2014.1822,180.4,-346.1,-9.2,2.0,2.5,7.5
2014-03-09,2014.1849,178.6,-342.5,-12.5,2.1,2.6,7.7
2014-03-10,2014.1877,179.0,-345.2,-13.2,2.0,2.8,7.5
2014-03-11,2014.1904,175.0,-342.1,-9.2,2.4,3.0,8.7
2014-03-12,2014.1932,182.1,-350.4,-16.2,2.3,3.1,9.0
2014-03-13,2014.1959,179.7,-347.0,-7.7,2.0,2.6,7.6
2014-03-14,2014.1986,177.8,-345.2,-8.4,2.3,2.8,8.3
2014-03-15,2014.2014,177.8,-346.4,-0.6,2.1,2.7,8.2
2014-03-16,2014.2041,178.7,-345.2,-14.9,2.0,2.6,7.3
2014-03-17,2014.2068,178.8,-344.6,-10.2,2.2,2.7,7.8
2014-03-18,2014.2096,180.2,-347.1,-3.1,2.3,3.1,9.0
2014-03-19,2014.2123,177.9,-344.8,-12.0,2.4,3.6,9.1
2014-03-20,2014.2151,179.7,-342.3,-11.4,2.4,3.2,8.8
2014-03-21,2014.2178,177.8,-344.2,-13.1,2.6,3.4,9.2
2014-03-22,2014.2205,178.8,-343.3,-19.7,2.4,3.2,8.4
2014-03-23,2014.2233,179.7,-343.8,-16.2,2.0,2.6,7.4
2014-03-24,2014.226,175.1,-343.9,-16.6,2.1,2.6,7.3
2014-03-25,2014.2288,178.6,-343.1,-5.7,2.2,3.1,8.3
2014-03-26,2014.2315,179.4,-341.7,-4.9,2.3,3.1,8.2
2014-03-27,2014.2342,177.7,-340.5,-10.1,2.3,2.8,8.8
2014-03-28,2014.237,177.0,-343.4,-15.3,2.8,3.8,9.4
2014-03-29,2014.2397,176.1,-342.8,-6.2,2.5,3.2,9.1
2014-03-30,2014.2425,177.8,-341.3,2.7,2.4,2.9,8.8
2014-03-31,2014.2452,178.3,-344.4,0.1,2.6,3.4,9.2
2014-04-01,2014.2479,178.5,-340.2,-8.3,2.5,3.5,9.5
2014-04-02,2014.2507,178.8,-346.8,-0.1,2.5,3.0,9.4
2014-04-03,2014.2534,177.6,-341.7,-10.4,2.0,2.4,7.5
2014-04-04,2014.2562,175.8,-342.4,-6.3,2.1,2.7,7.6
2014-04-05,2014.2589,178.4,-342.9,-12.8,2.0,2.6,7.5
2014-04-06,2014.2616,180.5,-340.7,-10.8,2.1,2.7,7.8
2014-04-07,2014.2644,178.6,-341.3,-3.1,1.9,2.4,7.2
2014-04-08,2014.2671,177.7,-342.2,2.1,2.1,2.5,7.8
2014-04-09,2014.2699,179.6,-341.4,-0.8,2.3,2.9,8.5
2014-04-10,2014.2726,179.5,-339.7,-5.3,2.2,2.9,8.4
2014-04-11,2014.2753,178.1,-338.7,5.8,2.4,3.0,9.0
2014-04-12,2014.2781,176.2,-343.2,-7.3,2.1,2.6,7.7
2014-04-13,2014.2808,177.9,-342.7,-6.1,2.3,3.1,8.1
2014-04-14,2014.2836,177.4,-341.9,2.8,2.3,3.2,8.4
2014-04-15,2014.2863,179.6,-339.7,2.7,2.5,3.3,9.4
2014-04-16,2014.289,180.1,-344.8,-2.1,2.3,3.1,8.4
2014-04-17,2014.2918,181.3,-339.8,1.1,2.5,3.5,9.3
2014-04-18,2014.2945,179.2,-344.8,-3.6,2.4,3.0,9.1
2014-04-19,2014.2973,178.8,-341.3,2.4,2.2,2.6,8.3
2014-04-20,2014.3,178.1,-333.8,11.4,2.4,3.1,9.1
2014-04-21,2014.3027,178.8,-339.5,-6.6,2.4,3.5,9.0
2014-04-22,2014.3055,176.0,-340.4,5.2,2.4,3.0,9.4
2014-04-23,2014.3082,179.6,-338.5,11.7,2.8,3.6,9.9
2014-04-24,2014.311,176.8,-339.8,7.6,2.8,3.5,10.0
2014-04-25,2014.3137,173.8,-342.5,-2.9,2.8,3.4,9.8
2014-04-26,2014.3164,178.4,-340.7,-7.5,2.3,2.9,8.7
2014-04-27,2014.3192,173.5,-340.4,-5.8,2.3,3.0,8.6
2014-04-28,2014.3219,174.8,-339.9,-10.8,2.5,3.2,9.5
2014-04-29,2014.3247,175.2,-343.1,-7.9,2.0,2.6,7.6
2014-04-30,2014.3274,176.2,-341.0,-6.3,2.5,3.2,8.7
2014-05-01,2014.3301,173.7,-338.8,-3.9,2.2,2.8,8.3
2014-05-02,2014.3329,177.9,-340.5,-15.6,2.4,2.9,9.6
2014-05-03,2014.3356,176.8,-338.0,-11.7,2.5,3.4,9.2
2014-05-04,2014.3384,175.8,-341.0,-7.4,2.2,2.6,8.2
2014-05-05,2014.3411,176.2,-339.8,-11.6,2.0,2.4,7.3
2014-05-06,2014.3438,172.8,-339.8,-3.9,2.3,3.1,8.4
2014-05-07,2014.3466,175.9,-340.1,-10.2,2.1,2.8,7.9
2014-05-08,2014.3493,173.5,-336.8,-0.1,2.4,2.9,8.5
2014-05-09,2014.3521,175.8,-339.9,-9.5,2.3,2.7,8.6
2014-05-10,2014.3548,175.7,-340.8,0.8,2.5,3.3,9.4
2014-05-11,2014.3575,176.6,-339.8,-2.2,2.3,2.9,9.1
2014-05-12,2014.3603,173.0,-336.9,-5.7,2.7,3.2,10.5
2014-05-13,2014.363,174.0,-337.5,7.7,2.6,3.4,9.8
2014-05-14,2014.3658,176.0,-341.5,6.9,2.9,3.8,10.9
2014-05-15,2014.3685,174.9,-335.8,-0.2,2.5,3.2,9.1
2014-05-16,2014.3712,176.2,-337.2,4.9,2.6,3.3,9.5
2014-05-17,2014.374,173.7,-339.6,1.0,2.7,3.5,9.3
2014-05-18,2014.3767,175.2,-339.5,-7.1,2.1,2.8,8.1
2014-05-19,2014.3795,176.4,-337.3,-3.7,2.1,3.0,8.0
2014-05-20,2014.3822,174.2,-340.7,1.9,2.1,2.7,8.4
2014-05-21,2014.3849,174.9,-335.2,6.9,2.5,3.3,9.4
2014-05-22,2014.3877,172.6,-338.1,12.1,2.4,2.9,9.6
2014-05-23,2014.3904,171.8,-338.9,-1.8,2.2,2.7,8.4
2014-05-24,2014.3932,171.1,-337.7,-3.9,2.2,2.9,8.3
2014-05-25,2014.3959,170.2,-338.3,0.9,2.1,2.5,8.4
2014-05-26,2014.3986,172.6,-340.4,6.4,2.3,2.7,8.8
2014-05-27,2014.4014,171.6,-336.5,4.2,2.4,2.9,8.8
2014-05-28,2014.4041,170.2,-338.8,8.0,2.2,2.7,8.7
2014-05-29,2014.4068,171.2,-337.9,4.1,2.5,3.1,9.3
2014-05-30,2014.4096,171.8,-340.0,-0.7,2.4,2.9,9.5
2014-05-31,2014.4123,174.4,-338.2,5.3,2.5,3.3,9.8
2014-06-01,2014.4151,170.3,-335.3,0.1,2.4,3.0,9.0
2014-06-02,2014.4178,172.1,-336.5,-0.9,2.8,3.6,9.7
2014-06-03,2014.4205,170.7,-337.1,7.6,2.4,3.0,8.6
2014-06-04,2014.4233,171.7,-338.5,10.3,2.2,2.8,8.2
2014-06-05,2014.426,172.8,-337.3,4.9,2.6,3.4,10.2
2014-06-06,2014.4288,173.6,-336.0,-8.4,2.8,3.6,10.7
2014-06-07,2014.4315,172.2,-337.7,-2.6,2.3,2.9,8.8
2014-06-08,2014.4342,171.8,-337.7,-7.7,2.9,3.7,11.4
2014-06-09,2014.437,169.7,-338.6,2.6,2.7,3.4,10.0
2014-06-10,2014.4397,172.0,-335.6,7.0,2.6,3.3,10.1
2014-06-11,2014.4425,171.7,-336.6,-1.7,2.4,3.2,8.8
2014-06-12,2014.4452,170.7,-333.6,2.4,2.4,2.9,9.2
2014-06-13,2014.4479,171.2,-336.9,-4.6,2.5,3.3,9.1
2014-06-14,2014.4507,172.5,-337.4,-9.3,2.0,2.4,8.0
2014-06-15,2014.4534,173.8,-337.6,-10.4,2.2,2.9,8.8
2014-06-16,2014.4562,170.2,-334.2,-11.0,2.4,3.1,9.2
2014-06-17,2014.4589,171.2,-334.2,-4.2,2.4,3.2,8.5
2014-06-18,2014.4616,173.1,-335.9,-14.0,2.1,2.5,7.9
2014-06-19,2014.4644,169.5,-335.5,-6.0,2.3,2.8,8.4
2014-06-20,2014.4671,171.4,-333.1,-5.0,2.3,3.0,8.2
2014-06-21,2014.4699,171.3,-334.3,-8.5,2.2,2.9,8.2
2014-06-22,2014.4726,171.6,-334.1,-8.3,2.1,2.7,7.8
2014-06-23,2014.4753,171.3,-333.8,-4.4,2.3,2.8,9.0
2014-06-24,2014.4781,170.3,-333.6,-0.9,2.4,3.0,9.0
2014-06-25,2014.4808,170.3,-331.8,0.1,2.2,2.6,8.7
2014-06-26,2014.4836,170.3,-331.8,-4.3,2.2,2.6,8.6
2014-06-27,2014.4863,172.2,-331.1,-8.2,2.4,3.1,9.0
2014-06-28,2014.489,171.3,-334.9,-13.0,2.2,2.7,8.8
2014-06-29,2014.4918,169.8,-333.0,-14.9,2.2,2.6,8.1
2014-06-30,2014.4945,171.2,-334.6,-9.9,1.9,2.2,7.2
2014-07-01,2014.4973,169.6,-333.6,-13.8,2.2,2.7,8.5
2014-07-02,2014.5,172.8,-332.9,-11.6,2.4,2.9,8.9
2014-07-03,2014.5027,170.1,-334.0,-6.3,2.3,2.8,9.0
2014-07-04,2014.5055,170.7,-333.1,-11.9,2.3,3.1,8.4
2014-07-05,2014.5082,171.0,-333.9,-9.1,2.1,2.5,7.8
2014-07-06,2014.511,168.0,-334.3,-14.1,2.5,2.9,10.1
2014-07-07,2014.5137,168.3,-330.3,-5.8,2.5,3.1,8.8
2014-07-08,2014.5164,168.2,-330.4,-13.0,2.3,2.8,9.1
2014-07-09,2014.5192,169.6,-332.3,-12.55,2.5,3.5,9.55
2014-07-10,2014.5219,168.3,-332.8,-12.1,2.6,3.2,10.0
2014-07-11,2014.5247,169.8,-333.5,-12.8,2.2,3.0,8.3
2014-07-12,2014.5274,168.9,-333.2,-7.0,2.2,2.6,8.4
2014-07-13,2014.5301,169.9,-334.1,-12.6,2.3,2.9,8.4
2014-07-14,2014.5329,168.1,-332.1,-5.8,2.1,2.5,7.8
2014-07-15,2014.5356,168.7,-333.7,-16.0,2.5,3.3,8.7
2014-07-16,2014.5384,170.6,-330.6,-12.8,2.3,2.8,8.7
2014-07-17,2014.5411,167.2,-333.6,-22.4,2.6,3.1,10.2
2014-07-18,2014.5438,168.9,-334.3,-11.5,2.1,2.6,7.8
2014-07-19,2014.5466,167.3,-335.8,-15.3,2.5,3.0,9.2
2014-07-20,2014.5493,166.6,-332.7,-7.8,2.3,2.7,8.9
2014-07-21,2014.5521,166.7,-332.6,-14.9,2.0,2.4,8.0
2014-07-22,2014.5548,164.9,-331.6,-12.6,2.4,3.0,8.6
2014-07-23,2014.5575,163.0,-334.8,-23.1,2.3,2.8,8.8
2014-07-24,2014.5603,165.2,-334.5,-18.1,3.1,3.8,12.8
2014-07-25,2014.563,164.6,-337.5,-21.8,2.5,2.9,9.8
2014-07-26,2014.5658,164.4,-333.7,-17.3,2.8,3.3,11.3
2014-07-27,2014.5685,165.7,-334.3,-16.0,2.2,2.8,8.7
2014-07-28,2014.5712,168.3,-332.1,-21.9,2.2,3.1,8.2
2014-07-29,2014.574,166.1,-332.3,-22.75,2.3,2.7,8.3
2014-07-30,2014.5767,165.7,-336.2,-23.6,2.2,2.6,8.4
2014-07-31,2014.5795,168.3,-332.5,-12.9,2.3,2.8,8.5
2014-08-01,2014.5822,166.3,-333.9,-15.1,2.6,3.4,9.4
2014-08-02,2014.5849,168.6,-333.0,-20.7,2.4,3.3,8.8
2014-08-03,2014.5877,167.7,-335.5,-21.7,2.3,2.9,9.0
2014-08-04,2014.5904,166.0,-335.5,-17.4,2.6,3.4,9.8
2014-08-05,2014.5932,168.5,-332.4,-10.7,2.3,2.8,8.6
2014-08-06,2014.5959,164.9,-334.2,-19.8,2.7,3.4,10.1
2014-08-07,2014.5986,165.9,-331.7,-18.5,2.2,2.6,8.8
2014-08-08,2014.6014,166.5,-332.6,-14.6,2.5,3.3,9.0
2014-08-09,2014.6041,165.2,-329.6,-16.2,2.2,2.6,8.2
2014-08-10,2014.6068,165.6,-332.8,-10.1,2.2,2.7,7.8
2014-08-11,2014.6096,166.8,-330.0,-13.6,2.2,2.8,8.1
2014-08-12,2014.6123,166.2,-330.3,-19.5,2.3,2.7,8.3
2014-08-13,2014.6151,168.4,-330.9,-17.4,2.1,2.9,8.3
2014-08-14,2014.6178,168.8,-333.0,-12.6,2.4,2.8,9.1
2014-08-15,2014.6205,166.9,-329.3,-19.0,1.9,2.3,7.0
2014-08-16,2014.6233,167.0,-330.4,-18.5,1.9,2.2,6.9
2014-08-17,2014.626,166.1,-329.5,-12.4,2.4,3.1,8.6
2014-08-18,2014.6288,165.2,-330.2,-21.6,2.3,2.8,8.8
2014-08-19,2014.6315,165.3,-328.2,-21.8,2.2,2.7,8.2
2014-08-20,2014.6342,167.6,-328.3,-26.3,2.1,2.7,8.0
2014-08-21,2014.637,166.0,-328.5,-20.9,2.3,2.9,8.7
2014-08-22,2014.6397,165.8,-330.8,-25.6,2.3,2.9,8.8
2014-08-23,2014.6425,164.1,-328.3,-21.5,2.3,2.7,8.0
2014-08-24,2014.6452,166.8,-328.7,-23.9,2.1,2.5,7.8
2014-08-25,2014.6479,165.3,-328.3,-20.7,2.1,2.5,7.4
2014-08-26,2014.6507,165.7,-329.7,-24.2,2.3,2.9,8.6
2014-08-27,2014.6534,166.2,-328.2,-25.3,2.5,3.4,9.0
2014-08-28,2014.6562,166.1,-327.3,-24.6,2.2,2.7,8.3
2014-08-29,2014.6589,164.5,-331.8,-22.5,2.4,2.9,8.65
2014-08-30,2014.6616,165.3,-327.3,-20.4,2.6,3.4,9.0
2014-08-31,2014.6644,165.2,-327.8,-23.7,2.4,3.0,8.7
2014-09-01,2014.6671,162.6,-328.9,-20.9,2.7,3.5,9.8
2014-09-02,2014.6699,165.4,-329.1,-16.6,2.7,3.2,10.9
2014-09-03,2014.6726,163.6,-325.8,-26.0,2.4,2.8,9.7
2014-09-04,2014.6753,164.9,-327.0,-19.2,2.6,3.2,8.8
2014-09-05,2014.6781,161.3,-329.2,-15.4,2.6,3.2,9.0
2014-09-06,2014.6808,162.5,-329.3,-18.6,2.7,3.3,10.2
2014-09-07,2014.6836,165.2,-327.3,-21.1,2.2,2.8,8.2
2014-09-08,2014.6863,164.2,-330.0,-23.9,2.1,2.6,7.9
2014-09-09,2014.689,166.8,-328.0,-22.9,2.2,2.9,8.2
2014-09-10,2014.6918,165.7,-328.7,-18.4,2.4,3.1,9.0
2014-09-11,2014.6945,163.1,-326.2,-16.8,2.6,3.0,8.7
2014-09-12,2014.6973,165.1,-327.4,-22.0,2.1,2.5,7.5
2014-09-13,2014.7,164.4,-327.6,-17.8,2.7,3.4,8.9
2014-09-14,2014.7027,165.9,-328.0,-26.0,2.3,2.7,8.5
2014-09-15,2014.7055,165.6,-326.7,-17.4,2.5,3.1,8.7
2014-09-16,2014.7082,165.9,-326.4,-19.8,2.9,3.5,11.6
2014-09-17,2014.711,164.2,-325.0,-13.3,2.5,3.1,9.0
2014-09-18,2014.7137,162.9,-327.7,-21.0,1.9,2.4,6.8
2014-09-19,2014.7164,164.6,-325.2,-18.8,2.1,2.5,7.7
2014-09-20,2014.7192,164.3,-325.4,-16.6,2.0,2.3,7.5
2014-09-21,2014.7219,162.8,-324.8,-21.5,2.3,2.9,8.4
2014-09-22,2014.7247,165.0,-326.6,-20.1,2.2,2.6,7.8
2014-09-23,2014.7274,164.7,-326.0,-21.1,2.1,2.4,7.4
2014-09-24,2014.7301,162.3,-325.5,-25.4,2.5,2.9,9.0
2014-09-25,2014.7329,165.2,-326.6,-25.1,2.1,2.4,7.8
2014-09-26,2014.7356,163.5,-324.7,-27.4,2.6,3.1,9.1
2014-09-27,2014.7384,164.5,-326.2,-22.6,2.3,2.6,8.5
2014-09-28,2014.7411,164.0,-326.8,-19.5,2.7,3.3,9.2
2014-09-29,2014.7438,166.8,-325.1,-20.45,2.4,2.8,8.35
2014-09-30,2014.7466,165.3,-326.6,-21.4,2.1,2.4,7.5
2014-10-01,2014.7493,165.6,-325.4,-23.2,2.3,2.6,7.9
2014-10-02,2014.7521,166.7,-324.5,-23.3,2.4,2.9,8.15
2014-10-03,2014.7548,166.2,-326.5,-23.4,2.5,2.9,8.4
2014-10-04,2014.7575,164.3,-322.5,-19.7,2.9,3.5,9.9
2014-10-05,2014.7603,164.8,-325.3,-22.0,2.1,2.4,7.8
2014-10-06,2014.763,166.5,-325.2,-20.9,2.4,2.9,8.2
2014-10-07,2014.7658,165.8,-321.1,-26.0,2.4,2.9,7.9
2014-10-08,2014.7685,165.4,-324.1,-22.7,2.0,2.3,7.0
2014-10-09,2014.7712,165.9,-323.4,-20.7,2.2,2.7,7.8
2014-10-10,2014.774,165.6,-322.9,-24.4,2.2,2.6,8.0
2014-10-11,2014.7767,165.6,-321.8,-30.2,2.3,2.7,7.7
2014-10-12,2014.7795,164.6,-322.1,-29.0,2.2,2.6,7.9
2014-10-13,2014.7822,165.9,-324.3,-24.1,2.2,2.7,7.6
2014-10-14,2014.7849,165.8,-323.2,-16.4,2.4,2.7,7.7
2014-10-15,2014.7877,161.5,-323.1,-24.0,2.2,2.4,7.6
2014-10-16,2014.7904,162.4,-322.9,-24.3,2.5,2.9,8.8
2014-10-17,2014.7932,163.7,-322.5,-23.3,2.3,2.6,8.3
2014-10-18,2014.7959,162.5,-322.4,-16.2,2.1,2.5,7.6
2014-10-19,2014.7986,164.7,-322.8,-28.0,2.6,3.1,8.8
2014-10-20,2014.8014,165.5,-321.8,-22.7,2.5,2.9,7.8
2014-10-21,2014.8041,163.6,-322.2,-20.1,2.3,2.7,8.3
2014-10-22,2014.8068,162.6,-318.8,-25.4,2.4,2.6,8.1
2014-10-23,2014.8096,163.6,-321.8,-19.0,2.1,2.6,7.8
2014-10-24,2014.8123,164.7,-320.9,-22.6,2.0,2.4,7.2
2014-10-25,2014.8151,164.9,-321.4,-18.1,2.3,2.9,7.7
2014-10-26,2014.8178,166.8,-321.4,-15.4,2.4,2.7,8.2
2014-10-27,2014.8205,166.2,-322.3,-14.8,2.2,2.7,7.4
2014-10-28,2014.8233,163.9,-324.3,-20.3,2.6,3.1,8.9
2014-10-29,2014.826,161.3,-322.8,-22.6,2.5,2.9,8.7
2014-10-30,2014.8288,164.6,-323.8,-22.6,2.1,2.4,7.8
2014-10-31,2014.8315,161.9,-320.1,-20.7,2.4,2.8,9.0
2014-11-01,2014.8342,163.2,-320.5,-18.3,2.4,2.9,8.4
2014-11-02,2014.837,162.9,-319.1,-25.6,2.2,2.5,7.7
2014-11-03,2014.8397,160.4,-322.4,-14.6,2.2,2.6,7.7
2014-11-04,2014.8425,159.3,-323.3,-17.35,2.3,2.6,7.7
2014-11-05,2014.8452,162.8,-322.7,-20.1,2.1,2.4,7.7
2014-11-06,2014.8479,164.3,-321.2,-14.6,2.1,2.5,8.0
2014-11-07,2014.8507,163.4,-319.4,-23.9,2.2,2.6,7.8
2014-11-08,2014.8534,164.9,-320.2,-18.2,2.2,2.7,7.8
2014-11-09,2014.8562,161.6,-320.5,-16.3,2.0,2.3,6.8
2014-11-10,2014.8589,163.5,-321.3,-17.1,2.0,2.3,7.1
2014-11-11,2014.8616,161.9,-320.3,-12.0,1.9,2.3,6.9
2014-11-12,2014.8644,162.1,-319.3,-9.3,2.1,2.4,7.7
2014-11-13,2014.8671,160.8,-320.0,-11.6,2.2,2.7,7.6
2014-11-14,2014.8699,160.8,-322.2,-12.2,2.0,2.4,7.1
2014-11-15,2014.8726,163.0,-318.5,-11.4,2.1,2.5,7.1
2014-11-16,2014.8753,160.2,-320.2,-21.7,2.0,2.3,7.4
2014-11-17,2014.8781,160.7,-320.9,-23.0,1.9,2.2,7.1
2014-11-18,2014.8808,160.8,-321.1,-18.6,1.9,2.2,6.9
2014-11-19,2014.8836,161.8,-319.1,-17.9,2.1,2.5,7.5
2014-11-20,2014.8863,161.6,-319.0,-12.4,2.1,2.5,7.5
2014-11-21,2014.889,160.5,-318.2,-12.6,1.9,2.2,6.7
2014-11-22,2014.8918,160.4,-321.2,-7.8,2.0,2.4,7.3
2014-11-23,2014.8945,162.1,-320.7,-19.7,2.0,2.4,7.3
2014-11-24,2014.8973,160.1,-320.3,-13.0,2.1,2.6,7.4
2014-11-25,2014.9,161.3,-318.6,-19.0,2.1,2.5,7.5
2014-11-26,2014.9027,162.6,-319.6,-9.1,2.2,2.7,7.7
2014-11-27,2014.9055,161.4,-318.6,-13.7,2.1,2.5,7.5
2014-11-28,2014.9082,160.1,-319.0,-12.4,2.1,2.4,7.9
2014-11-29,2014.911,162.1,-319.6,-9.7,2.0,2.3,7.2
2014-11-30,2014.9137,162.1,-318.5,-15.1,2.0,2.4,7.2
2014-12-01,2014.9164,159.1,-318.4,-13.5,1.8,2.1,6.7
2014-12-02,2014.9192,163.0,-319.3,-12.4,2.0,2.4,7.0
2014-12-03,2014.9219,162.5,-320.4,-13.0,2.3,2.8,7.8
2014-12-04,2014.9247,161.7,-319.0,-14.1,2.3,2.8,7.8
2014-12-05,2014.9274,163.0,-317.9,-4.8,1.9,2.2,6.7
2014-12-06,2014.9301,161.0,-316.9,-6.7,2.1,2.5,7.2
2014-12-07,2014.9329,161.5,-319.0,-6.2,2.0,2.3,7.2
2014-12-08,2014.9356,162.2,-320.1,-10.6,2.1,2.4,7.4
2014-12-09,2014.9384,162.8,-317.0,-11.1,1.9,2.4,7.2
2014-12-10,2014.9411,159.6,-318.9,-14.0,2.1,2.6,7.6
2014-12-11,2014.9438,160.4,-315.7,-12.5,2.1,2.6,7.4
2014-12-12,2014.9466,159.7,-315.4,-10.6,1.9,2.2,7.0
2014-12-13,2014.9493,161.1,-314.6,-13.1,1.9,2.3,6.8
2014-12-14,2014.9521,163.5,-318.1,-11.73,2.1,2.7,7.0
2014-12-15,2014.9548,163.0,-316.7,-10.37,2.1,2.5,7.2
2014-12-16,2014.9575,160.8,-314.4,-9.0,2.0,2.5,7.4
2014-12-17,2014.9603,163.2,-315.8,-11.2,2.0,2.6,7.5
2014-12-18,2014.963,161.5,-314.8,-9.6,1.9,2.3,6.8
2014-12-19,2014.9658,161.0,-314.6,-7.5,2.0,2.4,6.9
2014-12-20,2014.9685,162.0,-315.4,-8.6,1.8,2.2,6.3
2014-12-21,2014.9712,160.1,-316.2,-7.5,1.8,2.0,6.4
2014-12-22,2014.974,159.0,-314.9,-6.1,2.1,2.5,7.3
2014-12-23,2014.9767,160.6,-314.7,-10.1,1.9,2.2,6.7
2014-12-24,2014.9795,160.1,-314.1,-5.4,2.0,2.4,6.9
2014-12-25,2014.9822,159.9,-314.7,-9.1,2.0,2.4,7.2
2014-12-26,2014.9849,156.0,-313.2,-0.7,1.9,2.4,6.7
2014-12-27,2014.9877,159.4,-314.2,-9.0,1.9,2.3,6.8
2014-12-28,2014.9904,159.3,-314.2,-11.0,1.8,2.1,6.3
2014-12-29,2014.9932,159.7,-313.4,-3.9,1.9,2.4,6.7
2014-12-30,2014.9959,158.5,-313.4,-7.5,2.0,2.4,6.9
2014-12-31,2014.9986,158.8,-313.8,-12.6,1.8,2.1,6.6
2015-01-01,2015.0014,157.6,-314.4,-5.3,2.1,2.5,7.6
2015-01-02,2015.0041,158.5,-312.6,-7.2,2.1,2.7,7.6
2015-01-03,2015.0068,157.4,-313.8,-3.3,2.0,2.3,7.0
2015-01-04,2015.0096,156.3,-314.3,-6.9,2.1,2.4,7.8
2015-01-05,2015.0123,157.9,-312.9,-10.5,2.3,2.6,8.6
2015-01-06,2015.0151,157.7,-314.1,-10.9,2.0,2.4,7.2
2015-01-07,2015.0178,154.7,-314.8,-11.8,2.1,2.4,7.4
2015-01-08,2015.0205,159.3,-312.3,-18.5,2.1,2.4,7.6
2015-01-09,2015.0233,157.0,-313.6,-17.5,2.2,2.7,7.6
2015-01-10,2015.026,157.9,-313.4,-17.27,2.1,2.5,7.4
2015-01-11,2015.0288,158.1,-314.0,-17.05,1.8,2.1,7.2
2015-01-12,2015.0315,158.9,-313.6,-16.83,2.0,2.4,7.0
2015-01-13,2015.0342,159.7,-311.7,-16.6,1.9,2.4,6.8
2015-01-14,2015.037,160.2,-315.1,-11.2,1.8,2.2,6.7
2015-01-15,2015.0397,159.3,-312.9,-14.4,2.0,2.4,7.1
2015-01-16,2015.0425,158.5,-310.2,-13.9,1.9,2.4,7.1
2015-01-17,2015.0452,156.4,-314.1,-17.9,2.0,2.3,6.9
2015-01-18,2015.0479,158.6,-313.5,-21.9,1.8,2.1,6.7
2015-01-19,2015.0507,158.3,-313.5,-23.4,2.1,2.5,7.6
2015-01-20,2015.0534,159.1,-311.2,-21.9,2.0,2.3,6.7
2015-01-21,2015.0562,158.9,-313.6,-18.2,1.9,2.2,6.8
2015-01-22,2015.0589,159.0,-313.2,-15.9,2.0,2.3,6.8
2015-01-23,2015.0616,158.6,-314.5,-15.6,1.9,2.2,6.9
2015-01-24,2015.0644,159.2,-311.6,-13.1,2.2,2.6,8.2
2015-01-25,2015.0671,160.7,-314.1,-9.7,2.1,2.4,7.0
2015-01-26,2015.0699,161.6,-312.7,-8.2,2.0,2.3,7.1
2015-01-27,2015.0726,161.9,-311.2,-6.2,2.1,2.5,7.6
2015-01-28,2015.0753,158.9,-308.5,-7.5,2.0,2.2,7.1
2015-01-29,2015.0781,158.7,-311.2,-14.9,2.2,2.7,8.0
2015-01-30,2015.0808,161.1,-312.9,-21.2,2.2,2.8,7.9
2015-01-31,2015.0836,159.5,-312.6,-20.6,2.0,2.3,7.8
2015-02-01,2015.0863,162.9,-312.6,-16.3,2.1,2.6,7.4
2015-02-02,2015.089,158.8,-312.6,-15.1,1.8,2.1,6.5
2015-02-03,2015.0918,162.3,-309.6,-15.2,1.9,2.3,6.8
2015-02-04,2015.0945,162.7,-309.3,-11.5,2.1,2.7,8.0
2015-02-05,2015.0973,160.3,-313.0,-17.3,2.0,2.4,7.4
2015-02-06,2015.1,161.8,-310.5,-11.0,2.0,2.6,7.2
2015-02-07,2015.1027,162.1,-311.6,-10.9,1.9,2.3,7.1
2015-02-08,2015.1055,161.9,-307.3,-14.5,2.1,2.5,7.6
2015-02-09,2015.1082,160.3,-309.9,-13.2,2.0,2.4,7.4
2015-02-10,2015.111,160.8,-310.9,-9.7,2.1,2.6,7.6
2015-02-11,2015.1137,161.6,-309.5,-20.4,2.2,2.9,7.7
2015-02-12,2015.1164,162.1,-311.4,-9.0,2.0,2.6,7.0
2015-02-13,2015.1192,156.2,-312.9,-7.4,2.2,2.8,8.0
2015-02-14,2015.1219,160.8,-312.4,-14.4,2.2,2.9,7.5
2015-02-15,2015.1247,159.7,-311.4,-14.4,2.1,2.8,7.7
2015-02-16,2015.1274,159.6,-311.0,-18.6,2.3,2.8,8.0
2015-02-17,2015.1301,159.7,-312.3,-12.9,1.9,2.3,6.9
2015-02-18,2015.1329,158.4,-308.1,-18.2,2.1,2.5,8.1
2015-02-19,2015.1356,158.0,-313.3,-13.9,2.1,2.5,7.5
2015-02-20,2015.1384,162.0,-312.2,-18.6,2.1,2.6,7.7
2015-02-21,2015.1411,156.9,-315.3,-10.5,2.3,2.8,8.5
2015-02-22,2015.1438,161.1,-312.9,-16.8,2.3,3.1,8.0
2015-02-23,2015.1466,159.2,-312.0,-12.9,1.9,2.5,7.2
2015-02-24,2015.1493,160.5,-311.5,-6.7,2.2,2.8,7.7
2015-02-25,2015.1521,160.0,-313.2,-7.9,2.3,2.8,8.2
2015-02-26,2015.1548,160.5,-311.5,-5.9,2.5,3.1,9.0
2015-02-27,2015.1575,160.8,-313.8,-3.35,2.4,3.0,9.0
2015-02-28,2015.1603,159.1,-309.5,-0.8,2.4,3.1,9.0
2015-03-01,2015.163,159.9,-312.8,-6.3,2.2,2.7,8.2
2015-03-02,2015.1658,162.9,-303.7,1.4,2.4,2.9,8.8
2015-03-03,2015.1685,157.6,-311.2,0.0,2.3,2.7,8.7
2015-03-04,2015.1712,160.8,-304.8,-5.2,2.2,2.7,7.9
2015-03-05,2015.174,162.0,-317.9,-16.3,2.5,3.2,8.8
2015-03-06,2015.1767,165.9,-306.5,-19.5,2.4,3.2,8.3
2015-03-07,2015.1795,162.3,-312.8,-6.5,2.1,2.6,7.6
2015-03-08,2015.1822,163.3,-309.8,-10.5,2.0,2.6,7.2
2015-03-09,2015.1849,164.6,-305.7,-5.0,2.1,2.6,7.8
2015-03-10,2015.1877,163.9,-306.9,-8.8,2.1,2.6,7.7
2015-03-11,2015.1904,161.1,-307.9,-7.6,2.1,2.5,7.5
2015-03-12,2015.1932,163.2,-309.4,-6.9,2.1,2.6,7.8
2015-03-13,2015.1959,162.1,-307.3,-1.1,2.5,3.3,8.7
2015-03-14,2015.1986,160.8,-305.4,-1.1,2.4,3.0,9.1
2015-03-15,2015.2014,160.7,-308.4,4.5,2.4,2.9,9.1
2015-03-16,2015.2041,160.5,-300.8,-1.4,2.6,3.4,9.6
2015-03-17,2015.2068,164.3,-306.9,7.5,2.4,2.8,8.5
2015-03-18,2015.2096,157.5,-308.5,1.0,2.2,2.5,7.9
2015-03-19,2015.2123,159.6,-307.8,-13.2,2.4,3.1,9.0
2015-03-20,2015.2151,162.5,-309.5,-3.7,2.2,2.8,7.7
2015-03-21,2015.2178,161.2,-310.9,-4.4,2.2,2.7,7.5
2015-03-22,2015.2205,162.1,-309.0,-5.0,2.0,2.4,7.5
2015-03-23,2015.2233,160.3,-307.6,-9.7,2.1,2.5,7.9
2015-03-24,2015.226,163.8,-309.0,-17.2,2.3,3.1,8.1
2015-03-25,2015.2288,160.5,-306.5,-9.4,2.2,2.7,7.6
2015-03-26,2015.2315,160.0,-305.3,-7.8,2.2,2.7,7.6
2015-03-27,2015.2342,160.5,-307.4,-7.9,2.3,2.8,7.9
2015-03-28,2015.237,161.6,-309.8,1.6,2.3,2.9,8.3
2015-03-29,2015.2397,159.4,-304.8,-7.5,2.4,3.1,8.6
2015-03-30,2015.2425,160.9,-310.1,2.4,2.9,3.6,10.1
2015-03-31,2015.2452,156.5,-308.1,-0.6,2.6,3.4,9.2
2015-04-01,2015.2479,156.4,-307.7,0.3,2.6,3.1,9.05
2015-04-02,2015.2507,160.2,-307.1,1.2,2.5,3.1,8.9
2015-04-03,2015.2534,161.3,-310.0,-0.4,2.4,3.3,8.5
2015-04-04,2015.2562,162.1,-303.6,1.4,2.5,3.1,9.6
2015-04-05,2015.2589,158.5,-308.1,-8.9,2.9,3.6,9.7
2015-04-06,2015.2616,163.0,-305.5,-8.7,2.4,2.9,8.7
2015-04-07,2015.2644,159.5,-307.5,-1.6,2.4,2.7,8.7
2015-04-08,2015.2671,161.7,-307.1,-11.0,2.2,2.8,8.4
2015-04-09,2015.2699,159.5,-304.8,-12.6,2.3,2.8,8.6
2015-04-10,2015.2726,159.9,-307.4,-11.8,2.2,2.7,8.4
2015-04-11,2015.2753,157.8,-305.6,-16.5,2.3,2.7,7.7
2015-04-12,2015.2781,160.2,-305.5,-15.3,2.0,2.6,6.9
2015-04-13,2015.2808,159.0,-304.9,-12.9,2.3,3.1,8.2
2015-04-14,2015.2836,160.8,-306.9,-1.2,2.3,2.9,8.6
2015-04-15,2015.2863,160.6,-305.9,-2.1,2.2,2.6,7.8
2015-04-16,2015.289,160.0,-303.9,-1.5,2.5,3.0,9.2
2015-04-17,2015.2918,159.6,-308.2,9.2,2.3,2.9,8.6
2015-04-18,2015.2945,160.7,-310.0,-4.8,2.7,3.5,10.1
2015-04-19,2015.2973,159.8,-307.5,-13.0,2.4,3.1,8.3
2015-04-20,2015.3,158.2,-307.4,1.1,2.7,3.3,9.4
2015-04-21,2015.3027,159.5,-305.4,-12.1,2.6,3.2,8.8
2015-04-22,2015.3055,160.8,-308.6,-12.8,2.4,3.3,8.4
2015-04-23,2015.3082,161.1,-306.2,-19.3,2.3,3.2,8.4
2015-04-24,2015.311,159.1,-306.0,-12.6,2.4,3.1,8.0
2015-04-25,2015.3137,159.4,-307.5,-8.3,2.2,2.9,8.1
2015-04-26,2015.3164,157.5,-306.9,-7.3,2.1,2.5,7.3
2015-04-27,2015.3192,160.0,-304.1,-2.5,2.4,3.0,8.6
2015-04-28,2015.3219,158.2,-306.5,-10.3,2.3,2.9,7.9
2015-04-29,2015.3247,159.3,-305.1,-5.9,2.1,2.6,8.0
2015-04-30,2015.3274,156.4,-305.6,-3.9,2.5,3.3,9.4
2015-05-01,2015.3301,157.3,-303.9,-1.4,2.4,3.1,8.3
2015-05-02,2015.3329,157.7,-305.2,-2.8,2.1,2.6,8.1
2015-05-03,2015.3356,158.0,-304.5,5.9,2.5,3.0,8.9
2015-05-04,2015.3384,159.8,-306.4,-0.0,2.4,2.9,9.4
2015-05-05,2015.3411,159.5,-305.0,7.0,2.6,3.6,9.5
2015-05-06,2015.3438,155.7,-307.8,4.2,2.3,2.9,8.6
2015-05-07,2015.3466,158.0,-305.2,1.2,2.7,3.6,9.6
2015-05-08,2015.3493,157.4,-304.3,-1.1,2.2,2.8,8.5
2015-05-09,2015.3521,155.9,-304.4,-6.0,2.4,2.9,9.1
2015-05-10,2015.3548,157.5,-305.6,7.6,2.5,3.3,9.4
2015-05-11,2015.3575,154.1,-305.6,-1.9,2.5,2.9,9.9
2015-05-12,2015.3603,157.7,-305.6,11.0,2.4,3.1,9.2
2015-05-13,2015.363,153.4,-304.4,3.4,2.4,3.0,8.8
2015-05-14,2015.3658,154.6,-305.9,-0.7,2.2,2.7,8.4
2015-05-15,2015.3685,158.0,-303.8,-1.8,2.0,2.4,7.6
2015-05-16,2015.3712,155.2,-304.1,3.9,2.1,2.6,8.3
2015-05-17,2015.374,157.9,-304.7,10.7,2.9,3.6,10.4
2015-05-18,2015.3767,155.6,-305.4,-4.7,2.0,2.6,7.6
2015-05-19,2015.3795,154.5,-304.4,6.0,2.5,3.1,9.3
2015-05-20,2015.3822,152.7,-303.6,-2.3,2.2,2.8,8.6
2015-05-21,2015.3849,156.4,-305.2,-1.0,2.6,3.3,10.2
2015-05-22,2015.3877,154.0,-302.5,0.8,2.6,3.3,9.8
2015-05-23,2015.3904,155.9,-304.5,-5.2,2.4,3.0,9.5
2015-05-24,2015.3932,153.8,-303.8,2.1,2.3,2.8,8.8
2015-05-25,2015.3959,153.3,-302.6,7.3,2.9,3.6,10.0
2015-05-26,2015.3986,155.3,-306.1,2.9,2.2,2.7,8.7
2015-05-27,2015.4014,154.8,-305.0,-2.9,2.3,2.8,8.7
2015-05-28,2015.4041,155.4,-304.1,-2.4,2.2,2.6,8.4
2015-05-29,2015.4068,155.2,-301.6,-0.5,2.4,3.1,8.7
2015-05-30,2015.4096,154.3,-302.4,-1.2,2.4,2.8,8.9
2015-05-31,2015.4123,154.8,-304.0,0.5,2.5,3.1,9.3
2015-06-01,2015.4151,156.0,-303.6,-5.7,2.2,2.8,8.3
2015-06-02,2015.4178,155.6,-302.5,-7.9,2.6,3.4,9.2
2015-06-03,2015.4205,154.3,-302.8,-6.1,2.1,2.4,7.8
2015-06-04,2015.4233,154.6,-300.2,-0.6,2.3,2.7,9.0
2015-06-05,2015.426,152.7,-301.4,-3.8,2.4,2.9,9.2
2015-06-06,2015.4288,154.7,-301.9,-5.2,2.3,2.8,8.8
2015-06-07,2015.4315,155.5,-300.7,-7.8,2.4,3.1,8.9
2015-06-08,2015.4342,154.9,-302.2,-8.5,2.3,2.7,9.2
2015-06-09,2015.437,158.2,-303.1,-8.6,2.6,3.3,10.0
2015-06-10,2015.4397,155.5,-300.7,-0.5,2.2,2.5,8.5
2015-06-11,2015.4425,155.6,-301.1,-6.9,2.1,2.6,7.9
2015-06-12,2015.4452,155.7,-299.2,4.3,2.5,3.2,8.7
2015-06-13,2015.4479,152.7,-298.8,-2.4,2.6,3.3,8.9
2015-06-14,2015.4507,151.8,-301.8,-3.2,2.3,2.7,8.7
2015-06-15,2015.4534,151.2,-301.2,5.6,2.5,2.9,9.2
2015-06-16,2015.4562,152.6,-299.6,4.8,2.2,2.6,8.4
2015-06-17,2015.4589,154.2,-300.1,7.6,2.1,2.6,7.7
2015-06-18,2015.4616,153.4,-301.0,-0.25,2.4,2.8,8.35
2015-06-19,2015.4644,151.3,-300.6,-8.1,2.4,3.0,9.0
2015-06-20,2015.4671,152.6,-300.0,-2.5,2.5,2.9,8.6
2015-06-21,2015.4699,152.6,-299.5,-6.0,2.5,3.2,9.5
2015-06-22,2015.4726,151.7,-298.8,1.1,2.5,3.0,8.9
2015-06-23,2015.4753,152.8,-297.9,0.4,2.5,3.0,8.8
2015-06-24,2015.4781,154.4,-298.6,-4.3,2.5,2.9,9.8
2015-06-25,2015.4808,151.4,-302.7,-3.1,2.6,2.9,10.5
2015-06-26,2015.4836,150.7,-299.7,5.3,2.4,2.8,9.0
2015-06-27,2015.4863,151.2,-298.9,7.3,2.5,3.1,8.8
2015-06-28,2015.489,149.9,-301.0,-7.8,2.3,2.8,8.4
2015-06-29,2015.4918,151.9,-300.6,2.9,2.3,2.6,8.6
2015-06-30,2015.4945,151.3,-300.9,-3.0,2.5,3.0,9.1
2015-07-01,2015.4973,152.6,-298.5,2.0,2.4,2.7,9.1
2015-07-02,2015.5,151.6,-297.3,2.2,2.4,2.7,9.1
2015-07-03,2015.5027,152.0,-299.3,4.7,2.3,2.5,8.4
2015-07-04,2015.5055,151.8,-299.3,-1.3,2.3,2.8,8.8
2015-07-05,2015.5082,152.4,-299.0,-6.6,2.3,2.6,8.4
2015-07-06,2015.511,152.3,-298.7,-14.3,2.4,2.8,9.1
2015-07-07,2015.5137,153.2,-299.1,-8.7,3.4,4.0,12.0
2015-07-08,2015.5164,151.5,-298.4,7.6,2.3,2.7,8.1
2015-07-09,2015.5192,152.1,-300.3,-4.8,2.9,3.4,10.1
2015-07-10,2015.5219,152.8,-297.8,-0.7,2.3,2.7,8.3
2015-07-11,2015.5247,151.9,-296.9,6.0,2.5,3.0,9.2
2015-07-12,2015.5274,155.2,-299.4,-4.8,3.0,3.5,10.5
2015-07-13,2015.5301,151.7,-298.8,-5.4,2.8,3.2,10.0
2015-07-14,2015.5329,150.5,-299.4,-7.1,2.7,3.1,10.3
2015-07-15,2015.5356,151.6,-299.7,-4.9,2.3,2.6,8.8
2015-07-16,2015.5384,151.8,-300.1,-6.3,1.8,2.1,6.7
2015-07-17,2015.5411,151.0,-297.0,-1.3,2.1,2.4,7.4
2015-07-18,2015.5438,151.7,-298.5,-8.2,2.0,2.5,7.6
2015-07-19,2015.5466,150.4,-299.4,-2.5,2.2,2.6,7.6
2015-07-20,2015.5493,150.8,-296.6,-6.5,2.6,3.3,9.0
2015-07-21,2015.5521,152.8,-299.2,-6.9,2.0,2.3,7.6
2015-07-22,2015.5548,150.4,-299.7,-5.9,2.4,2.7,9.4
2015-07-23,2015.5575,151.1,-299.5,-10.0,2.0,2.2,7.4
2015-07-24,2015.5603,150.8,-297.6,-9.3,2.3,2.8,8.3
2015-07-25,2015.563,151.8,-298.7,-14.3,2.3,2.6,8.8
2015-07-26,2015.5658,151.8,-299.4,-7.9,2.7,3.3,9.6
2015-07-27,2015.5685,148.9,-297.0,-17.1,2.4,2.9,9.1
2015-07-28,2015.5712,150.8,-295.3,-15.7,2.9,3.4,10.0
2015-07-29,2015.574,150.1,-296.7,-13.2,2.1,2.4,7.9
2015-07-30,2015.5767,149.4,-296.2,-11.7,2.1,2.6,8.1
2015-07-31,2015.5795,149.9,-295.9,-10.8,2.4,2.9,8.7
2015-08-01,2015.5822,153.3,-296.2,-15.6,2.9,3.4,11.3
2015-08-02,2015.5849,149.9,-294.2,-11.4,2.9,3.3,12.0
2015-08-03,2015.5877,151.0,-293.4,-14.3,2.5,2.8,9.7
2015-08-04,2015.5904,149.3,-294.0,-19.0,2.2,2.8,8.3
2015-08-05,2015.5932,149.7,-295.2,-16.9,2.5,3.0,9.1
2015-08-06,2015.5959,151.2,-292.9,-20.2,2.3,2.6,9.0
2015-08-07,2015.5986,149.6,-295.1,-23.9,2.4,2.7,8.8
2015-08-08,2015.6014,150.0,-296.5,-17.9,2.2,2.5,8.6
2015-08-09,2015.6041,151.5,-296.0,-13.8,2.0,2.3,7.5
2015-08-10,2015.6068,149.0,-295.6,-15.3,2.9,3.4,9.4
2015-08-11,2015.6096,149.7,-293.4,-14.2,3.3,3.7,11.2
2015-08-12,2015.6123,146.7,-296.7,-19.6,2.7,3.1,10.5
2015-08-13,2015.6151,148.0,-298.4,-16.1,2.4,2.7,9.4
2015-08-14,2015.6178,147.9,-294.2,-16.1,2.6,2.9,9.9
2015-08-15,2015.6205,148.6,-294.4,-17.6,2.1,2.4,7.8
2015-08-16,2015.6233,146.9,-295.9,-18.0,2.8,3.2,9.3
2015-08-17,2015.626,148.7,-293.9,-14.0,1.9,2.2,7.4
2015-08-18,2015.6288,150.4,-293.6,-13.1,2.4,2.8,8.5
2015-08-19,2015.6315,149.5,-291.1,-19.9,2.6,3.1,8.8
2015-08-20,2015.6342,149.7,-294.1,-15.1,1.8,2.0,6.5
2015-08-21,2015.637,149.1,-292.9,-16.5,1.9,2.1,7.1
2015-08-22,2015.6397,148.3,-294.3,-15.9,2.0,2.2,7.1
2015-08-23,2015.6425,146.2,-292.3,-18.2,2.3,2.5,8.3
2015-08-24,2015.6452,147.7,-292.6,-17.1,2.2,2.4,8.2
2015-08-25,2015.6479,148.1,-293.1,-13.4,2.4,2.8,9.0
2015-08-26,2015.6507,148.8,-294.2,-21.2,2.2,2.5,8.2
2015-08-27,2015.6534,145.7,-292.7,-14.3,2.3,2.7,8.3
2015-08-28,2015.6562,146.2,-293.0,-21.0,2.6,3.1,8.8
2015-08-29,2015.6589,146.9,-292.3,-21.4,2.4,2.8,7.8
2015-08-30,2015.6616,149.6,-291.5,-23.8,2.0,2.4,6.9
2015-08-31,2015.6644,146.9,-292.2,-20.7,2.1,2.4,7.6
2015-09-01,2015.6671,147.6,-293.9,-21.2,2.2,2.6,7.6
2015-09-02,2015.6699,147.5,-292.3,-24.2,2.0,2.3,7.3
2015-09-03,2015.6726,145.9,-292.4,-26.8,2.2,2.7,8.0
2015-09-04,2015.6753,148.6,-293.0,-22.6,2.3,2.8,8.0
2015-09-05,2015.6781,147.8,-291.4,-21.5,2.3,2.5,8.9
2015-09-06,2015.6808,146.6,-292.0,-23.9,2.5,3.0,8.5
2015-09-07,2015.6836,146.7,-290.7,-26.9,2.5,2.9,8.5
2015-09-08,2015.6863,149.0,-293.6,-29.6,2.4,2.8,8.5
2015-09-09,2015.689,147.2,-292.2,-11.1,2.2,2.5,8.4
2015-09-10,2015.6918,146.3,-291.1,-28.0,2.2,2.4,8.0
2015-09-11,2015.6945,146.6,-290.5,-33.8,2.2,2.7,8.4
2015-09-12,2015.6973,147.0,-291.5,-31.3,2.4,2.8,8.4
2015-09-13,2015.7,146.9,-289.2,-29.0,2.3,2.6,7.7
2015-09-14,2015.7027,145.3,-291.6,-23.4,2.1,2.4,7.6
2015-09-15,2015.7055,148.5,-289.7,-27.2,2.3,2.7,8.7
2015-09-16,2015.7082,147.1,-292.5,-25.1,2.4,2.9,8.6
2015-09-17,2015.711,146.3,-288.8,-27.6,2.3,2.7,8.4
2015-09-18,2015.7137,147.9,-291.1,-28.9,2.4,2.8,8.7
2015-09-19,2015.7164,146.6,-290.9,-26.4,2.2,2.7,7.9
2015-09-20,2015.7192,147.3,-290.8,-21.3,2.3,2.8,7.8
2015-09-21,2015.7219,146.3,-290.7,-25.9,2.4,2.9,8.4
2015-09-22,2015.7247,145.6,-289.7,-25.8,2.3,2.7,8.8
2015-09-23,2015.7274,146.4,-290.6,-26.9,1.9,2.2,7.2
2015-09-24,2015.7301,145.4,-289.0,-16.7,2.1,2.5,8.0
2015-09-25,2015.7329,144.6,-289.1,-28.8,2.6,3.1,9.0
2015-09-26,2015.7356,146.2,-290.3,-27.6,2.3,2.7,7.8
2015-09-27,2015.7384,146.9,-290.3,-24.8,2.3,2.6,7.8
2015-09-28,2015.7411,145.4,-289.2,-23.6,2.4,2.8,8.1
2015-09-29,2015.7438,148.6,-287.2,-26.2,2.2,2.6,7.7
2015-09-30,2015.7466,146.8,-286.6,-24.6,2.4,2.7,8.1
2015-10-01,2015.7493,147.1,-286.9,-28.8,2.5,2.9,9.6
2015-10-02,2015.7521,145.2,-288.1,-20.7,2.6,2.9,9.1
2015-10-03,2015.7548,146.9,-287.7,-20.3,2.5,2.8,9.3
2015-10-04,2015.7575,146.3,-284.5,-27.2,2.5,2.9,9.5
2015-10-05,2015.7603,147.4,-287.4,-31.3,2.6,2.9,8.8
2015-10-06,2015.763,147.4,-288.6,-21.6,2.0,2.2,7.4
2015-10-07,2015.7658,145.9,-289.0,-20.1,2.3,2.6,8.7
2015-10-08,2015.7685,146.4,-287.7,-24.0,2.2,2.4,7.8
2015-10-09,2015.7712,143.9,-286.4,-26.0,2.1,2.4,7.2
2015-10-10,2015.774,144.7,-286.9,-27.1,2.3,2.6,7.9
2015-10-11,2015.7767,145.9,-289.0,-32.0,2.4,2.7,7.9
2015-10-12,2015.7795,145.0,-289.8,-29.6,1.9,2.2,7.0
2015-10-13,2015.7822,144.6,-287.2,-29.6,2.1,2.4,7.1
2015-10-14,2015.7849,144.8,-288.8,-26.1,2.3,2.6,7.9
2015-10-15,2015.7877,144.1,-290.7,-22.5,2.4,2.9,9.1
2015-10-16,2015.7904,142.9,-289.4,-29.6,2.1,2.3,7.5
2015-10-17,2015.7932,145.7,-287.1,-23.9,2.3,2.7,8.6
2015-10-18,2015.7959,145.7,-287.6,-21.4,2.3,2.6,8.4
2015-10-19,2015.7986,145.9,-286.9,-20.0,2.1,2.6,7.6
2015-10-20,2015.8014,146.3,-286.6,-26.8,2.4,2.8,9.5
2015-10-21,2015.8041,143.6,-286.3,-24.5,2.2,2.5,7.9
2015-10-22,2015.8068,142.5,-288.2,-25.1,2.1,2.4,7.7
2015-10-23,2015.8096,142.7,-288.1,-27.1,2.2,2.6,8.0
2015-10-24,2015.8123,141.5,-285.8,-23.3,2.2,2.4,8.3
2015-10-25,2015.8151,144.7,-286.2,-22.3,1.8,1.9,6.6
2015-10-26,2015.8178,144.4,-287.1,-25.5,1.9,2.1,7.0
2015-10-27,2015.8205,145.9,-287.5,-19.9,2.0,2.4,7.5
2015-10-28,2015.8233,144.8,-285.7,-19.9,2.3,2.6,8.3
2015-10-29,2015.826,144.5,-285.6,-20.3,2.2,2.5,8.1
2015-10-30,2015.8288,143.5,-285.1,-26.0,2.2,2.6,7.9
2015-10-31,2015.8315,142.8,-284.0,-23.6,2.4,2.7,8.0
2015-11-01,2015.8342,143.7,-284.6,-17.6,2.3,2.7,8.0
2015-11-02,2015.837,143.5,-285.8,-23.2,2.1,2.4,7.6
2015-11-03,2015.8397,142.5,-286.8,-15.6,2.1,2.6,7.8
2015-11-04,2015.8425,141.7,-288.6,-14.95,2.4,2.8,8.65
2015-11-05,2015.8452,142.9,-286.8,-14.3,2.6,3.2,9.5
2015-11-06,2015.8479,142.8,-285.0,-14.0,1.9,2.2,7.2
2015-11-07,2015.8507,142.6,-286.9,-18.7,2.3,2.7,8.2
2015-11-08,2015.8534,143.6,-285.7,-26.0,1.8,2.0,6.8
2015-11-09,2015.8562,142.2,-285.5,-22.2,2.0,2.3,7.3
2015-11-10,2015.8589,139.5,-284.6,-19.0,2.3,2.7,8.3
2015-11-11,2015.8616,141.8,-284.5,-22.1,2.1,2.4,8.0
2015-11-12,2015.8644,141.8,-284.0,-25.3,2.2,2.6,7.7
2015-11-13,2015.8671,142.4,-285.3,-23.1,1.8,2.1,6.7
2015-11-14,2015.8699,141.5,-284.9,-20.7,2.0,2.3,7.3
2015-11-15,2015.8726,140.6,-283.7,-17.4,2.0,2.4,7.1
2015-11-16,2015.8753,139.8,-284.9,-17.6,2.1,2.4,8.1
2015-11-17,2015.8781,140.5,-285.3,-20.8,2.0,2.3,7.6
2015-11-18,2015.8808,142.2,-287.6,-18.5,2.1,2.6,7.7
2015-11-19,2015.8836,141.2,-286.4,-22.0,1.8,2.0,6.6
2015-11-20,2015.8863,141.2,-285.1,-24.3,1.9,2.3,7.1
2015-11-21,2015.889,140.9,-284.0,-21.1,1.9,2.3,6.9
2015-11-22,2015.8918,143.2,-285.2,-22.4,2.1,2.4,7.0
2015-11-23,2015.8945,143.2,-286.3,-16.3,2.0,2.3,7.1
2015-11-24,2015.8973,143.3,-285.1,-19.7,2.0,2.3,7.4
2015-11-25,2015.9,144.0,-285.2,-21.2,1.9,2.2,7.0
2015-11-26,2015.9027,142.0,-283.8,-18.7,2.0,2.3,7.4
2015-11-27,2015.9055,141.3,-286.3,-17.8,2.1,2.3,7.7
2015-11-28,2015.9082,141.4,-285.3,-15.4,1.9,2.2,7.2
2015-11-29,2015.911,141.7,-281.6,-14.6,1.8,2.0,6.5
2015-11-30,2015.9137,142.4,-283.3,-10.0,2.0,2.5,7.2
2015-12-01,2015.9164,141.6,-285.0,-14.4,2.1,2.5,7.7
2015-12-02,2015.9192,142.9,-283.9,-16.9,2.3,2.6,8.3
2015-12-03,2015.9219,142.8,-284.4,-13.9,2.2,2.4,8.1
2015-12-04,2015.9247,141.3,-282.8,-17.6,2.1,2.3,7.8
2015-12-05,2015.9274,140.4,-282.7,-21.7,2.2,2.6,8.3
2015-12-06,2015.9301,142.5,-282.0,-16.6,1.9,2.1,7.3
2015-12-07,2015.9329,142.3,-280.2,-19.7,2.0,2.4,7.0
2015-12-08,2015.9356,140.3,-280.2,-13.1,2.6,2.9,8.5
2015-12-09,2015.9384,140.9,-280.7,-11.7,2.1,2.5,7.3
2015-12-10,2015.9411,143.1,-280.7,-14.0,2.4,2.9,8.6
2015-12-11,2015.9438,140.0,-280.6,-11.85,2.3,2.6,8.3
2015-12-12,2015.9466,141.0,-281.5,-9.7,2.1,2.6,8.0
2015-12-13,2015.9493,141.8,-280.1,-15.7,2.3,2.5,8.5
2015-12-14,2015.9521,140.2,-280.5,-17.1,1.9,2.2,7.2
2015-12-15,2015.9548,140.0,-281.5,-17.6,2.1,2.5,8.0
2015-12-16,2015.9575,140.0,-281.0,-12.8,2.0,2.4,7.3
2015-12-17,2015.9603,140.7,-280.1,-15.8,2.0,2.4,7.1
2015-12-18,2015.963,138.8,-282.3,-21.8,1.9,2.3,7.2
2015-12-19,2015.9658,140.3,-282.8,-15.4,2.1,2.5,7.8
2015-12-20,2015.9685,139.9,-277.1,-18.6,2.1,2.6,7.7
2015-12-21,2015.9712,138.1,-279.5,-16.2,2.1,2.4,7.7
2015-12-22,2015.974,141.3,-280.4,-17.9,2.1,2.5,7.6
2015-12-23,2015.9767,140.3,-278.6,-15.1,1.8,2.1,6.8
2015-12-24,2015.9795,137.9,-281.9,-17.1,1.8,2.1,6.8
2015-12-25,2015.9822,140.2,-281.8,-12.1,2.1,2.6,7.8
2015-12-26,2015.9849,141.1,-280.1,-16.05,1.9,2.3,7.4
2015-12-27,2015.9877,138.5,-282.1,-20.0,1.9,2.3,7.0
2015-12-28,2015.9904,140.4,-280.3,-19.4,1.8,2.1,6.8
2015-12-29,2015.9932,141.0,-281.7,-16.5,2.1,2.6,7.4
2015-12-30,2015.9959,139.1,-282.9,-18.4,1.8,2.2,7.0
2015-12-31,2015.9986,140.3,-283.8,-18.9,2.0,2.4,7.8
2016-01-01,2016.0014,141.2,-280.9,-19.8,1.8,2.1,6.9
2016-01-02,2016.0041,140.0,-282.0,-18.5,2.2,2.7,7.8
2016-01-03,2016.0068,138.9,-281.5,-17.6,1.9,2.2,7.2
2016-01-04,2016.0096,140.3,-280.6,-16.1,2.1,2.4,7.3
2016-01-05,2016.0123,140.0,-280.7,-13.8,1.8,2.1,6.8
2016-01-06,2016.015,140.2,-280.4,-15.8,1.7,2.1,6.6
2016-01-07,2016.0178,142.5,-282.1,-14.1,2.1,2.5,7.0
2016-01-08,2016.0205,139.7,-276.4,-11.4,2.1,2.5,7.7
2016-01-09,2016.0232,141.2,-281.7,-11.6,1.9,2.2,7.2
2016-01-10,2016.026,143.1,-282.2,-16.3,2.0,2.4,7.6
2016-01-11,2016.0287,142.7,-281.0,-14.2,1.9,2.2,6.8
2016-01-12,2016.0314,144.3,-281.3,-13.1,2.1,2.4,7.6
2016-01-13,2016.0342,141.4,-277.5,-16.8,2.1,2.4,7.7
2016-01-14,2016.0369,141.2,-280.9,-15.8,1.9,2.1,7.1
2016-01-15,2016.0396,140.2,-280.0,-12.0,2.0,2.3,7.4
2016-01-16,2016.0423,143.6,-282.7,-11.3,1.9,2.3,7.3
2016-01-17,2016.0451,141.8,-279.5,-13.1,2.2,2.7,8.1
2016-01-18,2016.0478,143.6,-279.7,-8.8,2.1,2.4,7.3
2016-01-19,2016.0505,141.4,-278.4,-13.17,2.2,2.6,7.83
2016-01-20,2016.0533,142.4,-280.3,-17.53,2.1,2.5,8.37
2016-01-21,2016.056,141.4,-279.2,-21.9,2.2,2.6,8.9
2016-01-22,2016.0587,144.9,-277.3,-13.8,2.2,2.7,8.1
2016-01-23,2016.0615,142.7,-278.1,-18.3,1.9,2.2,7.3
2016-01-24,2016.0642,144.1,-276.9,-16.7,2.0,2.4,7.4
2016-01-25,2016.0669,140.3,-280.2,-15.0,2.1,2.5,7.3
2016-01-26,2016.0697,139.5,-280.3,-17.2,2.4,2.7,7.9
2016-01-27,2016.0724,142.0,-280.3,-12.6,1.8,2.0,6.6
2016-01-28,2016.0751,141.8,-280.4,-14.1,1.9,2.3,7.5
2016-01-29,2016.0779,140.3,-278.8,-13.1,1.9,2.3,7.1
2016-01-30,2016.0806,141.4,-279.1,-11.8,1.9,2.2,7.0
2016-01-31,2016.0833,141.9,-278.9,-15.8,2.1,2.6,7.3
2016-02-01,2016.0861,140.7,-281.0,-13.5,1.8,2.1,6.8
2016-02-02,2016.0888,140.7,-279.6,-6.7,1.9,2.3,7.3
2016-02-03,2016.0915,141.6,-278.9,-14.2,2.1,2.4,7.5
2016-02-04,2016.0943,141.2,-278.4,-13.5,1.9,2.3,7.0
2016-02-05,2016.097,141.9,-277.5,-11.5,1.9,2.2,7.4
2016-02-06,2016.0997,141.4,-277.7,-15.5,1.8,2.3,6.5
2016-02-07,2016.1025,140.1,-278.7,-12.8,2.0,2.4,7.3
2016-02-08,2016.1052,138.3,-279.0,-7.6,2.2,2.7,7.8
2016-02-09,2016.1079,139.7,-277.6,-7.1,2.2,2.6,8.3
2016-02-10,2016.1107,140.6,-278.9,-7.6,2.0,2.4,8.0
2016-02-11,2016.1134,139.8,-271.6,-4.15,2.4,3.0,8.15
2016-02-12,2016.1161,139.0,-271.1,-0.7,2.2,2.7,8.3
2016-02-13,2016.1189,143.2,-278.5,-4.0,2.0,2.3,7.5
2016-02-14,2016.1216,141.4,-280.5,-7.8,2.1,2.4,8.1
2016-02-15,2016.1243,141.8,-270.0,-11.2,2.1,2.6,7.9
2016-02-16,2016.127,140.7,-274.9,-5.3,2.1,2.5,7.9
2016-02-17,2016.1298,143.2,-277.3,-10.2,2.3,2.8,8.5
2016-02-18,2016.1325,141.5,-276.9,-1.7,1.9,2.4,7.3
2016-02-19,2016.1352,141.4,-277.4,-1.1,2.0,2.5,7.4
2016-02-20,2016.138,140.4,-278.5,-2.6,1.9,2.4,7.4
2016-02-21,2016.1407,139.8,-276.9,-6.8,2.3,2.8,8.6
2016-02-22,2016.1434,143.3,-272.1,-8.9,2.1,2.5,8.3
2016-02-23,2016.1462,142.4,-274.1,-16.4,2.4,2.8,8.5
2016-02-24,2016.1489,142.9,-276.7,-15.2,2.0,2.4,7.6
2016-02-25,2016.1516,140.8,-276.3,-20.1,2.1,2.4,7.8
2016-02-26,2016.1544,141.7,-274.8,-16.1,2.2,2.7,7.9
2016-02-27,2016.1571,141.4,-275.2,-21.6,2.2,2.8,8.0
2016-02-28,2016.1598,140.2,-276.0,-17.2,2.2,2.7,8.2
2016-02-29,2016.1626,142.8,-276.2,-17.9,1.9,2.2,7.1
2016-03-01,2016.1653,141.1,-281.9,-12.9,2.2,2.6,7.7
2016-03-02,2016.168,142.3,-276.8,-7.6,2.0,2.2,7.6
2016-03-03,2016.1708,140.6,-277.5,-8.3,2.1,2.4,7.5
2016-03-04,2016.1735,142.4,-277.8,-7.4,2.3,2.8,8.3
2016-03-05,2016.1762,142.5,-276.8,-7.3,1.9,2.2,7.4
2016-03-06,2016.179,141.3,-276.8,1.1,2.4,2.8,8.9
2016-03-07,2016.1817,140.8,-275.7,0.55,2.7,3.1,8.8
2016-03-08,2016.1844,141.2,-274.4,0.0,2.4,2.9,8.7
2016-03-09,2016.1872,143.6,-273.7,-1.1,2.5,2.9,8.9
2016-03-10,2016.1899,140.7,-274.0,-3.3,2.1,2.4,8.2
2016-03-11,2016.1926,144.1,-275.1,-4.6,2.3,2.8,8.8
2016-03-12,2016.1954,143.4,-268.5,6.1,2.4,2.8,9.3
2016-03-13,2016.1981,140.5,-269.9,10.4,2.4,2.8,9.2
2016-03-14,2016.2008,141.2,-272.1,5.5,2.2,2.5,8.6
2016-03-15,2016.2036,140.5,-275.3,-3.8,2.4,2.7,9.4
2016-03-16,2016.2063,142.5,-272.1,-7.1,2.3,2.5,8.6
2016-03-17,2016.209,141.7,-275.6,-4.5,2.0,2.2,7.8
2016-03-18,2016.2117,141.4,-275.3,1.2,2.3,2.7,8.5
2016-03-19,2016.2145,141.1,-273.2,-0.7,2.3,2.6,8.5
2016-03-20,2016.2172,141.0,-272.3,-1.1,2.4,2.6,9.0
2016-03-21,2016.2199,141.3,-273.1,3.1,2.2,2.6,8.2
2016-03-22,2016.2227,140.9,-274.6,-1.4,2.4,2.9,9.3
2016-03-23,2016.2254,142.3,-274.4,-15.8,2.1,2.5,8.3
2016-03-24,2016.2281,142.9,-272.3,-17.4,2.0,2.4,7.4
2016-03-25,2016.2309,142.4,-272.1,-10.1,2.1,2.4,7.7
2016-03-26,2016.2336,141.9,-271.8,-11.0,2.0,2.2,7.3
2016-03-27,2016.2363,144.2,-272.8,-1.4,2.3,2.8,8.9
2016-03-28,2016.2391,140.9,-268.8,-7.5,1.9,2.3,7.4
2016-03-29,2016.2418,141.5,-274.1,-8.6,2.3,2.6,9.1
2016-03-30,2016.2445,143.1,-271.6,-6.6,2.3,2.6,8.5
2016-03-31,2016.2473,143.4,-274.1,-10.6,2.1,2.7,7.9
2016-04-01,2016.25,139.6,-272.0,-7.6,2.5,3.0,9.1
2016-04-02,2016.2527,141.5,-272.9,-10.7,2.1,2.5,7.9
2016-04-03,2016.2555,141.1,-271.8,-6.8,2.0,2.3,7.9
2016-04-04,2016.2582,140.4,-273.0,-5.6,2.2,2.5,8.6
2016-04-05,2016.2609,142.6,-274.5,-7.8,2.4,2.7,9.2
2016-04-06,2016.2637,142.8,-275.2,-8.8,2.0,2.2,7.7
2016-04-07,2016.2664,141.4,-274.8,-6.5,2.5,2.9,9.4
2016-04-08,2016.2691,140.2,-275.5,-0.5,2.7,3.2,9.9
2016-04-09,2016.2719,139.2,-272.6,2.1,2.6,2.9,10.0
2016-04-10,2016.2746,139.6,-273.7,-1.1,2.6,3.1,9.9
2016-04-11,2016.2773,142.3,-272.9,0.2,2.4,2.6,9.0
2016-04-12,2016.2801,142.3,-271.9,10.1,2.5,2.9,9.3
2016-04-13,2016.2828,143.9,-268.1,7.65,2.7,3.2,10.15
2016-04-14,2016.2855,141.3,-270.0,5.2,3.0,3.6,11.0
2016-04-15,2016.2883,142.3,-276.4,-2.1,2.4,2.8,9.1
2016-04-16,2016.291,142.8,-273.3,-4.5,2.3,2.9,8.8
2016-04-17,2016.2937,140.6,-273.2,-11.7,2.7,3.0,10.1
2016-04-18,2016.2964,141.8,-271.0,0.0,2.3,2.7,8.5
2016-04-19,2016.2992,142.2,-272.5,2.5,2.7,3.1,10.0
2016-04-20,2016.3019,139.2,-273.3,-3.6,2.4,2.7,9.3
2016-04-21,2016.3046,142.3,-272.4,3.1,2.1,2.4,7.8
2016-04-22,2016.3074,142.2,-272.8,1.4,2.2,2.5,8.6
2016-04-23,2016.3101,141.0,-271.3,3.7,2.1,2.5,8.0
2016-04-24,2016.3128,141.8,-276.2,3.9,2.4,2.7,9.6
2016-04-25,2016.3156,141.2,-272.6,1.2,2.8,3.5,8.65
2016-04-26,2016.3183,141.3,-272.1,-1.5,2.0,2.2,7.7
2016-04-27,2016.321,140.1,-272.0,8.5,2.5,2.9,9.0
2016-04-28,2016.3238,141.4,-271.7,-1.2,2.6,3.0,10.2
2016-04-29,2016.3265,139.0,-268.4,5.4,2.6,2.8,10.4
2016-04-30,2016.3292,140.9,-269.9,7.7,2.7,3.2,10.2
2016-05-01,2016.332,139.7,-272.6,3.2,2.3,2.6,8.9
2016-05-02,2016.3347,139.1,-270.6,1.9,2.1,2.3,8.4
2016-05-03,2016.3374,140.6,-271.8,-6.7,2.3,2.7,8.8
2016-05-04,2016.3402,141.3,-272.2,0.2,1.9,2.2,7.2
2016-05-05,2016.3429,140.6,-272.5,6.5,2.3,2.9,9.1
2016-05-06,2016.3456,138.2,-272.7,-0.0,2.4,2.8,9.0
2016-05-07,2016.3484,138.4,-272.9,-6.3,2.1,2.3,7.9
2016-05-08,2016.3511,140.2,-271.9,-7.5,2.8,3.3,9.8
2016-05-09,2016.3538,140.0,-271.9,-8.0,2.0,2.2,7.7
2016-05-10,2016.3566,138.1,-269.1,-6.4,2.6,2.9,9.6
2016-05-11,2016.3593,140.8,-270.8,1.8,2.5,2.9,9.2
2016-05-12,2016.362,137.5,-269.5,-5.6,3.0,3.5,11.0
2016-05-13,2016.3648,137.3,-270.6,-1.2,2.5,3.1,9.3
2016-05-14,2016.3675,138.4,-268.1,-11.0,2.4,2.9,9.1
2016-05-15,2016.3702,138.7,-271.0,-7.7,2.4,2.9,8.1
2016-05-16,2016.373,138.6,-267.5,-12.4,2.2,2.6,8.0
2016-05-17,2016.3757,137.3,-270.3,-7.8,2.2,2.6,8.2
2016-05-18,2016.3784,140.0,-270.9,-4.2,2.2,2.6,8.0
2016-05-19,2016.3811,139.1,-270.7,-6.7,2.0,2.3,7.8
2016-05-20,2016.3839,141.2,-268.5,-10.8,2.3,2.6,8.5
2016-05-21,2016.3866,141.0,-269.1,-7.4,2.1,2.3,7.5
2016-05-22,2016.3893,139.6,-268.4,-12.4,2.6,2.9,10.5
2016-05-23,2016.3921,138.6,-268.0,-9.3,2.2,2.9,8.1
2016-05-24,2016.3948,139.5,-268.4,-11.4,2.4,2.8,8.6
2016-05-25,2016.3975,138.9,-268.7,-11.5,2.4,2.7,9.0
2016-05-26,2016.4003,137.3,-267.9,-0.8,2.5,3.1,9.8
2016-05-27,2016.403,138.0,-266.3,-16.4,2.6,3.3,9.4
2016-05-28,2016.4057,137.9,-266.3,-5.5,2.6,3.2,9.1
2016-05-29,2016.4085,138.1,-267.1,-9.5,2.4,2.9,9.7
2016-05-30,2016.4112,137.3,-267.2,-3.2,2.6,3.1,9.5
2016-05-31,2016.4139,136.1,-267.5,-11.3,2.2,2.5,8.6
2016-06-01,2016.4167,136.7,-269.7,-13.1,2.6,3.1,9.3
2016-06-02,2016.4194,137.9,-268.7,-8.2,2.4,2.8,9.5
2016-06-03,2016.4221,135.7,-265.6,-18.5,2.9,3.1,10.8
2016-06-04,2016.4249,136.7,-269.1,-11.5,2.8,3.2,11.0
2016-06-05,2016.4276,136.5,-266.8,-18.0,2.0,2.2,7.6
2016-06-06,2016.4303,135.3,-266.9,-17.35,2.5,2.8,8.7
2016-06-07,2016.4331,134.6,-267.6,-16.7,2.7,3.1,9.8
2016-06-08,2016.4358,136.6,-265.8,-11.0,2.1,2.4,8.2
2016-06-09,2016.4385,136.3,-266.4,-1.8,2.2,2.4,8.6
2016-06-10,2016.4413,135.1,-265.7,-10.7,2.1,2.3,7.9
2016-06-11,2016.444,132.8,-267.2,-9.6,2.3,2.6,8.5
2016-06-12,2016.4467,133.7,-265.6,-5.2,2.0,2.2,7.5
2016-06-13,2016.4495,132.9,-264.7,-12.8,2.2,2.6,8.3
2016-06-14,2016.4522,135.1,-263.8,-3.8,2.2,2.5,8.7
2016-06-15,2016.4549,133.4,-265.1,-0.6,2.4,2.7,9.5
2016-06-16,2016.4577,133.9,-266.2,-10.0,1.9,2.1,7.4
2016-06-17,2016.4604,133.0,-264.8,-1.8,2.6,3.0,9.1
2016-06-18,2016.4631,132.1,-266.3,0.1,2.5,2.9,8.7
2016-06-19,2016.4658,133.5,-265.9,-9.3,2.6,3.0,9.7
2016-06-20,2016.4686,134.2,-268.2,-8.3,2.0,2.3,7.7
2016-06-21,2016.4713,131.5,-266.7,-8.3,2.9,3.3,10.4
2016-06-22,2016.474,131.6,-264.1,-1.8,2.4,2.8,8.9
2016-06-23,2016.4768,133.5,-265.0,3.9,2.8,3.3,10.3
2016-06-24,2016.4795,132.8,-264.5,-8.0,2.4,2.6,9.2
2016-06-25,2016.4822,133.7,-264.1,-10.2,2.4,2.7,9.0
2016-06-26,2016.485,133.4,-264.3,-6.6,2.1,2.3,8.0
2016-06-27,2016.4877,132.9,-262.0,0.1,2.2,2.4,8.6
2016-06-28,2016.4904,132.9,-262.7,-10.8,2.5,2.8,8.9
2016-06-29,2016.4932,133.0,-264.5,-12.6,2.2,2.3,8.5
2016-06-30,2016.4959,133.3,-264.8,-7.3,2.5,2.9,9.2
2016-07-01,2016.4986,132.1,-262.9,-8.0,2.0,2.2,7.4
2016-07-02,2016.5014,130.3,-262.2,-13.3,2.0,2.1,7.5
2016-07-03,2016.5041,130.9,-263.6,-9.5,2.4,2.9,8.8
2016-07-04,2016.5068,131.4,-263.2,-8.5,2.6,3.1,9.8
2016-07-05,2016.5096,133.3,-261.9,-11.2,2.5,2.8,9.4
2016-07-06,2016.5123,132.2,-262.2,-17.1,2.5,3.0,8.6
2016-07-07,2016.515,130.2,-261.3,-8.6,2.7,3.2,9.5
2016-07-08,2016.5178,130.8,-259.0,-13.6,2.3,3.0,8.5
2016-07-09,2016.5205,131.5,-262.2,-10.5,2.4,2.9,8.9
2016-07-10,2016.5232,132.6,-261.4,-7.4,2.6,3.0,9.3
2016-07-11,2016.526,132.6,-260.3,-14.4,2.0,2.2,7.8
2016-07-12,2016.5287,131.8,-261.7,-16.3,2.5,2.8,8.65
2016-07-13,2016.5314,131.1,-263.1,-18.2,2.4,2.6,9.5
2016-07-14,2016.5342,131.8,-262.3,-17.7,2.8,3.4,10.6
2016-07-15,2016.5369,130.0,-262.3,-18.5,2.4,2.7,8.6
2016-07-16,2016.5396,129.0,-258.8,-21.25,2.7,3.0,8.45
2016-07-17,2016.5423,130.4,-262.2,-24.0,2.2,2.5,8.3
2016-07-18,2016.5451,130.3,-261.9,-9.6,2.2,2.7,8.4
2016-07-19,2016.5478,130.6,-262.1,-19.5,2.2,2.4,8.8
2016-07-20,2016.5505,131.4,-261.4,-16.8,2.4,2.8,9.8
2016-07-21,2016.5533,132.0,-261.2,-24.0,2.6,3.1,9.7
2016-07-22,2016.556,131.0,-258.4,-14.2,2.2,2.5,8.5
2016-07-23,2016.5587,129.8,-259.1,-13.3,2.3,2.6,8.1
2016-07-24,2016.5615,130.4,-260.5,-18.9,2.1,2.3,7.8
2016-07-25,2016.5642,131.4,-259.9,-23.6,2.6,3.1,9.4
2016-07-26,2016.5669,132.8,-260.0,-26.1,2.8,3.2,10.5
2016-07-27,2016.5697,132.1,-265.4,-24.2,3.2,3.4,11.7
2016-07-28,2016.5724,131.6,-260.9,-23.1,2.0,2.2,7.7
2016-07-29,2016.5751,129.4,-267.4,-19.9,2.3,2.5,8.9
2016-07-30,2016.5779,128.1,-258.6,-14.6,2.5,3.0,9.0
2016-07-31,2016.5806,130.1,-264.1,-18.7,2.3,2.5,8.6
2016-08-01,2016.5833,130.8,-260.5,-21.1,2.3,2.5,8.6
2016-08-02,2016.5861,130.8,-262.8,-15.5,2.4,2.6,9.3
2016-08-03,2016.5888,132.3,-257.7,-24.0,3.1,3.6,11.0
2016-08-04,2016.5915,129.4,-261.0,-19.5,2.4,2.7,8.9
2016-08-05,2016.5943,131.3,-260.1,-20.7,2.5,2.8,9.2
2016-08-06,2016.597,130.8,-259.9,-16.7,2.2,2.4,8.4
2016-08-07,2016.5997,130.8,-260.2,-20.8,2.7,3.1,10.2
2016-08-08,2016.6025,133.0,-260.5,-12.6,3.1,3.7,11.9
2016-08-09,2016.6052,132.5,-259.6,-23.3,2.5,2.9,9.6
2016-08-10,2016.6079,131.0,-258.6,-7.5,2.9,3.3,9.9
2016-08-11,2016.6107,130.5,-259.2,-24.5,2.1,2.4,8.3
2016-08-12,2016.6134,130.8,-261.0,-9.4,2.3,2.6,9.2
2016-08-13,2016.6161,132.0,-261.0,-15.9,2.5,2.8,10.2
2016-08-14,2016.6189,132.0,-262.1,-11.0,2.7,3.0,10.8
2016-08-15,2016.6216,129.5,-260.3,-8.4,2.4,2.5,9.4
2016-08-16,2016.6243,130.1,-261.8,-15.6,2.2,2.4,8.7
2016-08-17,2016.627,129.0,-260.1,-20.6,2.7,3.0,9.8
2016-08-18,2016.6298,134.2,-261.9,-8.8,3.0,3.3,12.1
2016-08-19,2016.6325,128.1,-258.5,-33.0,3.2,3.8,12.3
2016-08-20,2016.6352,126.0,-255.8,-5.1,2.8,3.2,10.3
2016-08-21,2016.638,129.9,-260.6,-22.3,2.6,2.8,10.3
2016-08-22,2016.6407,132.9,-256.4,-25.8,3.3,3.7,12.6
2016-08-23,2016.6434,132.7,-258.4,-20.4,2.8,3.2,10.4
2016-08-24,2016.6462,130.3,-257.9,-28.6,3.1,3.4,12.7
2016-08-25,2016.6489,129.9,-258.9,-14.1,2.9,3.1,11.6
2016-08-26,2016.6516,128.6,-257.7,-16.5,3.0,3.2,12.6
2016-08-27,2016.6544,130.2,-258.1,-14.2,2.2,2.5,8.6
2016-08-28,2016.6571,129.6,-258.2,-19.1,2.3,2.6,8.7
2016-08-29,2016.6598,130.1,-255.2,-15.6,2.6,2.8,10.0
2016-08-30,2016.6626,128.8,-257.3,-15.1,2.1,2.3,8.2
2016-08-31,2016.6653,129.8,-257.9,-12.7,2.0,2.3,7.7
2016-09-01,2016.668,130.3,-259.7,-24.2,2.0,2.2,8.0
2016-09-02,2016.6708,129.3,-257.9,-18.2,1.8,1.9,6.7
2016-09-03,2016.6735,131.6,-259.4,-22.2,2.2,2.6,8.2
2016-09-04,2016.6762,132.9,-256.0,-22.7,2.3,2.5,8.9
2016-09-05,2016.679,128.4,-259.5,-25.3,2.1,2.3,8.0
2016-09-06,2016.6817,129.6,-254.9,-30.6,2.6,2.8,9.6
2016-09-07,2016.6844,129.7,-258.4,-32.2,2.4,2.6,9.5
2016-09-08,2016.6872,128.4,-257.7,-23.6,2.6,3.0,9.2
2016-09-09,2016.6899,128.3,-254.7,-16.4,2.7,3.0,9.9
2016-09-10,2016.6926,128.8,-256.0,-21.1,2.2,2.3,8.0
2016-09-11,2016.6954,128.4,-255.2,-25.0,2.4,2.7,8.8
2016-09-12,2016.6981,129.5,-255.5,-25.3,1.9,2.1,7.2
2016-09-13,2016.7008,129.3,-256.1,-27.9,2.2,2.4,7.9
2016-09-14,2016.7036,128.1,-255.4,-26.2,1.9,2.1,7.4
2016-09-15,2016.7063,130.0,-253.4,-24.2,2.6,2.9,9.7
2016-09-16,2016.709,131.1,-254.7,-29.6,2.6,2.9,8.9
2016-09-17,2016.7117,128.3,-254.9,-23.9,2.2,2.5,8.4
2016-09-18,2016.7145,130.3,-255.6,-23.4,2.4,2.5,9.0
2016-09-19,2016.7172,130.6,-255.3,-24.6,2.6,2.8,8.9
2016-09-20,2016.7199,129.6,-253.6,-25.2,2.4,2.8,8.2
2016-09-21,2016.7227,128.6,-255.2,-25.7,2.3,2.5,7.9
2016-09-22,2016.7254,130.0,-255.7,-24.2,1.9,2.0,7.0
2016-09-23,2016.7281,129.1,-254.1,-24.2,2.1,2.3,7.8
2016-09-24,2016.7309,128.2,-253.7,-21.2,2.3,2.7,8.3
2016-09-25,2016.7336,126.5,-253.9,-25.7,2.1,2.3,7.6
2016-09-26,2016.7363,127.7,-254.3,-18.2,2.4,2.8,8.4
2016-09-27,2016.7391,129.5,-253.1,-19.9,2.5,2.7,9.05
2016-09-28,2016.7418,125.3,-251.9,-21.6,2.5,2.6,9.7
2016-09-29,2016.7445,128.1,-253.3,-22.1,2.7,3.0,9.0
2016-09-30,2016.7473,129.7,-252.9,-27.1,2.1,2.3,7.9
2016-10-01,2016.75,126.6,-252.2,-24.6,2.1,2.2,8.1
2016-10-02,2016.7527,126.9,-253.1,-25.5,2.6,2.8,8.43
2016-10-03,2016.7555,126.7,-254.1,-26.4,2.3,2.5,8.77
2016-10-04,2016.7582,126.9,-253.0,-27.3,2.4,2.5,9.1
2016-10-05,2016.7609,127.5,-251.4,-28.8,2.2,2.4,8.2
2016-10-06,2016.7637,128.7,-252.7,-23.5,1.9,2.0,7.1
2016-10-07,2016.7664,128.2,-253.5,-23.4,2.0,2.2,7.5
2016-10-08,2016.7691,127.7,-253.0,-26.4,2.1,2.2,8.1
2016-10-09,2016.7719,127.8,-250.0,-18.1,2.2,2.4,7.7
2016-10-10,2016.7746,128.1,-251.3,-17.4,2.1,2.3,7.9
2016-10-11,2016.7773,128.4,-252.0,-17.8,2.2,2.4,8.3
2016-10-12,2016.7801,127.9,-252.4,-23.2,2.1,2.4,7.8
2016-10-13,2016.7828,125.5,-250.2,-28.2,2.0,2.2,7.7
2016-10-14,2016.7855,126.4,-253.0,-24.5,2.1,2.3,8.1
2016-10-15,2016.7883,126.7,-251.9,-18.5,2.1,2.3,8.2
2016-10-16,2016.791,128.2,-252.6,-16.2,2.8,3.2,11.2
2016-10-17,2016.7937,129.4,-250.7,-19.7,2.8,3.2,10.6
2016-10-18,2016.7964,127.5,-251.1,-20.4,2.2,2.4,8.6
2016-10-19,2016.7992,128.0,-252.2,-21.8,2.0,2.2,7.8
2016-10-20,2016.8019,127.3,-252.1,-19.6,2.2,2.6,8.0
2016-10-21,2016.8046,126.6,-251.8,-24.7,1.9,2.1,7.4
2016-10-22,2016.8074,126.6,-252.3,-16.4,2.1,2.4,7.8
2016-10-23,2016.8101,126.5,-252.9,-16.3,2.2,2.6,8.1
2016-10-24,2016.8128,125.2,-250.4,-19.4,2.3,2.5,8.1
2016-10-25,2016.8156,125.2,-251.6,-22.0,2.4,2.6,8.8
2016-10-26,2016.8183,123.1,-254.7,-21.7,2.7,2.9,10.0
2016-10-27,2016.821,126.5,-250.0,-27.7,2.3,2.4,8.8
2016-10-28,2016.8238,128.7,-252.9,-22.0,2.2,2.4,7.9
2016-10-29,2016.8265,126.4,-250.0,-21.3,2.1,2.4,8.0
2016-10-30,2016.8292,127.5,-252.5,-21.9,2.2,2.3,8.1
2016-10-31,2016.832,126.0,-250.5,-29.9,1.9,2.0,7.0
2016-11-01,2016.8347,126.3,-250.2,-29.0,2.5,2.8,8.9
2016-11-02,2016.8374,124.8,-247.6,-26.6,2.1,2.4,7.7
2016-11-03,2016.8402,124.9,-249.2,-23.1,2.1,2.3,7.8
2016-11-04,2016.8429,124.6,-250.0,-19.35,2.1,2.3,7.45
2016-11-05,2016.8456,125.2,-250.6,-15.6,1.9,2.2,7.1
2016-11-06,2016.8484,124.0,-250.1,-28.3,2.2,2.5,8.7
2016-11-07,2016.8511,125.8,-253.0,-34.0,2.5,2.8,9.4
2016-11-08,2016.8538,126.8,-251.6,-16.4,2.6,2.9,9.5
2016-11-09,2016.8566,126.3,-248.4,-27.6,2.3,2.5,8.0
2016-11-10,2016.8593,123.8,-249.4,-27.3,2.1,2.3,7.5
2016-11-11,2016.862,123.7,-251.9,-18.2,2.5,2.8,8.9
2016-11-12,2016.8648,126.2,-249.2,-29.1,2.1,2.3,7.3
2016-11-13,2016.8675,126.0,-251.8,-20.8,2.1,2.2,7.4
2016-11-14,2016.8702,124.7,-249.5,-25.1,2.2,2.5,7.7
2016-11-15,2016.873,124.3,-250.2,-24.1,2.2,2.4,7.7
2016-11-16,2016.8757,124.4,-250.0,-24.4,1.8,2.0,6.7
2016-11-17,2016.8784,122.1,-249.2,-28.9,1.9,2.1,7.0
2016-11-18,2016.8811,124.0,-247.5,-20.0,2.2,2.5,8.0
2016-11-19,2016.8839,124.8,-251.2,-20.2,1.9,2.2,7.0
2016-11-20,2016.8866,123.2,-250.4,-23.4,1.7,1.9,6.3
2016-11-21,2016.8893,125.1,-249.6,-17.3,2.0,2.1,6.9
2016-11-22,2016.8921,124.4,-248.2,-17.9,1.8,2.0,6.6
2016-11-23,2016.8948,124.1,-248.4,-19.4,2.1,2.4,7.4
2016-11-24,2016.8975,123.5,-247.7,-16.0,2.4,2.6,7.9
2016-11-25,2016.9003,124.1,-248.8,-16.6,1.9,2.1,7.0
2016-11-26,2016.903,121.9,-249.4,-23.7,1.8,1.9,6.5
2016-11-27,2016.9057,123.5,-248.1,-23.3,2.1,2.5,7.5
2016-11-28,2016.9085,122.6,-249.8,-22.3,1.8,2.1,6.7
2016-11-29,2016.9112,122.8,-248.6,-23.3,2.1,2.4,7.8
2016-11-30,2016.9139,123.0,-248.0,-29.6,1.9,2.1,7.0
2016-12-01,2016.9167,119.2,-249.5,-23.0,2.0,2.2,7.3
2016-12-02,2016.9194,122.9,-246.7,-21.4,1.9,2.1,7.2
2016-12-03,2016.9221,121.2,-249.2,-25.0,2.1,2.4,7.2
2016-12-04,2016.9249,122.8,-248.9,-29.9,2.0,2.3,7.5
2016-12-05,2016.9276,123.1,-248.6,-24.3,1.9,2.1,7.3
2016-12-06,2016.9303,120.6,-248.3,-18.6,1.9,2.1,7.1
2016-12-07,2016.9331,120.5,-248.2,-21.7,2.1,2.4,7.3
2016-12-08,2016.9358,122.0,-249.1,-18.4,2.2,2.5,7.7
2016-12-09,2016.9385,123.6,-249.1,-13.8,1.9,2.2,6.9
2016-12-10,2016.9413,122.1,-247.8,-12.1,1.8,2.0,6.7
2016-12-11,2016.944,121.5,-247.9,-15.6,1.9,2.2,6.8
2016-12-12,2016.9467,120.2,-248.7,-13.8,2.1,2.2,7.0
2016-12-13,2016.9495,123.7,-249.3,-17.2,1.7,1.8,6.3
2016-12-14,2016.9522,122.6,-248.3,-15.5,1.8,2.0,6.6
2016-12-15,2016.9549,122.8,-247.5,-17.3,1.8,1.9,7.0
2016-12-16,2016.9577,121.7,-247.8,-10.0,1.9,2.1,7.0
2016-12-17,2016.9604,120.9,-246.5,-14.8,1.8,2.0,7.0
2016-12-18,2016.9631,121.8,-247.9,-13.6,1.9,2.2,7.7
2016-12-19,2016.9658,120.6,-247.3,-8.6,1.9,2.1,7.0
2016-12-20,2016.9686,123.7,-246.5,-13.7,1.8,1.9,6.6
2016-12-21,2016.9713,123.6,-247.5,-15.8,1.8,2.0,6.7
2016-12-22,2016.974,122.2,-245.8,-15.0,1.9,2.2,6.7
2016-12-23,2016.9768,122.6,-244.8,-6.6,1.9,2.1,7.0
2016-12-24,2016.9795,120.5,-247.2,-7.1,2.1,2.3,7.5
2016-12-25,2016.9822,119.5,-249.8,-13.05,2.2,2.4,7.8
2016-12-26,2016.985,120.3,-247.2,-19.0,2.2,2.5,8.1
2016-12-27,2016.9877,121.2,-247.0,-21.5,2.1,2.3,8.0
2016-12-28,2016.9904,122.4,-246.7,-19.6,1.9,2.0,6.7
2016-12-29,2016.9932,122.8,-245.5,-18.5,1.7,1.8,6.3
2016-12-30,2016.9959,123.1,-246.0,-11.9,1.7,1.9,6.5
2016-12-31,2016.9986,124.0,-245.0,-9.4,2.1,2.4,7.5
2017-01-01,2017.0014,121.7,-248.2,-16.2,2.1,2.4,7.5
2017-01-02,2017.0041,122.0,-246.6,-8.8,2.0,2.1,7.0
2017-01-03,2017.0068,123.0,-246.5,-10.5,1.9,2.0,7.1
2017-01-04,2017.0096,122.9,-246.8,-10.1,1.8,2.0,6.7
2017-01-05,2017.0123,121.4,-246.2,-12.0,2.1,2.3,7.1
2017-01-06,2017.0151,124.3,-248.5,-10.8,2.0,2.3,7.3
2017-01-07,2017.0178,123.6,-245.4,-9.4,1.8,2.1,6.7
2017-01-08,2017.0205,121.4,-244.8,-14.7,2.0,2.3,7.2
2017-01-09,2017.0233,120.0,-242.0,-14.1,2.1,2.4,7.9
2017-01-10,2017.026,122.3,-244.8,-14.8,1.9,2.2,7.2
2017-01-11,2017.0288,123.3,-245.2,-16.9,2.0,2.3,7.6
2017-01-12,2017.0315,121.4,-245.8,-3.4,2.1,2.5,7.7
2017-01-13,2017.0342,124.4,-243.7,-17.1,2.0,2.4,7.6
2017-01-14,2017.037,123.5,-244.5,-9.2,2.1,2.4,7.2
2017-01-15,2017.0397,125.6,-242.3,-14.2,2.1,2.4,7.4
2017-01-16,2017.0425,122.7,-239.2,-13.8,1.8,2.1,6.9
2017-01-17,2017.0452,123.5,-240.7,-15.6,1.9,2.3,7.4
2017-01-18,2017.0479,123.0,-242.3,-18.7,2.1,2.4,7.8
2017-01-19,2017.0507,121.2,-242.4,-14.6,1.9,2.2,7.1
2017-01-20,2017.0534,122.8,-243.9,-12.6,1.8,2.1,6.8
2017-01-21,2017.0562,119.9,-244.5,-19.3,1.9,2.3,6.9
2017-01-22,2017.0589,122.4,-243.5,-14.5,1.8,2.0,6.5
2017-01-23,2017.0616,122.9,-241.9,-14.9,2.0,2.3,7.2
2017-01-24,2017.0644,121.7,-242.4,-17.4,1.8,2.0,6.7
2017-01-25,2017.0671,121.9,-243.6,-19.8,1.8,2.0,6.5
2017-01-26,2017.0699,121.6,-243.8,-17.2,1.9,2.2,7.0
2017-01-27,2017.0726,123.5,-245.3,-11.2,1.9,2.2,7.0
2017-01-28,2017.0753,122.3,-243.5,-10.9,2.0,2.3,7.9
2017-01-29,2017.0781,122.2,-243.4,-12.1,1.8,2.1,6.7
2017-01-30,2017.0808,124.2,-244.8,-15.0,1.8,2.1,7.0
2017-01-31,2017.0836,122.1,-243.8,-8.4,2.0,2.2,7.1
2017-02-01,2017.0863,121.7,-242.6,-15.2,2.0,2.3,7.2
2017-02-02,2017.089,122.6,-243.5,-12.7,2.0,2.4,7.7
2017-02-03,2017.0918,123.8,-242.5,-9.6,1.8,2.1,6.8
2017-02-04,2017.0945,123.4,-241.5,-9.4,1.7,1.9,6.4
2017-02-05,2017.0973,122.5,-242.0,-9.67,2.0,2.2,6.6
2017-02-06,2017.1,123.1,-238.2,-9.93,1.9,2.1,6.8
2017-02-07,2017.1027,123.5,-240.9,-10.2,1.9,2.1,7.0
2017-02-08,2017.1055,122.4,-241.2,-11.0,1.8,2.1,6.8
2017-02-09,2017.1082,122.6,-239.9,-6.9,1.9,2.1,7.1
2017-02-10,2017.111,122.4,-237.3,-12.7,1.9,2.1,7.2
2017-02-11,2017.1137,123.5,-238.6,-15.3,1.9,2.2,7.2
2017-02-12,2017.1164,123.4,-241.1,-15.0,1.8,2.0,6.9
2017-02-13,2017.1192,122.6,-240.3,-9.0,2.0,2.2,7.2
2017-02-14,2017.1219,122.8,-243.2,-11.4,1.8,2.0,6.9
2017-02-15,2017.1247,122.7,-240.7,-10.8,1.9,2.1,6.8
2017-02-16,2017.1274,122.5,-242.2,-7.7,1.8,2.1,6.8
2017-02-17,2017.1301,123.6,-239.9,-7.2,1.9,2.1,6.6
2017-02-18,2017.1329,121.9,-241.2,-14.0,2.0,2.2,7.4
2017-02-19,2017.1356,122.8,-243.4,-8.1,2.1,2.4,7.5
2017-02-20,2017.1384,122.7,-241.9,-2.2,2.0,2.3,7.6
2017-02-21,2017.1411,121.9,-243.3,-10.9,1.8,2.1,7.1
2017-02-22,2017.1438,123.5,-237.2,-6.7,2.0,2.3,7.4
2017-02-23,2017.1466,122.1,-236.7,-5.9,2.0,2.3,7.8
2017-02-24,2017.1493,123.3,-237.8,-10.0,2.2,2.5,8.2
2017-02-25,2017.1521,126.0,-239.8,-7.7,2.0,2.2,7.3
2017-02-26,2017.1548,123.7,-238.6,-4.7,1.9,2.1,6.8
2017-02-27,2017.1575,124.4,-238.9,-4.5,2.0,2.3,7.6
2017-02-28,2017.1603,124.0,-240.1,-7.5,2.0,2.3,7.3
2017-03-01,2017.163,124.0,-239.4,-16.7,2.0,2.4,7.6
2017-03-02,2017.1658,122.6,-237.8,-10.3,2.0,2.2,7.3
2017-03-03,2017.1685,121.7,-239.5,-5.4,1.9,2.1,7.0
2017-03-04,2017.1712,123.8,-237.7,-4.2,2.2,2.5,8.2
2017-03-05,2017.174,125.4,-238.8,-12.1,1.9,2.1,7.5
2017-03-06,2017.1767,122.6,-239.7,-14.6,2.5,2.9,8.9
2017-03-07,2017.1795,123.4,-239.8,-7.3,2.1,2.4,7.6
2017-03-08,2017.1822,123.0,-239.4,-9.3,2.0,2.2,7.2
2017-03-09,2017.1849,121.1,-238.8,-7.6,1.8,2.0,7.0
2017-03-10,2017.1877,121.9,-238.3,-6.9,2.1,2.4,7.8
2017-03-11,2017.1904,122.2,-240.1,-2.3,2.1,2.4,7.4
2017-03-12,2017.1932,120.7,-242.4,-1.4,2.3,2.6,8.3
2017-03-13,2017.1959,123.1,-240.0,-5.2,2.0,2.2,7.6
2017-03-14,2017.1986,122.9,-240.4,-14.0,2.3,2.6,8.1
2017-03-15,2017.2014,125.7,-239.2,-13.7,2.1,2.3,7.6
2017-03-16,2017.2041,125.1,-239.3,-17.2,2.1,2.4,7.3
2017-03-17,2017.2068,126.0,-240.2,-14.5,2.0,2.2,7.5
2017-03-18,2017.2096,123.4,-239.6,-11.7,2.6,2.9,8.9
2017-03-19,2017.2123,124.5,-239.0,-15.2,2.3,2.5,8.3
2017-03-20,2017.2151,123.4,-238.2,-16.4,2.1,2.3,7.3
2017-03-21,2017.2178,124.8,-240.8,-14.0,2.3,2.5,8.8
2017-03-22,2017.2205,124.4,-241.1,-15.4,2.1,2.4,7.7
2017-03-23,2017.2233,122.8,-239.0,-18.7,2.1,2.3,7.6
2017-03-24,2017.226,126.2,-240.3,-7.1,2.5,2.9,9.5
2017-03-25,2017.2288,125.9,-240.2,-8.7,2.4,2.7,8.5
2017-03-26,2017.2315,121.7,-238.2,-19.2,2.2,2.5,7.9
2017-03-27,2017.2342,124.1,-240.0,-13.5,2.1,2.4,7.7
2017-03-28,2017.237,122.8,-239.8,-11.9,2.1,2.4,8.1
2017-03-29,2017.2397,124.1,-239.1,-2.8,2.4,2.7,9.0
2017-03-30,2017.2425,123.4,-239.4,-9.3,2.2,2.6,7.8
2017-03-31,2017.2452,121.8,-238.8,-8.9,2.1,2.3,7.8
2017-04-01,2017.2479,123.2,-237.7,-8.5,1.9,2.4,7.3
2017-04-02,2017.2507,122.2,-238.4,-8.4,2.4,2.7,8.6
2017-04-03,2017.2534,122.4,-237.4,-2.4,2.2,2.6,8.3
2017-04-04,2017.2562,123.2,-242.0,1.6,2.1,2.4,8.0
2017-04-05,2017.2589,122.4,-240.1,-6.9,2.3,2.6,8.4
2017-04-06,2017.2616,122.8,-241.9,-1.3,2.0,2.2,7.6
2017-04-07,2017.2644,122.2,-241.8,3.1,2.2,2.5,8.2
2017-04-08,2017.2671,131.3,-245.3,0.8,2.6,3.0,10.2
2017-04-09,2017.2699,125.3,-238.2,10.4,2.3,2.5,9.1
2017-04-10,2017.2726,126.0,-234.3,9.5,2.5,2.8,9.4
2017-04-11,2017.2753,125.0,-237.5,0.6,2.4,2.6,9.2
2017-04-12,2017.2781,126.1,-238.1,6.1,2.2,2.4,7.9
2017-04-13,2017.2808,122.2,-241.1,1.1,2.6,2.9,9.5
2017-04-14,2017.2836,123.4,-241.4,6.5,2.4,2.8,9.1
2017-04-15,2017.2863,124.2,-241.4,9.8,2.2,2.6,8.5
2017-04-16,2017.289,123.8,-239.8,-4.3,1.9,2.2,7.1
2017-04-17,2017.2918,123.8,-239.7,-0.8,2.2,2.5,8.0
2017-04-18,2017.2945,122.5,-240.1,-1.3,2.0,2.3,7.6
2017-04-19,2017.2973,121.5,-238.9,-4.6,2.1,2.4,7.8
2017-04-20,2017.3,122.1,-237.6,-5.2,2.2,2.4,8.4
2017-04-21,2017.3027,122.0,-237.0,-4.9,2.2,2.4,8.3
2017-04-22,2017.3055,117.5,-237.8,-6.0,2.1,2.3,7.8
2017-04-23,2017.3082,120.6,-238.5,-9.7,2.1,2.5,7.9
2017-04-24,2017.311,120.8,-238.0,-6.2,2.4,2.8,8.8
2017-04-25,2017.3137,123.2,-237.4,-9.3,2.5,2.9,9.0
2017-04-26,2017.3164,122.9,-239.0,-18.9,2.6,2.9,9.3
2017-04-27,2017.3192,120.3,-239.0,-11.6,2.2,2.5,8.8
2017-04-28,2017.3219,120.6,-237.6,-11.1,2.4,2.7,9.0
2017-04-29,2017.3247,122.1,-242.2,-4.2,2.3,2.6,8.5
2017-04-30,2017.3274,119.9,-239.4,-2.1,2.4,2.7,9.0
2017-05-01,2017.3301,121.8,-235.0,-8.4,2.2,2.5,8.5
2017-05-02,2017.3329,122.7,-236.6,-5.5,2.4,2.9,9.2
2017-05-03,2017.3356,122.3,-237.3,-13.6,1.8,2.1,7.0
2017-05-04,2017.3384,122.0,-237.7,-3.8,2.4,2.8,9.4
2017-05-05,2017.3411,122.3,-237.8,-12.4,2.4,2.7,9.8
2017-05-06,2017.3438,122.2,-234.8,-3.8,2.2,2.4,8.5
2017-05-07,2017.3466,122.5,-238.4,-10.9,2.2,2.5,8.3
2017-05-08,2017.3493,121.3,-235.0,-6.7,2.6,2.9,9.9
2017-05-09,2017.3521,119.7,-235.0,-3.4,2.4,2.8,9.3
2017-05-10,2017.3548,120.3,-236.2,-16.9,2.3,2.7,8.9
2017-05-11,2017.3575,120.8,-235.4,-6.7,2.1,2.4,8.6
2017-05-12,2017.3603,119.7,-234.2,-13.3,2.4,2.9,8.8
2017-05-13,2017.363,120.8,-233.4,-2.8,2.1,2.3,8.2
2017-05-14,2017.3658,121.1,-235.2,-10.4,2.1,2.3,7.9
2017-05-15,2017.3685,120.4,-233.8,-7.4,1.8,2.1,7.0
2017-05-16,2017.3712,120.1,-235.1,-10.7,2.0,2.2,7.4
2017-05-17,2017.374,119.3,-233.1,-8.8,2.0,2.3,7.5
2017-05-18,2017.3767,118.6,-233.6,-10.4,2.1,2.4,7.8
2017-05-19,2017.3795,119.3,-231.9,-7.3,2.1,2.3,8.2
2017-05-20,2017.3822,119.7,-232.3,2.6,2.4,2.9,9.1
2017-05-21,2017.3849,118.5,-231.2,0.2,2.1,2.4,8.2
2017-05-22,2017.3877,119.1,-234.0,-1.9,2.1,2.4,8.1
2017-05-23,2017.3904,119.1,-232.3,-11.8,2.3,2.6,9.1
2017-05-24,2017.3932,116.7,-232.6,-13.0,2.5,2.9,9.1
2017-05-25,2017.3959,119.9,-231.9,-7.4,2.3,2.6,8.8
2017-05-26,2017.3986,117.2,-233.1,-8.7,2.0,2.3,7.3
2017-05-27,2017.4014,118.2,-232.8,-11.7,1.9,2.1,7.3
2017-05-28,2017.4041,117.0,-232.6,-10.3,1.9,2.1,7.4
2017-05-29,2017.4068,116.3,-230.0,-4.3,2.3,2.7,8.2
2017-05-30,2017.4096,117.9,-230.3,-8.9,2.2,2.4,8.1
2017-05-31,2017.4123,116.3,-233.3,-10.2,2.1,2.4,8.2
2017-06-01,2017.4151,116.8,-231.1,-10.3,2.6,3.0,9.9
2017-06-02,2017.4178,119.3,-233.5,-3.2,2.6,2.9,10.6
2017-06-03,2017.4205,118.4,-232.5,-2.6,2.4,2.8,9.4
2017-06-04,2017.4233,118.5,-232.0,-1.1,2.4,2.6,9.1
2017-06-05,2017.426,118.2,-229.1,-7.4,2.5,2.9,9.4
2017-06-06,2017.4288,117.7,-230.0,-9.1,2.6,3.1,9.9
2017-06-07,2017.4315,118.4,-228.0,6.1,2.5,2.9,9.0
2017-06-08,2017.4342,114.9,-229.7,3.4,2.7,3.1,10.1
2017-06-09,2017.437,117.3,-232.2,-2.3,2.1,2.3,8.4
2017-06-10,2017.4397,117.8,-228.9,3.4,2.4,2.7,9.8
2017-06-11,2017.4425,115.8,-231.1,-2.3,2.7,3.1,9.7
2017-06-12,2017.4452,115.9,-231.2,-2.0,2.8,2.9,11.2
2017-06-13,2017.4479,117.5,-230.5,-6.0,2.3,2.7,8.3
2017-06-14,2017.4507,116.5,-232.3,-0.5,2.1,2.2,7.9
2017-06-15,2017.4534,114.4,-228.7,7.7,2.1,2.3,8.3
2017-06-16,2017.4562,118.6,-228.8,-9.5,2.1,2.3,8.2
2017-06-17,2017.4589,116.0,-230.1,-2.7,2.2,2.4,8.5
2017-06-18,2017.4616,118.3,-229.0,-8.3,2.3,2.6,8.6
2017-06-19,2017.4644,115.7,-228.9,-2.4,2.3,2.5,9.3
2017-06-20,2017.4671,116.7,-230.1,-7.1,1.9,2.1,6.9
2017-06-21,2017.4699,116.8,-229.1,-8.1,2.5,2.9,9.1
2017-06-22,2017.4726,115.2,-227.6,-4.9,2.3,2.6,8.8
2017-06-23,2017.4753,116.1,-231.1,-3.4,2.2,2.5,8.4
2017-06-24,2017.4781,117.0,-228.8,-9.4,2.7,2.9,9.2
2017-06-25,2017.4808,116.5,-229.1,-10.8,2.1,2.3,8.2
2017-06-26,2017.4836,116.8,-227.1,-3.8,2.3,2.7,8.7
2017-06-27,2017.4863,116.7,-228.4,-12.6,1.9,2.1,7.2
2017-06-28,2017.489,116.5,-227.9,-6.5,2.3,2.6,8.6
2017-06-29,2017.4918,116.9,-227.1,-12.8,2.1,2.4,7.9
2017-06-30,2017.4945,116.2,-227.6,-3.2,2.2,2.5,8.8
2017-07-01,2017.4973,116.2,-227.8,-5.2,2.3,2.6,8.3
2017-07-02,2017.5,115.9,-226.6,-5.6,2.2,2.4,8.1
2017-07-03,2017.5027,114.7,-225.2,-14.3,2.3,2.6,7.9
2017-07-04,2017.5055,115.5,-227.9,-9.3,2.0,2.2,7.7
2017-07-05,2017.5082,116.5,-225.2,-13.5,2.3,2.6,8.9
2017-07-06,2017.511,113.3,-227.6,-4.5,2.6,3.0,9.4
2017-07-07,2017.5137,113.6,-225.5,-9.6,2.4,2.8,8.7
2017-07-08,2017.5164,114.9,-227.3,-9.8,2.3,2.8,8.2
2017-07-09,2017.5192,113.7,-226.0,-10.8,2.2,2.6,7.9
2017-07-10,2017.5219,115.2,-230.3,-12.1,2.1,2.3,8.4
2017-07-11,2017.5247,114.7,-228.0,-13.8,2.3,2.6,9.1
2017-07-12,2017.5274,115.1,-225.0,-14.9,2.0,2.2,7.6
2017-07-13,2017.5301,113.7,-225.9,-15.82,2.5,2.9,7.88
2017-07-14,2017.5329,115.9,-227.1,-16.75,2.8,3.1,8.15
2017-07-15,2017.5356,114.7,-228.7,-17.68,3.1,3.6,8.42
2017-07-16,2017.5384,115.9,-226.3,-18.6,2.3,2.6,8.7
2017-07-17,2017.5411,117.5,-226.1,-24.4,3.0,3.4,11.6
2017-07-18,2017.5438,113.4,-227.6,-20.1,2.1,2.3,8.0
2017-07-19,2017.5466,115.5,-227.2,-17.3,2.4,2.6,9.9
2017-07-20,2017.5493,114.9,-228.1,-20.7,2.3,2.4,9.0
2017-07-21,2017.5521,114.2,-226.7,-17.1,2.1,2.3,8.0
2017-07-22,2017.5548,114.0,-225.8,-23.1,2.3,2.6,8.5
2017-07-23,2017.5575,111.8,-226.0,-13.9,2.1,2.3,7.8
2017-07-24,2017.5603,114.7,-227.3,-19.4,2.1,2.3,7.6
2017-07-25,2017.563,113.9,-227.9,-20.3,2.5,2.8,9.1
2017-07-26,2017.5658,114.0,-226.2,-7.1,2.5,2.9,10.1
2017-07-27,2017.5685,112.8,-226.5,-25.4,2.9,3.4,11.6
2017-07-28,2017.5712,114.0,-226.4,-16.7,2.8,3.0,10.4
2017-07-29,2017.574,113.4,-226.5,-19.1,2.8,3.0,10.4
2017-07-30,2017.5767,113.9,-223.8,-20.0,2.7,2.9,10.4
2017-07-31,2017.5795,112.2,-225.9,-15.2,2.2,2.4,8.7
2017-08-01,2017.5822,113.1,-226.5,-18.3,2.8,3.0,11.2
2017-08-02,2017.5849,112.5,-226.9,-12.1,2.7,2.9,11.0
2017-08-03,2017.5877,111.3,-224.1,-14.8,2.5,2.8,9.8
2017-08-04,2017.5904,111.0,-226.6,-18.4,2.4,2.7,9.6
2017-08-05,2017.5932,112.3,-223.5,-12.3,3.4,3.7,11.5
2017-08-06,2017.5959,114.8,-226.0,-23.6,2.3,2.5,9.2
2017-08-07,2017.5986,112.6,-226.8,-17.5,2.1,2.2,8.1
2017-08-08,2017.6014,112.8,-224.6,-19.3,2.6,2.9,8.7
2017-08-09,2017.6041,112.7,-226.3,-21.4,2.6,2.9,9.2
2017-08-10,2017.6068,115.2,-225.1,-23.3,1.8,2.0,7.0
2017-08-11,2017.6096,114.5,-224.7,-18.1,2.3,2.6,8.6
2017-08-12,2017.6123,112.9,-224.6,-20.5,2.7,3.1,9.7
2017-08-13,2017.6151,114.2,-224.4,-23.9,2.4,2.6,9.1
2017-08-14,2017.6178,112.9,-223.5,-18.5,2.2,2.5,8.5
2017-08-15,2017.6205,112.3,-222.8,-18.3,2.3,2.6,9.05
2017-08-16,2017.6233,111.7,-223.5,-18.1,2.8,3.1,9.6
2017-08-17,2017.626,110.5,-224.3,-27.1,2.8,2.9,10.4
2017-08-18,2017.6288,111.1,-223.3,-25.6,3.0,3.3,10.3
2017-08-19,2017.6315,112.3,-223.5,-32.3,2.4,2.9,9.0
2017-08-20,2017.6342,110.5,-221.2,-24.7,2.5,2.8,8.9
2017-08-21,2017.637,112.0,-222.8,-29.8,2.2,2.5,8.6
2017-08-22,2017.6397,113.2,-223.1,-26.9,2.0,2.1,7.9
2017-08-23,2017.6425,114.0,-222.6,-24.0,2.9,3.2,11.5
2017-08-24,2017.6452,111.9,-226.5,-12.6,2.4,2.7,8.7
2017-08-25,2017.6479,111.8,-224.1,-17.3,2.2,2.5,8.6
2017-08-26,2017.6507,112.0,-222.7,-19.4,2.2,2.4,8.8
2017-08-27,2017.6534,112.1,-220.6,-26.1,2.3,2.6,8.4
2017-08-28,2017.6562,112.2,-221.9,-25.0,2.4,2.6,9.5
2017-08-29,2017.6589,111.6,-223.2,-23.8,2.1,2.3,8.3
2017-08-30,2017.6616,110.2,-222.3,-24.9,2.4,2.6,9.9
2017-08-31,2017.6644,109.9,-219.2,-22.1,2.2,2.4,8.2
2017-09-01,2017.6671,112.2,-222.0,-23.0,2.5,2.6,8.9
2017-09-02,2017.6699,111.0,-222.6,-20.1,2.3,2.5,8.5
2017-09-03,2017.6726,112.0,-220.0,-23.5,3.3,3.4,10.5
2017-09-04,2017.6753,111.2,-222.0,-20.2,2.4,2.5,8.6
2017-09-05,2017.6781,111.1,-224.2,-21.0,2.9,3.1,10.9
2017-09-06,2017.6808,110.9,-221.4,-18.9,2.2,2.4,7.8
2017-09-07,2017.6836,110.5,-220.4,-28.8,2.8,3.0,9.3
2017-09-08,2017.6863,112.4,-219.8,-24.7,2.6,2.8,9.0
2017-09-09,2017.689,112.6,-221.9,-27.2,2.4,2.6,8.6
2017-09-10,2017.6918,112.3,-220.0,-23.4,2.4,2.7,8.5
2017-09-11,2017.6945,112.5,-220.6,-22.2,2.3,2.6,8.3
2017-09-12,2017.6973,112.0,-221.1,-27.9,2.0,2.0,7.4
2017-09-13,2017.7,113.8,-221.8,-32.3,3.0,3.1,9.8
2017-09-14,2017.7027,111.5,-220.6,-27.5,2.3,2.4,8.9
2017-09-15,2017.7055,112.8,-223.6,-19.9,2.3,2.5,9.1
2017-09-16,2017.7082,109.9,-222.8,-29.4,2.4,2.5,9.0
2017-09-17,2017.711,109.0,-221.0,-31.7,2.4,2.6,8.1
2017-09-18,2017.7137,110.0,-221.7,-22.7,2.3,2.4,8.2
2017-09-19,2017.7164,109.8,-219.2,-25.2,2.2,2.4,8.0
2017-09-20,2017.7192,111.5,-220.4,-23.4,2.1,2.3,8.2
2017-09-21,2017.7219,110.7,-220.7,-21.9,2.2,2.4,8.4
2017-09-22,2017.7247,109.7,-221.0,-23.9,2.1,2.2,8.0
2017-09-23,2017.7274,112.0,-220.5,-21.8,2.1,2.3,8.0
2017-09-24,2017.7301,109.4,-219.6,-21.9,2.4,2.5,8.4
2017-09-25,2017.7329,112.8,-218.9,-22.7,2.2,2.5,8.0
2017-09-26,2017.7356,110.1,-217.1,-24.6,2.3,2.6,8.9
2017-09-27,2017.7384,112.5,-220.4,-19.3,2.3,2.6,9.2
2017-09-28,2017.7411,109.6,-219.7,-29.6,2.5,2.7,10.0
2017-09-29,2017.7438,110.8,-217.2,-22.2,2.4,2.8,8.9
2017-09-30,2017.7466,111.1,-219.4,-18.0,2.3,2.6,8.3
2017-10-01,2017.7493,113.0,-220.2,-17.0,2.3,2.7,8.3
2017-10-02,2017.7521,110.9,-220.3,-22.9,2.4,2.8,9.2
2017-10-03,2017.7548,110.6,-221.1,-26.1,2.7,3.0,10.7
2017-10-04,2017.7575,111.2,-217.4,-15.7,2.4,2.7,9.4
2017-10-05,2017.7603,111.0,-218.8,-23.7,2.4,2.8,9.2
2017-10-06,2017.763,110.4,-218.7,-22.7,2.0,2.2,7.6
2017-10-07,2017.7658,111.1,-220.6,-21.2,2.2,2.5,8.5
2017-10-08,2017.7685,111.4,-219.2,-24.3,2.3,2.5,8.5
2017-10-09,2017.7712,109.7,-218.5,-23.7,2.2,2.4,8.1
2017-10-10,2017.774,110.1,-217.6,-19.7,2.5,2.8,9.8
2017-10-11,2017.7767,108.7,-217.2,-19.8,2.2,2.5,7.9
2017-10-12,2017.7795,108.9,-217.1,-23.3,2.2,2.4,8.2
2017-10-13,2017.7822,108.0,-217.9,-25.4,2.0,2.2,7.4
2017-10-14,2017.7849,108.1,-217.9,-20.2,2.2,2.5,8.6
2017-10-15,2017.7877,108.7,-218.2,-16.9,2.5,2.7,9.2
2017-10-16,2017.7904,109.1,-218.5,-20.7,1.9,2.1,6.9
2017-10-17,2017.7932,108.1,-219.6,-24.4,2.1,2.2,7.5
2017-10-18,2017.7959,107.8,-218.8,-27.2,2.2,2.3,7.9
2017-10-19,2017.7986,109.0,-217.4,-30.0,2.2,2.3,8.3
2017-10-20,2017.8014,106.8,-215.2,-22.2,2.3,2.5,8.2
2017-10-21,2017.8041,108.8,-219.0,-27.2,2.2,2.4,8.4
2017-10-22,2017.8068,108.9,-219.4,-26.75,2.6,2.8,8.9
2017-10-23,2017.8096,106.9,-219.7,-26.3,2.3,2.6,9.4
2017-10-24,2017.8123,105.7,-215.4,-28.5,2.3,2.5,8.7
2017-10-25,2017.8151,107.7,-216.8,-26.2,2.1,2.4,7.7
2017-10-26,2017.8178,103.8,-214.9,-20.1,2.0,2.2,7.8
2017-10-27,2017.8205,106.5,-217.5,-29.6,1.8,2.0,6.8
2017-10-28,2017.8233,107.5,-215.8,-28.3,1.9,2.1,7.1
2017-10-29,2017.826,107.5,-217.4,-28.7,1.9,2.1,7.0
2017-10-30,2017.8288,108.4,-217.6,-23.6,1.8,2.1,7.0
2017-10-31,2017.8315,108.6,-216.3,-26.0,2.1,2.3,7.5
2017-11-01,2017.8342,108.3,-214.9,-15.9,2.1,2.4,7.7
2017-11-02,2017.837,109.0,-215.7,-17.6,2.2,2.4,8.7
2017-11-03,2017.8397,109.5,-216.2,-22.2,1.9,2.1,7.1
2017-11-04,2017.8425,108.0,-217.6,-28.8,1.7,1.8,6.2
2017-11-05,2017.8452,108.3,-216.4,-27.4,1.9,2.1,6.7
2017-11-06,2017.8479,108.5,-218.2,-25.1,2.1,2.3,7.5
2017-11-07,2017.8507,107.9,-216.3,-24.5,2.3,2.5,8.2
2017-11-08,2017.8534,107.5,-215.8,-18.2,2.1,2.4,7.5
2017-11-09,2017.8562,106.5,-216.8,-17.6,2.1,2.4,8.0
2017-11-10,2017.8589,105.6,-215.8,-12.6,2.1,2.3,7.9
2017-11-11,2017.8616,106.0,-213.6,-13.9,2.0,2.3,7.0
2017-11-12,2017.8644,108.0,-214.9,-14.8,1.9,2.2,7.1
2017-11-13,2017.8671,107.8,-215.6,-19.9,1.8,2.0,6.7
2017-11-14,2017.8699,107.2,-216.4,-21.1,2.1,2.3,7.6
2017-11-15,2017.8726,108.0,-215.5,-16.0,2.1,2.3,7.7
2017-11-16,2017.8753,107.5,-219.1,-8.3,2.0,2.2,7.5
2017-11-17,2017.8781,107.4,-217.2,-27.0,2.2,2.5,8.2
2017-11-18,2017.8808,107.3,-211.7,-6.1,2.1,2.4,7.7
2017-11-19,2017.8836,106.0,-215.3,-18.4,1.9,2.1,7.4
2017-11-20,2017.8863,102.6,-216.5,-15.2,2.1,2.4,7.7
2017-11-21,2017.889,103.5,-218.2,-15.7,2.0,2.2,7.7
2017-11-22,2017.8918,106.8,-214.8,-22.0,2.3,2.5,9.2
2017-11-23,2017.8945,107.2,-215.8,-19.3,2.0,2.2,7.6
2017-11-24,2017.8973,105.5,-212.6,-19.5,2.0,2.2,7.6
2017-11-25,2017.9,104.8,-216.0,-18.9,1.9,2.1,7.0
2017-11-26,2017.9027,104.6,-213.3,-18.1,2.0,2.2,7.3
2017-11-27,2017.9055,105.1,-215.7,-9.4,1.8,2.0,7.1
2017-11-28,2017.9082,103.6,-215.4,-17.4,1.9,2.1,7.4
2017-11-29,2017.911,104.9,-216.5,-21.6,1.9,2.1,7.2
2017-11-30,2017.9137,104.5,-216.4,-24.9,1.9,2.1,7.1
2017-12-01,2017.9164,104.7,-213.4,-20.3,1.9,2.1,7.2
2017-12-02,2017.9192,105.7,-213.9,-19.1,1.9,2.1,7.1
2017-12-03,2017.9219,106.7,-214.4,-18.6,1.7,1.9,6.5
2017-12-04,2017.9247,106.2,-214.3,-19.4,1.8,2.0,6.7
2017-12-05,2017.9274,105.6,-213.4,-12.2,1.9,2.0,6.8
2017-12-06,2017.9301,105.9,-212.6,-14.15,2.1,2.4,6.7
2017-12-07,2017.9329,107.1,-213.7,-16.1,1.8,1.9,6.6
2017-12-08,2017.9356,104.9,-215.0,-14.3,1.9,2.1,7.3
2017-12-09,2017.9384,104.8,-215.4,-17.4,1.8,1.9,6.8
2017-12-10,2017.9411,107.5,-214.2,-15.2,2.0,2.1,7.6
2017-12-11,2017.9438,106.3,-215.7,-14.6,1.9,2.1,6.9
2017-12-12,2017.9466,106.0,-213.0,-13.6,2.0,2.2,7.8
2017-12-13,2017.9493,104.6,-212.2,-8.1,1.9,2.0,7.2
2017-12-14,2017.9521,106.8,-215.8,-15.9,2.1,2.2,7.5
2017-12-15,2017.9548,105.5,-214.2,-16.5,2.1,2.3,7.6
2017-12-16,2017.9575,105.2,-214.1,-22.5,2.0,2.2,7.2
2017-12-17,2017.9603,106.5,-211.8,-18.6,1.8,1.9,6.5
2017-12-18,2017.963,106.9,-212.9,-16.3,2.0,2.1,7.1
2017-12-19,2017.9658,107.1,-212.1,-16.7,1.9,2.2,6.8
2017-12-20,2017.9685,105.9,-212.5,-15.6,1.6,1.8,6.2
2017-12-21,2017.9712,106.0,-213.2,-10.2,1.6,1.8,6.0
2017-12-22,2017.974,107.1,-215.1,-8.6,1.8,1.9,6.6
2017-12-23,2017.9767,106.6,-214.4,-12.5,2.0,2.2,6.9
2017-12-24,2017.9795,106.8,-212.0,-9.6,1.8,1.9,6.6
2017-12-25,2017.9822,106.6,-212.3,-6.7,1.7,1.9,6.4
2017-12-26,2017.9849,106.5,-212.8,-9.1,1.9,2.2,6.9
2017-12-27,2017.9877,107.8,-213.5,-12.8,2.1,2.4,7.7
2017-12-28,2017.9904,106.4,-212.7,-12.5,1.7,1.9,6.5
2017-12-29,2017.9932,108.5,-213.5,-11.6,1.8,2.0,6.6
2017-12-30,2017.9959,107.5,-213.1,-17.7,1.9,2.1,7.1
2017-12-31,2017.9986,104.0,-212.5,-4.0,1.8,2.1,7.2
2018-01-01,2018.0014,104.5,-211.3,-9.3,1.9,2.2,7.2
2018-01-02,2018.0041,106.1,-212.4,-8.9,2.0,2.3,7.5
2018-01-03,2018.0068,102.8,-209.6,-15.1,2.3,2.6,8.8
2018-01-04,2018.0096,105.6,-210.0,-9.7,2.0,2.3,7.3
2018-01-05,2018.0123,105.0,-210.9,-17.1,1.9,2.2,7.3
2018-01-06,2018.0151,104.8,-212.2,-17.2,2.0,2.2,7.2
2018-01-07,2018.0178,106.1,-211.4,-14.0,2.0,2.3,7.5
2018-01-08,2018.0205,106.4,-211.2,-17.6,1.8,2.0,6.6
2018-01-09,2018.0233,105.9,-210.8,-10.5,2.1,2.4,7.7
2018-01-10,2018.026,105.8,-209.7,-11.0,1.9,2.1,7.0
2018-01-11,2018.0288,105.8,-208.3,-16.5,1.9,2.2,6.9
2018-01-12,2018.0315,104.0,-211.0,-15.2,1.7,1.9,6.2
2018-01-13,2018.0342,103.7,-210.6,-11.3,1.7,1.9,6.5
2018-01-14,2018.037,104.9,-211.2,-4.8,1.9,2.1,7.1
2018-01-15,2018.0397,104.5,-212.6,-14.2,1.8,2.1,7.2
2018-01-16,2018.0425,104.8,-212.0,-9.9,1.8,2.0,6.6
2018-01-17,2018.0452,104.8,-210.7,-12.6,1.9,2.1,7.1
2018-01-18,2018.0479,105.2,-210.1,-11.5,2.0,2.3,7.1
2018-01-19,2018.0507,105.3,-211.1,-6.7,2.0,2.2,7.3
2018-01-20,2018.0534,105.5,-209.7,-7.3,2.1,2.4,7.6
2018-01-21,2018.0562,106.8,-209.5,-12.4,1.7,1.9,6.3
2018-01-22,2018.0589,106.7,-209.2,-6.6,1.7,1.9,6.4
2018-01-23,2018.0616,107.7,-210.1,-4.9,1.8,2.0,6.5
2018-01-24,2018.0644,107.2,-203.6,-6.1,2.0,2.2,7.4
2018-01-25,2018.0671,106.8,-205.1,-8.2,2.1,2.3,7.6
2018-01-26,2018.0699,104.5,-209.8,-11.5,2.3,2.5,8.7
2018-01-27,2018.0726,105.4,-206.7,-9.1,2.2,2.5,7.8
2018-01-28,2018.0753,106.8,-210.1,-5.0,2.2,2.4,7.6
2018-01-29,2018.0781,106.7,-209.2,-9.5,1.8,2.0,6.7
2018-01-30,2018.0808,108.1,-207.7,-10.8,1.8,2.0,6.7
2018-01-31,2018.0836,106.1,-209.3,-11.0,2.1,2.4,7.6
2018-02-01,2018.0863,106.7,-209.5,-13.7,1.8,2.0,6.6
2018-02-02,2018.089,105.5,-208.7,-13.2,1.9,2.1,6.9
2018-02-03,2018.0918,106.8,-206.5,-11.0,2.1,2.4,7.6
2018-02-04,2018.0945,106.1,-207.5,-8.0,1.7,1.9,6.7
2018-02-05,2018.0973,105.1,-206.4,-13.4,2.1,2.3,7.6
2018-02-06,2018.1,107.7,-207.2,-7.2,2.1,2.4,7.9
2018-02-07,2018.1027,103.8,-210.4,-1.5,1.9,2.0,7.1
2018-02-08,2018.1055,104.3,-204.6,-10.4,2.2,2.5,9.0
2018-02-09,2018.1082,106.6,-205.7,-13.7,1.9,2.1,7.1
2018-02-10,2018.111,105.4,-204.7,-5.0,2.0,2.3,7.9
2018-02-11,2018.1137,107.1,-207.9,-8.9,1.9,2.1,7.5
2018-02-12,2018.1164,106.0,-209.8,-7.7,2.0,2.2,7.5
2018-02-13,2018.1192,105.9,-207.7,-5.85,2.2,2.5,7.95
2018-02-14,2018.1219,103.8,-208.6,-4.0,2.1,2.4,8.4
2018-02-15,2018.1247,106.1,-208.2,-1.3,2.2,2.5,8.5
2018-02-16,2018.1274,105.4,-207.1,-9.9,2.0,2.2,7.4
2018-02-17,2018.1301,105.8,-206.7,-8.5,2.0,2.4,7.6
2018-02-18,2018.1329,107.6,-209.3,-9.3,2.1,2.3,7.7
2018-02-19,2018.1356,108.3,-208.5,-12.9,2.2,2.5,8.6
2018-02-20,2018.1384,108.5,-205.5,-7.8,2.1,2.4,7.8
2018-02-21,2018.1411,106.7,-208.5,-5.1,2.1,2.4,8.0
2018-02-22,2018.1438,106.6,-206.5,-11.3,2.4,2.7,8.4
2018-02-23,2018.1466,105.9,-206.2,-11.7,2.1,2.4,8.1
2018-02-24,2018.1493,105.6,-207.3,-9.4,2.1,2.3,8.2
2018-02-25,2018.1521,106.0,-207.9,-9.8,2.1,2.4,8.0
2018-02-26,2018.1548,104.2,-206.6,-1.4,2.2,2.5,8.3
2018-02-27,2018.1575,107.0,-207.3,-8.7,1.8,2.0,6.9
2018-02-28,2018.1603,105.1,-209.5,-7.7,2.1,2.3,7.8
2018-03-01,2018.163,105.0,-207.2,-4.9,2.0,2.2,7.8
2018-03-02,2018.1658,105.4,-207.2,1.0,2.2,2.5,8.6
2018-03-03,2018.1685,105.5,-209.4,-10.0,2.4,2.6,9.1
2018-03-04,2018.1712,107.8,-210.9,-7.3,2.3,2.5,8.6
2018-03-05,2018.174,106.8,-204.4,-4.6,2.0,2.2,8.1
2018-03-06,2018.1767,106.6,-206.2,-7.2,2.1,2.4,8.3
2018-03-07,2018.1795,108.2,-207.1,-8.3,2.0,2.3,7.7
2018-03-08,2018.1822,106.0,-204.9,-12.0,2.0,2.2,7.5
2018-03-09,2018.1849,103.0,-204.1,-10.1,1.8,2.1,7.3
2018-03-10,2018.1877,104.5,-206.7,-1.8,2.2,2.4,8.6
2018-03-11,2018.1904,104.0,-207.3,-2.7,2.2,2.5,8.5
2018-03-12,2018.1932,103.8,-207.3,-9.8,1.9,2.2,7.5
2018-03-13,2018.1959,102.8,-205.6,-8.0,2.0,2.3,7.9
2018-03-14,2018.1986,106.3,-205.5,-8.2,2.1,2.4,8.0
2018-03-15,2018.2014,105.6,-204.8,-8.7,2.1,2.4,8.5
2018-03-16,2018.2041,104.8,-206.8,2.0,2.1,2.3,8.2
2018-03-17,2018.2068,106.5,-208.0,-2.05,2.4,2.8,8.35
2018-03-18,2018.2096,107.0,-209.1,-6.1,2.2,2.4,8.5
2018-03-19,2018.2123,107.1,-205.1,-3.8,2.1,2.4,7.9
2018-03-20,2018.2151,104.1,-207.3,-9.4,2.2,2.4,8.2
2018-03-21,2018.2178,108.8,-207.5,-2.6,2.2,2.5,7.9
2018-03-22,2018.2205,105.0,-203.4,-0.8,2.1,2.3,8.2
2018-03-23,2018.2233,107.0,-199.8,3.0,2.3,2.7,9.1
2018-03-24,2018.226,106.1,-207.6,-1.7,2.1,2.4,7.8
2018-03-25,2018.2288,105.4,-203.6,-1.5,1.8,2.0,6.9
2018-03-26,2018.2315,106.8,-205.4,5.7,2.1,2.4,8.2
2018-03-27,2018.2342,104.7,-205.9,-0.6,2.2,2.5,8.5
2018-03-28,2018.237,105.6,-205.1,1.6,1.9,2.2,7.4
2018-03-29,2018.2397,106.8,-206.3,0.4,2.1,2.3,7.9
2018-03-30,2018.2425,106.2,-204.6,12.9,2.2,2.4,8.7
2018-03-31,2018.2452,106.6,-207.1,0.5,2.1,2.3,8.2
2018-04-01,2018.2479,106.7,-207.4,-2.0,2.1,2.4,7.9
2018-04-02,2018.2507,106.8,-204.8,-1.1,2.1,2.4,7.7
2018-04-03,2018.2534,105.5,-207.2,8.2,2.1,2.4,8.2
2018-04-04,2018.2562,106.4,-206.9,0.6,1.9,2.2,7.6
2018-04-05,2018.2589,105.4,-206.6,-0.2,2.0,2.2,7.8
2018-04-06,2018.2616,105.0,-204.3,-2.7,2.2,2.4,8.1
2018-04-07,2018.2644,105.3,-204.5,-3.1,2.1,2.5,7.8
2018-04-08,2018.2671,103.3,-202.3,-2.8,2.0,2.3,7.4
2018-04-09,2018.2699,103.7,-204.2,-0.7,2.1,2.3,8.1
2018-04-10,2018.2726,104.3,-206.1,0.5,2.1,2.3,8.0
2018-04-11,2018.2753,104.4,-205.1,4.9,2.1,2.3,8.2
2018-04-12,2018.2781,105.4,-205.9,0.1,2.2,2.5,8.7
2018-04-13,2018.2808,106.2,-202.7,4.1,2.1,2.3,8.2
2018-04-14,2018.2836,105.4,-205.3,-0.1,2.3,2.5,8.8
2018-04-15,2018.2863,103.8,-206.3,0.0,2.0,2.2,7.6
2018-04-16,2018.289,104.7,-202.6,1.5,2.2,2.5,8.6
2018-04-17,2018.2918,105.1,-202.8,3.5,2.2,2.4,7.95
2018-04-18,2018.2945,103.9,-203.3,5.5,1.9,2.2,7.3
2018-04-19,2018.2973,106.3,-204.4,3.4,2.4,2.8,7.7
2018-04-20,2018.3,104.2,-203.8,1.3,2.1,2.3,8.1
2018-04-21,2018.3027,104.0,-204.6,-2.3,2.1,2.4,8.2
2018-04-22,2018.3055,106.5,-202.3,5.6,2.2,2.5,8.4
2018-04-23,2018.3082,104.9,-203.8,-4.8,1.9,2.1,7.3
2018-04-24,2018.311,103.0,-200.9,1.2,2.4,2.8,8.35
2018-04-25,2018.3137,105.5,-205.0,7.2,2.4,2.7,9.4
2018-04-26,2018.3164,103.8,-199.1,-8.3,2.4,2.7,8.7
2018-04-27,2018.3192,102.0,-200.8,-6.2,2.4,2.7,8.9
2018-04-28,2018.3219,106.3,-201.8,-4.5,2.1,2.4,8.1
2018-04-29,2018.3247,105.2,-199.7,-3.7,2.1,2.4,8.15
2018-04-30,2018.3274,103.5,-200.9,-2.9,2.2,2.6,8.2
2018-05-01,2018.3301,106.5,-202.9,-4.0,2.5,2.9,9.0
2018-05-02,2018.3329,104.0,-199.9,-9.2,1.8,2.1,7.2
2018-05-03,2018.3356,104.0,-200.5,-9.4,2.3,2.5,8.1
2018-05-04,2018.3384,103.4,-200.7,-11.9,2.2,2.5,8.5
2018-05-05,2018.3411,105.0,-200.7,-9.0,2.3,2.5,9.1
2018-05-06,2018.3438,104.7,-202.4,-6.3,2.3,2.5,8.5
2018-05-07,2018.3466,104.2,-198.7,-5.0,2.4,2.8,8.6
2018-05-08,2018.3493,102.7,-201.6,-9.4,2.4,2.7,8.9
2018-05-09,2018.3521,100.7,-200.9,-6.4,2.2,2.6,8.7
2018-05-10,2018.3548,103.1,-201.7,-14.8,2.4,2.9,9.0
2018-05-11,2018.3575,103.7,-202.4,-8.7,2.1,2.4,8.1
2018-05-12,2018.3603,103.3,-199.8,-4.8,2.1,2.4,7.7
2018-05-13,2018.363,104.5,-201.4,-8.7,2.4,2.7,9.7
2018-05-14,2018.3658,101.3,-200.9,2.3,2.0,2.2,7.9
2018-05-15,2018.3685,102.3,-200.2,0.4,2.1,2.5,7.9
2018-05-16,2018.3712,101.4,-200.0,1.2,2.0,2.2,7.6
2018-05-17,2018.374,102.1,-197.9,-0.9,2.2,2.5,8.4
2018-05-18,2018.3767,103.1,-199.4,-2.5,2.3,2.6,9.0
2018-05-19,2018.3795,103.6,-201.4,-1.2,2.0,2.3,7.8
2018-05-20,2018.3822,102.6,-199.9,2.3,2.4,2.7,8.6
2018-05-21,2018.3849,99.6,-197.1,8.2,2.5,2.8,9.1
2018-05-22,2018.3877,104.8,-200.7,-8.0,2.6,3.0,10.3
2018-05-23,2018.3904,100.8,-198.9,3.1,2.1,2.3,8.1
2018-05-24,2018.3932,102.2,-199.2,4.0,2.1,2.3,8.2
2018-05-25,2018.3959,101.1,-197.1,4.0,2.3,2.5,8.2
2018-05-26,2018.3986,100.9,-197.5,-3.1,2.8,3.0,10.9
2018-05-27,2018.4014,102.5,-198.3,3.0,2.4,2.7,9.0
2018-05-28,2018.4041,101.8,-196.9,1.6,2.3,2.6,8.2
2018-05-29,2018.4068,102.2,-196.6,-5.0,2.0,2.3,7.7
2018-05-30,2018.4096,100.5,-197.9,-5.3,1.9,2.2,7.2
2018-05-31,2018.4123,98.8,-197.0,-11.6,2.2,2.5,8.7
2018-06-01,2018.4151,99.7,-197.2,3.6,2.2,2.5,8.6
2018-06-02,2018.4178,100.8,-196.7,-2.6,2.6,2.9,9.8
2018-06-03,2018.4205,99.4,-196.6,0.2,2.1,2.4,8.2
2018-06-04,2018.4233,97.5,-196.3,-1.2,2.1,2.4,7.9
2018-06-05,2018.426,100.9,-198.4,-7.4,2.5,2.9,9.7
2018-06-06,2018.4288,99.3,-197.3,-8.2,2.9,3.3,11.2
2018-06-07,2018.4315,100.1,-197.0,-10.5,2.2,2.4,8.8
2018-06-08,2018.4342,101.3,-199.5,-3.8,2.2,2.5,8.4
2018-06-09,2018.437,100.1,-195.6,-0.4,2.2,2.5,8.0
2018-06-10,2018.4397,98.8,-193.8,-1.0,2.4,2.8,8.8
2018-06-11,2018.4425,99.2,-196.5,-0.9,2.0,2.2,7.4
2018-06-12,2018.4452,98.8,-196.0,-4.3,2.4,2.8,8.7
2018-06-13,2018.4479,97.7,-194.6,-0.1,2.4,2.8,8.8
2018-06-14,2018.4507,97.5,-195.8,-9.4,2.3,2.7,8.5
2018-06-15,2018.4534,99.6,-196.7,-9.8,2.0,2.3,7.8
2018-06-16,2018.4562,96.8,-195.7,-2.7,2.3,2.7,8.6
2018-06-17,2018.4589,98.2,-195.8,-0.7,2.2,2.4,8.7
2018-06-18,2018.4616,96.6,-196.6,-1.4,2.3,2.6,8.9
2018-06-19,2018.4644,97.2,-193.8,-13.5,2.8,3.3,10.8
2018-06-20,2018.4671,98.1,-194.6,-5.9,2.6,3.0,10.0
2018-06-21,2018.4699,97.9,-194.2,-6.0,2.6,2.9,10.3
2018-06-22,2018.4726,98.4,-193.5,-3.7,2.7,3.1,10.4
2018-06-23,2018.4753,100.1,-194.8,-11.8,2.4,2.8,9.2
2018-06-24,2018.4781,99.7,-194.4,-0.3,2.8,3.1,10.0
2018-06-25,2018.4808,99.0,-198.5,-10.5,2.3,2.6,8.4
2018-06-26,2018.4836,101.1,-195.8,-18.9,2.5,2.8,10.1
2018-06-27,2018.4863,97.8,-197.5,-8.7,2.8,3.2,10.3
2018-06-28,2018.489,97.6,-194.7,-11.9,2.2,2.5,8.3
2018-06-29,2018.4918,98.8,-194.5,-9.2,2.4,2.7,8.6
2018-06-30,2018.4945,97.4,-194.2,-12.0,2.0,2.2,7.8
2018-07-01,2018.4973,98.6,-196.9,-11.5,2.1,2.4,7.9
2018-07-02,2018.5,97.9,-195.4,-9.3,2.1,2.4,7.7
2018-07-03,2018.5027,98.0,-196.7,-7.6,2.2,2.4,8.0
2018-07-04,2018.5055,99.0,-193.9,-2.9,2.8,3.1,9.4
2018-07-05,2018.5082,97.8,-195.7,-5.0,2.4,2.6,8.6
2018-07-06,2018.511,99.2,-197.9,-14.8,2.5,2.8,8.8
2018-07-07,2018.5137,99.0,-195.8,-15.3,2.5,2.7,9.9
2018-07-08,2018.5164,97.1,-191.4,-22.1,2.4,2.9,9.7
2018-07-09,2018.5192,97.9,-192.7,-20.4,2.5,2.8,10.1
2018-07-10,2018.5219,98.8,-190.2,-12.1,2.6,2.9,8.8
2018-07-11,2018.5247,97.1,-193.0,-16.1,2.8,3.1,9.7
2018-07-12,2018.5274,98.3,-194.0,-17.2,2.3,2.5,8.8
2018-07-13,2018.5301,99.0,-190.2,-17.1,3.1,3.4,11.0
2018-07-14,2018.5329,98.2,-190.5,-22.3,2.3,2.6,9.0
2018-07-15,2018.5356,96.0,-190.5,-11.7,2.7,2.9,9.4
2018-07-16,2018.5384,95.5,-192.1,-24.6,2.4,2.9,8.7
2018-07-17,2018.5411,97.7,-192.9,-18.6,2.5,2.8,9.3
2018-07-18,2018.5438,97.0,-190.4,-17.2,2.9,3.1,11.4
2018-07-19,2018.5466,95.2,-190.0,-13.0,2.8,3.1,10.6
2018-07-20,2018.5493,95.0,-194.2,-21.0,3.2,3.5,12.7
2018-07-21,2018.5521,95.8,-196.1,-25.9,2.9,3.1,11.9
2018-07-22,2018.5548,96.4,-190.5,-10.4,2.6,3.0,9.3
2018-07-23,2018.5575,94.7,-191.0,-13.1,2.7,3.0,9.5
2018-07-24,2018.5603,97.3,-192.3,-20.3,2.4,2.8,9.0
2018-07-25,2018.563,95.1,-193.5,-11.7,2.1,2.4,8.3
2018-07-26,2018.5658,94.9,-190.2,-20.0,2.4,2.6,9.5
2018-07-27,2018.5685,95.1,-190.2,-17.3,2.8,3.1,10.0
2018-07-28,2018.5712,94.9,-188.9,-13.1,2.4,2.6,8.9
2018-07-29,2018.574,96.7,-193.1,-20.1,2.2,2.4,8.0
2018-07-30,2018.5767,93.9,-194.5,-13.8,2.4,2.8,8.9
2018-07-31,2018.5795,95.1,-190.5,-19.3,2.3,2.5,8.3
2018-08-01,2018.5822,96.2,-190.2,-25.6,2.6,3.2,9.6
2018-08-02,2018.5849,95.3,-190.9,-26.0,2.7,3.1,9.6
2018-08-03,2018.5877,94.5,-189.1,-19.2,2.6,3.0,9.7
2018-08-04,2018.5904,96.2,-191.9,-15.7,2.4,2.6,9.5
2018-08-05,2018.5932,95.6,-191.3,-20.6,2.5,2.7,10.1
2018-08-06,2018.5959,96.1,-190.5,-21.8,2.2,2.5,8.4
2018-08-07,2018.5986,96.9,-190.3,-19.0,2.7,3.0,9.9
2018-08-08,2018.6014,96.2,-190.7,-13.4,2.4,2.6,8.9
2018-08-09,2018.6041,97.1,-191.1,-26.5,2.9,3.4,10.7
2018-08-10,2018.6068,95.2,-191.2,-23.0,2.3,2.6,8.7
2018-08-11,2018.6096,96.2,-190.4,-21.3,2.2,2.5,8.2
2018-08-12,2018.6123,96.0,-187.1,-17.4,2.6,3.0,9.3
2018-08-13,2018.6151,96.3,-190.6,-28.6,2.5,2.7,8.9
2018-08-14,2018.6178,96.7,-191.8,-27.0,2.4,2.8,8.6
2018-08-15,2018.6205,95.4,-190.2,-24.9,3.0,3.4,11.1
2018-08-16,2018.6233,95.8,-187.1,-17.7,2.9,3.2,10.5
2018-08-17,2018.626,95.6,-190.7,-17.2,2.4,2.7,8.6
2018-08-18,2018.6288,95.0,-188.5,-20.9,2.2,2.5,8.2
2018-08-19,2018.6315,96.8,-189.3,-24.5,2.5,2.8,9.1
2018-08-20,2018.6342,95.0,-185.9,-16.9,2.4,2.7,8.6
2018-08-21,2018.637,96.8,-191.7,-27.3,2.5,2.8,9.2
2018-08-22,2018.6397,94.3,-188.8,-27.7,2.2,2.3,8.1
2018-08-23,2018.6425,95.4,-188.0,-11.5,2.3,2.4,8.5
2018-08-24,2018.6452,91.8,-185.1,-23.8,2.9,3.2,10.8
2018-08-25,2018.6479,94.5,-187.0,-20.9,2.6,2.8,9.7
2018-08-26,2018.6507,93.9,-187.7,-30.2,2.4,2.7,9.3
2018-08-27,2018.6534,96.9,-187.3,-19.0,2.6,2.8,10.0
2018-08-28,2018.6562,95.1,-188.2,-23.0,2.7,2.9,10.5
2018-08-29,2018.6589,93.8,-189.0,-20.3,2.7,2.9,10.0
2018-08-30,2018.6616,95.3,-190.2,-18.1,2.6,2.9,10.0
2018-08-31,2018.6644,92.1,-189.0,-23.8,2.7,2.8,10.7
2018-09-01,2018.6671,94.2,-191.2,-22.5,2.5,2.7,8.7
2018-09-02,2018.6699,94.5,-187.3,-16.5,2.7,2.9,10.3
2018-09-03,2018.6726,95.9,-189.2,-18.0,2.9,3.2,10.9
2018-09-04,2018.6753,93.6,-189.6,-21.9,2.2,2.4,8.3
2018-09-05,2018.6781,94.2,-188.9,-17.8,2.6,2.8,9.1
2018-09-06,2018.6808,96.9,-189.0,-19.6,3.0,3.3,9.1
2018-09-07,2018.6836,94.0,-189.1,-21.4,2.5,2.8,9.1
2018-09-08,2018.6863,95.0,-190.6,-26.4,2.0,2.1,7.0
2018-09-09,2018.689,94.0,-189.2,-25.7,1.8,2.0,6.9
2018-09-10,2018.6918,95.1,-188.8,-24.3,1.9,2.0,7.1
2018-09-11,2018.6945,95.4,-187.9,-22.0,2.2,2.5,8.2
2018-09-12,2018.6973,94.5,-190.2,-24.8,2.3,2.5,8.4
2018-09-13,2018.7,94.4,-187.7,-24.2,2.3,2.5,8.5
2018-09-14,2018.7027,95.3,-186.3,-16.2,2.5,2.8,9.2
2018-09-15,2018.7055,93.8,-187.5,-31.2,2.7,2.9,9.7
2018-09-16,2018.7082,95.3,-189.8,-24.6,2.5,2.9,9.4
2018-09-17,2018.711,93.1,-187.0,-10.7,2.8,3.0,11.3
2018-09-18,2018.7137,95.2,-187.5,-23.9,1.9,2.0,7.1
2018-09-19,2018.7164,94.2,-188.4,-20.6,2.2,2.5,8.5
2018-09-20,2018.7192,95.0,-187.6,-27.2,2.5,2.8,9.6
2018-09-21,2018.7219,95.0,-186.1,-30.3,2.0,2.2,8.0
2018-09-22,2018.7247,94.4,-189.0,-19.6,2.1,2.3,8.0
2018-09-23,2018.7274,93.3,-187.8,-23.4,2.1,2.3,8.2
2018-09-24,2018.7301,95.4,-187.3,-24.2,1.9,2.2,7.5
2018-09-25,2018.7329,94.4,-186.8,-22.4,2.3,2.7,8.3
2018-09-26,2018.7356,95.0,-185.6,-18.0,2.7,3.1,9.9
2018-09-27,2018.7384,93.4,-184.0,-26.7,2.0,2.2,7.7
2018-09-28,2018.7411,96.5,-185.7,-28.0,2.4,2.7,9.1
2018-09-29,2018.7438,94.9,-187.7,-21.1,2.2,2.4,8.4
2018-09-30,2018.7466,97.8,-188.0,-25.2,2.4,2.7,9.5
2018-10-01,2018.7493,93.1,-186.5,-22.6,2.2,2.5,8.8
2018-10-02,2018.7521,92.9,-187.2,-27.2,2.4,2.7,9.3
2018-10-03,2018.7548,92.3,-185.6,-34.1,2.2,2.5,8.1
2018-10-04,2018.7575,92.4,-185.8,-23.7,2.3,2.6,8.6
2018-10-05,2018.7603,94.5,-184.4,-26.9,2.0,2.2,7.6
2018-10-06,2018.763,93.0,-185.8,-24.2,2.0,2.2,7.6
2018-10-07,2018.7658,91.9,-184.0,-31.2,2.5,2.8,9.6
2018-10-08,2018.7685,92.8,-185.0,-28.8,2.1,2.4,8.1
2018-10-09,2018.7712,92.4,-183.7,-33.0,2.4,2.7,9.0
2018-10-10,2018.774,93.2,-183.4,-24.8,2.0,2.2,7.6
2018-10-11,2018.7767,91.2,-184.5,-27.4,1.9,2.1,7.3
2018-10-12,2018.7795,91.7,-182.9,-27.4,2.3,2.5,7.9
2018-10-13,2018.7822,92.7,-181.5,-28.5,2.4,2.7,8.4
2018-10-14,2018.7849,92.1,-185.7,-26.6,2.2,2.5,8.7
2018-10-15,2018.7877,88.5,-183.3,-24.65,2.4,2.8,8.1
2018-10-16,2018.7904,92.3,-183.0,-22.7,2.0,2.2,7.5
2018-10-17,2018.7932,90.8,-184.6,-23.8,2.0,2.2,7.4
2018-10-18,2018.7959,92.1,-181.1,-22.0,2.0,2.2,7.7
2018-10-19,2018.7986,90.5,-182.1,-30.0,2.0,2.2,7.8
2018-10-20,2018.8014,89.6,-182.0,-30.0,2.0,2.2,7.5
2018-10-21,2018.8041,88.5,-178.8,-23.1,2.2,2.5,8.0
2018-10-22,2018.8068,89.4,-180.3,-22.3,2.0,2.2,7.6
2018-10-23,2018.8096,87.6,-182.9,-23.6,2.0,2.3,7.8
2018-10-24,2018.8123,89.1,-182.1,-21.8,2.3,2.7,8.6
2018-10-25,2018.8151,89.0,-183.4,-33.6,2.2,2.6,8.1
2018-10-26,2018.8178,87.7,-183.2,-24.8,2.1,2.4,7.7
2018-10-27,2018.8205,89.7,-183.6,-21.7,1.9,2.3,7.5
2018-10-28,2018.8233,89.4,-182.3,-22.7,2.0,2.3,7.4
2018-10-29,2018.826,89.9,-181.7,-28.1,2.0,2.2,7.3
2018-10-30,2018.8288,88.8,-182.1,-21.4,2.0,2.4,7.5
2018-10-31,2018.8315,89.7,-182.8,-23.9,1.8,2.0,7.0
2018-11-01,2018.8342,88.8,-181.4,-23.7,1.9,2.1,7.2
2018-11-02,2018.837,90.3,-181.9,-16.5,1.9,2.1,7.0
2018-11-03,2018.8397,90.0,-183.9,-17.8,1.8,2.0,6.9
2018-11-04,2018.8425,89.1,-184.7,-16.0,1.8,2.1,6.8
2018-11-05,2018.8452,88.3,-181.5,-22.3,2.1,2.4,8.1
2018-11-06,2018.8479,89.6,-175.0,-32.1,2.4,2.7,9.1
2018-11-07,2018.8507,89.1,-181.6,-21.9,2.0,2.3,7.7
2018-11-08,2018.8534,90.6,-180.4,-16.5,1.8,2.1,6.9
2018-11-09,2018.8562,86.8,-182.4,-14.6,1.9,2.1,7.3
2018-11-10,2018.8589,86.0,-181.6,-14.4,2.0,2.3,7.5
2018-11-11,2018.8616,88.5,-180.7,-13.8,2.0,2.3,7.33
2018-11-12,2018.8644,88.8,-179.9,-13.2,1.9,2.2,7.17
2018-11-13,2018.8671,89.9,-183.9,-12.6,1.8,2.1,7.0
2018-11-14,2018.8699,87.0,-183.5,-11.6,1.8,2.0,6.7
2018-11-15,2018.8726,87.3,-182.2,-11.5,1.9,2.1,7.2
2018-11-16,2018.8753,88.6,-180.5,-7.3,2.1,2.4,7.6
2018-11-17,2018.8781,87.6,-179.0,-13.9,1.9,2.1,7.1
2018-11-18,2018.8808,88.8,-183.8,-11.8,2.1,2.4,8.1
2018-11-19,2018.8836,88.7,-181.4,-13.7,2.0,2.2,7.3
2018-11-20,2018.8863,89.7,-181.2,-14.1,1.8,2.0,6.9
2018-11-21,2018.889,90.1,-179.8,-16.9,2.1,2.3,7.5
2018-11-22,2018.8918,88.7,-179.4,-18.3,1.8,1.9,6.3
2018-11-23,2018.8945,87.8,-180.5,-15.5,1.9,2.2,6.9
2018-11-24,2018.8973,89.5,-179.5,-15.3,1.8,1.9,6.6
2018-11-25,2018.9,89.9,-180.4,-21.2,1.8,1.9,6.6
2018-11-26,2018.9027,87.7,-181.1,-19.2,2.0,2.2,7.5
2018-11-27,2018.9055,89.2,-180.6,-16.8,1.8,2.0,7.0
2018-11-28,2018.9082,90.5,-180.9,-16.6,2.1,2.5,7.6
2018-11-29,2018.911,89.3,-178.9,-14.6,2.1,2.4,7.5
2018-11-30,2018.9137,89.3,-180.2,-11.8,1.9,2.1,6.8
2018-12-01,2018.9164,87.5,-179.4,-15.8,2.1,2.4,7.9
2018-12-02,2018.9192,89.1,-181.9,-10.5,2.2,2.4,7.6
2018-12-03,2018.9219,89.1,-180.6,-11.4,2.1,2.3,7.3
2018-12-04,2018.9247,90.6,-179.9,-11.2,2.1,2.4,7.6
2018-12-05,2018.9274,90.8,-180.7,-11.3,2.1,2.4,7.6
2018-12-06,2018.9301,91.1,-180.4,-15.8,2.1,2.4,7.6
2018-12-07,2018.9329,91.6,-179.7,-13.2,2.1,2.3,7.2
2018-12-08,2018.9356,90.0,-178.0,-17.9,2.2,2.5,7.55
2018-12-09,2018.9384,90.9,-179.5,-22.6,2.1,2.4,7.9
2018-12-10,2018.9411,90.8,-178.2,-8.0,2.0,2.4,7.4
2018-12-11,2018.9438,89.8,-177.6,-16.7,2.1,2.4,7.3
2018-12-12,2018.9466,91.5,-178.9,-19.0,1.9,2.2,7.2
2018-12-13,2018.9493,89.9,-175.5,-23.6,2.0,2.2,7.6
2018-12-14,2018.9521,89.9,-180.2,-13.0,1.9,2.2,7.2
2018-12-15,2018.9548,90.3,-179.0,-12.1,2.0,2.3,7.8
2018-12-16,2018.9575,90.0,-179.0,-14.8,2.1,2.4,8.0
2018-12-17,2018.9603,89.5,-177.4,-16.8,2.0,2.3,7.3
2018-12-18,2018.963,88.2,-178.4,-11.9,2.0,2.2,7.4
2018-12-19,2018.9658,89.4,-179.4,-9.3,2.1,2.4,8.2
2018-12-20,2018.9685,89.6,-179.3,-6.2,1.8,2.1,7.1
2018-12-21,2018.9712,88.8,-177.6,-15.3,2.0,2.3,7.2
2018-12-22,2018.974,89.5,-178.7,-15.4,1.8,2.0,6.6
2018-12-23,2018.9767,89.6,-177.8,-19.8,2.0,2.2,7.0
2018-12-24,2018.9795,90.8,-179.2,-16.5,2.0,2.2,7.1
2018-12-25,2018.9822,92.4,-177.5,-8.8,1.9,2.1,7.0
2018-12-26,2018.9849,88.8,-180.5,-15.4,1.9,2.1,6.8
2018-12-27,2018.9877,89.9,-178.9,-16.1,1.8,2.1,6.9
2018-12-28,2018.9904,90.0,-178.4,-15.6,1.9,2.2,7.75
2018-12-29,2018.9932,90.0,-179.7,-15.1,2.2,2.5,8.6
2018-12-30,2018.9959,90.3,-177.5,-20.7,1.8,2.0,6.5
2018-12-31,2018.9986,88.7,-177.0,-22.6,1.9,2.2,7.0
2019-01-01,2019.0014,88.9,-176.8,-17.1,1.8,2.1,6.8
2019-01-02,2019.0041,88.6,-178.7,-14.8,1.9,2.1,7.0
2019-01-03,2019.0068,88.3,-178.9,-18.5,2.1,2.3,7.5
2019-01-04,2019.0096,89.6,-175.5,-19.9,2.0,2.2,7.3
2019-01-05,2019.0123,87.0,-178.1,-14.1,1.9,2.1,6.7
2019-01-06,2019.0151,88.4,-175.6,-7.8,2.1,2.3,7.3
2019-01-07,2019.0178,87.0,-177.3,-13.3,2.1,2.3,7.4
2019-01-08,2019.0205,87.8,-179.2,-14.7,2.1,2.4,8.0
2019-01-09,2019.0233,85.9,-179.4,-21.3,2.4,2.7,8.5
2019-01-10,2019.026,87.9,-173.9,-16.2,1.9,2.1,7.2
2019-01-11,2019.0288,89.8,-175.2,-6.1,2.0,2.2,7.1
2019-01-12,2019.0315,89.3,-179.2,-9.5,1.9,2.1,6.8
2019-01-13,2019.0342,88.4,-177.5,-4.6,2.0,2.2,7.4
2019-01-14,2019.037,86.4,-177.1,-13.9,2.1,2.3,7.7
2019-01-15,2019.0397,88.1,-175.5,-13.8,2.0,2.1,7.1
2019-01-16,2019.0425,88.1,-175.9,-14.1,1.7,1.9,6.3
2019-01-17,2019.0452,89.1,-174.7,-13.0,2.0,2.2,7.2
2019-01-18,2019.0479,88.6,-176.1,-17.6,2.0,2.2,7.6
2019-01-19,2019.0507,89.1,-179.5,-19.0,2.0,2.2,7.3
2019-01-20,2019.0534,89.1,-174.2,-15.3,1.9,2.1,7.0
2019-01-21,2019.0562,88.6,-176.2,-7.7,2.1,2.3,7.3
2019-01-22,2019.0589,89.5,-174.7,-7.6,2.1,2.2,7.6
2019-01-23,2019.0616,87.7,-176.0,-4.8,1.9,2.1,7.0
2019-01-24,2019.0644,89.4,-176.0,-4.9,2.1,2.3,8.2
2019-01-25,2019.0671,90.2,-174.9,-11.4,2.1,2.3,7.5
2019-01-26,2019.0699,89.5,-173.4,-7.0,2.0,2.2,7.3
2019-01-27,2019.0726,88.4,-170.9,-9.3,1.9,2.1,7.1
2019-01-28,2019.0753,90.6,-174.1,-4.0,1.9,2.1,6.9
2019-01-29,2019.0781,91.7,-175.2,-10.0,2.1,2.3,7.3
2019-01-30,2019.0808,90.5,-175.5,-9.5,2.2,2.5,7.9
2019-01-31,2019.0836,90.0,-174.9,-16.2,1.8,2.0,6.7
2019-02-01,2019.0863,89.1,-175.4,-5.5,1.8,2.0,6.8
2019-02-02,2019.089,88.9,-175.5,-12.2,1.9,2.2,7.2
2019-02-03,2019.0918,88.2,-174.6,-15.9,2.1,2.4,7.6
2019-02-04,2019.0945,89.5,-173.3,-10.9,2.1,2.4,7.5
2019-02-05,2019.0973,87.8,-173.4,-7.3,2.1,2.3,7.5
2019-02-06,2019.1,88.4,-175.3,-9.3,2.0,2.3,7.5
2019-02-07,2019.1027,85.5,-175.0,-10.2,2.0,2.2,7.1
2019-02-08,2019.1055,89.3,-170.6,-5.8,1.9,2.2,7.3
2019-02-09,2019.1082,86.0,-177.1,-2.9,2.1,2.3,7.7
2019-02-10,2019.111,88.2,-174.8,-19.4,2.3,2.7,8.3
2019-02-11,2019.1137,87.7,-174.8,-14.7,2.1,2.3,7.7
2019-02-12,2019.1164,90.5,-173.0,-18.6,2.1,2.5,7.8
2019-02-13,2019.1192,88.2,-176.1,-15.9,1.9,2.1,7.1
2019-02-14,2019.1219,87.1,-170.8,-11.8,2.2,2.5,8.1
2019-02-15,2019.1247,88.4,-168.5,-15.9,2.2,2.3,8.1
2019-02-16,2019.1274,88.4,-174.4,-7.5,2.1,2.3,7.6
2019-02-17,2019.1301,85.5,-174.7,-3.1,2.4,2.7,9.4
2019-02-18,2019.1329,87.7,-172.3,-4.0,2.4,2.6,8.2
2019-02-19,2019.1356,86.7,-175.7,-14.5,2.2,2.4,7.8
2019-02-20,2019.1384,85.8,-177.6,-2.8,2.3,2.5,8.1
2019-02-21,2019.1411,88.9,-174.2,-11.4,1.9,2.0,6.7
2019-02-22,2019.1438,88.4,-173.9,-12.1,1.9,2.0,6.7
2019-02-23,2019.1466,90.7,-171.2,-15.7,2.4,2.7,8.9
2019-02-24,2019.1493,86.5,-168.8,-5.6,2.4,2.7,8.7
2019-02-25,2019.1521,87.2,-173.0,-6.4,2.2,2.4,8.1
2019-02-26,2019.1548,87.1,-170.9,-22.7,2.1,2.4,7.6
2019-02-27,2019.1575,87.4,-172.2,-7.0,2.0,2.3,7.8
2019-02-28,2019.1603,83.5,-176.4,-4.5,2.1,2.4,7.9
2019-03-01,2019.163,89.5,-171.8,-1.2,2.3,2.6,9.1
2019-03-02,2019.1658,91.8,-175.9,1.7,2.8,3.1,10.0
2019-03-03,2019.1685,88.4,-173.9,-4.8,2.6,2.9,10.2
2019-03-04,2019.1712,89.7,-173.6,-5.5,2.6,3.2,10.6
2019-03-05,2019.174,89.5,-173.9,-5.5,3.0,3.3,12.2
2019-03-06,2019.1767,89.1,-175.5,-15.0,2.3,2.9,8.6
2019-03-07,2019.1795,90.3,-173.7,-11.0,2.3,2.7,8.4
2019-03-08,2019.1822,91.5,-173.8,-1.5,2.1,2.3,7.9
2019-03-09,2019.1849,90.6,-174.6,-5.3,2.4,2.7,8.6
2019-03-10,2019.1877,90.8,-174.9,-4.3,2.0,2.2,7.4
2019-03-11,2019.1904,88.5,-174.1,-3.6,1.9,2.1,6.9
2019-03-12,2019.1932,90.4,-179.9,-7.2,2.5,2.8,9.2
2019-03-13,2019.1959,89.2,-175.0,-6.1,2.2,2.5,7.9
2019-03-14,2019.1986,89.9,-175.6,-8.3,2.1,2.4,7.9
2019-03-15,2019.2014,90.2,-172.8,4.0,2.5,2.8,9.2
2019-03-16,2019.2041,89.9,-172.8,2.5,2.3,2.5,8.7
2019-03-17,2019.2068,89.3,-172.6,0.8,2.2,2.5,8.5
2019-03-18,2019.2096,88.7,-171.6,0.4,2.4,2.9,8.7
2019-03-19,2019.2123,89.1,-173.1,-2.3,2.3,2.6,8.9
2019-03-20,2019.2151,91.8,-175.0,-5.0,2.4,2.9,9.1
2019-03-21,2019.2178,93.7,-171.2,6.2,2.5,3.1,9.5
2019-03-22,2019.2205,91.6,-174.9,-9.7,2.3,2.7,8.7
2019-03-23,2019.2233,90.5,-175.1,-4.1,2.2,2.6,8.6
2019-03-24,2019.226,89.3,-174.2,-4.3,2.1,2.4,8.5
2019-03-25,2019.2288,89.0,-174.0,3.7,2.1,2.6,7.9
2019-03-26,2019.2315,87.8,-168.9,8.8,2.5,3.1,9.2
2019-03-27,2019.2342,90.3,-172.5,-1.8,2.2,2.5,8.6
2019-03-28,2019.237,88.9,-172.3,-5.1,1.9,2.1,7.1
2019-03-29,2019.2397,87.3,-171.0,-5.5,2.1,2.3,7.6
2019-03-30,2019.2425,89.1,-174.3,-6.6,2.4,2.7,8.3
2019-03-31,2019.2452,90.4,-173.2,-5.0,2.3,2.5,8.6
2019-04-01,2019.2479,88.4,-169.2,-2.2,2.1,2.4,8.0
2019-04-02,2019.2507,89.9,-172.4,-9.5,2.4,2.7,8.8
2019-04-03,2019.2534,89.6,-173.3,-9.6,2.4,2.8,8.6
2019-04-04,2019.2562,88.5,-174.9,-11.6,2.3,2.8,8.5
2019-04-05,2019.2589,89.5,-173.1,-12.0,2.1,2.5,7.5
2019-04-06,2019.2616,90.6,-170.7,-14.2,2.3,2.8,8.2
2019-04-07,2019.2644,89.8,-170.8,-7.1,2.5,3.2,8.8
2019-04-08,2019.2671,87.4,-169.8,-2.0,2.5,3.1,9.4
2019-04-09,2019.2699,90.2,-173.0,-9.2,2.2,2.7,8.7
2019-04-10,2019.2726,90.2,-171.7,-3.0,2.2,2.4,8.0
2019-04-11,2019.2753,89.2,-170.6,-9.1,2.2,2.5,8.9
2019-04-12,2019.2781,90.4,-170.8,-7.6,2.3,2.6,8.7
2019-04-13,2019.2808,87.6,-169.2,-8.0,2.5,2.8,8.6
2019-04-14,2019.2836,86.3,-167.5,-0.1,2.2,2.5,8.2
2019-04-15,2019.2863,85.6,-171.2,-4.1,2.5,2.8,9.0
2019-04-16,2019.289,87.8,-170.7,-7.9,2.4,2.8,9.1
2019-04-17,2019.2918,88.3,-168.6,1.4,2.4,2.8,8.5
2019-04-18,2019.2945,87.7,-168.7,-1.2,2.3,2.6,8.5
2019-04-19,,,,,,,
2019-04-20,2019.3,87.5,-170.3,-2.2,2.4,2.8,8.2
2019-04-21,2019.3027,88.4,-169.7,6.6,2.6,3.1,9.2
2019-04-22,2019.3055,88.0,-169.6,-0.8,2.6,3.0,9.1
2019-04-23,2019.3082,85.5,-167.9,4.6,2.5,3.0,8.9
2019-04-24,2019.311,87.1,-169.4,-3.4,2.3,2.7,8.3
2019-04-25,2019.3137,86.5,-167.8,-3.9,2.3,2.6,8.6
2019-04-26,2019.3164,87.2,-166.8,-1.1,2.2,2.6,8.1
2019-04-27,2019.3192,88.8,-166.4,5.0,2.3,2.6,8.4
2019-04-28,2019.3219,86.9,-167.9,-6.3,2.3,2.6,8.5
2019-04-29,2019.3247,87.0,-167.3,-2.2,2.2,2.5,8.1
2019-04-30,2019.3274,86.7,-165.8,-2.6,2.4,2.9,8.5
2019-05-01,2019.3301,88.0,-167.7,-1.1,2.7,3.5,9.4
2019-05-02,2019.3329,86.3,-163.6,3.7,2.6,3.0,9.2
2019-05-03,2019.3356,86.8,-167.5,-9.4,2.3,2.5,8.6
2019-05-04,2019.3384,87.0,-167.8,-2.6,2.4,2.7,8.8
2019-05-05,2019.3411,85.0,-168.8,4.2,2.4,2.7,9.0
2019-05-06,2019.3438,85.6,-167.3,5.7,2.6,3.1,9.8
2019-05-07,2019.3466,87.0,-167.2,-2.0,2.2,2.5,8.3
2019-05-08,2019.3493,86.8,-168.2,4.0,2.2,2.6,8.4
2019-05-09,2019.3521,88.3,-165.1,-1.3,2.4,2.7,8.9
2019-05-10,2019.3548,88.8,-168.9,0.6,2.5,2.9,9.1
2019-05-11,2019.3575,87.0,-163.5,-1.6,2.4,2.7,9.1
2019-05-12,2019.3603,86.2,-162.2,11.7,2.5,2.8,9.2
2019-05-13,2019.363,85.9,-165.2,-3.9,2.5,2.8,9.8
2019-05-14,2019.3658,87.3,-164.1,-4.8,2.4,2.8,8.5
2019-05-15,2019.3685,85.1,-166.5,-1.3,2.2,2.4,8.2
2019-05-16,2019.3712,83.5,-164.6,8.3,2.6,3.0,9.5
2019-05-17,2019.374,85.8,-166.0,-4.7,2.6,3.0,9.6
2019-05-18,2019.3767,82.8,-164.1,-3.0,2.5,2.9,9.4
2019-05-19,2019.3795,86.2,-165.2,5.8,2.5,2.9,8.7
2019-05-20,2019.3822,85.0,-170.4,-3.4,2.2,2.4,8.6
2019-05-21,2019.3849,84.9,-165.1,-6.0,2.6,2.9,9.2
2019-05-22,2019.3877,84.0,-164.3,2.0,2.5,2.9,8.8
2019-05-23,2019.3904,85.9,-165.1,0.1,2.4,2.6,8.8
2019-05-24,2019.3932,84.5,-166.1,-1.5,2.4,2.6,9.0
2019-05-25,2019.3959,85.5,-163.7,6.2,2.5,2.8,9.0
2019-05-26,2019.3986,87.1,-164.8,-6.1,2.0,2.2,7.7
2019-05-27,2019.4014,85.9,-165.4,-10.9,2.5,2.8,9.5
2019-05-28,,,,,,,
2019-05-29,2019.4068,81.2,-164.5,1.9,2.5,2.8,9.1
2019-05-30,2019.4096,83.8,-164.5,-3.2,2.3,2.7,8.6
2019-05-31,2019.4123,82.6,-163.8,-6.9,2.8,3.2,10.4
2019-06-01,2019.4151,83.1,-163.1,-3.0,2.6,3.0,9.4
2019-06-02,2019.4178,84.5,-164.3,-4.6,2.5,2.9,9.2
2019-06-03,2019.4205,83.0,-163.8,-3.7,2.6,3.1,9.9
2019-06-04,2019.4233,82.3,-165.0,2.8,2.5,2.8,9.1
2019-06-05,2019.426,83.8,-160.3,5.1,2.3,2.6,8.5
2019-06-06,2019.4288,83.3,-161.3,5.9,2.4,2.6,9.1
2019-06-07,2019.4315,84.1,-164.3,1.5,2.6,2.9,9.6
2019-06-08,2019.4342,84.4,-164.6,5.8,2.4,2.6,9.0
2019-06-09,,,,,,,
2019-06-10,2019.4397,85.1,-161.4,-3.7,3.0,3.4,9.8
2019-06-11,,,,,,,
2019-06-12,2019.4452,85.2,-163.7,-3.9,2.5,2.8,10.1
2019-06-13,2019.4479,86.2,-162.1,4.0,2.5,2.7,9.7
2019-06-14,2019.4507,85.2,-162.5,-0.9,2.2,2.5,8.5
2019-06-15,2019.4534,85.6,-160.8,-4.5,2.5,2.9,9.2
2019-06-16,2019.4562,85.5,-160.7,1.7,2.4,2.6,9.0
2019-06-17,2019.4589,84.6,-161.1,-9.6,2.5,2.8,9.4
2019-06-18,2019.4616,86.0,-159.0,-0.9,2.2,2.4,8.6
2019-06-19,2019.4644,84.8,-161.2,-5.6,2.4,2.8,9.1
2019-06-20,2019.4671,84.8,-160.9,-0.2,2.2,2.4,8.5
2019-06-21,2019.4699,83.7,-163.5,-7.8,2.5,3.0,8.9
2019-06-22,2019.4726,84.2,-162.7,1.6,2.1,2.3,8.0
2019-06-23,2019.4753,85.8,-160.7,-4.0,2.5,2.8,9.1
2019-06-24,2019.4781,84.2,-162.6,-6.0,2.3,2.5,8.8
2019-06-25,2019.4808,83.9,-158.9,-2.8,2.1,2.2,7.6
2019-06-26,2019.4836,83.0,-159.7,-0.2,2.2,2.4,8.1
2019-06-27,2019.4863,82.8,-159.5,-0.1,2.1,2.4,7.9
2019-06-28,2019.489,84.7,-157.1,6.9,2.3,2.7,8.3
2019-06-29,2019.4918,82.2,-158.7,-3.4,2.4,2.6,9.1
2019-06-30,2019.4945,84.5,-159.1,-6.0,2.4,2.7,8.7
2019-07-01,2019.4973,84.4,-159.5,-2.3,2.4,2.7,8.7
2019-07-02,2019.5,81.6,-157.3,-4.1,2.0,2.1,7.5
2019-07-03,2019.5027,83.0,-158.7,-8.7,2.4,2.7,9.2
2019-07-04,2019.5055,84.1,-159.8,4.6,2.2,2.4,8.1
2019-07-05,2019.5082,81.5,-158.2,-11.1,2.4,2.8,8.8
2019-07-06,2019.511,82.5,-157.4,-5.1,2.4,2.6,8.6
2019-07-07,2019.5137,81.3,-149.8,3.6,5.0,5.1,13.4
2019-07-08,,,,,,,
2019-07-09,2019.5192,82.5,-159.4,1.1,2.8,3.2,9.6
2019-07-10,2019.5219,81.1,-157.6,-12.4,2.7,3.3,9.4
2019-07-11,2019.5247,82.2,-157.5,-13.3,2.1,2.4,8.1
2019-07-12,2019.5274,80.8,-157.5,-2.8,2.8,3.0,9.1
2019-07-13,2019.5301,81.4,-155.6,-6.9,2.2,2.4,8.65
2019-07-14,2019.5329,82.3,-158.2,-11.0,2.2,2.5,8.2
2019-07-15,2019.5356,80.4,-156.2,-12.2,3.2,4.0,11.6
2019-07-16,2019.5384,81.1,-155.2,-4.4,2.6,2.9,8.8
2019-07-17,2019.5411,80.7,-159.7,-14.6,2.8,3.2,9.6
2019-07-18,2019.5438,82.7,-156.6,-15.8,2.9,3.2,11.1
2019-07-19,2019.5466,83.2,-154.2,-12.2,2.8,3.1,10.6
2019-07-20,2019.5493,80.2,-155.2,-11.3,2.4,2.7,8.9
2019-07-21,2019.5521,82.0,-157.0,-13.2,2.4,2.8,8.8
2019-07-22,2019.5548,79.7,-157.2,-4.6,2.7,3.0,10.1
2019-07-23,2019.5575,80.2,-155.6,-13.1,2.3,2.6,8.6
2019-07-24,2019.5603,79.2,-154.8,-19.1,2.3,2.7,9.1
2019-07-25,2019.563,81.4,-157.8,-14.3,2.2,2.6,8.7
2019-07-26,2019.5658,78.9,-157.0,-8.0,2.6,2.9,9.8
2019-07-27,2019.5685,78.7,-159.9,-18.4,2.7,3.0,10.4
2019-07-28,2019.5712,79.3,-156.8,-13.6,2.4,2.7,9.3
2019-07-29,2019.574,81.5,-155.8,-11.0,2.7,3.2,9.5
2019-07-30,2019.5767,81.0,-160.2,-12.5,2.2,2.6,8.6
2019-07-31,2019.5795,81.0,-154.5,-10.0,2.4,2.8,8.9
2019-08-01,2019.5822,81.6,-157.6,-10.4,2.2,2.4,8.1
2019-08-02,2019.5849,82.2,-157.8,-19.3,2.6,2.9,9.4
2019-08-03,2019.5877,80.2,-155.2,-16.1,2.4,2.8,9.2
2019-08-04,2019.5904,81.7,-155.8,-13.1,2.5,2.7,9.2
2019-08-05,2019.5932,79.5,-156.5,-17.3,2.4,2.7,9.4
2019-08-06,2019.5959,79.5,-153.3,-22.0,2.4,2.6,9.2
2019-08-07,2019.5986,82.9,-154.8,-19.3,2.2,2.6,9.85
2019-08-08,2019.6014,82.1,-152.3,-16.6,2.8,3.1,10.5
2019-08-09,2019.6041,80.6,-155.3,-19.1,2.7,2.9,9.5
2019-08-10,2019.6068,79.7,-157.1,-7.4,2.7,3.2,9.9
2019-08-11,2019.6096,80.8,-155.8,-18.2,2.6,2.9,9.8
2019-08-12,2019.6123,78.0,-154.0,-20.1,2.7,3.2,10.2
2019-08-13,2019.6151,79.6,-155.6,-22.9,2.7,2.9,10.6
2019-08-14,2019.6178,80.0,-156.4,-20.5,2.8,3.1,9.3
2019-08-15,2019.6205,76.8,-157.9,-14.7,3.0,3.3,11.8
2019-08-16,2019.6233,77.2,-156.9,-9.5,3.3,3.6,12.6
2019-08-17,2019.626,76.9,-155.0,-26.0,2.9,3.1,10.7
2019-08-18,2019.6288,78.7,-155.1,-24.1,2.6,2.9,9.0
2019-08-19,2019.6315,80.2,-158.1,-20.8,2.4,2.6,9.0
2019-08-20,2019.6342,80.4,-156.0,-28.6,3.3,3.6,12.6
2019-08-21,2019.637,76.9,-156.2,-12.0,2.4,2.7,9.5
2019-08-22,2019.6397,78.6,-158.5,-20.9,2.5,2.8,9.8
2019-08-23,2019.6425,78.9,-157.7,-25.1,2.2,2.4,8.1
2019-08-24,2019.6452,78.6,-157.4,-20.8,2.5,2.8,8.8
2019-08-25,2019.6479,78.0,-155.9,-5.6,2.5,2.7,9.7
2019-08-26,2019.6507,76.3,-156.5,-12.0,2.8,3.1,10.2
2019-08-27,2019.6534,77.6,-153.5,-13.8,3.2,3.6,12.4
2019-08-28,2019.6562,78.7,-155.4,-13.5,2.7,2.9,10.5
2019-08-29,2019.6589,77.9,-158.2,-19.5,2.7,3.0,10.4
2019-08-30,2019.6616,79.2,-157.0,-18.4,2.5,2.8,8.6
2019-08-31,2019.6644,79.4,-157.1,-14.5,2.0,2.1,7.5
2019-09-01,2019.6671,80.0,-155.8,-17.2,2.3,2.6,8.9
2019-09-02,2019.6699,79.0,-156.1,-13.9,2.0,2.1,7.2
2019-09-03,2019.6726,78.8,-155.6,-12.0,2.3,2.6,8.2
2019-09-04,2019.6753,77.9,-155.1,-14.6,2.2,2.5,8.3
2019-09-05,2019.6781,80.2,-152.4,-17.7,2.5,2.9,9.7
2019-09-06,2019.6808,78.1,-153.5,-13.5,2.2,2.4,8.1
2019-09-07,2019.6836,80.2,-154.2,-11.8,2.5,2.8,9.1
2019-09-08,2019.6863,80.0,-155.0,-11.2,2.4,2.7,8.8
2019-09-09,2019.689,79.7,-153.5,-6.9,2.4,2.7,8.8
2019-09-10,2019.6918,79.9,-152.8,-20.3,2.8,3.1,11.0
2019-09-11,2019.6945,76.2,-153.4,-15.8,2.6,2.9,9.9
2019-09-12,2019.6973,78.1,-154.1,-21.3,2.1,2.4,8.2
2019-09-13,2019.7,78.6,-153.6,-19.6,2.9,3.3,10.9
2019-09-14,2019.7027,77.5,-153.9,-20.9,2.6,3.1,9.3
2019-09-15,2019.7055,77.8,-152.9,-17.8,2.4,2.8,8.3
2019-09-16,2019.7082,77.6,-152.2,-19.8,1.9,2.1,7.0
2019-09-17,2019.711,78.4,-153.0,-30.1,2.5,2.8,9.2
2019-09-18,2019.7137,78.5,-151.7,-27.15,2.6,2.9,8.7
2019-09-19,2019.7164,77.3,-152.1,-24.2,2.2,2.5,8.2
2019-09-20,2019.7192,76.9,-154.3,-27.8,2.5,2.8,9.5
2019-09-21,2019.7219,78.0,-153.3,-22.1,1.9,2.1,7.0
2019-09-22,2019.7247,77.3,-153.8,-17.6,1.9,2.2,7.0
2019-09-23,2019.7274,75.0,-153.2,-25.6,2.1,2.3,7.2
2019-09-24,2019.7301,76.2,-152.7,-23.5,2.0,2.1,6.9
2019-09-25,2019.7329,77.1,-152.7,-33.4,2.1,2.3,7.5
2019-09-26,2019.7356,77.9,-154.5,-34.8,2.2,2.4,8.2
2019-09-27,2019.7384,75.8,-151.7,-29.6,2.0,2.3,7.6
2019-09-28,2019.7411,75.0,-151.1,-22.8,2.1,2.3,7.5
2019-09-29,2019.7438,75.6,-151.1,-26.0,2.1,2.4,7.7
2019-09-30,2019.7466,74.7,-150.6,-18.5,2.2,2.5,7.6
2019-10-01,2019.7493,77.6,-152.0,-26.3,2.1,2.4,7.5
2019-10-02,2019.7521,75.5,-152.1,-18.7,2.0,2.2,7.3
2019-10-03,2019.7548,76.3,-151.9,-19.2,2.2,2.6,7.7
2019-10-04,2019.7575,79.6,-152.2,-31.8,2.6,2.9,9.6
2019-10-05,2019.7603,75.7,-151.2,-25.9,2.1,2.3,7.1
2019-10-06,2019.763,75.4,-149.8,-25.8,2.2,2.4,8.1
2019-10-07,2019.7658,75.3,-151.8,-23.8,2.2,2.5,8.0
2019-10-08,2019.7685,74.9,-150.0,-25.1,2.4,2.8,8.7
2019-10-09,2019.7712,75.4,-150.6,-15.8,2.2,2.6,7.9
2019-10-10,2019.774,76.0,-152.9,-22.7,2.4,2.8,8.7
2019-10-11,2019.7767,75.8,-152.3,-18.6,2.5,2.9,9.3
2019-10-12,2019.7795,73.2,-148.0,-22.6,2.2,2.5,8.3
2019-10-13,2019.7822,75.3,-147.7,-24.9,2.2,2.5,8.5
2019-10-14,2019.7849,73.2,-150.0,-33.7,2.6,3.0,10.4
2019-10-15,2019.7877,75.0,-148.2,-27.3,2.3,2.6,8.7
2019-10-16,2019.7904,76.0,-149.1,-17.6,2.2,2.4,8.3
2019-10-17,2019.7932,75.4,-149.9,-15.6,2.6,3.0,9.7
2019-10-18,2019.7959,76.0,-148.9,-23.9,1.9,2.2,7.2
2019-10-19,2019.7986,74.5,-150.1,-16.0,1.9,2.1,7.1
2019-10-20,2019.8014,74.2,-147.2,-13.8,2.1,2.4,7.7
2019-10-21,2019.8041,72.2,-144.5,-12.3,2.1,2.3,8.0
2019-10-22,2019.8068,74.0,-148.8,-11.9,2.2,2.5,8.4
2019-10-23,2019.8096,74.3,-148.8,-19.6,1.8,2.1,7.0
2019-10-24,2019.8123,74.6,-148.3,-15.1,2.2,2.4,8.1
2019-10-25,2019.8151,73.5,-147.8,-15.5,2.2,2.4,8.3
2019-10-26,2019.8178,73.9,-148.7,-13.1,2.1,2.4,7.9
2019-10-27,2019.8205,73.6,-147.0,-13.7,2.2,2.4,8.3
2019-10-28,2019.8233,73.8,-147.1,-20.1,2.2,2.4,8.2
2019-10-29,2019.826,72.8,-149.0,-11.5,2.1,2.4,8.0
2019-10-30,2019.8288,72.8,-148.8,-18.4,2.2,2.6,8.3
2019-10-31,2019.8315,74.5,-147.0,-18.4,2.2,2.4,8.3
2019-11-01,2019.8342,73.2,-148.2,-14.9,2.2,2.4,8.4
2019-11-02,2019.837,73.6,-149.0,-19.3,2.4,2.7,9.0
2019-11-03,2019.8397,71.7,-147.9,-21.0,2.1,2.3,7.9
2019-11-04,2019.8425,71.5,-147.4,-16.9,2.2,2.4,8.1
2019-11-05,2019.8452,73.3,-145.9,-15.8,2.1,2.4,8.0
2019-11-06,2019.8479,74.3,-149.4,-17.4,1.7,1.9,6.5
2019-11-07,2019.8507,72.5,-147.3,-12.7,2.1,2.3,7.7
2019-11-08,2019.8534,71.4,-145.5,-9.1,2.2,2.4,7.8
2019-11-09,2019.8562,72.3,-146.5,-12.5,1.9,2.1,7.2
2019-11-10,2019.8589,71.7,-149.1,-14.5,2.1,2.4,7.8
2019-11-11,2019.8616,73.1,-147.2,-7.5,2.1,2.3,8.2
2019-11-12,2019.8644,71.7,-149.0,-16.4,2.0,2.1,7.7
2019-11-13,2019.8671,70.9,-148.7,-18.7,2.1,2.2,8.0
2019-11-14,2019.8699,71.7,-148.3,-14.5,2.0,2.2,7.3
2019-11-15,2019.8726,71.6,-148.0,-12.4,1.8,1.9,6.8
2019-11-16,2019.8753,72.4,-148.4,-10.6,1.8,1.9,6.7
2019-11-17,2019.8781,72.7,-147.8,-9.4,2.1,2.2,7.6
2019-11-18,2019.8808,67.3,-149.0,-19.2,1.9,2.1,7.2
2019-11-19,2019.8836,70.5,-149.5,-16.5,2.1,2.3,7.8
2019-11-20,2019.8863,71.4,-145.8,-11.1,2.4,2.5,8.2
2019-11-21,2019.889,73.4,-148.1,-12.4,2.0,2.1,7.0
2019-11-22,2019.8918,73.5,-148.9,-13.5,2.1,2.3,7.4
2019-11-23,2019.8945,75.4,-147.8,-14.4,2.1,2.3,7.4
2019-11-24,2019.8973,74.7,-147.5,-16.9,1.9,2.0,6.8
2019-11-25,2019.9,75.3,-146.5,-10.2,1.9,2.0,6.8
2019-11-26,2019.9027,73.7,-144.1,-15.9,2.1,2.4,7.8
2019-11-27,2019.9055,74.4,-146.3,-12.3,2.2,2.4,7.8
2019-11-28,2019.9082,72.6,-148.4,-13.6,2.1,2.4,7.6
2019-11-29,2019.911,74.9,-149.5,-20.6,2.2,2.5,8.3
2019-11-30,2019.9137,73.3,-147.3,-15.3,2.1,2.4,7.9
2019-12-01,2019.9164,74.8,-145.6,-18.3,2.1,2.3,7.5
2019-12-02,2019.9192,73.6,-148.7,-20.2,2.4,2.7,8.8
2019-12-03,2019.9219,71.9,-150.2,-16.2,1.9,2.2,7.5
2019-12-04,2019.9247,72.6,-144.3,-18.4,2.4,2.7,8.9
2019-12-05,2019.9274,74.5,-145.0,-22.6,1.8,2.0,6.8
2019-12-06,2019.9301,74.7,-145.0,-19.1,1.9,2.3,7.4
2019-12-07,2019.9329,72.9,-145.8,-24.5,2.0,2.4,7.4
2019-12-08,2019.9356,72.9,-145.7,-19.2,1.8,2.0,6.6
2019-12-09,2019.9384,71.5,-146.1,-18.2,1.9,2.2,7.3
2019-12-10,2019.9411,72.2,-146.9,-18.9,1.7,2.0,6.7
2019-12-11,2019.9438,71.5,-146.0,-19.6,1.8,2.0,6.6
2019-12-12,2019.9466,71.4,-145.9,-13.5,2.3,2.6,8.4
2019-12-13,2019.9493,72.1,-145.3,-17.2,1.8,2.0,6.6
2019-12-14,2019.9521,72.5,-146.3,-14.6,2.2,2.6,8.0
2019-12-15,2019.9548,72.1,-145.2,-16.2,2.0,2.3,7.6
2019-12-16,2019.9575,72.6,-143.6,-9.2,1.9,2.1,7.3
2019-12-17,2019.9603,71.5,-142.6,-13.9,2.1,2.4,8.1
2019-12-18,2019.963,72.2,-145.4,-17.3,2.0,2.2,7.4
2019-12-19,2019.9658,71.1,-144.3,-13.9,2.1,2.4,7.4
2019-12-20,2019.9685,71.2,-146.8,-6.5,2.1,2.4,7.7
2019-12-21,2019.9712,72.5,-145.1,-10.9,2.1,2.4,7.6
2019-12-22,2019.974,72.9,-143.3,-12.8,2.2,2.4,8.1
2019-12-23,2019.9767,73.1,-144.0,-7.5,2.1,2.3,7.8
2019-12-24,2019.9795,71.1,-143.1,-9.1,1.9,2.1,7.2
2019-12-25,2019.9822,70.6,-144.8,-14.9,2.4,2.8,8.3
2019-12-26,2019.9849,72.6,-144.0,-21.5,2.0,2.2,7.7
2019-12-27,2019.9877,72.0,-142.7,-17.4,1.8,2.1,6.9
2019-12-28,2019.9904,72.3,-144.9,-14.0,2.1,2.2,7.7
2019-12-29,2019.9932,72.6,-145.3,-14.5,2.2,2.5,7.7
2019-12-30,2019.9959,72.5,-144.4,-16.3,1.9,2.1,7.0
2019-12-31,2019.9986,71.3,-144.3,-15.8,2.1,2.4,7.3
2020-01-01,2020.0014,71.6,-141.6,-12.2,2.1,2.3,7.6
2020-01-02,2020.0041,69.5,-144.2,-9.8,1.9,2.1,7.1
2020-01-03,2020.0068,67.1,-143.3,-5.7,2.3,2.6,8.1
2020-01-04,2020.0096,71.3,-142.9,-11.5,2.0,2.3,7.5
2020-01-05,2020.0123,68.2,-142.6,-8.6,2.2,2.5,8.3
2020-01-06,2020.015,70.5,-140.6,-8.1,2.0,2.2,7.2
2020-01-07,2020.0178,70.9,-142.1,-7.6,1.8,2.0,6.6
2020-01-08,2020.0205,71.3,-143.1,-3.3,2.1,2.3,7.6
2020-01-09,2020.0232,69.7,-141.2,-8.4,1.9,2.1,7.3
2020-01-10,2020.026,70.1,-142.0,-1.1,2.1,2.4,7.9
2020-01-11,2020.0287,71.3,-141.9,-10.2,1.9,2.2,7.1
2020-01-12,2020.0314,72.3,-141.2,-5.8,2.0,2.2,6.9
2020-01-13,2020.0342,71.6,-141.5,-1.6,2.1,2.4,7.6
2020-01-14,2020.0369,73.1,-144.0,-3.6,1.9,2.2,7.3
2020-01-15,2020.0396,72.2,-141.1,-4.6,2.0,2.3,7.5
2020-01-16,2020.0423,72.2,-141.0,-4.6,1.9,2.2,6.9
2020-01-17,2020.0451,72.3,-140.7,-0.6,2.1,2.4,7.5
2020-01-18,2020.0478,71.6,-139.8,1.9,2.1,2.4,7.6
2020-01-19,2020.0505,68.6,-143.3,-8.5,2.1,2.4,7.4
2020-01-20,2020.0533,70.7,-141.5,-10.3,2.1,2.4,7.8
2020-01-21,2020.056,69.3,-137.8,-12.4,2.0,2.2,7.6
2020-01-22,2020.0587,71.8,-140.6,-7.9,2.0,2.2,7.3
2020-01-23,2020.0615,69.7,-139.8,-4.7,2.0,2.3,7.5
2020-01-24,2020.0642,71.1,-140.4,-4.9,2.3,2.6,8.6
2020-01-25,2020.0669,70.1,-141.1,-11.3,2.2,2.5,7.5
2020-01-26,2020.0697,70.6,-139.8,-6.9,1.9,2.1,6.9
2020-01-27,2020.0724,71.5,-138.5,-6.4,1.8,2.1,6.6
2020-01-28,2020.0751,70.8,-140.1,-7.9,1.9,2.1,6.7
2020-01-29,2020.0779,70.8,-140.9,-6.6,1.9,2.1,6.7
2020-01-30,2020.0806,69.2,-137.8,-12.6,2.4,2.7,8.1
2020-01-31,2020.0833,68.8,-138.5,-7.1,2.3,2.6,8.1
2020-02-01,2020.0861,67.9,-139.3,-12.1,2.1,2.4,7.8
2020-02-02,2020.0888,69.5,-136.7,-17.1,2.1,2.3,7.5
2020-02-03,2020.0915,70.8,-141.7,-3.7,2.0,2.2,7.3
2020-02-04,2020.0943,69.6,-137.5,-12.4,2.2,2.4,7.6
2020-02-05,2020.097,71.1,-138.1,-9.6,2.3,2.6,7.8
2020-02-06,2020.0997,71.3,-137.6,-11.6,2.1,2.3,7.4
2020-02-07,2020.1025,71.5,-138.7,-13.15,1.9,2.1,7.35
2020-02-08,2020.1052,70.0,-138.5,-14.7,2.1,2.4,7.3
2020-02-09,2020.1079,68.3,-140.8,-12.4,2.2,2.6,7.5
2020-02-10,2020.1107,70.7,-143.0,-5.6,2.3,2.5,8.4
2020-02-11,2020.1134,68.4,-141.5,-6.9,2.2,2.5,8.0
2020-02-12,2020.1161,70.4,-139.2,-6.1,2.2,2.6,7.5
2020-02-13,2020.1189,69.8,-138.4,-4.5,1.9,2.1,6.8
2020-02-14,2020.1216,71.0,-138.7,-8.5,2.0,2.2,7.1
2020-02-15,2020.1243,71.6,-141.7,-10.6,2.1,2.3,7.3
2020-02-16,2020.127,69.9,-137.8,-5.9,1.8,2.0,6.5
2020-02-17,2020.1298,68.3,-137.5,-12.9,2.0,2.1,7.0
2020-02-18,2020.1325,70.2,-137.8,-8.4,2.2,2.5,8.0
2020-02-19,2020.1352,69.2,-139.7,-1.0,2.2,2.4,8.1
2020-02-20,2020.138,71.5,-141.1,-5.2,2.2,2.5,7.6
2020-02-21,2020.1407,70.3,-140.4,-7.0,2.3,2.5,7.8
2020-02-22,2020.1434,70.1,-139.1,-8.1,2.0,2.3,7.4
2020-02-23,2020.1462,70.3,-141.7,-6.9,2.2,2.5,8.2
2020-02-24,2020.1489,69.4,-141.9,1.1,2.2,2.5,8.2
2020-02-25,2020.1516,69.2,-141.6,-12.1,2.1,2.3,7.6
2020-02-26,2020.1544,70.2,-140.8,-4.3,2.0,2.2,7.4
2020-02-27,2020.1571,71.9,-139.8,-6.1,2.2,2.5,8.0
2020-02-28,2020.1598,70.7,-141.6,1.2,2.2,2.4,7.9
2020-02-29,2020.1626,70.3,-138.4,-3.0,2.1,2.4,7.6
2020-03-01,2020.1653,71.6,-140.0,-0.8,2.2,2.4,7.9
2020-03-02,2020.168,70.0,-139.5,-7.2,2.1,2.3,7.6
2020-03-03,2020.1708,69.5,-140.1,-14.1,2.1,2.3,7.9
2020-03-04,2020.1735,70.6,-137.6,2.1,2.1,2.3,8.0
2020-03-05,2020.1762,71.2,-140.2,-1.3,2.1,2.3,7.5
2020-03-06,2020.179,71.7,-139.7,3.0,2.3,2.6,8.4
2020-03-07,2020.1817,71.9,-137.9,6.5,2.2,2.5,8.4
2020-03-08,2020.1844,71.7,-139.3,9.6,2.2,2.5,8.2
2020-03-09,2020.1872,73.3,-139.6,-0.1,2.2,2.6,7.8
2020-03-10,2020.1899,72.5,-136.1,-1.3,2.2,2.5,8.0
2020-03-11,2020.1926,69.7,-139.1,2.6,2.1,2.5,7.8
2020-03-12,2020.1954,71.1,-137.4,-2.8,2.3,2.6,8.8
2020-03-13,2020.1981,71.2,-140.2,-2.3,2.3,2.6,8.2
2020-03-14,2020.2008,72.2,-140.9,-7.6,2.1,2.5,7.6
2020-03-15,2020.2036,72.3,-139.5,-0.35,2.2,2.5,8.2
2020-03-16,2020.2063,71.2,-140.9,6.9,2.3,2.5,8.8
2020-03-17,2020.209,71.1,-135.5,0.3,2.4,2.8,8.8
2020-03-18,2020.2117,69.6,-138.3,0.8,2.3,2.6,8.1
2020-03-19,2020.2145,69.9,-138.1,5.0,2.2,2.5,8.2
2020-03-20,2020.2172,71.3,-133.8,3.4,2.1,2.4,7.7
2020-03-21,2020.2199,69.9,-141.1,3.0,2.2,2.5,8.1
2020-03-22,2020.2227,71.9,-136.1,-1.1,2.1,2.4,7.8
2020-03-23,2020.2254,71.4,-136.3,-1.4,2.2,2.6,8.4
2020-03-24,2020.2281,71.1,-136.4,0.9,2.1,2.4,7.7
2020-03-25,2020.2309,71.0,-137.5,-0.0,2.1,2.4,7.8
2020-03-26,2020.2336,70.4,-135.7,0.6,2.3,2.8,8.3
2020-03-27,2020.2363,70.9,-133.9,5.3,2.1,2.4,8.0
2020-03-28,2020.2391,67.5,-135.3,7.05,2.3,2.6,8.3
2020-03-29,2020.2418,68.0,-132.5,8.8,2.3,2.6,8.6
2020-03-30,2020.2445,70.4,-132.9,11.4,2.5,2.9,9.2
2020-03-31,2020.2473,70.0,-136.9,-0.6,2.1,2.4,8.0
2020-04-01,2020.25,71.2,-136.3,10.0,2.1,2.4,7.8
2020-04-02,2020.2527,71.2,-133.9,2.9,2.3,2.7,8.7
2020-04-03,2020.2555,71.2,-132.8,1.9,2.3,2.8,8.5
2020-04-04,2020.2582,72.3,-132.2,-1.4,2.5,3.0,9.5
2020-04-05,2020.2609,70.9,-131.5,11.1,2.2,2.6,7.9
2020-04-06,2020.2637,71.3,-133.3,1.8,2.3,2.8,8.2
2020-04-07,2020.2664,70.0,-134.5,7.2,2.1,2.4,7.7
2020-04-08,2020.2691,71.9,-131.5,-5.9,2.1,2.6,7.8
2020-04-09,2020.2719,68.9,-134.4,2.2,2.2,2.7,8.1
2020-04-10,2020.2746,70.5,-135.4,0.3,2.4,2.9,8.9
2020-04-11,2020.2773,70.1,-132.6,1.4,2.2,2.6,7.7
2020-04-12,2020.2801,70.8,-131.6,-0.0,2.3,2.7,8.3
2020-04-13,2020.2828,70.1,-130.5,2.2,2.1,2.6,7.7
2020-04-14,2020.2855,68.1,-132.2,2.2,2.1,2.4,7.3
2020-04-15,2020.2883,70.3,-131.6,6.4,2.1,2.7,7.7
2020-04-16,2020.291,69.4,-131.8,10.8,2.5,3.0,8.8
2020-04-17,2020.2937,71.7,-135.8,1.2,2.6,3.2,9.6
2020-04-18,2020.2964,70.3,-133.3,1.0,2.1,2.5,7.8
2020-04-19,2020.2992,71.0,-132.8,3.2,2.4,2.9,8.8
2020-04-20,2020.3019,69.9,-132.8,9.4,2.5,3.1,9.6
2020-04-21,2020.3046,69.0,-128.1,10.0,2.5,3.0,9.1
2020-04-22,2020.3074,71.1,-132.6,6.4,2.2,2.5,7.9
2020-04-23,2020.3101,70.5,-132.9,-2.9,2.1,2.5,8.1
2020-04-24,2020.3128,69.8,-131.1,1.1,1.9,2.2,7.0
2020-04-25,2020.3156,69.4,-131.1,-5.4,2.0,2.2,7.4
2020-04-26,2020.3183,69.2,-131.9,-5.4,2.0,2.3,7.2
2020-04-27,2020.321,68.5,-132.5,-8.8,2.0,2.3,7.3
2020-04-28,2020.3238,67.9,-131.2,-1.2,2.0,2.4,7.2
2020-04-29,2020.3265,68.2,-133.5,-5.4,1.9,2.2,6.9
2020-04-30,2020.3292,67.4,-131.5,-0.7,2.3,2.7,8.6
2020-05-01,2020.332,68.4,-130.1,1.0,2.2,2.6,8.2
2020-05-02,2020.3347,68.8,-131.1,4.4,2.2,2.5,8.3
2020-05-03,2020.3374,69.1,-131.7,3.6,2.4,2.8,9.0
2020-05-04,2020.3402,68.1,-132.5,-2.3,2.2,2.6,8.4
2020-05-05,2020.3429,69.3,-131.5,-4.6,2.4,2.7,8.9
2020-05-06,2020.3456,67.2,-138.9,-2.9,2.8,3.2,10.2
2020-05-07,2020.3484,67.2,-131.6,-1.8,2.5,2.9,9.1
2020-05-08,2020.3511,64.9,-136.4,10.3,2.4,2.8,9.3
2020-05-09,2020.3538,67.9,-132.6,0.1,2.6,3.0,9.2
2020-05-10,2020.3566,68.5,-133.9,3.9,2.1,2.3,8.0
2020-05-11,2020.3593,68.9,-130.7,7.8,2.3,2.8,8.4
2020-05-12,2020.362,69.5,-131.5,7.8,2.4,2.8,9.5
2020-05-13,2020.3648,67.6,-131.8,-2.8,2.2,2.5,8.6
2020-05-14,2020.3675,67.8,-132.0,-1.2,2.2,2.5,8.2
2020-05-15,2020.3702,68.5,-130.9,5.6,2.1,2.3,7.6
2020-05-16,2020.373,68.8,-129.8,7.2,2.4,2.8,8.8
2020-05-17,2020.3757,70.0,-130.5,-0.3,2.2,2.6,8.7
2020-05-18,2020.3784,70.2,-130.8,-3.5,2.2,2.5,8.5
2020-05-19,2020.3811,67.5,-132.1,1.1,2.5,2.9,9.4
2020-05-20,2020.3839,67.6,-129.1,-0.2,2.3,2.7,8.4
2020-05-21,2020.3866,69.9,-129.7,5.2,2.3,2.6,8.9
2020-05-22,2020.3893,69.6,-130.8,0.4,2.3,2.6,9.3
2020-05-23,2020.3921,70.7,-132.3,-1.3,2.3,2.6,8.9
2020-05-24,2020.3948,67.2,-129.6,0.4,2.5,2.8,9.4
2020-05-25,2020.3975,65.7,-129.5,1.6,2.5,2.8,8.9
2020-05-26,2020.4003,67.5,-130.1,0.2,2.5,2.8,8.6
2020-05-27,2020.403,69.7,-129.3,-1.8,2.2,2.5,8.2
2020-05-28,2020.4057,68.0,-128.4,-1.1,2.2,2.5,7.9
2020-05-29,2020.4085,67.4,-130.1,-6.2,2.0,2.3,7.8
2020-05-30,2020.4112,67.3,-128.4,-4.85,2.2,2.5,8.45
2020-05-31,2020.4139,68.6,-129.0,-3.5,2.4,2.8,9.1
2020-06-01,2020.4167,66.3,-130.2,-0.4,2.3,2.6,8.5
2020-06-02,2020.4194,69.8,-130.2,-4.3,2.2,2.5,8.7
2020-06-03,2020.4221,69.2,-129.0,1.3,2.5,2.8,8.8
2020-06-04,2020.4249,68.5,-128.4,-6.6,2.6,3.0,9.3
2020-06-05,2020.4276,66.1,-128.0,0.7,2.7,3.2,9.7
2020-06-06,2020.4303,67.3,-130.4,-0.3,2.6,2.9,9.2
2020-06-07,2020.4331,70.6,-129.8,2.9,2.3,2.6,8.8
2020-06-08,2020.4358,70.2,-128.5,-0.9,2.2,2.4,8.3
2020-06-09,2020.4385,69.6,-126.9,-1.7,2.3,2.5,9.1
2020-06-10,2020.4413,66.1,-126.9,4.2,2.8,3.1,11.3
2020-06-11,2020.444,68.6,-127.4,4.55,2.6,2.9,9.8
2020-06-12,2020.4467,66.6,-125.2,4.9,2.4,2.6,8.3
2020-06-13,2020.4495,66.1,-125.3,2.4,2.6,2.8,9.9
2020-06-14,2020.4522,69.4,-127.2,6.7,2.4,2.8,8.7
2020-06-15,2020.4549,68.5,-124.3,5.7,2.3,2.5,8.4
2020-06-16,2020.4577,67.2,-126.7,2.9,2.1,2.5,8.2
2020-06-17,2020.4604,67.0,-123.8,7.5,2.5,3.0,9.1
2020-06-18,2020.4631,66.9,-126.8,-1.5,2.3,2.7,8.8
2020-06-19,2020.4658,68.7,-122.6,-5.4,2.4,2.9,8.8
2020-06-20,2020.4686,68.6,-127.6,-0.8,2.4,2.9,8.6
2020-06-21,2020.4713,67.7,-127.8,-2.5,2.2,2.4,8.1
2020-06-22,2020.474,67.5,-124.7,1.5,2.2,2.5,8.1
2020-06-23,2020.4768,67.1,-126.2,-1.7,2.0,2.2,7.5
2020-06-24,2020.4795,68.3,-126.8,-9.5,2.5,3.0,9.4
2020-06-25,2020.4822,66.8,-125.7,0.2,2.6,2.9,9.8
2020-06-26,2020.485,66.3,-125.0,-2.6,2.4,2.7,8.7
2020-06-27,2020.4877,68.1,-126.8,-6.0,2.1,2.4,8.0
2020-06-28,2020.4904,67.3,-124.8,-0.8,2.2,2.5,8.2
2020-06-29,2020.4932,67.4,-125.8,1.4,2.9,3.2,9.5
2020-06-30,2020.4959,67.1,-123.8,-7.3,2.4,2.7,9.5
2020-07-01,2020.4986,65.4,-124.7,-5.2,2.2,2.5,8.8
2020-07-02,2020.5014,66.0,-125.7,-8.2,2.6,3.0,8.85
2020-07-03,2020.5041,66.5,-124.6,-11.2,2.3,2.6,8.9
2020-07-04,2020.5068,65.9,-123.7,-7.3,2.4,2.8,9.4
2020-07-05,2020.5096,66.7,-123.7,-9.9,2.1,2.3,7.8
2020-07-06,2020.5123,65.4,-124.3,-10.2,2.1,2.3,8.0
2020-07-07,2020.515,64.9,-123.6,-1.4,2.5,2.9,9.4
2020-07-08,2020.5178,66.3,-124.4,-13.0,2.2,2.6,8.0
2020-07-09,2020.5205,66.0,-123.8,-2.1,2.9,3.3,9.5
2020-07-10,2020.5232,66.0,-124.7,-3.2,2.3,2.6,8.4
2020-07-11,2020.526,68.7,-124.4,-5.3,2.1,2.4,7.7
2020-07-12,2020.5287,67.2,-122.6,-6.7,2.2,2.5,7.9
2020-07-13,2020.5314,67.6,-123.9,-8.6,2.4,2.9,8.6
2020-07-14,2020.5342,67.2,-123.7,-15.7,2.4,2.7,8.2
2020-07-15,2020.5369,65.7,-122.9,-11.6,2.4,2.8,8.5
2020-07-16,2020.5396,67.1,-123.8,-2.7,2.5,2.9,8.5
2020-07-17,2020.5423,64.7,-124.1,-11.4,2.2,2.5,7.7
2020-07-18,2020.5451,66.3,-126.0,-8.5,2.5,2.9,8.5
2020-07-19,2020.5478,64.1,-126.2,-18.2,2.5,2.9,9.2
2020-07-20,2020.5505,64.4,-124.8,-12.2,2.3,2.6,8.4
2020-07-21,2020.5533,64.5,-124.7,-11.1,2.2,2.5,8.0
2020-07-22,2020.556,65.5,-124.2,-10.9,2.3,2.7,8.6
2020-07-23,2020.5587,64.6,-124.1,-13.4,2.6,2.9,8.8
2020-07-24,2020.5615,66.4,-124.1,-11.0,2.5,2.7,8.6
2020-07-25,2020.5642,66.2,-122.9,-14.6,2.4,2.7,8.7
2020-07-26,2020.5669,66.3,-123.8,-18.1,2.6,3.2,9.6
2020-07-27,2020.5697,64.0,-124.1,-3.7,2.7,3.0,10.2
2020-07-28,2020.5724,64.3,-119.6,-18.7,2.8,3.1,10.9
2020-07-29,2020.5751,64.0,-121.8,-15.6,2.8,3.1,9.6
2020-07-30,2020.5779,64.0,-119.9,-12.0,2.1,2.4,7.8
2020-07-31,2020.5806,64.3,-125.7,-16.4,2.4,2.7,9.0
2020-08-01,2020.5833,63.9,-124.1,-9.5,3.0,3.4,10.5
2020-08-02,2020.5861,63.6,-121.7,-10.4,3.0,3.2,11.9
2020-08-03,2020.5888,64.6,-120.5,-16.2,2.7,2.9,9.8
2020-08-04,2020.5915,62.4,-122.7,-5.0,3.1,3.5,11.6
2020-08-05,2020.5943,63.4,-121.2,-17.7,2.8,3.1,10.8
2020-08-06,2020.597,62.9,-125.1,-3.5,2.8,3.1,10.1
2020-08-07,2020.5997,64.5,-123.0,-14.4,3.4,3.7,12.9
2020-08-08,2020.6025,64.2,-124.0,-11.8,2.5,2.9,9.4
2020-08-09,2020.6052,63.9,-120.7,-13.0,2.3,2.6,8.9
2020-08-10,2020.6079,63.1,-123.2,-15.3,2.6,2.9,9.4
2020-08-11,2020.6107,63.6,-121.7,-12.9,2.4,2.8,8.6
2020-08-12,2020.6134,60.9,-122.9,-11.6,2.5,2.9,9.5
2020-08-13,2020.6161,61.0,-122.4,-11.8,2.3,2.7,8.7
2020-08-14,2020.6189,63.2,-123.2,-12.6,2.1,2.4,8.0
2020-08-15,2020.6216,62.2,-121.7,-11.8,2.6,3.0,9.3
2020-08-16,2020.6243,60.4,-122.2,-13.1,2.2,2.5,8.0
2020-08-17,2020.627,60.5,-120.0,-12.5,2.5,2.9,8.9
2020-08-18,2020.6298,60.4,-122.2,-15.7,2.6,3.1,8.0
2020-08-19,2020.6325,60.3,-122.2,-18.9,2.0,2.2,7.1
2020-08-20,2020.6352,60.8,-121.1,-17.5,2.5,2.9,8.15
2020-08-21,2020.638,60.0,-123.6,-16.1,2.5,2.8,9.2
2020-08-22,2020.6407,61.4,-121.2,-18.45,2.7,3.2,8.9
2020-08-23,2020.6434,62.7,-120.8,-20.8,2.3,2.6,8.6
2020-08-24,2020.6462,61.2,-120.2,-16.9,2.2,2.5,8.2
2020-08-25,2020.6489,58.4,-120.8,-14.3,2.7,3.1,10.7
2020-08-26,2020.6516,61.2,-120.5,-14.0,2.4,2.7,9.2
2020-08-27,2020.6544,61.2,-120.3,-12.1,2.4,2.8,9.1
2020-08-28,2020.6571,60.7,-120.5,-15.9,2.7,3.1,10.8
2020-08-29,2020.6598,61.2,-121.4,-18.1,2.4,2.8,10.45
2020-08-30,2020.6626,59.2,-121.8,-20.3,2.9,3.4,10.1
2020-08-31,2020.6653,59.5,-122.0,-22.0,2.8,3.2,9.5
2020-09-01,2020.668,59.7,-120.4,-20.4,2.5,3.0,8.8
2020-09-02,2020.6708,60.8,-123.2,-21.6,2.2,2.5,8.5
2020-09-03,2020.6735,58.0,-119.9,-21.1,2.3,2.6,8.8
2020-09-04,2020.6762,60.9,-120.4,-25.1,2.2,2.6,8.2
2020-09-05,2020.679,58.7,-119.2,-17.8,2.3,2.6,8.3
2020-09-06,2020.6817,59.2,-120.7,-20.8,2.4,2.7,8.7
2020-09-07,2020.6844,59.3,-118.9,-18.0,2.2,2.5,7.8
2020-09-08,2020.6872,58.4,-118.2,-28.2,2.2,2.4,7.9
2020-09-09,2020.6899,59.4,-117.9,-16.4,2.1,2.6,7.7
2020-09-10,2020.6926,59.5,-118.7,-22.7,2.5,3.0,8.6
2020-09-11,2020.6954,59.7,-117.8,-20.3,2.6,2.9,9.0
2020-09-12,2020.6981,60.4,-117.2,-18.6,2.6,3.0,9.7
2020-09-13,2020.7008,60.9,-116.3,-17.2,2.3,2.7,8.5
2020-09-14,2020.7036,58.7,-118.2,-21.0,2.2,2.5,8.2
2020-09-15,2020.7063,57.8,-116.8,-20.3,2.2,2.5,8.0
2020-09-16,2020.709,57.7,-115.8,-17.4,2.6,3.0,8.9
2020-09-17,2020.7117,58.2,-118.0,-27.9,2.3,2.7,8.5
2020-09-18,2020.7145,58.1,-117.9,-20.6,2.2,2.6,8.0
2020-09-19,2020.7172,59.8,-117.3,-20.4,2.0,2.3,7.5
2020-09-20,2020.7199,58.8,-117.3,-21.9,2.1,2.4,7.7
2020-09-21,2020.7227,59.5,-117.3,-24.6,2.4,2.8,9.0
2020-09-22,2020.7254,57.4,-116.2,-28.5,2.6,3.1,9.8
2020-09-23,2020.7281,58.5,-117.8,-21.4,2.4,2.9,8.3
2020-09-24,2020.7309,57.0,-117.0,-24.3,2.1,2.5,7.8
2020-09-25,2020.7336,58.3,-117.8,-16.8,2.2,2.6,8.2
2020-09-26,2020.7363,56.6,-115.9,-23.7,2.1,2.4,7.8
2020-09-27,2020.7391,58.1,-119.4,-25.0,2.4,3.0,8.7
2020-09-28,2020.7418,56.6,-117.2,-12.8,2.3,2.7,8.7
2020-09-29,2020.7445,57.1,-117.2,-18.7,2.1,2.4,7.8
2020-09-30,2020.7473,56.9,-114.1,-18.4,2.3,2.7,8.6
2020-10-01,2020.75,57.2,-116.8,-17.7,2.3,2.6,8.6
2020-10-02,2020.7527,57.1,-115.8,-16.7,2.5,3.0,9.1
2020-10-03,2020.7555,56.7,-116.9,-17.0,2.4,2.8,9.5
2020-10-04,2020.7582,58.2,-116.5,-17.7,2.4,2.8,9.4
2020-10-05,2020.7609,56.2,-115.2,-21.5,2.6,3.0,10.3
2020-10-06,2020.7637,56.9,-114.3,-19.8,2.3,2.7,8.7
2020-10-07,2020.7664,58.3,-115.3,-20.5,2.4,2.8,9.4
2020-10-08,2020.7691,56.2,-114.2,-21.2,2.2,2.6,7.9
2020-10-09,2020.7719,56.3,-114.2,-21.9,2.1,2.4,7.6
2020-10-10,2020.7746,56.5,-112.0,-16.4,2.1,2.5,7.4
2020-10-11,2020.7773,55.2,-113.6,-15.4,2.7,3.2,9.8
2020-10-12,2020.7801,55.2,-113.3,-22.3,2.1,2.3,7.6
2020-10-13,2020.7828,55.6,-114.5,-20.4,2.1,2.3,7.7
2020-10-14,2020.7855,56.9,-114.9,-20.8,2.2,2.5,8.2
2020-10-15,2020.7883,56.5,-114.1,-25.6,2.0,2.3,7.6
2020-10-16,2020.791,56.9,-113.7,-21.1,2.0,2.2,7.5
2020-10-17,2020.7937,58.5,-116.4,-18.7,1.9,2.2,7.3
2020-10-18,2020.7964,56.6,-114.5,-17.1,2.4,2.7,8.7
2020-10-19,2020.7992,54.8,-116.8,-25.8,2.4,2.8,8.5
2020-10-20,2020.8019,56.1,-116.0,-25.0,2.2,2.5,8.5
2020-10-21,2020.8046,55.6,-115.6,-16.6,2.0,2.3,7.8
2020-10-22,2020.8074,55.8,-115.2,-20.1,1.9,2.3,7.2
2020-10-23,2020.8101,55.3,-115.8,-17.9,2.0,2.3,7.3
2020-10-24,2020.8128,55.8,-115.8,-21.8,2.1,2.4,7.5
2020-10-25,2020.8156,55.1,-113.7,-20.2,2.3,2.6,8.4
2020-10-26,2020.8183,55.6,-116.0,-20.1,2.0,2.4,7.6
2020-10-27,2020.821,56.1,-112.4,-23.0,2.3,2.7,8.9
2020-10-28,2020.8238,55.7,-113.8,-14.2,2.0,2.2,7.6
2020-10-29,2020.8265,55.7,-114.5,-21.9,2.1,2.5,8.0
2020-10-30,2020.8292,57.7,-112.9,-16.4,2.1,2.5,7.7
2020-10-31,2020.832,55.5,-115.8,-20.9,2.1,2.4,7.9
2020-11-01,2020.8347,56.7,-114.3,-11.7,1.9,2.2,7.2
2020-11-02,2020.8374,56.2,-113.9,-18.0,2.0,2.3,7.4
2020-11-03,2020.8402,54.4,-113.6,-17.05,2.1,2.4,8.05
2020-11-04,2020.8429,55.2,-111.6,-16.1,2.4,2.7,8.7
2020-11-05,2020.8456,54.0,-113.0,-20.2,2.4,2.8,9.2
2020-11-06,2020.8484,54.2,-114.1,-14.3,2.3,2.6,8.2
2020-11-07,2020.8511,55.0,-112.5,-21.8,2.0,2.3,7.3
2020-11-08,2020.8538,55.4,-111.1,-11.5,2.1,2.3,7.6
2020-11-09,2020.8566,56.0,-113.0,-22.0,2.1,2.4,8.0
2020-11-10,2020.8593,55.5,-110.3,-20.0,2.0,2.3,7.4
2020-11-11,2020.862,56.2,-111.2,-19.0,2.1,2.6,7.6
2020-11-12,2020.8648,55.8,-110.9,-22.9,2.2,2.5,7.7
2020-11-13,2020.8675,55.7,-112.9,-21.8,2.0,2.2,7.4
2020-11-14,2020.8702,55.6,-112.5,-15.4,2.0,2.3,7.3
2020-11-15,2020.873,55.6,-113.0,-16.2,1.9,2.2,7.1
2020-11-16,2020.8757,54.4,-112.9,-12.55,2.2,2.6,7.6
2020-11-17,2020.8784,56.2,-112.1,-8.9,2.1,2.5,8.1
2020-11-18,2020.8811,56.0,-112.5,-15.5,2.4,3.0,9.1
2020-11-19,2020.8839,54.4,-109.9,-7.7,2.3,2.7,8.4
2020-11-20,2020.8866,54.8,-114.0,-9.9,2.0,2.3,7.5
2020-11-21,2020.8893,56.0,-112.6,-14.3,2.0,2.3,7.6
2020-11-22,2020.8921,54.3,-112.4,-10.0,2.4,2.7,8.7
2020-11-23,2020.8948,53.0,-110.7,-16.7,2.1,2.5,7.9
2020-11-24,2020.8975,53.1,-107.2,-14.9,2.1,2.5,7.8
2020-11-25,2020.9003,54.8,-108.8,-14.0,2.1,2.5,7.4
2020-11-26,2020.903,55.0,-111.5,-10.6,2.0,2.4,7.5
2020-11-27,2020.9057,55.5,-111.4,-15.9,2.0,2.3,7.3
2020-11-28,2020.9085,53.5,-112.8,-15.9,2.1,2.5,7.7
2020-11-29,2020.9112,54.6,-110.2,-15.0,2.0,2.3,7.5
2020-11-30,2020.9139,52.6,-111.5,-19.2,2.0,2.3,7.5
2020-12-01,2020.9167,53.0,-111.3,-13.9,2.1,2.4,7.5
2020-12-02,2020.9194,53.9,-110.2,-13.5,2.1,2.4,7.8
2020-12-03,2020.9221,54.4,-110.7,-12.2,2.1,2.4,7.5
2020-12-04,2020.9249,51.5,-110.1,-9.5,2.1,2.5,7.6
2020-12-05,2020.9276,52.1,-107.1,-9.4,2.1,2.4,7.3
2020-12-06,2020.9303,54.6,-108.4,-6.7,2.2,2.6,7.6
2020-12-07,2020.9331,54.2,-109.1,-10.2,2.1,2.4,7.4
2020-12-08,2020.9358,55.4,-109.6,-7.0,2.0,2.3,7.0
2020-12-09,2020.9385,54.0,-110.6,-9.1,2.1,2.4,7.1
2020-12-10,2020.9413,54.1,-110.7,-1.7,2.0,2.3,6.9
2020-12-11,2020.944,53.9,-110.3,-3.8,2.0,2.4,7.0
2020-12-12,2020.9467,54.4,-109.6,-2.55,2.0,2.3,7.35
2020-12-13,2020.9495,57.2,-106.5,-1.3,2.1,2.3,7.7
2020-12-14,2020.9522,53.8,-110.6,-12.4,1.9,2.2,7.0
2020-12-15,2020.9549,52.7,-109.4,-11.0,2.1,2.3,7.3
2020-12-16,2020.9577,56.2,-106.8,0.6,2.3,2.6,8.2
2020-12-17,2020.9604,54.1,-106.3,-7.2,2.1,2.3,7.6
2020-12-18,2020.9631,53.6,-106.0,-15.8,2.1,2.4,7.9
2020-12-19,2020.9658,53.1,-106.5,-13.6,2.1,2.3,7.4
2020-12-20,2020.9686,53.5,-108.9,-9.5,1.9,2.1,6.8
2020-12-21,2020.9713,55.8,-108.4,-10.1,1.9,2.1,6.8
2020-12-22,2020.974,54.1,-111.2,-3.8,2.0,2.2,7.1
2020-12-23,2020.9768,53.1,-107.1,-0.8,2.1,2.4,7.5
2020-12-24,2020.9795,54.2,-105.6,-8.2,2.1,2.4,7.4
2020-12-25,2020.9822,52.9,-107.4,-9.5,2.0,2.2,7.2
2020-12-26,2020.985,54.2,-110.3,-3.5,2.0,2.2,7.1
2020-12-27,2020.9877,53.4,-111.4,-3.8,2.1,2.3,7.2
2020-12-28,2020.9904,53.5,-103.9,-5.2,1.9,2.2,6.9
2020-12-29,2020.9932,55.4,-107.3,-9.3,1.9,2.1,6.7
2020-12-30,2020.9959,56.1,-106.1,-13.5,2.0,2.2,7.2
2020-12-31,2020.9986,54.9,-108.0,-5.5,1.9,2.1,6.7
2021-01-01,2021.0014,54.8,-108.6,-0.3,1.6,1.7,5.1
2021-01-02,2021.0041,54.1,-109.3,-2.3,1.9,2.2,6.8
2021-01-03,2021.0068,55.8,-108.1,-2.7,1.9,2.1,6.6
2021-01-04,2021.0096,57.0,-107.1,0.8,1.9,2.1,6.7
2021-01-05,2021.0123,56.4,-107.9,-3.7,1.9,2.1,6.9
2021-01-06,2021.0151,54.7,-106.1,4.6,2.0,2.3,7.5
2021-01-07,2021.0178,53.9,-107.1,-6.3,2.2,2.5,8.1
2021-01-08,2021.0205,55.0,-108.5,3.9,2.0,2.3,7.3
2021-01-09,2021.0233,53.1,-103.5,1.5,1.9,2.1,6.7
2021-01-10,2021.026,53.8,-106.6,-3.6,1.9,2.1,7.0
2021-01-11,2021.0288,53.4,-105.9,-6.7,1.8,1.9,6.3
2021-01-12,2021.0315,52.5,-109.5,-5.1,1.8,2.0,6.5
2021-01-13,2021.0342,54.3,-106.5,-6.0,1.8,1.9,6.3
2021-01-14,2021.037,54.7,-106.4,-4.3,1.8,1.9,6.3
2021-01-15,2021.0397,54.7,-105.4,-1.2,1.9,2.0,6.5
2021-01-16,2021.0425,53.4,-104.1,-3.5,1.6,1.7,5.0
2021-01-17,2021.0452,53.7,-105.9,-8.0,2.2,2.4,7.5
2021-01-18,2021.0479,52.8,-105.8,-3.4,1.8,1.9,6.2
2021-01-19,2021.0507,52.0,-106.7,-7.8,2.0,2.2,7.4
2021-01-20,2021.0534,51.9,-104.8,-5.1,1.8,2.0,6.7
2021-01-21,2021.0562,53.3,-102.9,-7.6,2.0,2.1,7.0
2021-01-22,2021.0589,51.8,-103.6,-5.7,1.9,2.0,6.6
2021-01-23,2021.0616,53.5,-106.4,-1.0,1.9,2.0,6.7
2021-01-24,2021.0644,54.6,-103.6,-6.6,2.0,2.2,7.3
2021-01-25,2021.0671,51.6,-104.0,-6.6,2.1,2.2,7.3
2021-01-26,2021.0699,52.9,-103.1,-5.6,2.0,2.2,7.2
2021-01-27,2021.0726,53.6,-105.1,-2.8,1.5,1.6,5.0
2021-01-28,2021.0753,50.2,-106.3,-8.6,1.5,1.6,5.0
2021-01-29,2021.0781,51.7,-103.7,-4.0,1.9,2.1,7.1
2021-01-30,2021.0808,52.0,-102.5,-10.2,1.9,2.1,7.1
2021-01-31,2021.0836,56.0,-103.8,-5.5,2.0,2.2,7.4
2021-02-01,2021.0863,51.7,-105.1,-3.4,2.0,2.2,7.2
2021-02-02,2021.089,53.8,-105.9,-3.3,1.9,2.1,6.8
2021-02-03,2021.0918,53.3,-106.0,-3.9,1.9,2.1,7.0
2021-02-04,2021.0945,51.6,-102.7,-6.8,1.9,2.1,6.8
2021-02-05,2021.0973,53.1,-107.1,-5.7,1.8,2.0,6.8
2021-02-06,2021.1,52.4,-104.6,-8.5,2.0,2.2,7.2
2021-02-07,2021.1027,53.1,-106.9,-2.4,1.6,1.7,5.4
2021-02-08,2021.1055,52.5,-104.9,0.6,2.0,2.2,7.1
2021-02-09,2021.1082,52.7,-103.2,0.3,1.6,1.7,5.3
2021-02-10,2021.111,53.3,-103.6,-2.4,1.9,2.1,6.9
2021-02-11,2021.1137,53.0,-104.5,-3.4,2.0,2.2,7.4
2021-02-12,2021.1164,53.0,-107.3,0.1,2.2,2.4,7.0
2021-02-13,2021.1192,54.9,-104.5,3.6,1.8,2.0,6.6
2021-02-14,2021.1219,53.3,-105.8,2.6,2.0,2.2,7.3
2021-02-15,2021.1247,54.3,-104.9,2.9,2.0,2.2,7.4
2021-02-16,2021.1274,51.0,-106.5,-2.7,1.6,1.8,5.6
2021-02-17,2021.1301,52.9,-105.6,0.2,1.9,2.0,6.9
2021-02-18,2021.1329,51.8,-104.9,3.5,1.9,2.1,6.9
2021-02-19,2021.1356,52.5,-102.8,2.3,2.0,2.3,7.4
2021-02-20,2021.1384,50.7,-107.9,3.2,2.1,2.2,7.5
2021-02-21,2021.1411,51.1,-105.2,-2.3,2.0,2.2,7.0
2021-02-22,2021.1438,52.1,-104.3,0.3,1.8,2.0,6.6
2021-02-23,2021.1466,51.0,-105.3,1.4,2.0,2.2,7.4
2021-02-24,2021.1493,52.1,-102.7,4.5,1.9,2.2,7.2
2021-02-25,2021.1521,51.1,-102.9,3.6,1.5,1.7,5.1
2021-02-26,2021.1548,51.8,-100.3,2.6,2.0,2.2,7.3
2021-02-27,2021.1575,53.2,-105.0,-2.4,2.0,2.2,7.1
2021-02-28,2021.1603,55.3,-104.5,6.5,2.1,2.4,8.1
2021-03-01,2021.163,52.2,-98.4,-1.9,2.1,2.3,7.6
2021-03-02,2021.1658,51.9,-101.8,1.0,2.1,2.3,7.8
2021-03-03,2021.1685,51.5,-102.3,3.6,1.9,2.2,7.2
2021-03-04,2021.1712,52.4,-100.9,8.0,2.1,2.3,7.4
2021-03-05,2021.174,54.3,-99.5,-0.9,2.1,2.4,7.6
2021-03-06,2021.1767,52.6,-103.1,-1.5,2.0,2.2,7.3
2021-03-07,2021.1795,53.7,-106.3,-4.7,1.6,1.8,5.5
2021-03-08,2021.1822,52.4,-100.4,-3.1,1.9,2.1,6.5
2021-03-09,2021.1849,51.9,-102.6,-0.3,2.2,2.4,7.7
2021-03-10,2021.1877,54.5,-102.5,-0.9,1.9,2.1,6.8
2021-03-11,2021.1904,53.9,-102.0,-7.0,2.0,2.1,7.1
2021-03-12,2021.1932,52.8,-100.0,0.6,1.6,1.8,5.2
2021-03-13,2021.1959,52.8,-100.0,6.5,2.1,2.3,7.6
2021-03-14,2021.1986,53.6,-101.4,6.5,2.3,2.7,8.6
2021-03-15,2021.2014,54.2,-102.3,1.8,2.1,2.5,8.0
2021-03-16,2021.2041,55.0,-102.8,1.4,2.3,2.5,8.7
2021-03-17,2021.2068,54.3,-103.7,3.3,2.1,2.4,7.8
2021-03-18,2021.2096,55.3,-105.6,-0.1,1.9,2.2,7.1
2021-03-19,2021.2123,56.5,-99.0,3.0,2.0,2.3,6.3
2021-03-20,2021.2151,54.6,-98.4,6.1,1.6,1.9,5.5
2021-03-21,2021.2178,54.2,-97.7,6.6,2.1,2.4,7.8
2021-03-22,2021.2205,52.9,-99.6,-1.4,2.1,2.6,8.1
2021-03-23,2021.2233,54.3,-102.0,9.3,2.2,2.6,8.2
2021-03-24,2021.226,53.4,-98.2,7.1,2.2,2.5,8.1
2021-03-25,2021.2288,54.9,-98.7,13.4,2.1,2.4,8.1
2021-03-26,2021.2315,54.7,-98.8,9.9,2.2,2.6,8.4
2021-03-27,2021.2342,53.5,-99.4,5.7,2.0,2.3,7.3
2021-03-28,2021.237,54.5,-99.8,11.2,2.1,2.5,7.8
2021-03-29,2021.2397,54.7,-99.8,15.3,2.1,2.4,7.7
2021-03-30,2021.2425,54.2,-99.7,20.5,2.1,2.4,7.9
2021-03-31,2021.2452,54.9,-97.9,6.2,2.0,2.4,7.5
2021-04-01,2021.2479,52.4,-96.0,10.0,2.1,2.4,8.1
2021-04-02,2021.2507,55.0,-95.0,13.1,2.2,2.5,8.0
2021-04-03,2021.2534,51.1,-98.0,8.6,1.7,1.9,5.9
2021-04-04,2021.2562,54.4,-100.1,7.1,2.0,2.3,7.7
2021-04-05,2021.2589,53.4,-96.0,7.9,2.0,2.3,7.2
2021-04-06,2021.2616,54.1,-97.9,1.9,1.9,2.1,7.2
2021-04-07,2021.2644,53.9,-97.7,2.6,1.9,2.1,6.9
2021-04-08,2021.2671,53.7,-95.4,11.6,2.1,2.4,7.7
2021-04-09,2021.2699,51.6,-97.9,6.8,2.2,2.4,8.2
2021-04-10,2021.2726,52.1,-96.9,-0.3,2.2,2.5,8.2
2021-04-11,2021.2753,53.1,-95.7,10.1,2.2,2.5,8.4
2021-04-12,2021.2781,52.6,-99.4,5.7,2.4,2.8,8.7
2021-04-13,2021.2808,53.0,-94.1,8.2,2.5,2.8,8.8
2021-04-14,2021.2836,51.8,-97.7,12.1,2.2,2.4,8.3
2021-04-15,2021.2863,54.1,-101.0,13.7,2.1,2.4,8.1
2021-04-16,2021.289,52.7,-96.9,4.0,2.3,2.6,8.2
2021-04-17,2021.2918,50.8,-95.0,3.9,2.2,2.5,8.0
2021-04-18,2021.2945,51.8,-94.7,1.3,2.2,2.6,8.4
2021-04-19,2021.2973,54.2,-98.6,7.6,2.5,2.8,9.2
2021-04-20,2021.3,52.5,-94.0,11.1,2.4,2.7,8.9
2021-04-21,2021.3027,52.4,-97.6,4.9,2.3,2.7,8.7
2021-04-22,2021.3055,52.9,-92.4,13.8,2.5,3.0,9.2
2021-04-23,2021.3082,53.1,-96.5,15.3,2.2,2.5,8.8
2021-04-24,2021.311,53.1,-98.9,10.4,2.0,2.3,7.5
2021-04-25,2021.3137,52.0,-96.5,8.5,2.0,2.3,7.4
2021-04-26,2021.3164,49.3,-94.4,10.7,2.2,2.5,8.6
2021-04-27,2021.3192,51.8,-99.1,3.4,2.2,2.4,8.4
2021-04-28,2021.3219,51.5,-95.4,0.7,2.1,2.4,8.0
2021-04-29,2021.3247,51.3,-95.4,0.2,2.2,2.4,8.1
2021-04-30,2021.3274,52.0,-92.8,-2.0,2.3,2.6,8.8
2021-05-01,2021.3301,49.9,-93.6,-1.8,1.6,1.8,5.8
2021-05-02,2021.3329,50.9,-92.9,4.3,2.2,2.4,8.2
2021-05-03,2021.3356,51.2,-94.4,-1.6,2.2,2.6,8.3
2021-05-04,2021.3384,50.4,-95.1,-2.8,2.2,2.6,8.3
2021-05-05,2021.3411,52.7,-94.5,-2.0,2.4,2.9,8.8
2021-05-06,2021.3438,51.9,-93.6,-0.9,2.5,2.9,8.9
2021-05-07,2021.3466,51.3,-95.1,-4.4,2.4,2.8,8.9
2021-05-08,2021.3493,50.9,-94.0,2.7,2.2,2.5,8.3
2021-05-09,2021.3521,49.0,-94.9,10.1,2.5,2.9,9.7
2021-05-10,2021.3548,49.7,-93.4,-7.2,3.0,3.4,10.3
2021-05-11,2021.3575,49.4,-93.3,2.5,2.2,2.4,8.2
2021-05-12,2021.3603,52.4,-93.7,0.9,2.1,2.3,7.6
2021-05-13,2021.363,50.5,-89.3,8.9,2.4,2.6,9.0
2021-05-14,2021.3658,50.9,-92.7,0.7,2.3,2.6,8.7
2021-05-15,2021.3685,51.5,-94.9,9.3,2.6,2.9,10.1
2021-05-16,2021.3712,51.6,-92.9,-0.1,1.8,2.0,6.2
2021-05-17,2021.374,52.3,-94.7,5.5,2.4,2.7,9.1
2021-05-18,2021.3767,52.4,-92.2,4.5,2.3,2.6,8.4
2021-05-19,2021.3795,51.4,-91.4,9.3,2.3,2.6,8.6
2021-05-20,2021.3822,53.0,-93.0,10.6,1.8,2.0,6.4
2021-05-21,2021.3849,51.0,-95.0,4.9,1.8,2.0,6.6
2021-05-22,2021.3877,51.2,-92.4,0.8,2.2,2.5,8.2
2021-05-23,2021.3904,53.3,-93.0,7.8,2.2,2.4,8.4
2021-05-24,2021.3932,52.9,-93.0,-0.3,2.4,2.7,9.7
2021-05-25,2021.3959,51.4,-93.4,7.4,2.3,2.6,8.9
2021-05-26,2021.3986,50.3,-91.2,8.3,2.2,2.5,8.7
2021-05-27,2021.4014,52.2,-93.0,5.1,2.2,2.5,8.5
2021-05-28,2021.4041,51.2,-91.4,5.8,2.1,2.3,7.9
2021-05-29,2021.4068,50.3,-90.9,3.3,2.3,2.6,8.7
2021-05-30,2021.4096,50.8,-91.1,15.7,2.4,2.7,9.4
2021-05-31,2021.4123,52.7,-91.9,12.1,1.8,1.9,6.5
2021-06-01,2021.4151,50.4,-91.6,13.0,2.3,2.6,8.7
2021-06-02,2021.4178,50.8,-92.4,4.5,2.2,2.5,8.5
2021-06-03,2021.4205,49.4,-88.7,8.6,2.2,2.4,8.2
2021-06-04,2021.4233,51.1,-91.2,5.2,2.6,3.0,9.1
2021-06-05,2021.426,50.2,-89.8,4.1,2.2,2.7,8.0
2021-06-06,2021.4288,50.1,-88.9,4.2,2.5,2.8,8.7
2021-06-07,2021.4315,49.4,-88.8,5.05,2.8,3.2,8.55
2021-06-08,2021.4342,50.0,-90.4,5.9,2.2,2.5,8.4
2021-06-09,2021.437,51.9,-91.7,0.5,2.4,2.8,9.0
2021-06-10,2021.4397,51.1,-90.9,0.8,2.0,2.4,7.6
2021-06-11,2021.4425,48.9,-91.8,-5.0,1.9,2.1,6.9
2021-06-12,2021.4452,49.0,-87.8,0.8,2.0,2.2,7.7
2021-06-13,2021.4479,49.2,-88.8,-0.9,2.1,2.4,8.0
2021-06-14,2021.4507,49.4,-86.9,1.0,2.1,2.4,8.2
2021-06-15,2021.4534,48.3,-88.5,11.1,2.3,2.6,8.9
2021-06-16,2021.4562,48.8,-88.4,1.9,2.3,2.6,8.7
2021-06-17,2021.4589,48.6,-85.9,11.4,2.9,3.3,11.9
2021-06-18,2021.4616,47.9,-88.7,8.1,1.8,2.1,6.5
2021-06-19,2021.4644,51.4,-93.0,-0.4,1.7,1.9,6.0
2021-06-20,2021.4671,49.6,-88.5,6.1,2.2,2.5,8.0
2021-06-21,2021.4699,51.1,-88.6,-4.3,2.4,2.7,9.4
2021-06-22,2021.4726,49.6,-90.9,-3.3,2.2,2.5,7.8
2021-06-23,2021.4753,50.9,-90.2,-7.6,1.7,2.0,5.9
2021-06-24,2021.4781,49.4,-87.8,0.2,2.2,2.5,8.0
2021-06-25,2021.4808,49.4,-88.3,-6.2,2.3,2.6,8.6
2021-06-26,2021.4836,47.8,-89.7,3.5,2.4,2.7,8.8
2021-06-27,2021.4863,50.8,-91.2,11.9,2.4,2.8,9.3
2021-06-28,2021.489,48.2,-88.7,-4.1,2.1,2.3,7.8
2021-06-29,2021.4918,50.2,-88.2,7.2,2.4,2.7,9.3
2021-06-30,2021.4945,49.3,-89.0,0.1,2.2,2.5,8.1
2021-07-01,2021.4973,51.4,-88.6,1.0,2.2,2.4,8.1
2021-07-02,2021.5,47.7,-87.1,0.4,2.2,2.4,8.0
2021-07-03,2021.5027,49.2,-92.4,-7.8,2.4,2.7,8.6
2021-07-04,2021.5055,49.1,-87.9,-2.9,2.1,2.4,7.7
2021-07-05,2021.5082,47.1,-84.6,5.9,2.6,3.0,9.5
2021-07-06,2021.511,48.2,-87.6,-3.3,2.3,2.6,8.3
2021-07-07,2021.5137,44.2,-90.7,13.3,3.0,3.3,11.9
2021-07-08,2021.5164,47.2,-90.0,-11.8,2.6,2.9,10.1
2021-07-09,2021.5192,46.6,-88.9,-0.2,2.4,2.7,9.2
2021-07-10,2021.5219,48.0,-87.1,-3.2,2.2,2.5,8.0
2021-07-11,2021.5247,47.4,-89.0,0.6,2.4,2.5,8.7
2021-07-12,2021.5274,48.4,-86.8,-0.2,2.6,3.0,9.7
2021-07-13,2021.5301,47.9,-87.3,2.5,2.4,2.7,8.8
2021-07-14,2021.5329,47.0,-88.0,-2.0,2.0,2.2,7.3
2021-07-15,2021.5356,47.0,-88.3,-9.9,2.6,2.8,10.2
2021-07-16,2021.5384,49.2,-88.0,-12.0,2.2,2.4,8.2
2021-07-17,2021.5411,47.1,-87.3,-11.5,2.7,2.9,10.7
2021-07-18,2021.5438,47.4,-87.9,1.4,2.9,3.2,10.7
2021-07-19,2021.5466,47.5,-88.8,3.4,2.6,2.9,9.9
2021-07-20,2021.5493,46.4,-88.1,2.6,2.7,2.9,10.4
2021-07-21,2021.5521,46.1,-88.9,-7.5,2.4,2.7,8.7
2021-07-22,2021.5548,45.8,-88.2,2.4,2.7,3.0,10.2
2021-07-23,2021.5575,45.7,-89.2,0.2,2.4,2.7,9.3
2021-07-24,2021.5603,47.6,-88.3,-8.7,2.9,3.2,10.7
2021-07-25,2021.563,48.8,-90.2,-5.0,2.9,3.1,11.3
2021-07-26,2021.5658,46.1,-91.1,-11.9,2.0,2.2,7.0
2021-07-27,2021.5685,46.5,-89.5,-4.9,2.2,2.5,8.4
2021-07-28,2021.5712,47.5,-87.7,-13.1,1.9,2.1,6.5
2021-07-29,2021.574,47.5,-88.2,-1.0,2.3,2.6,8.3
2021-07-30,2021.5767,47.4,-89.9,-10.4,2.5,2.8,9.1
2021-07-31,2021.5795,47.4,-88.5,-9.4,2.3,2.5,8.8
2021-08-01,2021.5822,45.8,-87.9,2.5,2.5,2.7,9.4
2021-08-02,2021.5849,43.8,-86.1,0.6,2.5,2.7,9.5
2021-08-03,2021.5877,44.0,-85.2,-9.1,3.0,3.3,12.3
2021-08-04,2021.5904,41.9,-87.8,-1.6,2.1,2.4,8.1
2021-08-05,2021.5932,47.1,-84.8,-14.6,2.5,2.7,9.6
2021-08-06,2021.5959,44.7,-84.9,-3.7,2.2,2.5,8.6
2021-08-07,2021.5986,45.5,-86.8,-5.1,2.1,2.4,7.9
2021-08-08,2021.6014,47.3,-89.0,-1.8,2.3,2.6,8.9
2021-08-09,2021.6041,46.3,-88.8,-14.3,2.3,2.7,8.7
2021-08-10,2021.6068,46.0,-88.2,-11.3,2.1,2.3,7.8
2021-08-11,2021.6096,44.7,-89.4,-9.8,2.4,2.8,9.3
2021-08-12,2021.6123,46.4,-85.3,-17.6,2.3,2.5,8.9
2021-08-13,2021.6151,45.2,-85.6,-10.1,2.2,2.5,8.8
2021-08-14,2021.6178,44.3,-86.2,-10.8,2.2,2.5,7.8
2021-08-15,2021.6205,46.1,-87.5,-9.3,2.1,2.6,7.9
2021-08-16,2021.6233,46.4,-86.2,-22.6,2.4,2.9,9.5
2021-08-17,2021.626,44.5,-86.5,-6.6,2.3,2.6,8.4
2021-08-18,2021.6288,45.8,-87.6,-14.3,1.6,1.8,5.6
2021-08-19,2021.6315,42.5,-86.4,-17.5,1.7,1.9,6.2
2021-08-20,2021.6342,43.5,-85.0,-22.6,1.8,2.0,6.4
2021-08-21,2021.637,44.6,-83.8,-15.9,2.6,2.9,8.8
2021-08-22,2021.6397,42.8,-86.2,-14.1,2.4,2.7,9.2
2021-08-23,2021.6425,43.7,-85.2,-14.4,2.5,3.0,9.4
2021-08-24,2021.6452,43.3,-84.6,-21.3,2.2,2.6,8.1
2021-08-25,2021.6479,42.7,-84.2,-16.3,2.4,3.0,8.7
2021-08-26,2021.6507,44.1,-83.3,-18.2,2.3,2.6,8.4
2021-08-27,2021.6534,43.1,-85.9,-22.9,2.1,2.4,7.7
2021-08-28,2021.6562,44.5,-86.4,-14.2,2.3,2.7,8.3
2021-08-29,2021.6589,42.7,-84.3,-18.2,2.4,2.9,8.8
2021-08-30,2021.6616,42.5,-84.4,-17.0,2.2,2.6,8.0
2021-08-31,2021.6644,43.2,-85.2,-12.9,2.2,2.6,8.3
2021-09-01,2021.6671,42.0,-85.3,-18.7,2.5,2.9,9.5
2021-09-02,2021.6699,44.8,-84.2,-17.0,2.4,2.8,8.9
2021-09-03,2021.6726,41.7,-83.5,-18.1,2.3,2.8,8.7
2021-09-04,2021.6753,41.3,-82.1,-18.8,2.7,3.3,9.6
2021-09-05,2021.6781,39.6,-82.5,-21.4,2.7,3.0,9.6
2021-09-06,2021.6808,40.7,-81.7,-24.6,2.9,3.2,10.8
2021-09-07,2021.6836,42.9,-81.8,-18.2,2.2,2.6,8.0
2021-09-08,2021.6863,40.5,-81.9,-15.0,2.5,3.1,9.2
2021-09-09,2021.689,40.9,-81.1,-15.8,2.6,3.2,9.4
2021-09-10,2021.6918,41.5,-82.4,-16.0,2.2,2.6,8.4
2021-09-11,2021.6945,41.4,-83.2,-19.4,2.4,2.9,9.2
2021-09-12,2021.6973,43.1,-82.1,-13.3,2.6,3.1,10.3
2021-09-13,2021.7,42.4,-80.9,-15.8,2.2,2.6,8.5
2021-09-14,2021.7027,40.2,-82.8,-16.4,2.4,2.9,9.4
2021-09-15,2021.7055,37.7,-78.1,-11.8,2.4,2.9,8.8
2021-09-16,2021.7082,39.8,-80.8,-18.8,2.5,3.0,9.3
2021-09-17,2021.711,40.5,-81.4,-13.8,2.4,2.8,8.8
2021-09-18,2021.7137,39.4,-82.1,-12.3,2.6,3.3,9.4
2021-09-19,2021.7164,42.0,-84.2,-14.95,2.6,2.9,9.8
2021-09-20,2021.7192,40.2,-80.6,-17.6,2.8,3.5,10.2
2021-09-21,2021.7219,41.0,-81.4,-14.2,2.5,2.9,9.75
2021-09-22,2021.7247,40.8,-80.8,-10.8,2.6,3.2,9.3
2021-09-23,2021.7274,39.1,-79.7,-17.3,2.8,3.5,10.3
2021-09-24,2021.7301,40.1,-80.4,-13.9,2.3,2.6,9.2
2021-09-25,2021.7329,40.0,-79.4,-17.2,2.6,3.0,9.2
2021-09-26,2021.7356,40.8,-80.4,-14.0,2.4,2.7,9.2
2021-09-27,2021.7384,40.7,-80.7,-18.7,2.4,2.9,9.4
2021-09-28,2021.7411,39.1,-80.8,-17.3,2.6,3.1,9.45
2021-09-29,2021.7438,40.8,-81.2,-15.9,2.5,2.9,9.5
2021-09-30,2021.7466,40.9,-80.8,-20.5,2.6,3.2,9.3
2021-10-01,2021.7493,37.5,-79.4,-21.3,2.6,2.9,10.1
2021-10-02,2021.7521,39.5,-79.9,-11.1,2.9,3.5,10.7
2021-10-03,2021.7548,39.5,-81.0,-15.7,2.3,2.8,8.4
2021-10-04,2021.7575,39.2,-81.3,-16.3,2.5,3.0,8.9
2021-10-05,2021.7603,41.1,-79.7,-18.7,2.2,2.5,8.2
2021-10-06,2021.763,41.3,-79.8,-14.8,2.5,2.9,9.5
2021-10-07,2021.7658,41.3,-76.0,-23.6,2.9,3.5,11.9
2021-10-08,2021.7685,40.1,-80.9,-20.5,2.7,3.1,10.83
2021-10-09,2021.7712,41.8,-84.3,-17.4,2.6,3.2,9.77
2021-10-10,2021.774,40.8,-79.7,-14.3,2.3,2.8,8.7
2021-10-11,2021.7767,39.2,-80.2,-20.4,2.0,2.3,7.4
2021-10-12,2021.7795,40.1,-79.7,-20.1,2.3,2.7,8.8
2021-10-13,2021.7822,41.1,-81.4,-20.5,2.5,3.0,9.0
2021-10-14,2021.7849,39.6,-79.3,-12.4,2.3,2.7,8.3
2021-10-15,2021.7877,40.7,-79.5,-14.3,2.0,2.3,7.4
2021-10-16,2021.7904,39.7,-80.4,-19.6,2.1,2.4,7.7
2021-10-17,2021.7932,38.7,-81.6,-16.6,2.4,2.8,8.3
2021-10-18,2021.7959,40.1,-80.1,-14.1,2.2,2.4,8.7
2021-10-19,2021.7986,37.0,-80.5,-14.7,2.4,2.6,9.0
2021-10-20,2021.8014,39.5,-80.4,-16.4,2.1,2.4,8.2
2021-10-21,2021.8041,38.7,-80.0,-16.0,2.2,2.6,8.3
2021-10-22,2021.8068,39.8,-79.5,-15.5,2.2,2.5,8.5
2021-10-23,2021.8096,39.7,-77.9,-23.5,2.0,2.2,7.4
2021-10-24,2021.8123,39.7,-77.0,-17.4,2.1,2.4,8.3
2021-10-25,2021.8151,38.9,-80.2,-15.1,2.1,2.4,8.0
2021-10-26,2021.8178,39.9,-80.2,-14.0,2.1,2.4,8.0
2021-10-27,2021.8205,39.2,-78.8,-10.9,2.1,2.4,8.2
2021-10-28,2021.8233,40.3,-77.5,-17.3,2.8,3.3,10.1
2021-10-29,2021.826,40.8,-76.8,-14.0,2.3,2.7,8.6
2021-10-30,2021.8288,40.0,-79.9,-10.4,2.3,2.8,8.6
2021-10-31,2021.8315,40.0,-80.1,-10.4,2.1,2.5,7.9
2021-11-01,2021.8342,39.7,-79.5,-15.0,2.1,2.5,7.9
2021-11-02,2021.837,37.6,-77.0,-16.1,2.3,2.8,8.3
2021-11-03,2021.8397,38.6,-74.3,-7.0,2.1,2.5,8.2
2021-11-04,2021.8425,38.3,-78.7,-11.9,2.2,2.5,8.5
2021-11-05,2021.8452,39.0,-75.6,-14.7,2.4,2.9,8.8
2021-11-06,2021.8479,40.3,-74.2,-15.4,2.2,2.7,8.35
2021-11-07,2021.8507,39.5,-76.9,-16.1,2.1,2.6,7.9
2021-11-08,2021.8534,36.0,-76.1,-16.1,2.4,2.8,9.0
2021-11-09,2021.8562,37.0,-76.3,-13.0,2.3,2.7,8.7
2021-11-10,2021.8589,39.2,-76.1,-13.3,2.2,2.6,8.3
2021-11-11,2021.8616,39.4,-78.1,-10.9,2.0,2.3,7.5
2021-11-12,2021.8644,36.8,-74.6,-13.2,2.3,2.6,8.7
2021-11-13,2021.8671,38.7,-77.7,-17.2,2.0,2.3,7.6
2021-11-14,2021.8699,38.1,-75.8,-14.3,2.1,2.5,8.0
2021-11-15,2021.8726,37.5,-76.3,-12.7,2.1,2.4,8.3
2021-11-16,2021.8753,36.9,-75.8,-11.2,2.3,2.7,9.1
2021-11-17,2021.8781,37.5,-75.4,-11.5,2.3,2.8,8.6
2021-11-18,2021.8808,37.7,-75.6,-9.6,2.1,2.4,7.6
2021-11-19,2021.8836,37.2,-79.5,-4.5,2.0,2.2,7.5
2021-11-20,2021.8863,39.6,-79.8,-7.3,1.9,2.2,7.1
2021-11-21,2021.889,37.2,-78.4,-17.0,2.3,2.6,8.3
2021-11-22,2021.8918,35.9,-75.5,-18.7,2.1,2.3,7.8
2021-11-23,2021.8945,35.4,-76.3,-17.7,2.3,2.6,8.3
2021-11-24,2021.8973,35.8,-75.2,-14.2,2.2,2.5,7.7
2021-11-25,2021.9,38.2,-77.4,-14.4,2.3,2.6,8.1
2021-11-26,2021.9027,38.3,-75.7,-16.4,2.0,2.3,7.3
2021-11-27,2021.9055,37.8,-75.8,-19.5,2.1,2.4,7.7
2021-11-28,2021.9082,39.9,-77.2,-14.1,2.1,2.4,7.5
2021-11-29,2021.911,39.1,-76.2,-14.0,2.2,2.5,7.9
2021-11-30,2021.9137,39.9,-73.2,-11.2,2.2,2.4,7.7
2021-12-01,2021.9164,38.2,-76.0,-5.5,2.0,2.2,7.1
2021-12-02,2021.9192,36.9,-73.2,-9.8,2.0,2.3,7.3
2021-12-03,2021.9219,36.6,-72.5,-12.1,2.0,2.2,7.4
2021-12-04,2021.9247,38.3,-74.9,-6.4,1.9,2.2,6.9
2021-12-05,2021.9274,38.2,-76.1,-8.0,1.9,2.2,7.0
2021-12-06,2021.9301,38.6,-76.6,-7.6,2.0,2.2,7.5
2021-12-07,2021.9329,36.1,-76.9,-6.9,2.1,2.4,8.1
2021-12-08,2021.9356,35.3,-76.6,-16.7,2.1,2.4,7.8
2021-12-09,2021.9384,37.1,-72.6,-20.6,2.4,2.7,8.7
2021-12-10,2021.9411,37.9,-72.1,-5.1,2.7,3.0,9.6
2021-12-11,2021.9438,34.3,-77.1,-16.1,2.4,2.8,8.9
2021-12-12,2021.9466,36.2,-74.6,-8.3,2.6,2.9,9.0
2021-12-13,2021.9493,35.6,-73.3,-9.2,2.1,2.4,7.8
2021-12-14,2021.9521,34.6,-74.6,-10.5,2.2,2.4,7.8
2021-12-15,2021.9548,36.7,-76.7,-5.6,2.1,2.4,7.5
2021-12-16,2021.9575,36.8,-75.1,-3.3,1.9,2.2,7.1
2021-12-17,2021.9603,36.9,-74.0,1.0,2.2,2.6,8.1
2021-12-18,2021.963,36.4,-72.8,-7.5,2.2,2.4,7.6
2021-12-19,2021.9658,35.2,-72.3,-3.9,2.1,2.4,8.0
2021-12-20,2021.9685,35.1,-75.2,-8.9,2.2,2.5,8.0
2021-12-21,2021.9712,37.2,-71.7,-8.2,2.0,2.3,7.4
2021-12-22,2021.974,35.7,-72.8,-3.7,2.1,2.4,7.8
2021-12-23,2021.9767,36.4,-73.2,-9.2,2.1,2.4,7.8
2021-12-24,2021.9795,37.5,-72.9,1.0,2.2,2.5,7.9
2021-12-25,2021.9822,34.4,-73.4,-5.9,2.4,2.7,8.4
2021-12-26,2021.9849,35.7,-72.0,-10.1,2.0,2.2,7.5
2021-12-27,2021.9877,37.6,-67.9,-12.4,1.7,1.9,5.7
2021-12-28,2021.9904,36.3,-69.3,-9.1,2.0,2.2,7.3
2021-12-29,2021.9932,36.7,-71.4,-11.3,2.0,2.2,7.5
2021-12-30,2021.9959,33.6,-68.4,-9.7,1.6,1.8,5.5
2021-12-31,2021.9986,36.0,-69.9,-10.8,2.0,2.2,7.4
2022-01-01,2022.0014,36.9,-73.5,-12.5,2.1,2.4,8.0
2022-01-02,2022.0041,38.0,-72.8,-10.9,2.4,2.7,8.5
2022-01-03,2022.0068,35.7,-75.0,-16.0,2.5,2.9,8.6
2022-01-04,2022.0096,38.4,-72.6,-7.8,2.7,3.0,8.8
2022-01-05,2022.0123,37.8,-71.6,-7.8,2.1,2.4,7.7
2022-01-06,2022.0151,38.6,-75.6,-6.0,2.3,2.6,8.3
2022-01-07,2022.0178,38.9,-71.7,-4.8,2.4,2.8,8.8
2022-01-08,2022.0205,38.0,-72.7,-6.1,2.5,2.8,8.8
2022-01-09,2022.0233,37.0,-74.3,-3.8,2.6,3.0,10.0
2022-01-10,2022.026,37.2,-72.4,-4.7,2.4,2.7,8.4
2022-01-11,2022.0288,36.7,-72.0,2.9,2.2,2.6,8.7
2022-01-12,2022.0315,34.5,-74.1,-8.1,2.4,2.7,8.9
2022-01-13,2022.0342,34.1,-69.1,-14.5,2.5,2.8,8.9
2022-01-14,2022.037,37.0,-69.4,3.8,2.5,2.9,9.3
2022-01-15,2022.0397,37.3,-73.5,-5.0,2.3,2.7,8.3
2022-01-16,2022.0425,37.5,-70.5,-7.8,2.4,2.7,9.0
2022-01-17,2022.0452,37.4,-72.0,-8.7,2.2,2.6,8.3
2022-01-18,2022.0479,35.9,-69.2,-12.6,2.3,2.5,8.1
2022-01-19,2022.0507,35.7,-71.0,-12.8,2.3,2.6,8.3
2022-01-20,2022.0534,36.2,-71.6,-3.7,2.4,2.7,8.5
2022-01-21,2022.0562,35.4,-72.0,-10.6,2.4,2.8,9.2
2022-01-22,2022.0589,36.0,-72.5,-11.4,2.4,2.7,8.5
2022-01-23,2022.0616,37.6,-71.8,-10.1,2.8,3.2,9.7
2022-01-24,2022.0644,36.7,-69.0,-12.0,2.2,2.5,8.1
2022-01-25,2022.0671,39.2,-66.7,-6.4,2.7,3.0,9.5
2022-01-26,2022.0699,37.0,-68.4,-7.8,2.6,3.0,9.4
2022-01-27,2022.0726,34.0,-70.6,-15.6,2.4,2.7,9.2
2022-01-28,2022.0753,38.2,-69.5,-5.8,2.5,2.8,9.2
2022-01-29,2022.0781,36.8,-69.8,-1.0,2.3,2.6,8.1
2022-01-30,2022.0808,37.0,-69.4,-10.3,2.7,2.9,9.0
2022-01-31,2022.0836,36.9,-71.1,-5.4,2.2,2.5,8.5
2022-02-01,2022.0863,36.3,-71.8,-10.1,2.3,2.5,8.5
2022-02-02,2022.089,37.3,-71.2,-8.1,2.4,3.0,8.8
2022-02-03,2022.0918,36.9,-69.2,-4.8,2.5,2.8,9.1
2022-02-04,2022.0945,32.8,-71.1,-12.1,2.5,2.9,8.6
2022-02-05,2022.0973,33.1,-73.6,-11.9,2.8,3.2,9.5
2022-02-06,2022.1,35.2,-72.3,-14.6,2.4,2.8,8.8
2022-02-07,2022.1027,36.7,-67.7,-2.2,2.5,2.9,9.0
2022-02-08,2022.1055,36.7,-69.2,-4.9,2.8,3.2,9.8
2022-02-09,2022.1082,37.6,-66.7,-3.7,2.4,2.9,9.0
2022-02-10,2022.111,37.0,-69.5,2.4,2.4,2.9,8.8
2022-02-11,2022.1137,34.3,-68.9,-2.3,2.8,3.1,9.8
2022-02-12,2022.1164,37.6,-71.5,-4.8,2.7,3.4,9.4
2022-02-13,2022.1192,35.8,-66.0,-2.5,2.8,3.3,9.4
2022-02-14,2022.1219,37.8,-67.2,-4.2,2.2,2.6,8.1
2022-02-15,2022.1247,38.0,-67.7,-3.3,2.6,2.9,8.7
2022-02-16,2022.1274,37.1,-64.8,2.1,2.5,2.9,8.6
2022-02-17,2022.1301,38.2,-66.9,4.2,2.4,2.7,8.7
2022-02-18,2022.1329,35.7,-65.3,-1.5,2.3,2.7,8.1
2022-02-19,2022.1356,37.1,-66.0,-4.6,2.6,3.0,9.0
2022-02-20,2022.1384,36.4,-68.3,-8.7,2.2,2.6,8.1
2022-02-21,2022.1411,36.2,-66.3,-3.9,2.3,2.7,8.8
2022-02-22,2022.1438,38.5,-64.1,-5.8,2.6,3.0,8.6
2022-02-23,2022.1466,37.4,-65.4,-7.7,2.4,2.7,8.1
2022-02-24,2022.1493,36.7,-67.3,-5.8,2.2,2.6,8.2
2022-02-25,2022.1521,35.1,-67.9,1.9,2.2,2.5,8.5
2022-02-26,2022.1548,34.2,-63.3,-1.0,2.3,2.7,8.6
2022-02-27,2022.1575,36.2,-62.7,1.2,2.5,2.9,8.7
2022-02-28,2022.1603,38.5,-62.6,-4.2,2.6,2.9,9.2
2022-03-01,2022.163,36.4,-71.1,0.9,2.2,2.5,8.6
2022-03-02,2022.1658,35.4,-68.4,3.7,2.4,2.8,8.9
2022-03-03,2022.1685,38.4,-68.0,7.8,2.3,2.8,8.6
2022-03-04,2022.1712,36.7,-67.5,5.8,2.4,2.8,9.0
2022-03-05,2022.174,38.6,-64.7,-0.0,2.3,2.7,9.0
2022-03-06,2022.1767,39.4,-64.5,0.2,2.5,3.0,9.3
2022-03-07,2022.1795,39.0,-64.4,-2.3,2.9,3.4,10.3
2022-03-08,2022.1822,39.3,-66.7,1.3,2.4,3.0,9.3
2022-03-09,2022.1849,38.6,-63.8,4.1,2.9,3.7,10.6
2022-03-10,2022.1877,39.9,-64.0,3.0,3.0,3.5,10.7
2022-03-11,2022.1904,39.4,-64.1,6.0,2.9,3.4,10.1
2022-03-12,2022.1932,38.2,-65.3,4.4,2.4,2.9,9.2
2022-03-13,2022.1959,39.1,-65.4,10.2,2.7,3.3,10.4
2022-03-14,2022.1986,35.6,-61.5,2.8,2.2,2.6,8.6
2022-03-15,2022.2014,36.9,-64.9,6.6,2.6,2.8,9.6
2022-03-16,2022.2041,38.8,-64.6,7.8,2.6,3.5,9.9
2022-03-17,2022.2068,39.2,-63.4,-4.0,2.4,2.7,9.1
2022-03-18,2022.2096,36.2,-63.0,11.6,2.7,3.1,9.9
2022-03-19,2022.2123,40.4,-62.4,12.2,2.2,2.7,8.7
2022-03-20,2022.2151,36.0,-63.0,13.5,2.9,3.4,11.2
2022-03-21,2022.2178,37.8,-62.8,9.7,2.5,2.9,9.8
2022-03-22,2022.2205,37.7,-58.9,2.2,2.5,3.0,9.8
2022-03-23,2022.2233,37.5,-61.3,0.6,2.6,3.1,10.0
2022-03-24,2022.226,33.6,-67.5,11.4,2.9,3.4,10.8
2022-03-25,2022.2288,35.8,-62.2,11.3,2.6,3.0,9.6
2022-03-26,2022.2315,33.7,-61.6,1.4,2.8,3.3,9.9
2022-03-27,2022.2342,37.3,-61.0,6.1,2.7,3.3,9.2
2022-03-28,2022.237,37.9,-63.9,-0.6,2.6,3.1,9.9
2022-03-29,2022.2397,37.6,-60.7,4.4,3.0,3.7,10.3
2022-03-30,2022.2425,37.9,-61.1,1.9,2.7,3.4,9.8
2022-03-31,2022.2452,37.5,-61.0,-5.8,2.4,3.0,8.8
2022-04-01,2022.2479,37.9,-61.5,-7.75,2.5,3.0,8.8
2022-04-02,2022.2507,35.4,-58.4,-9.7,2.6,3.0,8.8
2022-04-03,2022.2534,39.2,-64.0,-5.2,2.8,3.9,9.7
2022-04-04,2022.2562,36.3,-60.9,-4.4,2.2,2.6,8.7
2022-04-05,2022.2589,36.6,-60.3,-5.0,2.2,2.6,8.2
2022-04-06,2022.2616,34.9,-60.9,-8.0,2.3,2.7,8.5
2022-04-07,2022.2644,35.3,-60.3,-7.1,2.4,2.9,8.9
2022-04-08,2022.2671,35.9,-61.3,3.5,2.8,3.3,10.1
2022-04-09,2022.2699,35.7,-61.2,-6.2,2.3,2.7,8.8
2022-04-10,2022.2726,36.0,-61.4,-0.1,2.4,2.7,9.3
2022-04-11,2022.2753,36.0,-60.5,5.9,2.8,3.4,9.8
2022-04-12,,,,,,,
2022-04-13,2022.2808,33.3,-60.8,7.1,2.9,3.6,11.0
2022-04-14,2022.2836,35.8,-61.7,6.7,2.5,3.0,9.6
2022-04-15,2022.2863,33.9,-61.9,-4.0,2.7,3.1,9.9
2022-04-16,2022.289,31.6,-58.5,-5.1,2.6,3.0,10.0
2022-04-17,2022.2918,37.4,-57.2,3.4,3.1,3.6,10.9
2022-04-18,2022.2945,36.5,-60.7,-9.0,2.4,2.9,8.8
2022-04-19,2022.2973,35.8,-58.7,-1.2,2.7,3.4,10.1
2022-04-20,2022.3,36.2,-60.4,-4.2,2.8,3.7,10.8
2022-04-21,2022.3027,35.3,-60.4,5.8,2.6,3.0,9.8
2022-04-22,2022.3055,39.3,-55.3,6.4,3.2,4.0,11.1
2022-04-23,2022.3082,34.2,-57.3,2.5,2.6,3.2,10.3
2022-04-24,2022.311,34.4,-62.1,5.8,2.9,3.4,10.6
2022-04-25,2022.3137,37.3,-60.2,2.0,3.5,4.2,12.1
2022-04-26,2022.3164,35.8,-61.9,1.3,2.8,3.3,10.7
2022-04-27,2022.3192,37.1,-59.4,14.1,3.2,4.0,11.8
2022-04-28,2022.3219,37.3,-59.4,2.4,3.1,3.6,10.6
2022-04-29,2022.3247,36.8,-58.9,2.3,2.7,3.2,10.2
2022-04-30,2022.3274,36.7,-58.0,-0.3,3.1,3.7,11.2
2022-05-01,2022.3301,37.2,-57.6,-0.1,2.3,2.8,9.1
2022-05-02,2022.3329,36.8,-57.4,-5.3,2.4,2.9,8.8
2022-05-03,2022.3356,36.4,-57.0,-5.3,2.6,3.3,9.2
2022-05-04,2022.3384,36.0,-59.4,-4.6,2.4,2.8,8.5
2022-05-05,2022.3411,34.8,-56.1,-0.6,2.9,3.5,10.5
2022-05-06,2022.3438,37.3,-57.2,1.7,2.5,3.0,9.6
2022-05-07,2022.3466,36.1,-58.0,-2.5,3.2,3.8,11.4
2022-05-08,2022.3493,35.2,-57.9,-0.4,3.0,3.8,10.6
2022-05-09,2022.3521,33.6,-57.3,5.6,3.3,3.8,11.7
2022-05-10,2022.3548,33.6,-58.0,2.7,2.9,3.3,10.5
2022-05-11,2022.3575,34.0,-58.4,6.6,2.7,3.2,10.3
2022-05-12,2022.3603,36.4,-57.5,0.4,2.5,2.8,9.1
2022-05-13,2022.363,34.3,-59.0,-5.8,2.5,2.9,8.9
2022-05-14,2022.3658,31.4,-55.9,0.6,3.0,3.5,10.6
2022-05-15,2022.3685,35.2,-56.0,1.4,2.9,3.4,9.7
2022-05-16,2022.3712,34.1,-57.7,8.6,3.1,3.5,10.4
2022-05-17,2022.374,35.6,-58.9,-6.7,2.9,3.6,10.0
2022-05-18,2022.3767,38.8,-57.4,1.6,3.1,3.8,10.7
2022-05-19,2022.3795,34.1,-56.8,3.8,3.2,4.0,11.2
2022-05-20,2022.3822,32.5,-56.4,2.4,2.7,3.5,9.6
2022-05-21,2022.3849,34.0,-55.0,-4.0,3.2,3.8,10.7
2022-05-22,2022.3877,35.1,-60.4,-3.7,2.6,3.4,9.5
2022-05-23,2022.3904,34.5,-54.9,1.1,3.1,4.0,11.2
2022-05-24,2022.3932,33.3,-56.4,-5.0,3.1,3.8,10.9
2022-05-25,2022.3959,30.4,-54.0,7.0,2.8,3.4,10.1
2022-05-26,2022.3986,31.9,-53.0,2.3,3.4,4.1,11.3
2022-05-27,2022.4014,33.9,-58.9,2.4,3.1,4.0,11.5
2022-05-28,2022.4041,33.6,-56.0,8.1,3.1,3.6,11.1
2022-05-29,2022.4068,32.8,-54.5,2.0,2.8,3.5,10.6
2022-05-30,2022.4096,30.1,-57.9,-7.3,2.7,3.2,9.9
2022-05-31,2022.4123,30.5,-59.3,-1.6,2.9,3.6,10.1
2022-06-01,2022.4151,32.7,-59.5,3.2,3.1,3.6,11.6
2022-06-02,2022.4178,33.3,-56.3,-4.6,2.4,2.7,9.6
2022-06-03,2022.4205,32.4,-57.3,5.2,2.5,2.7,9.5
2022-06-04,2022.4233,32.0,-56.1,5.5,3.0,3.8,10.7
2022-06-05,2022.426,32.4,-55.4,-3.2,2.5,3.0,9.7
2022-06-06,2022.4288,34.7,-55.2,4.1,2.4,2.7,9.4
2022-06-07,2022.4315,35.1,-59.4,-10.6,3.1,3.8,10.3
2022-06-08,2022.4342,34.5,-56.8,-1.9,2.5,2.7,9.1
2022-06-09,2022.437,32.9,-55.9,-0.6,3.1,3.6,11.1
2022-06-10,2022.4397,34.7,-55.1,-9.7,2.6,2.9,9.8
2022-06-11,2022.4425,33.7,-55.6,-4.3,2.4,2.6,9.0
2022-06-12,2022.4452,32.1,-58.9,4.9,2.6,3.1,9.8
2022-06-13,2022.4479,31.0,-53.6,-4.8,3.2,4.0,11.1
2022-06-14,2022.4507,31.4,-56.8,-4.6,2.1,2.3,7.9
2022-06-15,2022.4534,31.1,-54.8,-4.5,2.4,2.7,8.5
2022-06-16,2022.4562,32.9,-58.1,-3.6,3.0,3.7,10.1
2022-06-17,2022.4589,31.7,-55.8,-3.3,2.3,3.1,8.4
2022-06-18,2022.4616,31.5,-56.6,-1.8,2.6,3.1,9.4
2022-06-19,2022.4644,31.6,-58.3,3.3,3.1,3.7,10.4
2022-06-20,2022.4671,30.1,-55.8,7.4,2.9,3.3,9.7
2022-06-21,2022.4699,32.0,-52.8,6.9,3.1,3.6,10.5
2022-06-22,2022.4726,31.1,-57.0,-1.5,3.3,3.7,11.3
2022-06-23,2022.4753,29.9,-51.4,-5.3,2.6,2.8,9.6
2022-06-24,2022.4781,31.0,-56.3,-6.2,2.6,3.1,9.6
2022-06-25,2022.4808,30.7,-56.3,-4.3,2.6,2.9,9.6
2022-06-26,2022.4836,30.0,-54.2,0.8,2.4,2.7,9.2
2022-06-27,2022.4863,28.9,-55.7,2.3,2.7,3.0,10.7
2022-06-28,2022.489,29.2,-55.1,-9.4,2.6,2.9,9.2
2022-06-29,2022.4918,28.8,-56.1,-9.1,3.0,3.4,10.5
2022-06-30,2022.4945,29.2,-56.0,-7.7,2.9,3.3,10.7
2022-07-01,2022.4973,29.9,-53.7,-6.1,2.4,2.6,8.8
2022-07-02,2022.5,29.2,-54.1,-9.3,2.8,3.2,10.1
2022-07-03,2022.5027,27.7,-58.4,-7.3,3.5,3.9,12.2
2022-07-04,2022.5055,29.4,-56.5,-4.5,3.3,3.8,11.8
2022-07-05,2022.5082,29.2,-58.3,0.2,3.1,3.7,12.0
2022-07-06,2022.511,29.7,-56.4,1.2,3.6,3.9,12.2
2022-07-07,2022.5137,27.2,-58.0,-4.9,3.8,4.2,14.0
2022-07-08,2022.5164,28.7,-55.3,-8.7,2.8,3.0,10.4
2022-07-09,2022.5192,25.8,-55.2,-3.0,2.6,2.8,10.1
2022-07-10,2022.5219,28.1,-53.6,-9.9,2.9,3.1,10.6
2022-07-11,2022.5247,29.8,-55.3,-11.2,2.9,3.5,10.85
2022-07-12,2022.5274,26.1,-52.4,-12.5,3.0,3.2,11.1
2022-07-13,2022.5301,30.8,-52.4,-14.8,3.0,3.5,11.6
2022-07-14,2022.5329,26.3,-53.2,2.4,3.2,3.5,12.7
2022-07-15,2022.5356,27.0,-52.0,-7.7,3.2,3.5,11.8
2022-07-16,2022.5384,29.3,-51.8,-4.8,2.9,3.1,10.6
2022-07-17,2022.5411,28.8,-55.4,-5.9,2.5,2.6,9.5
2022-07-18,2022.5438,28.0,-56.1,-4.6,2.8,3.1,10.7
2022-07-19,2022.5466,31.3,-56.1,-2.6,3.1,3.5,11.0
2022-07-20,2022.5493,27.3,-54.1,-7.0,2.4,2.6,8.8
2022-07-21,2022.5521,30.9,-51.0,-11.05,2.9,3.5,9.4
2022-07-22,2022.5548,27.2,-54.1,-15.1,2.7,3.2,10.0
2022-07-23,2022.5575,25.2,-55.3,-9.0,3.2,3.5,10.5
2022-07-24,2022.5603,26.7,-54.1,-13.5,2.5,2.9,9.3
2022-07-25,2022.563,26.0,-54.6,-13.1,3.0,3.6,11.2
2022-07-26,2022.5658,28.9,-55.5,-9.2,2.5,2.8,9.5
2022-07-27,2022.5685,27.1,-54.7,-10.1,2.6,2.9,10.0
2022-07-28,2022.5712,27.1,-54.1,-19.0,3.3,4.0,11.6
2022-07-29,2022.574,23.1,-55.3,-12.6,3.3,3.7,11.9
2022-07-30,2022.5767,24.5,-56.5,-8.9,3.1,3.6,11.9
2022-07-31,2022.5795,26.8,-53.9,-13.4,2.5,2.8,8.9
2022-08-01,2022.5822,28.0,-51.9,-15.0,2.6,3.0,9.6
2022-08-02,2022.5849,25.3,-52.7,-21.9,2.8,3.2,10.3
2022-08-03,2022.5877,26.0,-52.5,-17.1,2.8,3.2,9.5
2022-08-04,2022.5904,25.2,-52.6,-13.8,2.7,3.0,9.9
2022-08-05,2022.5932,25.0,-51.1,-16.6,3.2,3.6,11.7
2022-08-06,2022.5959,23.1,-52.6,-1.8,3.3,3.8,11.5
2022-08-07,2022.5986,26.0,-48.4,-2.2,3.3,3.8,12.2
2022-08-08,2022.6014,24.2,-53.8,-10.9,3.1,3.4,11.0
2022-08-09,2022.6041,22.9,-53.2,-4.3,3.1,3.5,12.1
2022-08-10,2022.6068,25.7,-49.4,-5.7,3.2,3.6,11.4
2022-08-11,2022.6096,23.2,-54.0,-9.0,2.9,3.2,10.7
2022-08-12,2022.6123,24.3,-54.6,-12.3,2.7,3.0,10.0
2022-08-13,2022.6151,23.0,-51.1,-11.8,3.3,3.7,11.7
2022-08-14,2022.6178,23.6,-51.1,-14.0,2.9,3.3,10.9
2022-08-15,2022.6205,29.3,-54.1,-14.0,3.1,3.6,11.85
2022-08-16,2022.6233,24.5,-46.4,-14.0,3.6,4.1,12.8
2022-08-17,2022.626,25.8,-47.8,-16.4,3.0,3.6,11.0
2022-08-18,2022.6288,23.1,-51.5,-13.8,2.7,3.0,10.5
2022-08-19,2022.6315,22.8,-48.8,-12.0,3.0,3.4,11.2
2022-08-20,2022.6342,25.3,-46.1,-5.7,3.6,4.3,13.4
2022-08-21,2022.637,23.1,-53.3,-6.4,4.1,4.6,11.9
2022-08-22,2022.6397,26.6,-52.4,-7.1,2.9,3.4,10.4
2022-08-23,2022.6425,24.2,-50.6,-16.8,2.9,3.4,11.1
2022-08-24,2022.6452,22.6,-49.1,-17.9,3.5,3.9,13.3
2022-08-25,2022.6479,25.3,-49.0,-8.9,3.3,4.0,12.2
2022-08-26,2022.6507,23.6,-47.7,-2.0,3.3,3.7,12.3
2022-08-27,2022.6534,21.8,-47.9,-7.3,3.1,3.5,10.8
2022-08-28,2022.6562,21.5,-49.6,-11.8,2.8,3.1,9.5
2022-08-29,2022.6589,23.2,-49.1,-14.9,2.4,2.6,9.2
2022-08-30,2022.6616,23.6,-48.7,-5.1,3.1,3.6,10.9
2022-08-31,2022.6644,24.2,-49.6,-17.7,2.9,3.3,10.6
2022-09-01,2022.6671,22.8,-49.0,-10.7,2.3,2.5,8.4
2022-09-02,2022.6699,24.3,-49.9,-11.0,2.6,2.9,9.6
2022-09-03,2022.6726,24.3,-49.1,-15.7,3.2,3.6,11.5
2022-09-04,2022.6753,25.0,-50.8,-13.3,2.4,2.6,8.9
2022-09-05,2022.6781,23.4,-47.8,-10.4,2.7,3.1,9.4
2022-09-06,2022.6808,25.8,-47.3,-12.9,2.4,3.1,8.7
2022-09-07,2022.6836,22.8,-50.2,-14.6,2.1,2.3,7.8
2022-09-08,2022.6863,24.1,-47.4,-20.9,2.7,3.1,9.9
2022-09-09,2022.689,24.1,-48.3,-15.6,2.4,2.8,9.1
2022-09-10,2022.6918,25.7,-50.3,-17.6,2.8,3.4,9.8
2022-09-11,2022.6945,24.5,-47.0,-7.4,2.5,3.0,9.6
2022-09-12,2022.6973,25.1,-49.7,-16.2,2.7,3.3,10.1
2022-09-13,2022.7,25.0,-47.8,-21.1,2.5,2.9,9.9
2022-09-14,2022.7027,23.9,-46.1,-13.4,2.4,2.8,9.3
2022-09-15,2022.7055,23.1,-49.7,-21.1,2.6,3.1,10.4
2022-09-16,2022.7082,24.4,-44.5,-12.0,2.7,3.2,10.7
2022-09-17,2022.711,22.1,-47.6,-22.9,2.8,3.3,10.9
2022-09-18,2022.7137,22.5,-46.9,-20.9,2.4,2.7,9.1
2022-09-19,2022.7164,20.4,-48.0,-16.6,3.3,3.9,12.0
2022-09-20,2022.7192,24.7,-46.7,-17.9,2.4,2.9,9.3
2022-09-21,2022.7219,24.3,-46.8,-14.6,2.4,2.7,9.1
2022-09-22,2022.7247,23.7,-47.1,-18.0,2.8,3.3,10.4
2022-09-23,2022.7274,23.0,-47.1,-12.4,2.6,3.1,9.9
2022-09-24,2022.7301,23.7,-49.2,-9.8,2.9,3.5,10.4
2022-09-25,2022.7329,22.0,-47.0,-11.5,2.6,3.0,9.1
2022-09-26,2022.7356,22.8,-46.7,-15.0,2.4,2.8,9.3
2022-09-27,2022.7384,20.5,-45.9,-16.6,2.9,3.3,10.1
2022-09-28,2022.7411,24.6,-46.7,-19.0,2.6,3.0,10.0
2022-09-29,2022.7438,23.2,-43.3,-24.2,2.3,2.8,8.8
2022-09-30,2022.7466,22.6,-44.3,-10.5,2.4,2.7,8.9
2022-10-01,2022.7493,24.2,-45.0,-12.5,3.1,3.8,10.4
2022-10-02,2022.7521,23.0,-44.6,-13.9,2.5,3.0,9.1
2022-10-03,2022.7548,24.1,-45.1,-17.4,2.7,3.3,10.3
2022-10-04,2022.7575,21.6,-44.3,-13.0,2.2,2.4,8.3
2022-10-05,2022.7603,23.9,-46.5,-13.4,2.5,2.8,9.4
2022-10-06,2022.763,23.0,-43.2,-15.9,2.4,2.9,9.6
2022-10-07,2022.7658,24.9,-45.9,-19.3,2.5,3.1,9.5
2022-10-08,2022.7685,22.9,-44.1,-12.4,2.5,3.3,9.6
2022-10-09,2022.7712,21.7,-45.0,-15.7,2.5,3.1,9.5
2022-10-10,2022.774,24.2,-46.3,-17.1,2.5,3.0,9.0
2022-10-11,2022.7767,24.1,-46.8,-15.6,2.2,2.7,8.4
2022-10-12,2022.7795,24.1,-45.0,-19.5,2.4,2.7,8.8
2022-10-13,2022.7822,20.7,-45.1,-14.2,2.6,3.2,9.6
2022-10-14,2022.7849,21.3,-46.5,-18.9,2.2,2.7,8.3
2022-10-15,2022.7877,22.1,-46.5,-13.9,2.2,2.5,8.4
2022-10-16,2022.7904,21.7,-44.7,-21.6,2.2,2.6,8.3
2022-10-17,2022.7932,21.5,-44.9,-15.8,2.2,2.7,8.6
2022-10-18,2022.7959,23.0,-44.5,-19.1,2.4,2.9,8.4
2022-10-19,2022.7986,20.4,-44.4,-18.1,2.3,2.8,8.2
2022-10-20,2022.8014,21.9,-44.1,-21.4,2.8,3.4,9.4
2022-10-21,2022.8041,22.1,-44.5,-15.0,2.3,2.8,8.5
2022-10-22,2022.8068,19.8,-42.9,-15.3,2.1,2.4,9.15
2022-10-23,2022.8096,20.6,-42.1,-15.6,2.6,3.1,9.8
2022-10-24,2022.8123,21.5,-40.9,-15.0,2.4,2.8,8.8
2022-10-25,2022.8151,22.0,-44.6,-18.2,2.4,2.9,8.7
2022-10-26,2022.8178,22.6,-43.4,-23.2,2.4,2.9,9.0
2022-10-27,2022.8205,21.2,-41.8,-10.6,2.5,2.8,9.3
2022-10-28,2022.8233,21.4,-42.2,-22.3,2.2,2.5,8.2
2022-10-29,2022.826,22.2,-41.4,-18.7,2.1,2.5,8.0
2022-10-30,2022.8288,22.2,-44.8,-25.3,2.5,3.0,9.3
2022-10-31,2022.8315,21.2,-43.8,-18.9,2.2,2.5,8.2
2022-11-01,2022.8342,21.1,-45.7,-18.0,2.1,2.5,8.1
2022-11-02,2022.837,21.3,-43.7,-19.1,2.2,2.6,8.1
2022-11-03,2022.8397,22.3,-43.6,-16.2,2.4,2.9,9.1
2022-11-04,2022.8425,21.5,-42.3,-21.5,2.3,2.7,8.5
2022-11-05,2022.8452,21.5,-45.8,-16.9,2.8,3.2,9.6
2022-11-06,2022.8479,21.2,-43.8,-13.2,2.6,3.0,8.8
2022-11-07,2022.8507,19.2,-43.0,-13.0,2.3,2.5,8.3
2022-11-08,2022.8534,21.9,-45.2,-11.2,2.8,3.4,9.8
2022-11-09,2022.8562,23.3,-45.0,-9.0,2.1,2.5,7.4
2022-11-10,2022.8589,22.1,-43.5,-12.2,2.3,2.7,8.4
2022-11-11,2022.8616,21.6,-42.8,-13.8,2.2,2.7,8.3
2022-11-12,2022.8644,18.9,-45.1,-15.1,2.6,3.0,8.7
2022-11-13,2022.8671,19.1,-45.1,-12.05,2.1,2.4,8.7
2022-11-14,2022.8699,20.9,-41.2,-9.0,2.3,2.8,8.7
2022-11-15,2022.8726,22.5,-45.2,-13.7,2.4,2.9,8.5
2022-11-16,2022.8753,21.2,-37.9,-10.65,2.7,3.4,8.4
2022-11-17,2022.8781,19.8,-43.0,-7.6,2.4,2.8,8.3
2022-11-18,2022.8808,20.3,-41.0,-13.0,2.5,2.9,9.0
2022-11-19,2022.8836,21.5,-41.9,-9.3,2.3,2.6,8.1
2022-11-20,2022.8863,22.1,-41.8,-10.7,2.2,2.4,7.8
2022-11-21,2022.889,20.1,-41.6,-10.0,2.4,2.7,8.4
2022-11-22,2022.8918,20.2,-41.8,-13.4,2.4,2.6,8.5
2022-11-23,2022.8945,20.1,-42.6,-12.6,2.3,2.6,8.3
2022-11-24,2022.8973,19.7,-44.0,-12.0,2.2,2.6,8.2
2022-11-25,2022.9,18.4,-42.7,-12.2,2.3,2.5,8.4
2022-11-26,2022.9027,20.3,-43.5,-10.4,2.2,2.5,8.0
2022-11-27,2022.9055,19.4,-42.3,-10.8,2.2,2.5,8.0
2022-11-28,2022.9082,21.8,-43.0,-7.9,2.1,2.3,7.7
2022-11-29,2022.911,21.5,-43.2,-10.5,2.9,3.3,10.0
2022-11-30,2022.9137,19.7,-41.8,-13.6,2.2,2.6,8.6
2022-12-01,2022.9164,20.2,-42.1,-7.7,2.4,2.9,8.7
2022-12-02,2022.9192,19.9,-42.4,-13.0,2.1,2.3,7.7
2022-12-03,2022.9219,21.2,-42.7,-15.3,2.1,2.5,7.7
2022-12-04,2022.9247,19.9,-42.6,-8.9,2.3,2.6,8.3
2022-12-05,2022.9274,20.2,-42.9,-11.2,2.4,2.8,8.5
2022-12-06,2022.9301,18.8,-42.4,-11.6,2.3,2.7,8.6
2022-12-07,2022.9329,20.2,-42.6,-11.9,2.2,2.6,7.7
2022-12-08,2022.9356,20.8,-42.5,-6.4,2.3,2.6,7.9
2022-12-09,2022.9384,19.7,-42.1,-4.7,2.0,2.2,7.2
2022-12-10,2022.9411,18.5,-42.5,-4.3,2.2,2.6,7.8
2022-12-11,2022.9438,20.1,-40.2,-11.6,2.3,2.6,8.0
2022-12-12,2022.9466,21.3,-42.4,-10.7,2.2,2.5,7.9
2022-12-13,2022.9493,19.8,-41.8,-8.5,2.5,2.9,8.7
2022-12-14,2022.9521,16.7,-44.3,-12.7,2.4,2.7,8.3
2022-12-15,2022.9548,21.9,-44.0,-8.5,2.6,3.1,8.5
2022-12-16,2022.9575,20.9,-42.1,-7.8,2.5,2.8,8.1
2022-12-17,2022.9603,20.5,-39.9,-7.7,2.2,2.4,7.9
2022-12-18,2022.963,18.5,-40.5,-7.0,2.3,2.6,8.1
2022-12-19,2022.9658,19.9,-42.2,-3.2,2.2,2.5,8.0
2022-12-20,2022.9685,19.0,-40.1,-4.6,2.4,2.8,8.0
2022-12-21,2022.9712,18.7,-42.8,-5.2,2.4,2.7,8.1
2022-12-22,2022.974,19.3,-42.9,-7.0,2.6,3.0,8.7
2022-12-23,2022.9767,18.6,-41.3,-2.1,2.4,2.7,8.3
2022-12-24,2022.9795,20.0,-40.7,-12.2,2.5,2.9,8.7
2022-12-25,2022.9822,19.3,-38.2,-1.5,2.4,2.7,8.5
2022-12-26,2022.9849,21.2,-37.6,-4.8,2.2,2.6,7.8
2022-12-27,2022.9877,19.1,-37.1,-14.9,2.3,2.7,8.1
2022-12-28,2022.9904,17.4,-39.5,-8.1,2.5,2.8,8.4
2022-12-29,2022.9932,17.6,-39.5,-7.7,2.4,2.9,8.7
2022-12-30,2022.9959,18.4,-40.8,-9.8,2.1,2.4,7.6
2022-12-31,2022.9986,16.7,-41.0,-9.7,2.5,2.8,8.9
2023-01-01,2023.0014,20.2,-42.5,-8.3,2.6,3.0,8.6
2023-01-02,2023.0041,17.4,-37.1,-13.3,2.1,2.4,7.4
2023-01-03,2023.0068,17.6,-41.5,-7.1,2.4,2.8,8.5
2023-01-04,2023.0096,18.5,-38.6,-6.4,2.2,2.5,7.8
2023-01-05,2023.0123,19.6,-38.5,-9.4,2.2,2.6,7.9
2023-01-06,2023.0151,18.3,-40.0,-12.6,2.2,2.6,7.7
2023-01-07,2023.0178,19.9,-37.0,-10.7,2.3,2.8,8.1
2023-01-08,2023.0205,19.5,-39.9,-7.5,2.1,2.5,7.7
2023-01-09,2023.0233,20.3,-38.9,-12.8,2.3,2.7,8.1
2023-01-10,2023.026,19.3,-37.5,-5.8,2.4,2.8,8.2
2023-01-11,2023.0288,18.0,-39.4,-6.8,2.7,3.1,9.4
2023-01-12,2023.0315,19.8,-38.4,-7.7,2.2,2.7,8.2
2023-01-13,2023.0342,22.4,-39.6,-3.5,2.6,3.1,9.3
2023-01-14,2023.037,19.2,-38.4,-4.7,2.4,3.0,8.8
2023-01-15,2023.0397,20.6,-37.4,1.1,2.1,2.7,8.1
2023-01-16,2023.0425,21.2,-35.9,-6.7,2.5,3.0,8.8
2023-01-17,2023.0452,18.7,-35.9,-8.2,2.4,2.9,9.0
2023-01-18,2023.0479,20.3,-35.9,-0.3,2.6,3.2,8.9
2023-01-19,2023.0507,20.4,-38.2,-6.0,2.4,2.8,8.6
2023-01-20,2023.0534,18.8,-38.0,-3.3,2.1,2.4,7.8
2023-01-21,2023.0562,22.2,-34.6,-4.6,2.6,3.3,8.4
2023-01-22,2023.0589,22.7,-33.8,-5.9,2.5,3.0,9.0
2023-01-23,2023.0616,21.4,-35.4,-9.0,2.4,2.9,8.4
2023-01-24,2023.0644,21.5,-38.8,-9.2,2.2,2.8,7.9
2023-01-25,2023.0671,22.8,-40.0,-6.0,2.5,3.2,9.3
2023-01-26,2023.0699,18.8,-38.2,-5.15,2.6,3.1,8.9
2023-01-27,2023.0726,18.1,-38.3,-4.3,2.5,3.0,8.5
2023-01-28,2023.0753,19.9,-36.7,-6.9,2.1,2.6,7.6
2023-01-29,2023.0781,19.8,-36.3,-5.8,2.3,2.8,8.1
2023-01-30,2023.0808,18.4,-36.7,-3.4,2.0,2.4,7.3
2023-01-31,2023.0836,19.0,-33.8,2.2,2.2,2.5,7.6
2023-02-01,2023.0863,20.5,-39.2,1.45,2.4,2.8,8.4
2023-02-02,2023.089,20.7,-34.3,0.7,2.8,3.3,9.2
2023-02-03,2023.0918,19.3,-31.3,1.1,2.4,3.1,8.5
2023-02-04,2023.0945,21.9,-31.4,3.4,2.3,3.0,8.4
2023-02-05,2023.0973,21.9,-34.3,4.3,2.3,2.6,8.1
2023-02-06,2023.1,21.9,-34.0,5.9,2.6,3.3,9.1
2023-02-07,2023.1027,20.8,-32.1,-3.9,2.6,3.0,9.0
2023-02-08,2023.1055,19.9,-33.5,5.1,2.2,2.6,8.1
2023-02-09,2023.1082,19.5,-33.2,5.6,2.3,2.9,8.4
2023-02-10,2023.111,20.4,-35.6,10.3,2.7,3.3,9.6
2023-02-11,2023.1137,25.3,-37.3,-0.0,2.6,3.2,9.3
2023-02-12,2023.1164,22.3,-29.7,9.7,2.7,3.3,9.8
2023-02-13,2023.1192,21.4,-34.7,7.8,2.4,2.9,8.8
2023-02-14,2023.1219,20.8,-34.0,-0.5,2.4,3.0,8.7
2023-02-15,2023.1247,18.3,-32.8,3.9,2.8,3.5,9.7
2023-02-16,2023.1274,20.3,-34.6,3.9,2.8,3.4,9.4
2023-02-17,2023.1301,21.0,-36.2,2.7,2.7,3.3,9.3
2023-02-18,2023.1329,18.6,-31.8,5.4,2.2,2.6,8.3
2023-02-19,2023.1356,22.6,-35.4,-0.6,2.6,3.3,9.5
2023-02-20,2023.1384,19.0,-33.2,1.4,2.5,2.9,8.6
2023-02-21,2023.1411,19.0,-32.3,9.2,2.3,2.9,8.3
2023-02-22,2023.1438,17.2,-33.1,7.7,2.3,2.7,8.9
2023-02-23,2023.1466,19.0,-34.5,1.1,2.3,2.7,8.5
2023-02-24,2023.1493,21.4,-34.6,-7.7,2.5,3.2,9.2
2023-02-25,2023.1521,21.7,-29.2,-8.5,2.4,3.0,8.6
2023-02-26,2023.1548,18.8,-29.1,-5.1,2.4,3.1,8.8
2023-02-27,2023.1575,17.5,-33.1,-4.1,3.0,3.8,10.8
2023-02-28,2023.1603,18.1,-30.3,2.1,2.8,3.4,9.9
2023-03-01,2023.163,20.3,-31.2,-0.6,2.6,3.3,9.4
2023-03-02,2023.1658,21.1,-28.8,2.3,2.4,3.0,9.0
2023-03-03,2023.1685,19.0,-30.6,-0.3,2.3,2.9,8.5
2023-03-04,2023.1712,21.5,-31.9,-0.2,2.2,2.7,8.0
2023-03-05,2023.174,20.5,-30.5,13.9,2.5,3.0,9.1
2023-03-06,2023.1767,21.4,-31.1,12.3,2.6,3.2,9.5
2023-03-07,2023.1795,21.3,-29.5,7.3,2.7,3.9,10.5
2023-03-08,2023.1822,21.6,-30.8,-0.0,2.3,2.8,8.4
2023-03-09,2023.1849,19.8,-29.6,9.0,2.6,3.2,9.1
2023-03-10,2023.1877,20.3,-26.7,3.6,2.9,3.7,10.2
2023-03-11,2023.1904,24.2,-28.7,4.9,2.6,3.8,9.4
2023-03-12,2023.1932,18.6,-27.5,2.9,2.6,3.2,9.7
2023-03-13,2023.1959,23.5,-30.8,7.3,2.9,3.9,10.2
2023-03-14,2023.1986,20.5,-31.7,-1.9,2.5,3.2,9.1
2023-03-15,2023.2014,18.3,-28.6,11.2,2.5,3.0,9.4
2023-03-16,2023.2041,25.7,-31.4,7.6,2.4,3.6,9.1
2023-03-17,2023.2068,22.1,-30.6,3.5,2.7,3.3,9.2
2023-03-18,2023.2096,20.2,-38.1,-0.2,2.6,3.4,9.2
2023-03-19,2023.2123,18.3,-32.9,0.5,2.4,3.1,8.9
2023-03-20,2023.2151,20.0,-32.1,14.6,2.7,3.3,10.2
2023-03-21,2023.2178,20.0,-31.3,9.8,2.4,3.3,9.1
2023-03-22,2023.2205,19.6,-31.1,1.6,2.3,2.9,8.2
2023-03-23,2023.2233,23.6,-28.4,8.3,3.1,4.3,10.7
2023-03-24,2023.226,15.9,-31.8,15.1,2.8,3.2,11.1
2023-03-25,2023.2288,20.9,-30.1,-0.2,2.3,2.9,8.6
2023-03-26,2023.2315,22.1,-30.9,7.2,2.6,3.2,9.6
2023-03-27,2023.2342,21.2,-28.1,2.7,2.5,3.1,9.6
2023-03-28,2023.237,19.7,-26.8,8.5,2.3,2.8,8.7
2023-03-29,2023.2397,20.3,-32.2,12.0,2.6,3.3,9.5
2023-03-30,2023.2425,21.9,-30.2,7.9,2.7,3.3,9.7
2023-03-31,2023.2452,20.2,-30.8,0.4,2.4,2.9,8.7
2023-04-01,2023.2479,23.1,-27.9,10.9,2.8,3.8,10.0
2023-04-02,2023.2507,18.5,-32.0,-7.7,2.9,3.7,10.8
2023-04-03,2023.2534,22.5,-27.9,11.6,2.6,3.6,10.0
2023-04-04,2023.2562,22.4,-30.1,10.3,2.4,3.1,9.0
2023-04-05,2023.2589,21.9,-27.5,3.4,2.6,3.5,9.5
2023-04-06,2023.2616,19.6,-31.2,10.8,2.7,3.5,9.8
2023-04-07,2023.2644,19.8,-29.0,-4.9,2.6,3.3,9.5
2023-04-08,2023.2671,19.5,-26.6,2.8,2.5,3.1,9.1
2023-04-09,2023.2699,20.9,-27.6,12.3,2.4,3.8,9.0
2023-04-10,2023.2726,20.2,-27.3,21.9,2.5,3.3,9.7
2023-04-11,2023.2753,20.4,-27.1,6.0,2.6,3.2,9.6
2023-04-12,2023.2781,20.7,-31.3,6.1,2.9,3.7,10.2
2023-04-13,2023.2808,22.6,-31.7,2.0,3.3,4.7,11.6
2023-04-14,2023.2836,22.1,-24.9,-2.1,2.9,3.9,10.1
2023-04-15,2023.2863,21.4,-27.3,4.1,2.8,3.5,10.1
2023-04-16,2023.289,21.7,-26.4,12.7,3.1,4.0,11.6
2023-04-17,2023.2918,23.3,-30.5,8.6,2.8,3.4,10.9
2023-04-18,2023.2945,20.3,-24.9,12.1,3.1,3.9,10.4
2023-04-19,2023.2973,22.7,-24.3,7.9,2.7,3.4,10.8
2023-04-20,2023.3,20.2,-24.7,17.4,2.8,3.6,10.3
2023-04-21,2023.3027,20.8,-26.7,10.2,2.9,3.8,10.3
2023-04-22,2023.3055,22.6,-22.3,7.2,2.6,3.1,9.6
2023-04-23,2023.3082,19.9,-26.3,-0.4,2.5,2.9,9.3
2023-04-24,2023.311,17.3,-27.8,8.1,2.7,3.1,10.0
2023-04-25,2023.3137,20.4,-28.4,2.3,2.7,3.2,9.9
2023-04-26,2023.3164,18.8,-24.6,6.3,2.7,3.8,10.1
2023-04-27,2023.3192,20.5,-28.5,2.5,2.4,2.8,9.3
2023-04-28,2023.3219,23.1,-27.0,5.7,3.1,4.1,10.7
2023-04-29,2023.3247,19.4,-24.9,4.8,2.7,3.5,9.5
2023-04-30,2023.3274,19.2,-23.4,5.6,2.9,3.6,10.0
2023-05-01,2023.3301,17.6,-25.4,5.6,2.6,3.0,9.3
2023-05-02,2023.3329,17.4,-26.8,9.1,2.5,2.9,9.2
2023-05-03,2023.3356,18.0,-25.1,18.3,2.6,3.1,9.7
2023-05-04,2023.3384,17.5,-24.8,18.3,2.6,3.0,9.9
2023-05-05,2023.3411,19.0,-25.8,19.1,2.6,3.3,9.7
2023-05-06,2023.3438,21.8,-26.6,7.7,2.8,3.5,10.4
2023-05-07,2023.3466,19.9,-27.5,13.0,2.6,3.1,9.7
2023-05-08,2023.3493,19.0,-22.7,15.9,2.5,3.0,9.4
2023-05-09,2023.3521,20.0,-21.5,-0.1,2.6,3.3,9.8
2023-05-10,2023.3548,20.6,-27.2,-0.9,2.7,3.4,10.3
2023-05-11,2023.3575,19.9,-25.2,4.2,2.6,3.4,9.7
2023-05-12,2023.3603,15.9,-27.6,-0.5,2.9,3.6,10.2
2023-05-13,2023.363,18.7,-25.2,1.1,2.8,3.5,10.0
2023-05-14,2023.3658,18.1,-24.5,6.5,2.3,2.6,8.7
2023-05-15,2023.3685,18.8,-26.8,7.7,3.2,3.7,10.8
2023-05-16,2023.3712,17.6,-29.2,6.6,2.6,3.1,10.1
2023-05-17,2023.374,16.6,-26.0,8.8,2.4,2.7,8.6
2023-05-18,2023.3767,16.3,-26.8,0.3,2.4,2.7,9.3
2023-05-19,2023.3795,16.0,-24.0,-0.1,2.7,3.0,10.4
2023-05-20,2023.3822,16.3,-27.4,0.9,2.9,3.3,10.7
2023-05-21,2023.3849,18.8,-25.3,1.2,3.1,3.6,11.1
2023-05-22,2023.3877,17.4,-23.6,4.8,2.3,2.8,8.9
2023-05-23,2023.3904,16.2,-24.5,-0.0,2.4,3.0,9.1
2023-05-24,2023.3932,16.4,-23.1,7.8,2.6,3.5,10.1
2023-05-25,2023.3959,17.1,-22.1,9.1,2.6,3.3,9.8
2023-05-26,2023.3986,17.1,-26.8,2.0,2.4,3.0,9.2
2023-05-27,2023.4014,18.2,-25.4,13.8,2.7,3.4,10.2
2023-05-28,2023.4041,17.6,-25.2,5.4,2.3,2.8,8.8
2023-05-29,2023.4068,19.2,-23.6,5.6,2.4,2.8,8.9
2023-05-30,2023.4096,15.5,-21.4,2.0,3.0,3.9,10.4
2023-05-31,2023.4123,15.1,-19.6,5.7,3.5,4.3,11.6
2023-06-01,2023.4151,15.5,-25.0,4.3,3.3,4.0,11.1
2023-06-02,2023.4178,17.2,-21.5,6.1,2.8,3.4,10.2
2023-06-03,2023.4205,16.8,-25.2,2.7,3.1,4.0,11.3
2023-06-04,2023.4233,15.5,-26.4,-0.4,3.0,4.0,10.3
2023-06-05,2023.426,16.9,-19.4,-3.9,2.7,3.3,10.3
2023-06-06,2023.4288,15.8,-23.0,-3.9,2.7,3.2,10.7
2023-06-07,2023.4315,18.1,-23.2,0.9,2.6,3.0,9.8
2023-06-08,2023.4342,17.6,-21.9,1.6,2.7,3.4,10.1
2023-06-09,2023.437,17.7,-21.6,3.3,2.7,3.4,10.1
2023-06-10,2023.4397,17.7,-22.1,1.5,2.5,3.2,9.1
2023-06-11,2023.4425,15.5,-21.0,6.0,2.7,3.4,9.7
2023-06-12,2023.4452,16.6,-22.2,3.4,2.9,3.5,9.6
2023-06-13,2023.4479,15.6,-20.6,5.2,2.5,2.9,9.2
2023-06-14,2023.4507,15.5,-22.4,4.6,2.4,2.8,8.8
2023-06-15,2023.4534,16.1,-20.1,-1.4,2.8,3.5,10.3
2023-06-16,2023.4562,14.5,-21.3,3.7,2.6,3.0,9.5
2023-06-17,2023.4589,15.9,-22.5,4.1,2.6,3.0,9.7
2023-06-18,2023.4616,16.0,-21.1,4.0,3.0,3.7,10.3
2023-06-19,2023.4644,13.3,-20.6,1.2,2.8,3.6,10.3
2023-06-20,2023.4671,15.1,-20.8,0.1,2.7,3.6,11.1
2023-06-21,2023.4699,13.7,-21.1,-1.0,3.4,4.3,11.9
2023-06-22,2023.4726,12.9,-19.3,-1.1,2.5,3.1,9.2
2023-06-23,2023.4753,13.4,-19.4,5.7,3.8,4.6,13.1
2023-06-24,2023.4781,14.0,-18.5,3.7,3.1,3.6,10.6
2023-06-25,2023.4808,15.6,-20.8,6.7,2.6,2.9,10.4
2023-06-26,2023.4836,14.0,-18.9,-6.9,2.5,2.7,9.8
2023-06-27,2023.4863,14.7,-18.4,-0.8,2.8,3.2,10.0
2023-06-28,2023.489,13.8,-20.2,-0.1,2.3,2.5,8.7
2023-06-29,2023.4918,13.1,-17.7,-3.6,2.5,2.8,9.4
2023-06-30,2023.4945,11.7,-17.6,3.5,2.8,3.2,10.3
2023-07-01,2023.4973,11.3,-17.8,1.8,2.6,3.1,9.5
2023-07-02,2023.5,12.2,-17.5,-0.3,2.6,3.2,9.7
2023-07-03,2023.5027,13.5,-20.5,4.2,2.5,2.7,9.4
2023-07-04,2023.5055,12.2,-18.1,1.6,3.1,3.7,11.2
2023-07-05,2023.5082,12.3,-21.1,-2.3,2.9,3.3,10.4
2023-07-06,2023.511,12.8,-18.0,-1.1,2.7,3.0,9.4
2023-07-07,2023.5137,12.0,-19.9,1.4,2.3,2.5,8.4
2023-07-08,2023.5164,14.0,-20.2,-5.9,2.9,3.2,9.7
2023-07-09,2023.5192,13.0,-19.2,0.6,2.7,3.2,9.9
2023-07-10,2023.5219,12.2,-21.3,-2.2,2.5,2.8,9.3
2023-07-11,2023.5247,10.3,-16.7,5.6,3.0,3.5,10.8
2023-07-12,2023.5274,9.8,-20.4,5.2,2.3,2.5,8.4
2023-07-13,2023.5301,12.4,-18.3,-2.5,2.9,3.4,10.8
2023-07-14,2023.5329,12.4,-18.1,-2.1,2.9,3.2,10.05
2023-07-15,2023.5356,10.3,-18.0,-1.7,2.5,2.8,9.3
2023-07-16,2023.5384,11.0,-17.9,-3.7,3.5,4.4,11.9
2023-07-17,2023.5411,10.1,-16.1,1.7,3.2,4.1,11.4
2023-07-18,2023.5438,12.6,-16.6,-6.1,3.1,3.6,11.1
2023-07-19,2023.5466,11.3,-17.7,-1.8,2.9,3.5,9.9
2023-07-20,2023.5493,10.7,-17.9,-7.0,3.0,3.7,10.4
2023-07-21,2023.5521,12.7,-18.3,-9.15,2.4,2.8,11.1
2023-07-22,2023.5548,11.5,-18.9,-11.3,3.1,4.0,11.8
2023-07-23,2023.5575,9.6,-20.3,-3.7,2.7,3.2,10.1
2023-07-24,2023.5603,13.0,-17.9,-13.4,3.0,5.0,11.3
2023-07-25,2023.563,10.0,-16.0,-16.4,3.2,3.8,10.9
2023-07-26,2023.5658,12.8,-17.4,-1.6,2.8,3.3,10.3
2023-07-27,2023.5685,14.2,-18.7,-0.3,3.2,4.0,12.1
2023-07-28,2023.5712,11.1,-15.8,-4.3,2.8,3.2,10.8
2023-07-29,2023.574,11.1,-18.8,-1.0,2.6,3.1,9.7
2023-07-30,2023.5767,12.2,-14.7,-11.1,2.6,3.1,10.0
2023-07-31,2023.5795,9.6,-18.1,-15.8,2.7,3.1,10.2
2023-08-01,2023.5822,10.1,-17.3,2.5,3.0,3.8,11.0
2023-08-02,2023.5849,11.2,-16.8,-10.4,3.4,4.2,12.4
2023-08-03,2023.5877,7.8,-17.7,-9.9,3.0,3.4,11.2
2023-08-04,2023.5904,11.1,-14.3,-7.1,3.1,3.6,10.8
2023-08-05,2023.5932,9.9,-17.9,-11.5,2.9,3.3,10.1
2023-08-06,2023.5959,11.9,-16.5,-7.4,3.2,3.9,11.4
2023-08-07,2023.5986,10.2,-14.8,-0.3,2.9,4.3,10.7
2023-08-08,2023.6014,9.5,-14.3,-10.6,3.0,3.6,11.0
2023-08-09,2023.6041,9.4,-13.8,-6.8,3.1,3.6,12.1
2023-08-10,2023.6068,9.0,-16.0,-17.5,2.9,3.2,11.3
2023-08-11,2023.6096,8.7,-13.0,-16.4,3.0,3.9,11.5
2023-08-12,2023.6123,4.6,-13.4,-8.6,3.4,3.9,11.8
2023-08-13,2023.6151,8.3,-14.6,-11.3,3.0,3.8,11.6
2023-08-14,2023.6178,7.6,-13.5,-13.1,3.3,3.8,13.2
2023-08-15,2023.6205,4.7,-10.0,-4.9,3.8,6.1,15.2
2023-08-16,2023.6233,8.9,-12.3,-17.2,3.0,3.5,11.3
2023-08-17,2023.626,8.2,-11.8,-15.7,3.6,5.0,13.1
2023-08-18,2023.6288,7.6,-15.5,-9.1,3.0,3.7,11.2
2023-08-19,2023.6315,8.1,-13.5,-11.1,2.8,3.2,10.6
2023-08-20,2023.6342,10.6,-17.3,-7.5,2.8,3.2,10.8
2023-08-21,2023.637,8.9,-15.2,-7.9,3.5,4.3,11.8
2023-08-22,2023.6397,9.1,-10.8,-8.5,3.4,4.6,12.0
2023-08-23,2023.6425,8.7,-13.6,-18.1,3.0,3.7,10.5
2023-08-24,2023.6452,9.2,-14.6,-11.1,3.1,3.7,11.3
2023-08-25,2023.6479,6.9,-14.6,-2.3,2.8,3.3,10.2
2023-08-26,2023.6507,7.1,-16.6,-14.9,2.7,3.2,9.5
2023-08-27,2023.6534,10.1,-13.8,-12.8,3.6,4.7,12.1
2023-08-28,2023.6562,7.8,-13.1,-11.5,2.5,3.0,9.4
2023-08-29,2023.6589,5.9,-14.1,-12.9,2.8,3.2,9.9
2023-08-30,2023.6616,8.0,-13.7,-14.8,2.6,3.2,9.7
2023-08-31,2023.6644,5.6,-14.0,-12.0,2.8,3.3,9.7
2023-09-01,2023.6671,6.5,-13.8,-15.1,2.5,3.0,9.1
2023-09-02,2023.6699,8.5,-14.8,-19.3,3.0,4.0,11.0
2023-09-03,2023.6726,7.9,-16.0,-14.0,2.8,3.1,10.9
2023-09-04,2023.6753,5.5,-12.9,-10.6,2.7,3.2,10.2
2023-09-05,2023.6781,5.4,-10.9,-10.9,2.8,3.2,11.8
2023-09-06,2023.6808,5.4,-12.9,-11.8,2.9,3.5,11.2
2023-09-07,2023.6836,8.5,-12.6,-20.0,3.1,3.8,10.8
2023-09-08,2023.6863,8.4,-12.5,-20.3,2.4,2.9,8.9
2023-09-09,2023.689,5.9,-14.2,-16.3,3.3,4.2,11.4
2023-09-10,2023.6918,5.8,-13.3,-20.4,2.6,3.1,10.0
2023-09-11,2023.6945,4.9,-13.3,-12.1,2.8,3.2,10.2
2023-09-12,2023.6973,5.6,-11.3,-16.2,2.9,3.3,10.8
2023-09-13,2023.7,5.7,-12.2,-16.4,3.0,4.1,10.7
2023-09-14,2023.7027,3.8,-13.1,-18.1,2.6,2.9,9.7
2023-09-15,2023.7055,5.3,-11.9,-17.5,2.9,3.3,10.2
2023-09-16,2023.7082,4.8,-11.8,-13.2,3.0,3.7,10.4
2023-09-17,2023.711,4.5,-12.6,-15.8,2.3,2.7,8.7
2023-09-18,2023.7137,5.5,-12.8,-19.2,3.0,3.5,10.6
2023-09-19,2023.7164,4.9,-13.1,-8.6,2.4,2.8,9.0
2023-09-20,2023.7192,5.4,-10.7,-15.8,3.1,3.7,11.0
2023-09-21,2023.7219,5.3,-10.7,-8.2,3.1,3.7,11.0
2023-09-22,2023.7247,4.0,-11.0,-17.1,2.6,3.1,9.7
2023-09-23,2023.7274,6.9,-10.2,-10.3,2.5,3.1,9.4
2023-09-24,2023.7301,6.3,-13.6,-8.6,2.8,3.5,10.3
2023-09-25,2023.7329,4.0,-10.2,-18.3,2.5,2.9,9.5
2023-09-26,2023.7356,6.1,-12.0,-15.4,2.9,3.4,10.3
2023-09-27,2023.7384,7.8,-14.2,-16.7,2.9,3.6,10.7
2023-09-28,2023.7411,6.3,-12.3,-16.3,2.5,2.8,9.4
2023-09-29,2023.7438,4.9,-12.9,-13.9,3.2,3.7,11.4
2023-09-30,2023.7466,4.8,-10.0,-11.4,2.9,3.6,10.2
2023-10-01,2023.7493,8.8,-12.1,-12.0,3.4,4.4,12.0
2023-10-02,2023.7521,4.6,-10.1,-8.5,2.9,3.5,10.4
2023-10-03,2023.7548,7.2,-6.0,-16.0,3.1,4.3,10.7
2023-10-04,2023.7575,4.4,-10.2,-4.7,2.9,3.5,10.3
2023-10-05,2023.7603,6.6,-9.2,-5.5,2.5,3.0,8.9
2023-10-06,2023.763,6.7,-11.8,-14.8,2.9,3.8,10.8
2023-10-07,2023.7658,5.4,-10.8,-14.5,2.8,3.4,9.7
2023-10-08,2023.7685,5.8,-10.8,-14.0,2.4,2.9,8.7
2023-10-09,2023.7712,5.0,-13.5,-9.8,3.1,3.8,11.9
2023-10-10,2023.774,2.7,-12.0,-19.4,2.9,3.5,10.4
2023-10-11,2023.7767,7.8,-12.1,-13.3,2.9,3.8,10.5
2023-10-12,2023.7795,3.5,-9.7,-11.5,2.5,2.9,9.1
2023-10-13,2023.7822,6.7,-12.3,-21.6,2.9,3.9,10.3
2023-10-14,2023.7849,7.5,-12.4,-23.3,3.0,3.7,10.5
2023-10-15,2023.7877,3.0,-9.1,-15.7,2.7,3.3,9.8
2023-10-16,2023.7904,7.2,-10.0,-16.6,3.3,4.0,10.6
2023-10-17,2023.7932,6.0,-8.8,-11.2,2.4,3.0,8.6
2023-10-18,2023.7959,6.6,-10.4,-8.3,2.8,3.6,9.5
2023-10-19,2023.7986,4.8,-10.8,-14.3,3.3,4.0,11.0
2023-10-20,2023.8014,2.2,-13.0,-13.85,2.8,3.4,10.25
2023-10-21,2023.8041,2.2,-12.1,-13.4,2.6,3.2,9.5
2023-10-22,2023.8068,4.1,-9.9,-9.0,2.5,3.0,9.2
2023-10-23,2023.8096,4.7,-10.0,-13.9,2.7,3.2,9.4
2023-10-24,2023.8123,4.8,-12.0,-21.6,2.6,3.2,9.2
2023-10-25,2023.8151,4.3,-11.5,-8.8,3.4,4.0,11.5
2023-10-26,2023.8178,2.4,-10.2,-14.3,2.6,3.1,10.0
2023-10-27,2023.8205,4.0,-7.5,-6.2,2.3,2.7,8.5
2023-10-28,2023.8233,3.2,-5.5,-13.1,2.7,3.4,9.5
2023-10-29,2023.826,1.7,-7.3,-15.0,2.9,3.4,9.6
2023-10-30,2023.8288,2.7,-6.9,-15.0,2.8,3.4,9.8
2023-10-31,2023.8315,4.8,-10.1,-19.5,2.8,3.4,9.8
2023-11-01,2023.8342,3.3,-6.2,-10.0,2.3,2.8,8.5
2023-11-02,2023.837,5.3,-10.1,-9.6,2.6,3.2,8.7
2023-11-03,2023.8397,3.5,-5.8,-6.0,2.5,3.0,9.2
2023-11-04,2023.8425,2.9,-6.4,-2.3,2.8,3.4,10.4
2023-11-05,2023.8452,3.4,-7.0,-6.4,2.9,3.5,10.0
2023-11-06,2023.8479,-0.2,-9.1,-19.8,2.5,2.8,8.9
2023-11-07,2023.8507,1.4,-5.4,-7.8,2.4,2.9,8.7
2023-11-08,2023.8534,6.0,-5.8,-14.1,2.5,3.2,9.2
2023-11-09,2023.8562,4.0,-5.5,-11.8,2.6,3.1,9.2
2023-11-10,2023.8589,3.5,-6.3,-9.3,3.1,3.6,10.3
2023-11-11,2023.8616,4.3,-5.9,-12.4,2.8,3.5,9.6
2023-11-12,2023.8644,1.2,-8.0,-13.6,3.1,3.5,10.4
2023-11-13,2023.8671,1.7,-5.1,-14.4,2.8,3.4,9.6
2023-11-14,2023.8699,2.1,-7.0,-18.8,2.7,3.2,9.8
2023-11-15,2023.8726,2.6,-8.1,-11.9,2.6,2.9,9.2
2023-11-16,2023.8753,2.6,-6.5,-14.5,3.2,3.8,10.5
2023-11-17,2023.8781,0.8,-4.3,-10.6,2.2,2.5,7.8
2023-11-18,2023.8808,1.6,-7.4,-11.0,2.4,2.7,8.8
2023-11-19,2023.8836,-0.9,-5.6,-17.1,2.2,2.8,8.0
2023-11-20,2023.8863,1.6,-7.9,-14.5,2.1,2.4,7.7
2023-11-21,2023.889,-0.3,-7.9,-9.2,2.3,2.6,8.6
2023-11-22,2023.8918,1.1,-6.9,-15.1,2.7,3.2,9.2
2023-11-23,2023.8945,3.8,-6.8,-15.1,2.7,3.2,9.0
2023-11-24,2023.8973,-2.7,-6.9,-10.4,2.3,2.7,8.7
2023-11-25,2023.9,3.6,-8.9,-14.0,2.8,3.5,9.3
2023-11-26,2023.9027,0.7,-7.7,-10.7,2.5,3.0,8.8
2023-11-27,2023.9055,3.5,-6.7,-12.6,2.6,3.2,8.6
2023-11-28,2023.9082,1.5,-5.9,-10.4,2.2,2.6,7.8
2023-11-29,2023.911,2.6,-4.2,-10.1,3.0,3.5,9.7
2023-11-30,2023.9137,2.3,-5.5,-8.1,2.2,2.6,8.0
2023-12-01,2023.9164,1.6,-3.6,-13.2,2.4,2.9,8.7
2023-12-02,2023.9192,-0.2,-6.3,-6.1,2.2,2.6,8.2
2023-12-03,2023.9219,3.4,-3.7,-3.6,3.0,3.7,10.1
2023-12-04,2023.9247,0.1,-5.0,-7.1,2.4,2.9,8.7
2023-12-05,2023.9274,2.4,-5.9,-6.1,2.5,3.0,9.0
2023-12-06,2023.9301,2.0,-3.7,-2.2,2.7,3.3,8.9
2023-12-07,2023.9329,1.3,-5.7,-6.4,2.9,3.4,9.15
2023-12-08,2023.9356,-0.6,-6.6,-10.6,2.6,3.0,9.4
2023-12-09,2023.9384,-0.8,-0.1,-9.5,2.5,2.9,9.7
2023-12-10,2023.9411,-1.0,-5.6,-8.4,2.8,3.4,10.0
2023-12-11,2023.9438,-0.5,-3.5,-4.9,2.2,2.5,8.1
2023-12-12,2023.9466,2.2,-8.2,-5.25,2.6,2.9,9.3
2023-12-13,2023.9493,-1.3,-9.3,-5.6,2.9,3.4,10.5
2023-12-14,2023.9521,0.9,-6.2,0.3,2.5,2.9,9.2
2023-12-15,2023.9548,-0.2,-3.1,-7.5,2.1,2.4,7.5
2023-12-16,2023.9575,1.2,-5.6,-12.2,3.2,3.6,9.8
2023-12-17,2023.9603,-0.1,-1.7,-4.9,2.4,2.8,8.8
2023-12-18,2023.963,3.9,-5.5,-10.7,2.4,2.8,8.5
2023-12-19,2023.9658,1.0,-4.2,-6.5,2.4,3.1,8.5
2023-12-20,2023.9685,2.1,-4.8,-7.6,2.1,2.7,8.0
2023-12-21,2023.9712,3.4,-3.1,-12.5,2.5,3.1,8.6
2023-12-22,2023.974,-0.9,-4.7,-9.2,2.6,3.2,8.7
2023-12-23,2023.9767,-0.2,-6.5,-15.6,2.6,3.2,9.3
2023-12-24,2023.9795,1.7,-5.0,-4.2,2.6,3.3,9.4
2023-12-25,2023.9822,-2.0,-3.9,-10.2,2.1,2.4,7.6
2023-12-26,2023.9849,-0.8,-3.4,-7.3,2.7,3.3,9.2
2023-12-27,2023.9877,-0.6,-3.5,-7.5,2.3,2.8,8.6
2023-12-28,2023.9904,-0.2,-3.1,-4.7,2.4,2.9,8.8
2023-12-29,2023.9932,-1.3,-0.7,-5.3,3.0,3.5,9.6
2023-12-30,2023.9959,-1.3,-2.0,-5.6,2.2,2.7,8.1
2023-12-31,2023.9986,-1.1,-2.9,-1.9,2.5,2.9,8.7
2024-01-01,2024.0014,-2.4,-1.0,-0.3,2.4,2.7,8.4
2024-01-02,2024.0041,-0.3,-0.6,-5.1,2.7,3.1,8.9
2024-01-03,2024.0068,-3.2,0.0,-8.6,3.3,3.7,10.2
2024-01-04,2024.0096,0.1,-2.9,-4.2,2.2,2.5,8.0
2024-01-05,2024.0123,-0.8,-3.4,-7.2,2.7,3.2,8.8
2024-01-06,2024.015,-1.2,-1.9,0.8,2.4,2.7,8.4
2024-01-07,2024.0178,0.8,-2.7,0.33,2.4,2.9,8.5
2024-01-08,2024.0205,0.7,-2.4,-0.13,2.4,2.9,8.6
2024-01-09,2024.0232,-2.3,-2.2,-0.6,2.6,2.9,8.7
2024-01-10,2024.026,1.8,0.5,-3.0,2.3,2.6,8.0
2024-01-11,2024.0287,0.9,-0.8,-1.5,2.4,2.8,8.1
2024-01-12,2024.0314,-0.6,-4.4,-5.9,2.8,3.4,9.3
2024-01-13,2024.0342,-2.7,-0.5,-2.5,2.3,2.6,8.2
2024-01-14,2024.0369,-1.1,-1.5,-5.0,2.4,2.8,8.4
2024-01-15,2024.0396,-3.9,-7.0,-0.8,2.6,3.0,8.8
2024-01-16,2024.0423,-1.6,-3.9,-2.4,3.0,3.5,9.7
2024-01-17,2024.0451,0.4,-0.1,-6.8,2.9,3.6,9.7
2024-01-18,2024.0478,2.1,-0.2,-1.8,2.5,3.1,8.6
2024-01-19,2024.0505,0.2,-1.0,1.5,2.5,2.9,8.6
2024-01-20,2024.0533,1.1,-0.2,-3.2,2.5,2.9,8.5
2024-01-21,2024.056,0.3,-0.9,-2.5,2.8,3.5,9.5
2024-01-22,2024.0587,-1.6,1.1,-0.8,2.5,2.8,8.2
2024-01-23,2024.0615,0.1,4.5,1.5,2.9,3.4,9.8
2024-01-24,2024.0642,-2.1,1.6,-0.6,3.1,3.5,10.0
2024-01-25,2024.0669,1.3,-0.8,-8.4,2.5,2.9,8.7
2024-01-26,2024.0697,2.4,5.8,-6.9,2.8,3.4,9.2
2024-01-27,2024.0724,-0.8,-2.4,-0.1,2.3,2.8,8.3
2024-01-28,2024.0751,-0.6,-0.9,4.5,2.4,2.9,8.4
2024-01-29,2024.0779,0.1,-0.0,4.9,2.6,3.4,9.1
2024-01-30,2024.0806,-2.2,-4.2,2.2,2.6,2.9,9.2
2024-01-31,2024.0833,1.5,-1.0,3.95,2.6,3.0,8.85
2024-02-01,2024.0861,-0.2,-0.1,5.7,2.4,2.8,8.5
2024-02-02,2024.0888,-2.0,0.8,0.1,2.5,3.0,9.2
2024-02-03,2024.0915,0.7,0.9,8.4,2.7,3.2,9.4
2024-02-04,2024.0943,0.5,-1.7,5.95,2.9,3.5,9.15
2024-02-05,2024.097,1.6,3.9,3.5,2.5,3.2,8.9
2024-02-06,2024.0997,-1.4,8.5,4.9,2.7,3.2,9.2
2024-02-07,2024.1025,3.8,6.7,12.0,2.4,3.1,8.9
2024-02-08,2024.1052,2.7,3.8,7.8,2.5,3.1,9.3
2024-02-09,2024.1079,2.7,1.5,0.1,2.9,3.7,9.7
2024-02-10,2024.1107,1.0,5.6,-1.6,2.9,3.4,9.4
2024-02-11,2024.1134,0.0,4.6,-0.4,3.3,4.1,9.4
2024-02-12,2024.1161,1.3,0.3,0.8,2.5,3.0,9.4
2024-02-13,2024.1189,2.2,0.8,1.6,2.6,3.2,10.0
2024-02-14,2024.1216,3.3,0.7,2.5,2.7,3.4,9.4
2024-02-15,2024.1243,3.7,2.3,6.9,2.8,3.9,10.5
2024-02-16,2024.127,3.6,0.9,5.6,2.6,3.3,9.7
2024-02-17,2024.1298,1.4,-0.7,8.95,3.1,3.7,10.4
2024-02-18,2024.1325,0.1,1.1,12.3,3.3,4.1,11.1
2024-02-19,2024.1352,-0.9,4.0,14.6,2.9,3.7,10.2
2024-02-20,2024.138,-3.2,5.8,8.7,2.6,3.0,9.4
2024-02-21,2024.1407,0.1,3.1,-0.6,2.8,3.8,10.6
2024-02-22,2024.1434,0.7,5.8,3.1,2.5,3.0,9.1
2024-02-23,2024.1462,-0.1,3.1,-0.9,2.7,3.3,9.7
2024-02-24,2024.1489,-0.7,10.2,-1.0,2.5,3.1,9.2
2024-02-25,2024.1516,1.3,5.9,16.9,3.4,4.1,11.2
2024-02-26,2024.1544,-0.2,6.2,7.8,2.5,2.9,9.1
2024-02-27,2024.1571,1.2,2.5,6.6,2.6,3.1,9.2
2024-02-28,2024.1598,0.5,8.8,6.6,2.5,3.1,9.1
2024-02-29,2024.1626,-2.3,7.9,10.7,2.6,3.4,9.3
2024-03-01,2024.1653,1.4,5.6,2.6,2.4,2.9,8.8
2024-03-02,2024.168,0.7,7.2,7.0,2.7,3.3,9.1
2024-03-03,2024.1708,-0.3,9.5,3.0,2.9,3.7,10.8
2024-03-04,2024.1735,2.6,9.2,17.1,2.7,3.4,9.8
2024-03-05,2024.1762,-0.5,7.3,5.3,2.7,3.3,9.9
2024-03-06,2024.179,4.6,9.2,11.4,2.3,2.8,8.4
2024-03-07,2024.1817,1.9,9.0,7.3,2.8,3.4,9.6
2024-03-08,2024.1844,2.1,6.2,15.3,2.3,2.9,8.5
2024-03-09,2024.1872,1.9,8.2,1.9,2.4,3.0,8.8
2024-03-10,2024.1899,2.9,4.2,-3.8,2.4,3.1,8.7
2024-03-11,2024.1926,2.3,7.0,-0.2,2.9,3.6,9.5
2024-03-12,2024.1954,-1.8,7.0,-4.0,2.5,3.3,9.1
2024-03-13,2024.1981,0.2,2.9,-1.7,2.5,3.3,9.2
2024-03-14,2024.2008,1.9,-1.0,0.1,2.5,3.1,9.4
2024-03-15,2024.2036,0.6,8.0,8.2,2.7,3.2,10.1
2024-03-16,2024.2063,-2.9,8.5,-3.6,2.6,3.1,9.6
2024-03-17,2024.209,-0.1,5.0,4.9,2.8,3.8,10.1
2024-03-18,2024.2117,2.4,6.5,-3.1,2.7,3.4,9.9
2024-03-19,2024.2145,-0.1,9.3,-0.5,2.6,3.1,9.2
2024-03-20,2024.2172,0.1,7.4,2.7,2.8,3.6,10.0
2024-03-21,2024.2199,-1.4,6.5,11.3,2.6,3.6,9.7
2024-03-22,2024.2227,-1.8,8.5,10.7,2.7,3.3,10.3
2024-03-23,2024.2254,1.1,5.9,-0.2,2.6,3.2,9.4
2024-03-24,2024.2281,-0.3,8.9,1.2,2.4,3.1,8.9
2024-03-25,2024.2309,1.6,7.3,-10.8,2.6,3.2,9.6
2024-03-26,2024.2336,-0.9,8.7,0.0,3.0,3.6,10.3
2024-03-27,2024.2363,3.7,7.3,11.9,2.8,3.5,10.1
2024-03-28,2024.2391,2.4,6.6,-3.0,2.5,3.3,9.0
2024-03-29,2024.2418,-0.4,10.9,-1.6,2.6,3.5,9.8
2024-03-30,2024.2445,-2.1,9.1,8.3,2.7,3.8,10.1
2024-03-31,2024.2473,-1.3,8.7,-2.5,2.8,3.3,10.5
2024-04-01,2024.25,1.0,2.1,6.6,2.7,3.4,9.8
2024-04-02,2024.2527,-0.1,7.3,0.3,2.6,3.1,9.6
2024-04-03,2024.2555,0.5,10.3,8.6,3.1,3.9,10.6
2024-04-04,2024.2582,0.2,11.7,11.5,2.8,3.4,9.6
2024-04-05,2024.2609,1.2,5.8,8.1,2.9,3.5,10.1
2024-04-06,2024.2637,0.2,11.8,15.1,3.2,4.1,11.4
2024-04-07,2024.2664,-0.7,6.6,14.0,3.2,4.1,11.4
2024-04-08,2024.2691,2.0,8.9,8.6,2.4,3.1,8.8
2024-04-09,2024.2719,0.0,7.8,6.5,2.5,3.0,8.9
2024-04-10,2024.2746,-1.1,9.3,10.1,3.0,3.7,10.9
2024-04-11,2024.2773,0.0,9.1,2.3,2.6,3.3,9.3
2024-04-12,2024.2801,-0.9,12.4,9.6,3.2,3.9,11.0
2024-04-13,2024.2828,2.3,5.7,-1.2,2.7,3.6,9.8
2024-04-14,2024.2855,0.4,8.8,-4.7,2.7,3.5,10.0
2024-04-15,2024.2883,2.5,6.9,1.1,2.7,3.4,9.6
2024-04-16,2024.291,1.9,6.0,11.6,2.7,3.3,9.8
2024-04-17,2024.2937,1.2,9.3,7.0,2.6,3.1,9.6
2024-04-18,2024.2964,3.4,9.3,5.5,3.7,4.6,12.9
2024-04-19,2024.2992,2.5,5.0,7.8,3.0,3.9,10.6
2024-04-20,2024.3019,3.4,9.1,7.3,2.7,3.3,9.9
2024-04-21,2024.3046,1.3,9.6,5.2,2.8,3.3,9.9
2024-04-22,2024.3074,1.6,8.1,16.3,2.6,3.3,9.6
2024-04-23,2024.3101,2.7,7.0,10.6,3.3,4.2,12.3
2024-04-24,2024.3128,0.9,9.8,2.3,2.9,3.9,11.2
2024-04-25,2024.3156,-0.2,12.2,17.8,3.3,4.2,11.7
2024-04-26,2024.3183,1.6,11.2,9.6,3.1,4.1,11.0
2024-04-27,2024.321,0.4,6.4,6.2,2.4,3.2,9.1
2024-04-28,2024.3238,0.7,10.8,10.5,2.8,3.6,10.7
2024-04-29,2024.3265,-0.1,7.1,10.2,2.7,3.4,10.3
2024-04-30,2024.3292,0.6,9.2,7.8,2.9,3.5,10.7
2024-05-01,2024.332,0.7,14.8,7.7,3.6,4.7,10.75
2024-05-02,2024.3347,-1.4,7.2,7.6,3.0,3.7,10.8
2024-05-03,2024.3374,-1.1,7.5,9.2,2.6,3.1,10.0
2024-05-04,2024.3402,0.5,9.2,0.3,2.7,3.2,9.7
2024-05-05,2024.3429,-0.2,10.4,0.9,2.6,3.2,9.7
2024-05-06,2024.3456,-0.7,6.8,-2.4,2.5,2.9,9.5
2024-05-07,2024.3484,1.6,9.0,3.1,2.6,3.1,9.7
2024-05-08,2024.3511,1.6,9.5,1.4,2.9,3.5,9.7
2024-05-09,2024.3538,-1.9,7.6,-0.3,2.6,3.0,9.7
2024-05-10,2024.3566,0.2,9.8,2.8,2.5,3.0,9.0
2024-05-11,2024.3593,-3.7,11.9,2.0,2.7,3.2,9.4
2024-05-12,2024.362,-5.7,11.6,1.3,2.6,3.1,9.6
2024-05-13,2024.3648,-1.1,10.4,4.4,2.5,3.1,9.7
2024-05-14,2024.3675,-0.9,12.6,5.4,2.5,3.1,9.3
2024-05-15,2024.3702,-0.9,12.8,-4.9,3.1,3.7,10.7
2024-05-16,2024.373,-2.1,12.7,11.6,2.8,3.4,9.7
2024-05-17,2024.3757,-0.1,9.8,6.9,2.6,3.3,9.7
2024-05-18,2024.3784,2.1,15.6,7.5,2.6,3.3,9.8
2024-05-19,2024.3811,2.0,13.8,2.6,2.8,3.2,10.0
2024-05-20,2024.3839,-0.9,13.2,-2.5,2.6,3.3,8.9
2024-05-21,2024.3866,-1.0,12.1,0.1,2.5,2.9,8.8
2024-05-22,2024.3893,-1.9,13.4,9.0,3.2,4.0,11.6
2024-05-23,2024.3921,-3.6,10.4,4.0,2.9,3.2,10.6
2024-05-24,2024.3948,-4.7,15.8,3.6,3.0,3.6,10.5
2024-05-25,2024.3975,-3.4,13.6,6.0,2.7,3.1,10.0
2024-05-26,2024.4003,-2.4,15.0,3.6,2.9,3.3,11.2
2024-05-27,2024.403,-4.0,11.2,1.0,2.7,3.1,9.5
2024-05-28,2024.4057,-5.3,17.1,4.4,3.3,3.8,11.1
2024-05-29,2024.4085,-5.1,13.4,1.5,3.0,3.5,11.1
2024-05-30,2024.4112,-3.8,13.8,-5.3,2.8,3.3,10.1
2024-05-31,2024.4139,-1.9,15.4,-2.3,2.5,3.0,9.4
2024-06-01,2024.4167,-5.6,12.7,-4.0,3.0,3.4,11.2
2024-06-02,2024.4194,-3.3,13.5,7.5,2.8,3.4,10.7
2024-06-03,2024.4221,-2.8,11.4,-0.0,2.8,3.4,10.4
2024-06-04,2024.4249,-3.7,11.8,-8.3,2.8,3.4,10.1
2024-06-05,2024.4276,-5.1,11.4,-7.4,3.2,3.9,11.8
2024-06-06,2024.4303,-6.3,14.2,-11.0,2.8,3.5,10.6
2024-06-07,2024.4331,-4.8,15.6,-5.3,2.7,3.1,10.0
2024-06-08,2024.4358,-3.1,11.0,0.7,3.1,3.5,12.0
2024-06-09,2024.4385,-5.0,16.7,-10.1,3.4,4.0,12.1
2024-06-10,2024.4413,-2.1,14.6,-14.4,2.8,3.2,10.2
2024-06-11,2024.444,-5.0,15.2,-7.6,3.3,3.6,12.9
2024-06-12,2024.4467,-5.9,16.0,-4.7,2.8,3.1,10.3
2024-06-13,2024.4495,-3.0,16.2,1.4,2.8,3.1,10.0
2024-06-14,2024.4522,-3.9,12.0,-2.9,3.4,4.0,12.4
2024-06-15,2024.4549,-4.3,13.4,1.0,2.6,3.0,9.8
2024-06-16,2024.4577,-5.1,15.2,-7.5,2.4,2.8,8.8
2024-06-17,2024.4604,-5.6,15.0,0.0,2.6,3.0,9.8
2024-06-18,2024.4631,-4.3,16.1,0.9,2.8,3.3,10.2
2024-06-19,,,,,,,
2024-06-20,2024.4686,-8.2,14.8,-2.9,3.0,3.5,10.3
2024-06-21,2024.4713,-5.0,17.6,-0.7,2.7,3.0,9.5
2024-06-22,2024.474,-7.9,14.2,-8.2,3.1,3.4,10.9
2024-06-23,2024.4768,-4.9,11.7,-8.6,2.8,3.4,11.0
2024-06-24,2024.4795,-6.3,16.2,-1.7,2.4,2.8,8.7
2024-06-25,2024.4822,-5.9,15.1,-8.2,2.9,3.5,9.5
2024-06-26,2024.485,-5.8,13.6,-7.6,2.6,3.0,9.2
2024-06-27,2024.4877,-5.9,14.7,-2.9,3.2,4.0,10.7
2024-06-28,2024.4904,-2.9,13.3,-7.6,2.8,3.5,10.2
2024-06-29,2024.4932,-5.9,14.1,-4.7,2.8,3.2,9.7
2024-06-30,2024.4959,-6.6,12.1,-7.3,2.6,3.0,9.7
2024-07-01,2024.4986,-7.5,14.1,-3.5,2.8,3.4,10.2
2024-07-02,2024.5014,-6.6,11.6,-4.1,2.8,3.7,10.3
2024-07-03,2024.5041,-10.0,14.2,-7.5,2.9,3.3,10.8
2024-07-04,2024.5068,-6.8,14.8,-7.6,3.2,3.8,11.3
2024-07-05,2024.5096,-7.6,16.3,1.5,3.1,4.0,11.0
2024-07-06,2024.5123,-7.8,14.3,-7.8,2.7,3.4,9.9
2024-07-07,2024.515,-10.3,15.7,-3.4,2.4,2.8,8.6
2024-07-08,2024.5178,-8.7,17.1,-8.4,2.7,3.2,9.4
2024-07-09,2024.5205,-8.9,17.2,-7.6,2.9,3.4,10.0
2024-07-10,2024.5232,-8.4,14.9,-3.5,2.3,2.5,8.3
2024-07-11,2024.526,-9.6,18.2,-11.0,2.6,3.0,10.0
2024-07-12,2024.5287,-10.8,17.4,-7.7,2.5,2.9,9.2
2024-07-13,2024.5314,-6.9,18.0,0.1,2.5,2.8,9.0
2024-07-14,2024.5342,-8.1,17.5,-12.6,3.1,3.6,10.7
2024-07-15,2024.5369,-7.3,18.9,-11.3,2.8,3.5,10.1
2024-07-16,2024.5396,-9.6,16.5,-3.1,2.6,3.2,9.7
2024-07-17,2024.5423,-9.1,19.5,-6.8,2.6,3.1,9.2
2024-07-18,2024.5451,-7.0,21.0,2.2,2.9,3.7,10.3
2024-07-19,2024.5478,-9.5,17.5,1.4,2.4,2.8,10.2
2024-07-20,2024.5505,-9.8,18.4,0.6,2.7,3.0,10.1
2024-07-21,2024.5533,-8.8,15.3,-7.9,2.9,3.7,9.9
2024-07-22,2024.556,-9.4,19.9,-5.6,3.0,3.5,10.1
2024-07-23,2024.5587,-9.6,21.2,-5.2,3.0,3.8,10.5
2024-07-24,2024.5615,-7.2,16.1,-3.0,3.3,4.0,11.6
2024-07-25,2024.5642,-8.2,20.5,-3.9,3.3,4.2,11.9
2024-07-26,2024.5669,-7.5,20.3,-6.05,2.9,3.5,11.65
2024-07-27,2024.5697,-13.0,25.2,-8.2,3.4,3.8,11.4
2024-07-28,2024.5724,-12.2,21.2,-1.8,3.2,3.9,12.0
2024-07-29,2024.5751,-7.9,21.4,-1.6,2.6,3.1,9.8
2024-07-30,2024.5779,-10.4,20.2,-8.4,2.6,3.1,9.9
2024-07-31,2024.5806,-10.6,19.8,-2.6,3.7,4.7,12.7
2024-08-01,2024.5833,-8.9,21.3,2.2,3.3,4.1,11.8
2024-08-02,2024.5861,-9.5,21.5,5.2,3.6,4.2,14.4
2024-08-03,2024.5888,-10.9,20.7,-0.3,3.0,3.8,13.1
2024-08-04,2024.5915,-8.8,20.6,-5.8,3.2,3.9,11.8
2024-08-05,2024.5943,-7.2,18.9,-13.6,3.0,4.1,11.1
2024-08-06,2024.597,-12.4,23.6,-12.45,3.4,4.3,10.85
2024-08-07,2024.5997,-9.4,18.8,-11.3,2.7,3.7,10.6
2024-08-08,2024.6025,-9.1,24.5,-9.5,3.0,3.9,10.2
2024-08-09,2024.6052,-11.8,19.5,-6.7,3.5,4.3,12.2
2024-08-10,2024.6079,-9.8,20.2,-12.5,3.4,4.7,12.0
2024-08-11,2024.6107,-8.6,17.6,-16.3,3.0,3.8,10.6
2024-08-12,2024.6134,-10.3,22.0,-4.3,3.2,3.9,11.5
2024-08-13,2024.6161,-11.9,21.9,-12.1,3.2,5.0,12.2
2024-08-14,2024.6189,-11.9,20.5,-20.6,3.1,3.9,11.8
2024-08-15,2024.6216,-8.2,22.1,-2.6,3.4,5.1,13.0
2024-08-16,2024.6243,-8.1,18.0,-17.8,2.8,3.5,10.0
2024-08-17,2024.627,-10.9,19.8,-10.7,2.7,3.8,9.7
2024-08-18,2024.6298,-9.6,21.8,-6.0,3.2,4.2,10.7
2024-08-19,2024.6325,-12.1,20.7,-4.8,3.6,4.5,13.0
2024-08-20,2024.6352,-9.6,21.8,-23.0,3.7,4.7,13.4
2024-08-21,2024.638,-14.2,19.5,-20.6,3.9,5.7,14.5
2024-08-22,2024.6407,-14.9,19.7,-14.6,3.9,4.7,14.5
2024-08-23,2024.6434,-10.6,22.6,-12.9,3.2,4.3,12.6
2024-08-24,2024.6462,-8.9,23.2,-3.4,3.5,4.6,14.2
2024-08-25,2024.6489,-9.7,17.3,-24.7,3.5,4.4,13.6
2024-08-26,2024.6516,-8.3,21.1,-7.1,3.0,3.6,12.1
2024-08-27,2024.6544,-8.4,20.0,-22.2,2.5,3.0,9.8
2024-08-28,2024.6571,-12.6,22.0,-17.8,2.9,3.6,10.8
2024-08-29,2024.6598,-12.7,21.3,-5.9,2.9,3.2,11.0
2024-08-30,2024.6626,-13.3,23.2,-6.4,3.1,3.6,12.0
2024-08-31,2024.6653,-13.8,21.9,-7.0,3.6,4.2,13.2
2024-09-01,2024.668,-14.3,20.5,-5.6,3.1,3.9,11.7
2024-09-02,2024.6708,-11.6,20.1,-13.1,2.7,3.2,10.0
2024-09-03,2024.6735,-9.1,20.6,-9.5,2.9,3.8,10.3
2024-09-04,2024.6762,-11.1,20.5,-6.3,2.8,3.5,10.6
2024-09-05,2024.679,-10.2,20.6,-10.1,3.2,3.9,11.6
2024-09-06,2024.6817,-10.9,19.5,-19.0,3.2,4.2,11.6
2024-09-07,2024.6844,-8.0,21.7,-12.0,3.2,4.3,12.2
2024-09-08,2024.6872,-8.1,23.4,-10.0,3.2,3.9,11.2
2024-09-09,2024.6899,-12.5,23.4,-11.4,3.0,3.5,11.5
2024-09-10,2024.6926,-4.9,25.6,-1.3,3.5,5.4,13.5
2024-09-11,2024.6954,-12.1,25.9,-9.4,2.7,3.0,9.7
2024-09-12,2024.6981,-13.8,25.1,-18.3,2.9,3.4,10.4
2024-09-13,2024.7008,-15.1,24.7,-12.8,2.6,3.0,9.6
2024-09-14,2024.7036,-9.8,24.9,-11.8,2.7,3.4,10.3
2024-09-15,2024.7063,-14.1,27.1,-9.5,2.8,3.5,11.1
2024-09-16,2024.709,-16.0,24.6,-11.2,2.7,3.4,10.5
2024-09-17,2024.7117,-14.7,22.9,-13.5,2.5,3.0,9.7
2024-09-18,2024.7145,-9.2,23.2,-15.4,3.2,4.6,11.4
2024-09-19,2024.7172,-14.1,22.2,-16.0,3.2,4.0,12.8
2024-09-20,2024.7199,-15.1,21.7,-12.8,3.2,4.4,12.1
2024-09-21,2024.7227,-12.4,23.8,-12.2,3.0,3.8,10.7
2024-09-22,2024.7254,-11.4,22.1,-13.4,2.4,3.2,9.2
2024-09-23,2024.7281,-14.2,24.9,-10.4,2.3,2.9,8.3
2024-09-24,2024.7309,-12.0,24.6,-10.6,2.4,3.0,9.1
2024-09-25,2024.7336,-12.2,25.7,-9.5,3.4,4.3,9.2
2024-09-26,2024.7363,-10.0,23.7,-8.4,2.5,3.0,9.3
2024-09-27,2024.7391,-10.1,23.6,-9.9,2.5,3.2,9.1
2024-09-28,2024.7418,-12.9,21.6,-6.7,2.4,2.8,9.0
2024-09-29,2024.7445,-10.7,23.8,-8.2,2.6,3.3,9.5
2024-09-30,2024.7473,-11.4,24.8,-7.7,3.1,4.1,10.9
2024-10-01,2024.75,-10.5,26.4,-17.8,2.7,3.7,10.0
2024-10-02,2024.7527,-10.2,23.0,-10.5,2.7,3.4,9.2
2024-10-03,2024.7555,-11.8,24.7,-8.4,2.3,2.9,8.6
2024-10-04,2024.7582,-9.2,23.5,-8.3,2.7,3.5,9.4
2024-10-05,2024.7609,-10.7,25.2,-19.2,2.4,3.3,8.6
2024-10-06,2024.7637,-9.9,25.5,-17.0,2.6,3.5,9.2
2024-10-07,2024.7664,-13.2,24.8,-19.7,3.0,3.7,10.9
2024-10-08,2024.7691,-14.3,20.7,-16.2,3.1,3.7,11.3
2024-10-09,2024.7719,-11.5,25.0,-10.5,2.6,3.1,9.5
2024-10-10,2024.7746,-11.3,23.6,-9.9,2.6,3.1,9.6
2024-10-11,2024.7773,-16.1,25.9,-18.6,2.4,2.9,9.2
2024-10-12,2024.7801,-11.6,23.5,-12.5,2.6,3.3,10.3
2024-10-13,2024.7828,-12.3,25.1,-12.7,2.6,3.0,9.5
2024-10-14,2024.7855,-10.0,23.9,-10.8,3.0,4.0,11.1
2024-10-15,2024.7883,-13.2,26.2,-17.7,3.0,3.8,10.6
2024-10-16,2024.791,-12.8,26.7,-4.2,3.1,3.9,11.6
2024-10-17,2024.7937,-13.0,25.8,-15.8,2.6,3.2,9.4
2024-10-18,2024.7964,-10.0,26.2,-16.7,2.6,3.4,9.2
2024-10-19,2024.7992,-12.1,28.9,-15.7,2.5,2.9,9.4
2024-10-20,2024.8019,-12.3,27.2,-11.1,2.8,3.4,10.9
2024-10-21,2024.8046,-11.1,26.7,-17.7,2.9,3.6,10.6
2024-10-22,2024.8074,-12.7,27.8,-16.8,2.9,3.5,10.6
2024-10-23,2024.8101,-11.4,28.9,-12.0,2.5,3.3,9.2
2024-10-24,2024.8128,-10.8,26.7,-13.3,2.6,3.1,8.9
2024-10-25,2024.8156,-12.9,26.3,-9.1,2.7,3.6,9.7
2024-10-26,2024.8183,-13.0,25.7,-17.2,2.8,3.3,10.4
2024-10-27,2024.821,-12.8,27.6,-12.3,2.4,3.2,9.3
2024-10-28,2024.8238,-12.9,30.5,-12.9,3.4,4.1,11.2
2024-10-29,2024.8265,-13.7,28.4,-10.6,2.5,3.0,9.3
2024-10-30,2024.8292,-12.3,25.9,-16.1,2.5,3.3,9.4
2024-10-31,2024.832,-14.5,30.2,-8.1,2.8,3.6,9.7
2024-11-01,2024.8347,-15.2,25.9,-18.6,2.4,3.2,9.1
2024-11-02,2024.8374,-13.0,25.9,-9.2,2.6,3.2,9.2
2024-11-03,2024.8402,-14.3,27.0,-13.1,2.7,3.4,9.8
2024-11-04,2024.8429,-15.0,29.1,-19.0,2.8,3.5,11.4
2024-11-05,2024.8456,-13.8,31.0,-18.4,2.5,3.2,9.2
2024-11-06,2024.8484,-15.5,28.4,-17.2,2.6,3.2,9.4
2024-11-07,2024.8511,-15.6,27.8,-10.4,2.3,2.9,8.6
2024-11-08,2024.8538,-14.8,31.4,-14.5,2.8,3.8,10.2
2024-11-09,2024.8566,-17.4,30.8,-23.6,2.7,3.4,9.6
2024-11-10,2024.8593,-19.4,27.6,-17.0,2.3,2.7,8.4
2024-11-11,2024.862,-18.5,29.5,-19.5,2.4,2.9,8.8
2024-11-12,2024.8648,-16.1,27.9,-14.5,2.3,2.8,8.6
2024-11-13,2024.8675,-14.1,27.7,-12.0,2.3,3.0,8.3
2024-11-14,2024.8702,-15.3,26.8,-13.9,2.2,2.7,8.2
2024-11-15,2024.873,-12.6,26.1,-8.1,2.8,3.5,9.2
2024-11-16,2024.8757,-17.2,27.1,-17.0,2.4,2.9,8.6
2024-11-17,2024.8784,-16.7,29.6,-13.0,2.3,2.7,8.2
2024-11-18,2024.8811,-15.2,28.0,-13.0,2.7,3.4,9.5
2024-11-19,2024.8839,-17.4,28.6,-18.6,2.4,2.9,9.0
2024-11-20,2024.8866,-16.4,26.5,-15.4,2.6,3.3,9.5
2024-11-21,2024.8893,-15.4,28.7,-10.5,2.9,3.9,10.3
2024-11-22,2024.8921,-15.5,28.5,-16.7,2.8,3.5,10.0
2024-11-23,2024.8948,-15.1,26.6,-8.8,2.8,3.3,9.7
2024-11-24,2024.8975,-16.8,27.7,-13.4,2.4,2.9,8.9
2024-11-25,2024.9003,-15.9,22.8,-10.1,2.4,3.2,8.4
2024-11-26,2024.903,-14.8,26.9,-17.9,2.6,3.4,9.3
2024-11-27,2024.9057,-13.6,26.4,-16.8,2.6,3.1,9.2
2024-11-28,2024.9085,-15.6,29.3,-10.5,2.5,3.0,9.3
2024-11-29,2024.9112,-18.0,29.4,-8.7,2.5,3.1,9.3
2024-11-30,2024.9139,-18.1,29.1,-2.8,2.8,3.7,10.2
2024-12-01,2024.9167,-15.2,28.7,-6.9,2.3,2.9,8.4
2024-12-02,2024.9194,-15.3,27.4,-3.5,2.4,3.0,8.8
2024-12-03,2024.9221,-14.2,26.3,-10.1,2.3,2.9,8.3
2024-12-04,2024.9249,-19.3,29.1,-4.3,2.7,3.2,9.5
2024-12-05,2024.9276,-21.0,27.4,-8.1,2.5,3.1,8.7
2024-12-06,,,,,,,
2024-12-07,2024.9331,-19.8,29.9,-15.2,2.9,3.6,10.3
2024-12-08,2024.9358,-18.5,29.0,-16.4,2.6,3.1,9.2
2024-12-09,2024.9385,-16.6,32.8,-7.2,2.5,3.3,9.4
2024-12-10,2024.9413,-15.4,28.5,-9.1,2.9,3.6,10.3
2024-12-11,2024.944,-18.0,28.3,-6.9,2.4,3.0,9.2
2024-12-12,2024.9467,-18.5,28.7,-11.0,2.8,3.6,10.0
2024-12-13,2024.9495,-19.1,30.5,-16.4,2.5,3.1,9.7
2024-12-14,2024.9522,-19.9,28.9,-16.7,2.8,3.4,9.4
2024-12-15,2024.9549,-19.8,30.5,-12.5,2.7,3.2,9.6
2024-12-16,2024.9577,-18.5,31.4,-11.4,2.5,3.3,9.2
2024-12-17,2024.9604,-18.4,30.1,-11.5,2.5,3.1,9.1
2024-12-18,2024.9631,-20.2,29.8,-7.8,2.9,3.5,10.2
2024-12-19,2024.9658,-20.6,31.4,-6.5,2.7,3.2,9.2
2024-12-20,2024.9686,-18.1,32.8,-10.0,2.5,3.0,9.3
2024-12-21,2024.9713,-18.8,32.3,-4.2,2.7,3.2,9.8
2024-12-22,2024.974,-17.1,29.4,-6.8,2.9,3.4,10.4
2024-12-23,2024.9768,-18.8,32.6,-3.2,2.4,2.9,8.7
2024-12-24,2024.9795,-19.1,34.4,-6.6,2.4,3.0,9.1
2024-12-25,2024.9822,-16.0,29.1,-12.9,2.5,3.2,9.3
2024-12-26,2024.985,-20.3,31.0,-14.3,2.8,3.7,9.7
2024-12-27,2024.9877,-18.5,31.9,-10.8,2.4,3.0,8.7
2024-12-28,2024.9904,-19.1,33.7,-9.6,2.3,2.9,8.2
2024-12-29,2024.9932,-19.2,33.2,-8.6,3.1,3.6,10.6
2024-12-30,2024.9959,-21.5,34.7,-11.0,2.5,3.1,9.4
2024-12-31,2024.9986,-22.4,34.4,-11.0,2.3,2.6,9.4
